station,rjb,Vs30,imt,mean_log,sigma,tau,phi
ALS,1.4161941004474747,553.43,PGA,-0.626004202515859,0.6050859443087403,0.348,0.495
CHK,59.860496924556905,424.57,PGA,-2.293808502732885,0.6050859443087403,0.348,0.495
CHY002,25.501325041113866,235.13,PGA,-1.486987700734147,0.5576307355097831,0.348,0.43571554618257735
CHY004,48.07893833473184,271.3,PGA,-1.9405588581091202,0.5852387150005,0.348,0.47053198991719625
CHY006,10.584628168218677,438.19,PGA,-1.0758101694179272,0.6050859443087403,0.348,0.495
CHY008,41.23915234428305,210.73,PGA,-1.7766608876537369,0.5492986437267071,0.348,0.425
CHY010,20.625677664506007,538.69,PGA,-1.5405357056848665,0.6050859443087403,0.348,0.495
CHY012,59.82694761124689,198.4,PGA,-2.0433234044127206,0.5492986437267071,0.348,0.425
CHY014,33.88066065244789,347.63,PGA,-1.7357387714017096,0.6050859443087403,0.348,0.495
CHY015,38.846134725395174,228.66,PGA,-1.7477018397772934,0.5523420199981003,0.348,0.42892622565609323
CHY016,67.39311492490651,200.86,PGA,-2.1485221127327896,0.5492986437267071,0.348,0.425
CHY017,59.79653364012802,190.57,PGA,-2.033407310875706,0.5492986437267071,0.348,0.425
CHY019,52.664018987304125,497.53,PGA,-2.2431764450415574,0.6050859443087403,0.348,0.495
CHY022,65.23494253909143,564.07,PGA,-2.5199321879728296,0.6050859443087403,0.348,0.495
CHY023,82.48037770558093,279.78,PGA,-2.458406524200206,0.5912767375867031,0.348,0.47802110875062304
CHY024,10.382141776489679,427.73,PGA,-1.0602369461807102,0.6050859443087403,0.348,0.495
CHY025,19.821814137857874,277.5,PGA,-1.3517290356325962,0.5896682376013869,0.348,0.47603007303732997
CHY026,30.117763879363363,226.01,PGA,-1.5827144048581836,0.550142278862029,0.348,0.42608981094542336
CHY027,42.57072697901259,210.01,PGA,-1.7979871370415341,0.5492986437267071,0.348,0.425
CHY028,3.8142382458599347,542.61,PGA,-0.7469937750655938,0.6050859443087403,0.348,0.495
CHY029,11.753982902131465,544.74,PGA,-1.2029579905973444,0.6050859443087403,0.348,0.495
CHY032,36.20970428039942,192.71,PGA,-1.6821122341613504,0.5492986437267071,0.348,0.425
CHY033,44.61021757313737,197.63,PGA,-1.8210935531024108,0.5492986437267071,0.348,0.425
CHY034,15.55529098089055,378.75,PGA,-1.2516412258836764,0.6050859443087403,0.348,0.495
CHY035,13.30281463096492,573.04,PGA,-1.2940502681452064,0.6050859443087403,0.348,0.495
CHY036,16.834009871697,233.14,PGA,-1.2675901085813046,0.5560162722002591,0.348,0.43364743162098013
CHY039,32.68412498523498,201.21,PGA,-1.6236186717428545,0.5492986437267071,0.348,0.425
CHY041,20.07183164813607,492.26,PGA,-1.4855810535020193,0.6050859443087403,0.348,0.495
CHY042,28.16777357328532,665.2,PGA,-1.8635004912565458,0.6050859443087403,0.348,0.495
CHY044,55.933003322544856,194.47,PGA,-1.9846817105695251,0.5492986437267071,0.348,0.425
CHY046,24.876384312874173,442.15,PGA,-1.5902704729906494,0.6050859443087403,0.348,0.495
CHY047,24.927795876688105,169.52,PGA,-1.476875047229926,0.5492986437267071,0.348,0.425
CHY050,45.48094043081733,538.93,PGA,-2.1475941501969777,0.6050859443087403,0.348,0.495
CHY052,40.52523944488567,573.04,PGA,-2.0776133888965247,0.6050859443087403,0.348,0.495
CHY054,49.228155688795745,172.1,PGA,-1.867274562674233,0.5492986437267071,0.348,0.425
CHY055,55.04100932988003,225.77,PGA,-2.0056216736885486,0.5499420747908094,0.348,0.4258312877481177
CHY057,58.30189007907089,411.46,PGA,-2.254385193972509,0.6050859443087403,0.348,0.495
CHY058,60.47926509005612,269.28,PGA,-2.1347150636614938,0.5837776579217737,0.348,0.468713509394205
CHY059,74.0105222831666,191.09,PGA,-2.219871019183862,0.5492986437267071,0.348,0.425
CHY060,69.53930995385498,228.92,PGA,-2.214961732003556,0.5525567791395015,0.348,0.4292027425040757
CHY061,59.2181211902229,538.69,PGA,-2.3965049335732758,0.6050859443087403,0.348,0.495
CHY062,59.70708366780761,602.63,PGA,-2.463418232388042,0.6050859443087403,0.348,0.495
CHY063,73.64708029924377,246.88,PGA,-2.294703436971952,0.5669503690586882,0.348,0.4475809658327561
CHY065,84.65037829276163,250.0,PGA,-2.4447950632538236,0.5693658656681451,0.348,0.450636759472678
CHY066,90.36922111828896,211.97,PGA,-2.4569584983389037,0.5492986437267071,0.348,0.425
CHY067,84.21459469490114,227.97,PGA,-2.4061117019959553,0.5517711637261318,0.348,0.42819086529220785
CHY069,86.69064381036402,224.42,PGA,-2.431815224088658,0.5492986437267071,0.348,0.425
CHY070,84.43554371983527,265.45,PGA,-2.4643142379019687,0.580982734618008,0.348,0.4652278344254766
CHY071,79.42270364079795,202.95,PGA,-2.306562794857136,0.5492986437267071,0.348,0.425
CHY074,1.4161941004474747,553.43,PGA,-0.626004202515859,0.6050859443087403,0.348,0.495
CHY076,42.877573217177414,169.84,PGA,-1.7740673746515183,0.5492986437267071,0.348,0.425
CHY078,77.88051206740859,160.67,PGA,-2.2161223978008957,0.5492986437267071,0.348,0.425
CHY079,50.02855021100604,573.04,PGA,-2.2651558612364107,0.6050859443087403,0.348,0.495
CHY080,0.8203047792534108,496.21,PGA,-0.576342404245505,0.6050859443087403,0.348,0.495
CHY081,43.161132192340126,573.04,PGA,-2.131977837514927,0.6050859443087403,0.348,0.495
CHY082,36.690687042494744,193.69,PGA,-1.6907010402602427,0.5492986437267071,0.348,0.425
CHY086,28.265165300477857,665.2,PGA,-1.8660947956345706,0.6050859443087403,0.348,0.495
CHY087,29.477616972892374,505.2,PGA,-1.764737510602637,0.6050859443087403,0.348,0.495
CHY088,38.16580800828477,318.52,PGA,-1.8012043048223667,0.6050859443087403,0.348,0.495
CHY090,59.17740188206011,180.33,PGA,-2.0124465297317284,0.5492986437267071,0.348,0.425
CHY092,23.43718943402428,253.72,PGA,-1.442101874140629,0.5722146222061457,0.348,0.4542307495827666
CHY093,50.52955404993735,190.49,PGA,-1.9035428379059933,0.5492986437267071,0.348,0.425
CHY094,37.568596955239634,221.92,PGA,-1.720992984314281,0.5492986437267071,0.348,0.425
CHY096,83.07046778565815,293.61,PGA,-2.4850778816844294,0.6008078185851495,0.348,0.4897612018862314
CHY099,65.94429160338161,228.84,PGA,-2.165507597649746,0.5524907195462736,0.348,0.4291176938612054
CHY100,54.13764361475702,230.11,PGA,-1.9966385612562987,0.5535373078850173,0.348,0.43046434372732023
CHY101,10.377089824587822,258.89,PGA,-1.0377632135574482,0.5761186432159647,0.348,0.45913907594649805
CHY102,36.74554656205193,804.36,PGA,-2.180223055212111,0.6050859443087403,0.348,0.495
CHY104,18.6621650225021,223.24,PGA,-1.3208463923246394,0.5492986437267071,0.348,0.425
CHY107,51.35844504410688,175.68,PGA,-1.9006077227784075,0.5492986437267071,0.348,0.425
CHY109,43.43968322952119,573.04,PGA,-2.1376074021912457,0.6050859443087403,0.348,0.495
CHY110,43.43968322952119,573.04,PGA,-2.1376074021912457,0.6050859443087403,0.348,0.495
CHY116,82.01615041444819,195.38,PGA,-2.3265856954815596,0.5492986437267071,0.348,0.425
ENA,62.873379868223246,665.2,PGA,-2.570540662028312,0.6050859443087403,0.348,0.495
ESL,39.13327017283541,493.29,PGA,-1.9769676803505243,0.6050859443087403,0.348,0.495
HEN,161.91718007019477,204.23,PGA,-3.247192284589574,0.5832487038600978,0.348,0.4680545380129158
HSN,54.870046821119146,321.49,PGA,-2.103209092396503,0.6050859443087403,0.348,0.495
HWA,51.21900426141601,260.38,PGA,-1.981637577339038,0.5772321227143231,0.348,0.460535474739225
HWA002,52.86279146401041,789.18,PGA,-2.4940752635446697,0.6050859443087403,0.348,0.495
HWA003,51.681142290885134,1525.85,PGA,-2.8576910836139167,0.6050859443087403,0.348,0.495
HWA005,44.28231958384142,459.32,PGA,-2.0501693517101582,0.6050859443087403,0.348,0.495
HWA006,45.003181958498374,559.11,PGA,-2.1564204599122783,0.6050859443087403,0.348,0.495
HWA007,51.95325392386305,358.72,PGA,-2.092507373734888,0.6050859443087403,0.348,0.495
HWA009,51.693536462196626,373.23,PGA,-2.1027111701871877,0.6050859443087403,0.348,0.495
HWA011,48.624839989886404,355.76,PGA,-2.0312589441066966,0.6050859443087403,0.348,0.495
HWA012,52.325257559135075,414.42,PGA,-2.1553317808428516,0.6050859443087403,0.348,0.495
HWA013,49.86104964362179,330.55,PGA,-2.0280904022681465,0.6050859443087403,0.348,0.495
HWA014,50.84490694090048,277.28,PGA,-1.9921431820525337,0.5895124570884924,0.348,0.4758370908856429
HWA015,46.42594132137962,453.05,PGA,-2.0854868657586927,0.6050859443087403,0.348,0.495
HWA016,47.585145300823704,576.55,PGA,-2.2221606188497565,0.6050859443087403,0.348,0.495
HWA017,46.470164794363036,578.11,PGA,-2.2020456100485886,0.6050859443087403,0.348,0.495
HWA019,51.21900426141601,494.82,PGA,-2.2145250796488525,0.6050859443087403,0.348,0.495
HWA020,39.13327017283541,626.43,PGA,-2.093651813550058,0.6050859443087403,0.348,0.495
HWA022,57.87400521195273,567.64,PGA,-2.400501310242806,0.6050859443087403,0.348,0.495
HWA023,46.40755022060307,671.52,PGA,-2.280229472830218,0.6050859443087403,0.348,0.495
HWA024,37.730568431531545,671.52,PGA,-2.099956409629627,0.6050859443087403,0.348,0.495
HWA025,49.13348906562234,494.32,PGA,-2.1757424432561203,0.6050859443087403,0.348,0.495
HWA026,47.22466473181171,457.49,PGA,-2.104845948394865,0.6050859443087403,0.348,0.495
HWA027,46.98782360511372,437.8,PGA,-2.081433301018731,0.6050859443087403,0.348,0.495
HWA028,49.35236603416438,406.7,PGA,-2.094632023009057,0.6050859443087403,0.348,0.495
HWA029,49.89682984159387,614.05,PGA,-2.2988054505477096,0.6050859443087403,0.348,0.495
HWA030,41.84995449814051,592.18,PGA,-2.121871617945677,0.6050859443087403,0.348,0.495
HWA031,46.78495170006793,602.29,PGA,-2.2293514543957706,0.6050859443087403,0.348,0.495
HWA032,42.76449413301876,573.04,PGA,-2.1239249091298618,0.6050859443087403,0.348,0.495
HWA033,49.52391460805984,395.57,PGA,-2.08670851176315,0.6050859443087403,0.348,0.495
HWA034,38.72259961355784,379.18,PGA,-1.8646139860853288,0.6050859443087403,0.348,0.495
HWA035,43.48814803424615,677.49,PGA,-2.226821453681761,0.6050859443087403,0.348,0.495
HWA036,38.18727859247192,503.04,PGA,-1.9655860425963354,0.6050859443087403,0.348,0.495
HWA037,40.93079012119635,469.64,PGA,-1.9927572447249449,0.6050859443087403,0.348,0.495
HWA038,36.825205396811654,642.73,PGA,-2.0563893491193204,0.6050859443087403,0.348,0.495
HWA039,40.700555517327686,459.67,PGA,-1.9788235650506492,0.6050859443087403,0.348,0.495
HWA041,43.12948213944211,484.97,PGA,-2.0514364573631725,0.6050859443087403,0.348,0.495
HWA043,53.91152534737503,543.06,PGA,-2.3084729983880266,0.6050859443087403,0.348,0.495
HWA044,55.24919369711087,534.41,PGA,-2.3240432998317813,0.6050859443087403,0.348,0.495
HWA045,59.28500884807053,484.45,PGA,-2.3451021831579126,0.6050859443087403,0.348,0.495
HWA046,47.0109436592865,617.52,PGA,-2.2468641758400683,0.6050859443087403,0.348,0.495
HWA048,46.686257749108556,345.89,PGA,-1.9868693237662283,0.6050859443087403,0.348,0.495
HWA049,46.005462055816764,508.61,PGA,-2.129904295912623,0.6050859443087403,0.348,0.495
HWA050,48.71376858358703,313.9,PGA,-1.99190741573759,0.6050859443087403,0.348,0.495
HWA051,48.90932890375484,440.5,PGA,-2.1197488405534286,0.6050859443087403,0.348,0.495
HWA053,35.85961696778292,843.24,PGA,-2.188369885597423,0.6050859443087403,0.348,0.495
HWA054,37.40217869643352,452.83,PGA,-1.9032771496032073,0.6050859443087403,0.348,0.495
HWA055,42.55353726386162,369.75,PGA,-1.9321585715483083,0.6050859443087403,0.348,0.495
HWA056,35.11011081738172,511.3,PGA,-1.9049368296337457,0.6050859443087403,0.348,0.495
HWA057,45.69143972650157,671.52,PGA,-2.2661460212705493,0.6050859443087403,0.348,0.495
HWA058,40.62633470498356,529.54,PGA,-2.0411308536134114,0.6050859443087403,0.348,0.495
HWA059,44.12500056155976,208.56,PGA,-1.8219277501364042,0.5492986437267071,0.348,0.425
HWA060,53.13246936736276,573.04,PGA,-2.3219812642038145,0.6050859443087403,0.348,0.495
HWA2,51.21900426141601,260.38,PGA,-1.981637577339038,0.5772321227143231,0.348,0.460535474739225
ILA001,100.32579879811699,909.09,PGA,-3.3089533147054815,0.6050859443087403,0.348,0.495
ILA002,94.59735635282492,219.78,PGA,-2.52177497985826,0.5492986437267071,0.348,0.425
ILA003,89.71025798681,263.82,PGA,-2.5303750026980407,0.5797832965641497,0.348,0.46372909222388975
ILA004,85.68227612519946,124.27,PGA,-2.2244028593220966,0.5492986437267071,0.348,0.425
ILA005,83.93724100214038,239.33,PGA,-2.419790259944156,0.5610033210177503,0.348,0.4400235518616532
ILA006,81.73646560218842,279.41,PGA,-2.447940774087454,0.59101644415106,0.348,0.4776991074483634
ILA007,80.69578779842172,496.27,PGA,-2.690024193515301,0.6050859443087403,0.348,0.495
ILA008,81.47670604637591,299.28,PGA,-2.471069740515408,0.6046077313078173,0.348,0.49441532010768613
ILA010,76.69526258688926,573.04,PGA,-2.7066795380886606,0.6050859443087403,0.348,0.495
ILA012,84.97633852037546,259.21,PGA,-2.4624404755422877,0.5763582150997508,0.348,0.45943965013151683
ILA013,80.79219336584667,199.48,PGA,-2.3181493020765385,0.5492986437267071,0.348,0.425
ILA014,77.22854612692028,300.77,PGA,-2.4146038882424694,0.6050859443087403,0.348,0.495
ILA015,82.13530668263718,782.59,PGA,-2.963633646945321,0.6050859443087403,0.348,0.495
ILA016,79.00488080472547,271.1,PGA,-2.3999036923608963,0.5850944528541504,0.348,0.47035254730967235
ILA021,73.37025333724408,573.04,PGA,-2.656291597583733,0.6050859443087403,0.348,0.495
ILA024,63.905677437896436,671.52,PGA,-2.592884763597086,0.6050859443087403,0.348,0.495
ILA027,79.85541389401519,215.0,PGA,-2.330747104094373,0.5492986437267071,0.348,0.425
ILA030,82.3256976649756,200.98,PGA,-2.3396385789273464,0.5492986437267071,0.348,0.425
ILA031,79.91880061031861,649.25,PGA,-2.8234589345728214,0.6050859443087403,0.348,0.495
ILA032,80.85387012515656,295.48,PGA,-2.4575768710666326,0.6020677726276734,0.348,0.49130601750522845
ILA035,90.36427205527093,293.01,PGA,-2.580850178216728,0.6004021377616822,0.348,0.489263453600203
ILA036,86.82049562802443,181.0,PGA,-2.359569235948907,0.5492986437267071,0.348,0.425
ILA037,80.78973050748425,210.17,PGA,-2.3351206388898404,0.5492986437267071,0.348,0.425
ILA039,82.8521449790845,227.18,PGA,-2.3875564322191667,0.5511159303839934,0.348,0.42734619306016364
ILA041,84.73034922213995,196.88,PGA,-2.3624202986429244,0.5492986437267071,0.348,0.425
ILA042,82.3771642362468,209.36,PGA,-2.35380050578856,0.5492986437267071,0.348,0.425
ILA043,73.59360548094307,573.04,PGA,-2.659708934629521,0.6050859443087403,0.348,0.495
ILA044,77.06965074914221,158.13,PGA,-2.2018667578927937,0.5492986437267071,0.348,0.425
ILA046,76.13596032679268,396.93,PGA,-2.5152339390133975,0.6050859443087403,0.348,0.495
ILA048,85.75930654633606,199.59,PGA,-2.3796022315853715,0.5492986437267071,0.348,0.425
ILA049,84.760058063251,190.0,PGA,-2.3509593839156646,0.5492986437267071,0.348,0.425
ILA050,62.873379868223246,621.06,PGA,-2.5327778660233133,0.6050859443087403,0.348,0.495
ILA051,75.56089930762045,520.64,PGA,-2.6389039771761422,0.6050859443087403,0.348,0.495
ILA052,81.78471706968831,612.47,PGA,-2.818403155614064,0.6050859443087403,0.348,0.495
ILA054,113.35010901766988,677.3,PGA,-3.305934816512867,0.6078222066499045,0.348,0.498341082890784
ILA055,87.12024211451396,266.77,PGA,-2.50125002225547,0.5819496825174187,0.348,0.46643481107452145
ILA056,88.90801796032743,223.71,PGA,-2.458364902670172,0.5492986437267071,0.348,0.425
ILA059,83.0273848736504,236.84,PGA,-2.404365519687876,0.5590095202105004,0.348,0.4374787351243188
ILA061,75.00437617019124,497.73,PGA,-2.607431495179337,0.6050859443087403,0.348,0.495
ILA062,69.48117755891323,447.51,PGA,-2.4710626667811866,0.6050859443087403,0.348,0.495
ILA063,56.835893761279905,996.51,PGA,-2.7051880560192316,0.6050859443087403,0.348,0.495
ILA064,68.55136664578527,488.61,PGA,-2.4992620799418037,0.6050859443087403,0.348,0.495
ILA066,66.49258937947188,481.17,PGA,-2.4592890081656904,0.6050859443087403,0.348,0.495
ILA067,32.41826640052877,665.2,PGA,-1.9716971805259735,0.6050859443087403,0.348,0.495
KAU001,43.56273242838097,573.04,PGA,-2.140087536726876,0.6050859443087403,0.348,0.495
KAU003,114.10838110057877,913.77,PGA,-3.493256097595247,0.6084311298167739,0.348,0.499083599941048
KAU006,113.9931054858574,218.49,PGA,-2.7490125203303353,0.5523768202135177,0.348,0.4289710380773939
KAU007,106.54348341055326,290.86,PGA,-2.7826617187553038,0.5989427452334255,0.348,0.48747144743846493
KAU008,107.63866034807238,285.94,PGA,-2.788595483189728,0.5955690856970647,0.348,0.48332032425508203
KAU010,98.9310789023779,215.36,PGA,-2.566315415039515,0.5492986437267071,0.348,0.425
KAU011,102.67230838982609,155.32,PGA,-2.48665447894301,0.5492986437267071,0.348,0.425
KAU012,85.00932588862896,516.18,PGA,-2.7725677626888023,0.6050859443087403,0.348,0.495
KAU015,107.15014713693338,233.21,PGA,-2.6959243071669263,0.5560732446511636,0.348,0.4337204784384441
KAU018,77.3976499709515,538.69,PGA,-2.6842070686818,0.6050859443087403,0.348,0.495
KAU020,72.82165436342768,373.33,PGA,-2.4394579278088084,0.6050859443087403,0.348,0.495
KAU022,97.4169060097908,217.05,PGA,-2.5511463411583204,0.5492986437267071,0.348,0.425
KAU030,100.6366187600612,259.36,PGA,-2.660861760631401,0.5764704322805332,0.348,0.4595804165689666
KAU032,111.57284399475729,194.13,PGA,-2.6726975882592514,0.5505228711933741,0.348,0.4265810962841607
KAU033,119.83228347776871,182.93,PGA,-2.7409030274211874,0.5567082615669282,0.348,0.4345343352335594
KAU034,107.18385021081565,1010.4,PGA,-3.463637882608343,0.6050859443087403,0.348,0.495
KAU037,135.3796060856888,283.21,PGA,-3.1125444891259404,0.6125575083475192,0.348,0.5041058430854786
KAU038,142.14272144550424,667.59,PGA,-3.6525580861296225,0.6286551623172995,0.348,0.5235487686053613
KAU039,151.63665860072828,464.82,PGA,-3.5576560483415784,0.6346642480896638,0.348,0.530749194821074
KAU040,140.34113735741815,567.64,PGA,-3.537660040680719,0.627472631598673,0.348,0.5221282442133963
KAU042,159.2060960059972,806.48,PGA,-3.963692574547233,0.6392078261972043,0.348,0.5361740809399083
KAU043,171.22323673314898,538.49,PGA,-3.8633910993451335,0.6460205573800186,0.348,0.5442780177056483
KAU044,120.45367346364368,221.24,PGA,-2.8285561084232507,0.5571579663800603,0.348,0.4351103302620663
KAU046,161.91718007019477,204.23,PGA,-3.247192284589574,0.5832487038600978,0.348,0.4680545380129158
KAU047,53.8243490270436,573.04,PGA,-2.3343998780181154,0.6050859443087403,0.348,0.495
KAU048,92.0610507119136,295.66,PGA,-2.606654038657592,0.6021887003816578,0.348,0.49145420017266117
KAU050,36.30659128926287,665.2,PGA,-2.0629740949706856,0.6050859443087403,0.348,0.495
KAU051,123.98128979998971,1004.58,PGA,-3.674940110088432,0.6160342996513635,0.348,0.5083249534962314
KAU052,168.15442260432175,573.04,PGA,-3.864731501506296,0.644324573639537,0.348,0.5422639174754035
KAU054,28.06783316360731,497.22,PGA,-1.7216948083713046,0.6050859443087403,0.348,0.495
KAU057,113.18799613141104,535.13,PGA,-3.170677509270545,0.6076915337249388,0.348,0.49818169392398237
KAU058,108.40705481784066,229.66,PGA,-2.704490640731022,0.5531669833334476,0.348,0.4299880364036036
KAU062,112.87287787990353,246.84,PGA,-2.787646266201642,0.5691885890445922,0.348,0.4504127550353939
KAU063,93.6060399190571,227.24,PGA,-2.522196765629503,0.5511657567190607,0.348,0.42741044837450426
KAU064,101.90256344344134,244.84,PGA,-2.6527826266421997,0.5653578437402896,0.348,0.4455619951013211
KAU066,99.84476325858162,214.97,PGA,-2.576525714662779,0.5492986437267071,0.348,0.425
KAU069,68.38649123490784,500.15,PGA,-2.5083228735008096,0.6050859443087403,0.348,0.495
KAU073,109.35172575598243,216.33,PGA,-2.6910500190766617,0.5492986437267071,0.348,0.425
KAU074,104.18030948121277,228.34,PGA,-2.6519916566272976,0.5520774411720591,0.348,0.4285854652821168
KAU075,115.35762848826717,196.3,PGA,-2.7201242868061906,0.5534065563477906,0.348,0.4302961963679441
KAU077,80.96445465556717,665.2,PGA,-2.852556280354406,0.6050859443087403,0.348,0.495
KAU078,87.22190963332963,531.85,PGA,-2.819801962714868,0.6050859443087403,0.348,0.495
KAU081,161.49112221532047,295.0,PGA,-3.426386909508293,0.6371101203740424,0.348,0.5336715333264711
KAU082,169.01260850918658,573.04,PGA,-3.8743992409994568,0.644801763604054,0.348,0.5428308340053081
KAU083,109.69785905793941,202.14,PGA,-2.6675656630815894,0.5492986437267071,0.348,0.425
KAU085,87.88866850577266,260.75,PGA,-2.502423043438359,0.5775078265053845,0.348,0.46088099296344737
KAU086,97.20452708079277,216.8,PGA,-2.548153765639112,0.5492986437267071,0.348,0.425
KAU087,112.30367162788814,276.11,PGA,-2.8297999402224168,0.5905455496790872,0.348,0.47711638647794863
KAU088,109.55444596649576,227.46,PGA,-2.714032652287433,0.5513483663063482,0.348,0.42764590612874936
NCU,80.12485352707097,466.16,PGA,-2.650022382991226,0.6050859443087403,0.348,0.495
NSK,54.44362818084044,665.2,PGA,-2.42531437111453,0.6050859443087403,0.348,0.495
NST,37.69344643353157,491.08,PGA,-1.9441450509703448,0.6050859443087403,0.348,0.495
NSY,13.266132208120403,599.64,PGA,-1.3126807399742937,0.6050859443087403,0.348,0.495
PNG,110.99680090093074,465.86,PGA,-3.0677558134716967,0.6059080752117721,0.348,0.4960046326465455
SGL,92.0610507119136,295.66,PGA,-2.606654038657592,0.6021887003816578,0.348,0.49145420017266117
SSD,83.90579878637689,535.13,PGA,-2.7758454065418645,0.6050859443087403,0.348,0.495
STY,36.30659128926287,665.2,PGA,-2.0629740949706856,0.6050859443087403,0.348,0.495
TAI1,77.88051206740859,160.67,PGA,-2.2161223978008957,0.5492986437267071,0.348,0.425
TAP,97.57479476913649,235.82,PGA,-2.585056653925454,0.5581880295774061,0.348,0.4364285466872065
TAP003,100.68408621704089,212.39,PGA,-2.5818480729191977,0.5492986437267071,0.348,0.425
TAP005,104.72671936962091,179.84,PGA,-2.564890483038281,0.5492986437267071,0.348,0.425
TAP006,103.44244641268561,184.77,PGA,-2.5605909332616568,0.5492986437267071,0.348,0.425
TAP007,101.43266755568051,207.39,PGA,-2.581504380545339,0.5492986437267071,0.348,0.425
TAP008,102.106935450927,194.14,PGA,-2.564068877938255,0.5492986437267071,0.348,0.425
TAP010,99.18240466204462,226.38,PGA,-2.588627090778154,0.5504506056792793,0.348,0.42648783018122033
TAP012,99.38192577501383,207.99,PGA,-2.5583763680792133,0.5492986437267071,0.348,0.425
TAP013,100.10685750816579,205.11,PGA,-2.5616344122883214,0.5492986437267071,0.348,0.425
TAP014,100.88062892041134,188.98,PGA,-2.539655482807484,0.5492986437267071,0.348,0.425
TAP017,97.06284759654471,217.83,PGA,-2.548248967860328,0.5492986437267071,0.348,0.425
TAP020,98.24321010771999,218.5,PGA,-2.563621264639612,0.5492986437267071,0.348,0.425
TAP021,98.78987370675111,167.18,PGA,-2.4704144305932294,0.5492986437267071,0.348,0.425
TAP024,94.16513508407085,194.98,PGA,-2.4725768912818866,0.5492986437267071,0.348,0.425
TAP026,95.11515375612561,194.28,PGA,-2.4825136580814218,0.5492986437267071,0.348,0.425
TAP028,93.9908923717751,287.94,PGA,-2.620544304668539,0.5969462580467122,0.348,0.4850163244633854
TAP032,92.43134740325831,308.88,PGA,-2.6299069179128223,0.6050859443087403,0.348,0.495
TAP034,89.83433004146535,538.69,PGA,-2.8633284126657603,0.6050859443087403,0.348,0.495
TAP035,86.90121805752756,438.13,PGA,-2.7156309012747446,0.6050859443087403,0.348,0.495
TAP036,85.37932726460579,671.52,PGA,-2.922161433805131,0.6050859443087403,0.348,0.495
TAP041,110.1973331135058,363.56,PGA,-2.931646611600746,0.6052492446246787,0.348,0.4951996043200601
TAP042,104.9552728107,375.85,PGA,-2.8814231710641125,0.6050859443087403,0.348,0.495
TAP043,89.4118520729743,388.16,PGA,-2.6918881918192326,0.6050859443087403,0.348,0.495
TAP046,115.78653715062438,816.9,PGA,-3.447504975176232,0.6097655276311439,0.348,0.5007094953037013
TAP047,83.57706282792414,403.2,PGA,-2.6290267574908435,0.6050859443087403,0.348,0.495
TAP049,106.91325241516951,573.04,PGA,-3.1275889593946555,0.6050859443087403,0.348,0.495
TAP051,101.9565712601721,403.17,PGA,-2.8771292183427413,0.6050859443087403,0.348,0.495
TAP052,98.45159727452007,433.88,PGA,-2.8677834480041953,0.6050859443087403,0.348,0.495
TAP053,89.58804931467594,538.69,PGA,-2.8598881396390867,0.6050859443087403,0.348,0.495
TAP059,116.80550462432304,456.18,PGA,-3.130025546312471,0.610567040950894,0.348,0.5016852713559873
TAP060,118.66399781657233,631.27,PGA,-3.333115025300649,0.6120123534711444,0.348,0.503443264729293
TAP065,119.99410946299658,1023.45,PGA,-3.6361356883295715,0.6130339077533052,0.348,0.5046846263314229
TAP066,113.4447433714641,662.78,PGA,-3.29465947780211,0.6078984077009478,0.348,0.49843402179761753
TAP067,94.52727846597533,807.68,PGA,-3.1588462003600744,0.6050859443087403,0.348,0.495
TAP069,121.00337555659135,671.52,PGA,-3.3981196614664597,0.6138020512307231,0.348,0.5056174028799277
TAP072,98.93978998677024,671.52,PGA,-3.1111768794132133,0.6050859443087403,0.348,0.495
TAP075,106.57618482473356,856.38,PGA,-3.356410046673657,0.6050859443087403,0.348,0.495
TAP077,116.41922097699462,1022.77,PGA,-3.5904278448570506,0.6102639589607171,0.348,0.5013163667848954
TAP078,117.39734495900295,671.52,PGA,-3.3526390892572273,0.6110296054362014,0.348,0.5022481246550554
TAP079,116.753401395702,631.27,PGA,-3.308942266507485,0.6105262145473235,0.348,0.5016355835160464
TAP081,121.29971223615415,671.52,PGA,-3.40183562040635,0.6140264600147921,0.348,0.5058898038093841
TAP083,120.4030055039095,435.22,PGA,-3.1498982629846806,0.613345835535033,0.348,0.5050634751871964
TAP084,121.36524046357977,224.22,PGA,-2.8447760045873305,0.5578139101168647,0.348,0.43594994932889436
TAP086,91.22887499302155,887.68,PGA,-3.169606683527521,0.6050859443087403,0.348,0.495
TAP087,101.35539844310355,573.04,PGA,-3.054222244446432,0.6050859443087403,0.348,0.495
TAP090,102.87317683111068,324.38,PGA,-2.7856764941048806,0.6050859443087403,0.348,0.495
TAP094,107.25914541313247,416.34,PGA,-2.9616983330444384,0.6050859443087403,0.348,0.495
TAP095,107.12641066652922,206.24,PGA,-2.645904512889832,0.5492986437267071,0.348,0.425
TAP097,96.51825643410405,237.23,PGA,-2.5744405352781152,0.5593228864267357,0.348,0.4378790829449782
TAP098,105.37088822706724,538.69,PGA,-3.073246427334483,0.6050859443087403,0.348,0.495
TAP100,97.58816975352646,236.32,PGA,-2.5860493317657887,0.5585910683460102,0.348,0.4369439113157855
TAP103,113.41800752596221,429.49,PGA,-3.055868013749134,0.6078768855554688,0.348,0.49840777280517656
TAW,121.70169460957298,481.92,PGA,-3.220423527374252,0.6143300588750741,0.348,0.506258255475851
TCU,5.925686184729008,472.81,PGA,-0.83936196387254,0.6050859443087403,0.348,0.495
TCU003,85.87715173895934,517.33,PGA,-2.7860834830919843,0.6050859443087403,0.348,0.495
TCU006,72.13607981372333,607.4,PGA,-2.6688199930562306,0.6050859443087403,0.348,0.495
TCU007,88.25765016718297,463.88,PGA,-2.7631328353301434,0.6050859443087403,0.348,0.495
TCU008,84.7584785592634,441.58,PGA,-2.689444654829011,0.6050859443087403,0.348,0.495
TCU009,81.06016716272919,460.1,PGA,-2.657035254894677,0.6050859443087403,0.348,0.495
TCU010,81.66395774542653,446.15,PGA,-2.650502319780806,0.6050859443087403,0.348,0.495
TCU011,75.01788257873356,471.07,PGA,-2.5800066415771847,0.6050859443087403,0.348,0.495
TCU014,93.13780925514129,496.47,PGA,-2.8656108252466135,0.6050859443087403,0.348,0.495
TCU015,49.226738245658176,426.0,PGA,-2.1113673487714766,0.6050859443087403,0.348,0.495
TCU017,53.6114321384972,558.76,PGA,-2.31759587220987,0.6050859443087403,0.348,0.495
TCU018,65.56957606032032,573.04,PGA,-2.5336748879366167,0.6050859443087403,0.348,0.495
TCU025,54.234234021714876,665.2,PGA,-2.4215607956087113,0.6050859443087403,0.348,0.495
TCU026,55.62700868478751,569.98,PGA,-2.363577799519867,0.6050859443087403,0.348,0.495
TCU029,27.888704202439943,406.53,PGA,-1.641903197873778,0.6050859443087403,0.348,0.495
TCU031,30.150489096699733,489.22,PGA,-1.7679178868878114,0.6050859443087403,0.348,0.495
TCU033,40.407957354293515,423.4,PGA,-1.939296923516066,0.6050859443087403,0.348,0.495
TCU034,35.21032855799544,393.77,PGA,-1.8032209164540385,0.6050859443087403,0.348,0.495
TCU036,19.69497692844362,478.07,PGA,-1.4622018262313448,0.6050859443087403,0.348,0.495
TCU038,25.337701564906876,297.86,PGA,-1.5047491690585693,0.6036617604045779,0.348,0.49325806731847166
TCU039,19.70361874696014,540.66,PGA,-1.5118266076099052,0.6050859443087403,0.348,0.495
TCU040,22.119793842654797,362.03,PGA,-1.4543438535489743,0.6050859443087403,0.348,0.495
TCU042,25.981864142619745,578.98,PGA,-1.73397314331415,0.6050859443087403,0.348,0.495
TCU045,25.36660567229542,704.64,PGA,-1.8167455752774984,0.6050859443087403,0.348,0.495
TCU046,16.246784143589178,465.55,PGA,-1.3324044063770735,0.6050859443087403,0.348,0.495
TCU047,34.3572926348812,520.37,PGA,-1.8957034563150936,0.6050859443087403,0.348,0.495
TCU048,14.285234596515949,551.21,PGA,-1.3191913417078456,0.6050859443087403,0.348,0.495
TCU049,4.526216687379779,487.27,PGA,-0.7593527247870642,0.6050859443087403,0.348,0.495
TCU050,10.250155362613157,542.41,PGA,-1.1280847232397475,0.6050859443087403,0.348,0.495
TCU051,8.397313881220667,350.06,PGA,-0.9333040657934953,0.6050859443087403,0.348,0.495
TCU052,0.0,579.1,PGA,-0.6152795637547634,0.6050859443087403,0.348,0.495
TCU053,6.715593029398085,454.55,PGA,-0.8774180238670973,0.6050859443087403,0.348,0.495
TCU054,6.044907731784745,460.69,PGA,-0.8402224381401115,0.6050859443087403,0.348,0.495
TCU055,7.10204372503239,359.13,PGA,-0.8660939410427524,0.6050859443087403,0.348,0.495
TCU056,11.23595041250864,403.2,PGA,-1.087691280117775,0.6050859443087403,0.348,0.495
TCU057,12.582859253355823,555.23,PGA,-1.2487590453617776,0.6050859443087403,0.348,0.495
TCU059,17.768696653120717,272.67,PGA,-1.291239982339708,0.5862245801018439,0.348,0.4717576266639292
TCU060,9.270501399529332,375.42,PGA,-0.9829572662021868,0.6050859443087403,0.348,0.495
TCU061,17.663329909143975,379.64,PGA,-1.3262514296558043,0.6050859443087403,0.348,0.495
TCU063,10.251512284681757,476.14,PGA,-1.0826727579525084,0.6050859443087403,0.348,0.495
TCU064,17.05105449248675,645.72,PGA,-1.5009590002473587,0.6050859443087403,0.348,0.495
TCU065,1.288045085418703,305.85,PGA,-0.5792317714687971,0.6050859443087403,0.348,0.495
TCU067,1.288712791017711,433.63,PGA,-0.5635081092175211,0.6050859443087403,0.348,0.495
TCU068,0.0,487.34,PGA,-0.5629162892892706,0.6050859443087403,0.348,0.495
TCU070,19.75113627608807,401.26,PGA,-1.408073308428408,0.6050859443087403,0.348,0.495
TCU071,0.0,624.85,PGA,-0.6453554675552939,0.6050859443087403,0.348,0.495
TCU072,0.0,468.14,PGA,-0.5543311555207486,0.6050859443087403,0.348,0.495
TCU074,0.0,549.43,PGA,-0.5968232918390253,0.6050859443087403,0.348,0.495
TCU075,1.6063613522010625,573.02,PGA,-0.6455532907076773,0.6050859443087403,0.348,0.495
TCU076,3.5054162229935133,614.98,PGA,-0.7755660315199311,0.6050859443087403,0.348,0.495
TCU078,0.0,443.04,PGA,-0.5449944665751189,0.6050859443087403,0.348,0.495
TCU079,0.0,363.99,PGA,-0.5359682344510561,0.6050859443087403,0.348,0.495
TCU081,54.870046821119146,430.47,PGA,-2.215820599416049,0.6050859443087403,0.348,0.495
TCU082,5.925686184729008,472.81,PGA,-0.83936196387254,0.6050859443087403,0.348,0.495
TCU083,79.97899565103198,354.63,PGA,-2.5204464273422733,0.6050859443087403,0.348,0.495
TCU084,0.0,665.2,PGA,-0.6727714641505783,0.6050859443087403,0.348,0.495
TCU085,54.44362818084044,999.66,PGA,-2.664573591055978,0.6050859443087403,0.348,0.495
TCU087,7.054896464891636,538.69,PGA,-0.9489639007440434,0.6050859443087403,0.348,0.495
TCU088,3.997697831489502,665.2,PGA,-0.8419859643648308,0.6050859443087403,0.348,0.495
TCU089,0.0,671.52,PGA,-0.6771022786670429,0.6050859443087403,0.348,0.495
TCU092,88.45294085502088,422.28,PGA,-2.719084322169691,0.6050859443087403,0.348,0.495
TCU094,53.92101623044264,589.85,PGA,-2.351215572745748,0.6050859443087403,0.348,0.495
TCU095,44.56466924675996,446.63,PGA,-2.043651613877738,0.6050859443087403,0.348,0.495
TCU096,53.85469792017198,454.58,PGA,-2.222332878245714,0.6050859443087403,0.348,0.495
TCU098,47.1372515839405,346.56,PGA,-1.9956550163674516,0.6050859443087403,0.348,0.495
TCU100,12.131987127300425,535.13,PGA,-1.2133933867658033,0.6050859443087403,0.348,0.495
TCU101,2.7227148767639835,389.41,PGA,-0.6171922088474936,0.6050859443087403,0.348,0.495
TCU102,1.9561078435847996,714.27,PGA,-0.7566431843673334,0.6050859443087403,0.348,0.495
TCU103,6.53081647788816,494.1,PGA,-0.8886646292787435,0.6050859443087403,0.348,0.495
TCU104,13.594790434615204,410.45,PGA,-1.1931464193127839,0.6050859443087403,0.348,0.495
TCU105,17.906371449005963,575.54,PGA,-1.4773967190877866,0.6050859443087403,0.348,0.495
TCU106,15.667606274650094,451.37,PGA,-1.3006343703563454,0.6050859443087403,0.348,0.495
TCU107,16.69303155356926,409.0,PGA,-1.3102724672772799,0.6050859443087403,0.348,0.495
TCU109,13.733866280340548,535.13,PGA,-1.2839362432658479,0.6050859443087403,0.348,0.495
TCU110,12.33231611318905,212.72,PGA,-1.140750676940351,0.5492986437267071,0.348,0.425
TCU111,22.748356973666922,237.53,PGA,-1.4230212331524075,0.559563662341612,0.348,0.4381865952002156
TCU112,28.176599312968115,190.54,PGA,-1.5372829011921878,0.5492986437267071,0.348,0.425
TCU113,31.861769932340707,230.3,PGA,-1.618964868237617,0.5536934983181344,0.348,0.4306651716586494
TCU115,22.514549191288978,215.34,PGA,-1.417628840924095,0.5492986437267071,0.348,0.425
TCU116,13.140173923202289,493.09,PGA,-1.2277784488745118,0.6050859443087403,0.348,0.495
TCU117,26.01588554922865,198.58,PGA,-1.4947601583324015,0.5492986437267071,0.348,0.425
TCU118,27.518780758804855,236.19,PGA,-1.5317016787917104,0.5584863425982897,0.348,0.43681002148395615
TCU119,38.703481646934264,221.7,PGA,-1.7407873770001963,0.5492986437267071,0.348,0.425
TCU120,8.108276773791475,459.34,PGA,-0.9599443195422173,0.6050859443087403,0.348,0.495
TCU122,10.095651275407166,475.46,PGA,-1.074462198557781,0.6050859443087403,0.348,0.495
TCU123,15.613652840248543,270.22,PGA,-1.2238973462965963,0.5844586647867027,0.348,0.4695614239311566
TCU128,13.266132208120403,599.64,PGA,-1.3126807399742937,0.6050859443087403,0.348,0.495
TCU129,2.5928427595425005,511.18,PGA,-0.6555619113806981,0.6050859443087403,0.348,0.495
TCU136,8.865586783874127,462.1,PGA,-1.002696401714734,0.6050859443087403,0.348,0.495
TCU138,10.622750936043827,652.85,PGA,-1.2284594821788424,0.6050859443087403,0.348,0.495
TCU140,33.69322383417364,223.6,PGA,-1.6512193595155193,0.5492986437267071,0.348,0.425
TCU141,24.94025634288036,223.04,PGA,-1.4727573146636352,0.5492986437267071,0.348,0.425
TCU145,36.03324541347518,240.43,PGA,-1.7039608737898053,0.5618789227986082,0.348,0.4411393474689424
TCU147,71.69733969170538,537.92,PGA,-2.597102090639165,0.6050859443087403,0.348,0.495
TTN,80.89836518095754,298.72,PGA,-2.4624562301373745,0.6042351216780841,0.348,0.4939595957862638
TTN001,52.32871415831085,484.6,PGA,-2.2247115935252735,0.6050859443087403,0.348,0.495
TTN002,65.48374155510382,667.36,PGA,-2.615261195296379,0.6050859443087403,0.348,0.495
TTN003,93.04588279899522,506.64,PGA,-2.8750460289356776,0.6050859443087403,0.348,0.495
TTN004,63.800897195982024,463.59,PGA,-2.3983258355290635,0.6050859443087403,0.348,0.495
TTN005,80.42174430564141,407.59,PGA,-2.5893647287099952,0.6050859443087403,0.348,0.495
TTN006,78.75895289383541,283.21,PGA,-2.412789813978642,0.5936763149060899,0.348,0.48098603605559564
TTN007,79.64699872902655,282.7,PGA,-2.4241914191373795,0.593321049574824,0.348,0.4805474668215106
TTN008,80.39083510685596,292.61,PGA,-2.447478446476318,0.6001312992893457,0.348,0.48893105483975785
TTN009,81.38728178307964,313.96,PGA,-2.4890183908037256,0.6050859443087403,0.348,0.495
TTN010,81.51829704872269,311.34,PGA,-2.487420976852651,0.6050859443087403,0.348,0.495
TTN012,79.21152525532221,288.3,PGA,-2.4257018800901387,0.5971933062798915,0.348,0.48532035303035487
TTN013,78.8943211567126,297.76,PGA,-2.433753720244315,0.6035950006786922,0.348,0.4931763628199454
TTN014,59.860496924556905,533.97,PGA,-2.402881156549841,0.6050859443087403,0.348,0.495
TTN015,80.89836518095754,487.91,PGA,-2.6842672356450477,0.6050859443087403,0.348,0.495
TTN016,121.70169460957298,826.15,PGA,-3.5291122236500767,0.6143300588750741,0.348,0.506258255475851
TTN018,71.80853811897417,573.04,PGA,-2.6322599605097325,0.6050859443087403,0.348,0.495
TTN020,46.28877454659275,453.71,PGA,-2.083511683543909,0.6050859443087403,0.348,0.495
TTN022,49.185819921013895,398.81,PGA,-2.083823671739212,0.6050859443087403,0.348,0.495
TTN023,50.33727239662484,527.54,PGA,-2.229278522211134,0.6050859443087403,0.348,0.495
TTN024,56.57309029774128,671.52,PGA,-2.4682832398899657,0.6050859443087403,0.348,0.495
TTN025,62.74114520985054,704.96,PGA,-2.6008682943845898,0.6050859443087403,0.348,0.495
TTN026,67.49118772791799,573.04,PGA,-2.5645040440547704,0.6050859443087403,0.348,0.495
TTN027,73.52976366515371,428.95,PGA,-2.512537254837742,0.6050859443087403,0.348,0.495
TTN028,76.01025211793088,616.17,PGA,-2.73592503375691,0.6050859443087403,0.348,0.495
TTN031,51.99314115375424,510.62,PGA,-2.2436001110997257,0.6050859443087403,0.348,0.495
TTN032,53.710344896261404,734.26,PGA,-2.4672991720895427,0.6050859443087403,0.348,0.495
TTN033,55.55183906772911,670.8,PGA,-2.449680635118284,0.6050859443087403,0.348,0.495
TTN036,77.42687254231797,538.69,PGA,-2.6846421597085186,0.6050859443087403,0.348,0.495
TTN040,43.69119446366562,728.01,PGA,-2.270730155409913,0.6050859443087403,0.348,0.495
TTN041,40.552465197967734,418.24,PGA,-1.9374662156930613,0.6050859443087403,0.348,0.495
TTN042,61.854091343505935,845.34,PGA,-2.692674035593134,0.6050859443087403,0.348,0.495
TTN044,55.35974910869786,419.63,PGA,-2.2132175292416214,0.6050859443087403,0.348,0.495
TTN045,57.72674042183177,539.98,PGA,-2.3722866794734077,0.6050859443087403,0.348,0.495
TTN046,62.61498206065394,528.12,PGA,-2.443118543706749,0.6050859443087403,0.348,0.495
TTN047,71.2651253374662,573.04,PGA,-2.623840495822431,0.6050859443087403,0.348,0.495
TTN048,77.23093425350275,373.54,PGA,-2.503970012843702,0.6050859443087403,0.348,0.495
TTN050,87.16780012668326,573.04,PGA,-2.8593077800676894,0.6050859443087403,0.348,0.495
TTN051,30.788780146750934,665.2,PGA,-1.9313724304240583,0.6050859443087403,0.348,0.495
WGK,10.377089824587822,258.89,PGA,-1.0377632135574482,0.5761186432159647,0.348,0.45913907594649805
WNT,2.5928427595425005,511.18,PGA,-0.6555619113806981,0.6050859443087403,0.348,0.495
WTC,43.046970143373564,207.69,PGA,-1.8039981138237475,0.5492986437267071,0.348,0.425
ALS,1.4161941004474747,553.43,PGV,4.231670422467877,0.6514752489542485,0.346,0.552
CHK,59.860496924556905,424.57,PGV,2.3863562850506095,0.6514752489542485,0.346,0.552
CHY002,25.501325041113866,235.13,PGV,3.4203209363271068,0.5951558756705742,0.346,0.48424633849437415
CHY004,48.07893833473184,271.3,PGV,2.8674554102131604,0.6279572566006795,0.346,0.5240365599053672
CHY006,10.584628168218677,438.19,PGV,3.767294962603804,0.6514752489542485,0.346,0.552
CHY008,41.23915234428305,210.73,PGV,3.1055218500716775,0.5852349955359812,0.346,0.47200000000000003
CHY010,20.625677664506007,538.69,PGV,3.1447129246339176,0.6514752489542485,0.346,0.552
CHY012,59.82694761124689,198.4,PGV,2.840116496965341,0.5852349955359812,0.346,0.47200000000000003
CHY014,33.88066065244789,347.63,PGV,3.0262970141497116,0.6514752489542485,0.346,0.552
CHY015,38.846134725395174,228.66,PGV,3.1189398839693645,0.5888598906317931,0.346,0.4764871150355352
CHY016,67.39311492490651,200.86,PGV,2.7351870900303066,0.5852349955359812,0.346,0.47200000000000003
CHY017,59.79653364012802,190.57,PGV,2.8594412526347495,0.5852349955359812,0.346,0.47200000000000003
CHY019,52.664018987304125,497.53,PGV,2.3906672456558438,0.6514752489542485,0.346,0.552
CHY022,65.23494253909143,564.07,PGV,2.0852421575128486,0.6514752489542485,0.346,0.552
CHY023,82.48037770558093,279.78,PGV,2.3582157622590936,0.6351173300453737,0.346,0.532595552857855
CHY024,10.382141776489679,427.73,PGV,3.7936163200613473,0.6514752489542485,0.346,0.552
CHY025,19.821814137857874,277.5,PGV,3.5462349447792807,0.6332103844165357,0.346,0.5303200834712343
CHY026,30.117763879363363,226.01,PGV,3.3132676308412865,0.5862399692861775,0.346,0.47324549822334105
CHY027,42.57072697901259,210.01,PGV,3.0827530853024028,0.5852349955359812,0.346,0.47200000000000003
CHY028,3.8142382458599347,542.61,PGV,4.106714358182329,0.6514752489542485,0.346,0.552
CHY029,11.753982902131465,544.74,PGV,3.5547494467957557,0.6514752489542485,0.346,0.552
CHY032,36.20970428039942,192.71,PGV,3.232346985500785,0.5852349955359812,0.346,0.47200000000000003
CHY033,44.61021757313737,197.63,PGV,3.0711307779335826,0.5852349955359812,0.346,0.47200000000000003
CHY034,15.55529098089055,378.75,PGV,3.585426794019363,0.6514752489542485,0.346,0.552
CHY035,13.30281463096492,573.04,PGV,3.4313573999178693,0.6514752489542485,0.346,0.552
CHY036,16.834009871697,233.14,PGV,3.7045953939470864,0.5932343657378045,0.346,0.4818827789954059
CHY039,32.68412498523498,201.21,PGV,3.2913916929558003,0.5852349955359812,0.346,0.47200000000000003
CHY041,20.07183164813607,492.26,PGV,3.2309625333599366,0.6514752489542485,0.346,0.552
CHY042,28.16777357328532,665.2,PGV,2.724717169755323,0.6514752489542485,0.346,0.552
CHY044,55.933003322544856,194.47,PGV,2.903413147221732,0.5852349955359812,0.346,0.47200000000000003
CHY046,24.876384312874173,442.15,PGV,3.1321769284501086,0.6514752489542485,0.346,0.552
CHY047,24.927795876688105,169.52,PGV,3.5101819743735962,0.5852349955359812,0.346,0.47200000000000003
CHY050,45.48094043081733,538.93,PGV,2.466231748557467,0.6514752489542485,0.346,0.552
CHY052,40.52523944488567,573.04,PGV,2.523807340041062,0.6514752489542485,0.346,0.552
CHY054,49.228155688795745,172.1,PGV,3.0514147975542913,0.5852349955359812,0.346,0.47200000000000003
CHY055,55.04100932988003,225.77,PGV,2.846563635455377,0.5860014874612484,0.346,0.472950043140706
CHY057,58.30189007907089,411.46,PGV,2.434080071975701,0.6514752489542485,0.346,0.552
CHY058,60.47926509005612,269.28,PGV,2.672083478615995,0.6262239721006606,0.346,0.52195829645052
CHY059,74.0105222831666,191.09,PGV,2.681180741450829,0.5852349955359812,0.346,0.47200000000000003
CHY060,69.53930995385498,228.92,PGV,2.6384548928556417,0.5891156328507356,0.346,0.47680313429037224
CHY061,59.2181211902229,538.69,PGV,2.2168834274709766,0.6514752489542485,0.346,0.552
CHY062,59.70708366780761,602.63,PGV,2.119816000092301,0.6514752489542485,0.346,0.552
CHY063,73.64708029924377,246.88,PGV,2.5433734715108214,0.6062405695278473,0.346,0.49780681809457844
CHY065,84.65037829276163,250.0,PGV,2.4040423394505543,0.6091115181010394,0.346,0.5012991536830607
CHY066,90.36922111828896,211.97,PGV,2.441905496693388,0.5852349955359812,0.346,0.47200000000000003
CHY067,84.21459469490114,227.97,PGV,2.4652260873696443,0.5881800627839721,0.346,0.4756467031910947
CHY069,86.69064381036402,224.42,PGV,2.44714783410205,0.5852349955359812,0.346,0.47200000000000003
CHY070,84.43554371983527,265.45,PGV,2.3688433460643252,0.6229075024443669,0.346,0.5179746679148305
CHY071,79.42270364079795,202.95,PGV,2.5864914903323193,0.5852349955359812,0.346,0.47200000000000003
CHY074,1.4161941004474747,553.43,PGV,4.231670422467877,0.6514752489542485,0.346,0.552
CHY076,42.877573217177414,169.84,PGV,3.1546569133718947,0.5852349955359812,0.346,0.47200000000000003
CHY078,77.88051206740859,160.67,PGV,2.7285113468466187,0.5852349955359812,0.346,0.47200000000000003
CHY079,50.02855021100604,573.04,PGV,2.329602532573652,0.6514752489542485,0.346,0.552
CHY080,0.8203047792534108,496.21,PGV,4.32009666230179,0.6514752489542485,0.346,0.552
CHY081,43.161132192340126,573.04,PGV,2.466535185052042,0.6514752489542485,0.346,0.552
CHY082,36.690687042494744,193.69,PGV,3.2213366286138965,0.5852349955359812,0.346,0.47200000000000003
CHY086,28.265165300477857,665.2,PGV,2.721779226974392,0.6514752489542485,0.346,0.552
CHY087,29.477616972892374,505.2,PGV,2.8980071652000046,0.6514752489542485,0.346,0.552
CHY088,38.16580800828477,318.52,PGV,2.9760679047132435,0.6514752489542485,0.346,0.552
CHY090,59.17740188206011,180.33,PGV,2.8929467943210088,0.5852349955359812,0.346,0.47200000000000003
CHY092,23.43718943402428,253.72,PGV,3.4565814696185173,0.6124963689371468,0.346,0.5054065709517334
CHY093,50.52955404993735,190.49,PGV,2.991450490062869,0.5852349955359812,0.346,0.47200000000000003
CHY094,37.568596955239634,221.92,PGV,3.1561180050913133,0.5852349955359812,0.346,0.47200000000000003
CHY096,83.07046778565815,293.61,PGV,2.319718045601291,0.6464100711761165,0.346,0.546012802155693
CHY099,65.94429160338161,228.84,PGV,2.6855235755146056,0.5890369676568726,0.346,0.47670593584137766
CHY100,54.13764361475702,230.11,PGV,2.850999922239329,0.5902831912225285,0.346,0.47824496425979457
CHY101,10.377089824587822,258.89,PGV,3.98037836104546,0.6171332440926309,0.346,0.5110160867959979
CHY102,36.74554656205193,804.36,PGV,2.3368281801803445,0.6514752489542485,0.346,0.552
CHY104,18.6621650225021,223.24,PGV,3.646330184188173,0.5852349955359812,0.346,0.47200000000000003
CHY107,51.35844504410688,175.68,PGV,3.012166546698738,0.5852349955359812,0.346,0.47200000000000003
CHY109,43.43968322952119,573.04,PGV,2.4606503286451065,0.6514752489542485,0.346,0.552
CHY110,43.43968322952119,573.04,PGV,2.4606503286451065,0.6514752489542485,0.346,0.552
CHY116,82.01615041444819,195.38,PGV,2.5789181601692586,0.5852349955359812,0.346,0.47200000000000003
ENA,62.873379868223246,665.2,PGV,1.9888075281810678,0.6514752489542485,0.346,0.552
ESL,39.13327017283541,493.29,PGV,2.6692998429917543,0.6514752489542485,0.346,0.552
HEN,161.91718007019477,204.23,PGV,1.838650324871439,0.615723875872916,0.346,0.5093131564371434
HSN,54.870046821119146,321.49,PGV,2.6547622155105564,0.6514752489542485,0.346,0.552
HWA,51.21900426141601,260.38,PGV,2.8352184895588524,0.6184553605122528,0.346,0.5126119711305429
HWA002,52.86279146401041,789.18,PGV,2.016669789355469,0.6514752489542485,0.346,0.552
HWA003,51.681142290885134,1525.85,PGV,1.6190008166800687,0.6514752489542485,0.346,0.552
HWA005,44.28231958384142,459.32,PGV,2.6104092997701116,0.6514752489542485,0.346,0.552
HWA006,45.003181958498374,559.11,PGV,2.4474335898776056,0.6514752489542485,0.346,0.552
HWA007,51.95325392386305,358.72,PGV,2.635009556603409,0.6514752489542485,0.346,0.552
HWA009,51.693536462196626,373.23,PGV,2.613512806184348,0.6514752489542485,0.346,0.552
HWA011,48.624839989886404,355.76,PGV,2.700189958969125,0.6514752489542485,0.346,0.552
HWA012,52.325257559135075,414.42,PGV,2.5306466209525036,0.6514752489542485,0.346,0.552
HWA013,49.86104964362179,330.55,PGV,2.7236686731269364,0.6514752489542485,0.346,0.552
HWA014,50.84490694090048,277.28,PGV,2.808019733462412,0.6330256821756015,0.346,0.5300995324407348
HWA015,46.42594132137962,453.05,PGV,2.577315282243844,0.6514752489542485,0.346,0.552
HWA016,47.585145300823704,576.55,PGV,2.371673906389037,0.6514752489542485,0.346,0.552
HWA017,46.470164794363036,578.11,PGV,2.3915873729746795,0.6514752489542485,0.346,0.552
HWA019,51.21900426141601,494.82,PGV,2.4210009089418603,0.6514752489542485,0.346,0.552
HWA020,39.13327017283541,626.43,PGV,2.4849419113759987,0.6514752489542485,0.346,0.552
HWA022,57.87400521195273,567.64,PGV,2.1979370058093295,0.6514752489542485,0.346,0.552
HWA023,46.40755022060307,671.52,PGV,2.2728224757375397,0.6514752489542485,0.346,0.552
HWA024,37.730568431531545,671.52,PGV,2.4618644680506234,0.6514752489542485,0.346,0.552
HWA025,49.13348906562234,494.32,PGV,2.4606159749746155,0.6514752489542485,0.346,0.552
HWA026,47.22466473181171,457.49,PGV,2.5546132626186617,0.6514752489542485,0.346,0.552
HWA027,46.98782360511372,437.8,PGV,2.5909040750913634,0.6514752489542485,0.346,0.552
HWA028,49.35236603416438,406.7,PGV,2.5977182579961484,0.6514752489542485,0.346,0.552
HWA029,49.89682984159387,614.05,PGV,2.277111949475239,0.6514752489542485,0.346,0.552
HWA030,41.84995449814051,592.18,PGV,2.468828449130232,0.6514752489542485,0.346,0.552
HWA031,46.78495170006793,602.29,PGV,2.3528543177203685,0.6514752489542485,0.346,0.552
HWA032,42.76449413301876,573.04,PGV,2.47496822379397,0.6514752489542485,0.346,0.552
HWA033,49.52391460805984,395.57,PGV,2.613589689853609,0.6514752489542485,0.346,0.552
HWA034,38.72259961355784,379.18,PGV,2.8601885872799575,0.6514752489542485,0.346,0.552
HWA035,43.48814803424615,677.49,PGV,2.325763564023434,0.6514752489542485,0.346,0.552
HWA036,38.18727859247192,503.04,PGV,2.6765470907073112,0.6514752489542485,0.346,0.552
HWA037,40.93079012119635,469.64,PGV,2.6651958271554235,0.6514752489542485,0.346,0.552
HWA038,36.825205396811654,642.73,PGV,2.5188538250625676,0.6514752489542485,0.346,0.552
HWA039,40.700555517327686,459.67,PGV,2.6857299079892814,0.6514752489542485,0.346,0.552
HWA041,43.12948213944211,484.97,PGV,2.5945387953889067,0.6514752489542485,0.346,0.552
HWA043,53.91152534737503,543.06,PGV,2.3009803423871293,0.6514752489542485,0.346,0.552
HWA044,55.24919369711087,534.41,PGV,2.290078460365916,0.6514752489542485,0.346,0.552
HWA045,59.28500884807053,484.45,PGV,2.2977121842483257,0.6514752489542485,0.346,0.552
HWA046,47.0109436592865,617.52,PGV,2.328430117731539,0.6514752489542485,0.346,0.552
HWA048,46.686257749108556,345.89,PGV,2.7541509140613467,0.6514752489542485,0.346,0.552
HWA049,46.005462055816764,508.61,PGV,2.499957958053567,0.6514752489542485,0.346,0.552
HWA050,48.71376858358703,313.9,PGV,2.7752216645074324,0.6514752489542485,0.346,0.552
HWA051,48.90932890375484,440.5,PGV,2.54973041003911,0.6514752489542485,0.346,0.552
HWA053,35.85961696778292,843.24,PGV,2.3189354451412267,0.6514752489542485,0.346,0.552
HWA054,37.40217869643352,452.83,PGV,2.7711894779025235,0.6514752489542485,0.346,0.552
HWA055,42.55353726386162,369.75,PGV,2.7939686779273702,0.6514752489542485,0.346,0.552
HWA056,35.11011081738172,511.3,PGV,2.7384920140119102,0.6514752489542485,0.346,0.552
HWA057,45.69143972650157,671.52,PGV,2.287282132729506,0.6514752489542485,0.346,0.552
HWA058,40.62633470498356,529.54,PGV,2.582511556302236,0.6514752489542485,0.346,0.552
HWA059,44.12500056155976,208.56,PGV,3.0581514686898466,0.5852349955359812,0.346,0.47200000000000003
HWA060,53.13246936736276,573.04,PGV,2.2726097155125577,0.6514752489542485,0.346,0.552
HWA2,51.21900426141601,260.38,PGV,2.8352184895588524,0.6184553605122528,0.346,0.5126119711305429
ILA001,100.32579879811699,909.09,PGV,1.235263839743995,0.6514752489542485,0.346,0.552
ILA002,94.59735635282492,219.78,PGV,2.3757089268304075,0.5852349955359812,0.346,0.47200000000000003
ILA003,89.71025798681,263.82,PGV,2.3127842223929336,0.6214839229327618,0.346,0.5162618196844455
ILA004,85.68227612519946,124.27,PGV,2.785853187032869,0.5852349955359812,0.346,0.47200000000000003
ILA005,83.93724100214038,239.33,PGV,2.4390124392864,0.5991686468441083,0.346,0.4891697735561752
ILA006,81.73646560218842,279.41,PGV,2.367969649341738,0.6348087636736246,0.346,0.5322275513695582
ILA007,80.69578779842172,496.27,PGV,1.9692070121440417,0.6514752489542485,0.346,0.552
ILA008,81.47670604637591,299.28,PGV,2.3263575128220007,0.6509091699507773,0.346,0.5513317944087842
ILA010,76.69526258688926,573.04,PGV,1.908025758797035,0.6514752489542485,0.346,0.552
ILA012,84.97633852037546,259.21,PGV,2.3776521496588003,0.6174177197537173,0.346,0.511359600150305
ILA013,80.79219336584667,199.48,PGV,2.58078724027489,0.5852349955359812,0.346,0.47200000000000003
ILA014,77.22854612692028,300.77,PGV,2.375853515203861,0.6514752489542485,0.346,0.552
ILA015,82.13530668263718,782.59,PGV,1.579978333804209,0.6514752489542485,0.346,0.552
ILA016,79.00488080472547,271.1,PGV,2.420212744319829,0.627786127757239,0.346,0.5238314826396256
ILA021,73.37025333724408,573.04,PGV,1.9537812015705416,0.6514752489542485,0.346,0.552
ILA024,63.905677437896436,671.52,PGV,1.964879099273861,0.6514752489542485,0.346,0.552
ILA027,79.85541389401519,215.0,PGV,2.548958655292479,0.5852349955359812,0.346,0.47200000000000003
ILA030,82.3256976649756,200.98,PGV,2.559601895554061,0.5852349955359812,0.346,0.47200000000000003
ILA031,79.91880061031861,649.25,PGV,1.7635655236501857,0.6514752489542485,0.346,0.552
ILA032,80.85387012515656,295.48,PGV,2.342367321608048,0.6479020544941649,0.346,0.5477783057202611
ILA035,90.36427205527093,293.01,PGV,2.2362033984584024,0.6459296395800581,0.346,0.5454439469716607
ILA036,86.82049562802443,181.0,PGV,2.5708237349060976,0.5852349955359812,0.346,0.47200000000000003
ILA037,80.78973050748425,210.17,PGV,2.5513152966449635,0.5852349955359812,0.346,0.47200000000000003
ILA039,82.8521449790845,227.18,PGV,2.4826761249567375,0.587399690884907,0.346,0.4746813634973299
ILA041,84.73034922213995,196.88,PGV,2.545165575013654,0.5852349955359812,0.346,0.47200000000000003
ILA042,82.3771642362468,209.36,PGV,2.5357257503610664,0.5852349955359812,0.346,0.47200000000000003
ILA043,73.59360548094307,573.04,PGV,1.9506599840471752,0.6514752489542485,0.346,0.552
ILA044,77.06965074914221,158.13,PGV,2.7452672012680575,0.5852349955359812,0.346,0.47200000000000003
ILA046,76.13596032679268,396.93,PGV,2.198336289144973,0.6514752489542485,0.346,0.552
ILA048,85.75930654633606,199.59,PGV,2.5262916679613934,0.5852349955359812,0.346,0.47200000000000003
ILA049,84.760058063251,190.0,PGV,2.5650307037145916,0.5852349955359812,0.346,0.47200000000000003
ILA050,62.873379868223246,621.06,PGV,2.044640441801261,0.6514752489542485,0.346,0.552
ILA051,75.56089930762045,520.64,PGV,1.9998086322562838,0.6514752489542485,0.346,0.552
ILA052,81.78471706968831,612.47,PGV,1.7868290160663538,0.6514752489542485,0.346,0.552
ILA054,113.35010901766988,677.3,PGV,1.3412301849848043,0.6570701897693096,0.346,0.5585921896012122
ILA055,87.12024211451396,266.77,PGV,2.334791304259441,0.6240550054420325,0.346,0.5193540697994532
ILA056,88.90801796032743,223.71,PGV,2.424923484995257,0.5852349955359812,0.346,0.47200000000000003
ILA059,83.0273848736504,236.84,PGV,2.455746242037046,0.5967965820802605,0.346,0.4862614115706501
ILA061,75.00437617019124,497.73,PGV,2.042688071836855,0.6514752489542485,0.346,0.552
ILA062,69.48117755891323,447.51,PGV,2.201609116242714,0.6514752489542485,0.346,0.552
ILA063,56.835893761279905,996.51,PGV,1.7508070511671736,0.6514752489542485,0.346,0.552
ILA064,68.55136664578527,488.61,PGV,2.148225214358601,0.6514752489542485,0.346,0.552
ILA066,66.49258937947188,481.17,PGV,2.1904271053049,0.6514752489542485,0.346,0.552
ILA067,32.41826640052877,665.2,PGV,2.6036376133387957,0.6514752489542485,0.346,0.552
KAU001,43.56273242838097,573.04,PGV,2.458060446401799,0.6514752489542485,0.346,0.552
KAU003,114.10838110057877,913.77,PGV,1.0828734131499924,0.6575585593397915,0.346,0.5591665753252979
KAU006,113.9931054858574,218.49,PGV,2.190329315353594,0.590959532110934,0.346,0.4790795013280928
KAU007,106.54348341055326,290.86,PGV,2.0681811735609585,0.6452619582675622,0.346,0.5446530958208988
KAU008,107.63866034807238,285.94,PGV,2.069044601891801,0.6420045117176228,0.346,0.5407899713065909
KAU010,98.9310789023779,215.36,PGV,2.344288831894967,0.5852349955359812,0.346,0.47200000000000003
KAU011,102.67230838982609,155.32,PGV,2.5074351671695565,0.5852349955359812,0.346,0.47200000000000003
KAU012,85.00932588862896,516.18,PGV,1.8832847071621395,0.6514752489542485,0.346,0.552
KAU015,107.15014713693338,233.21,PGV,2.212093400912305,0.594721650551287,0.346,0.4837125609640989
KAU018,77.3976499709515,538.69,PGV,1.9479828108572697,0.6514752489542485,0.346,0.552
KAU020,72.82165436342768,373.33,PGV,2.286984532252486,0.6514752489542485,0.346,0.552
KAU022,97.4169060097908,217.05,PGV,2.354640520173519,0.5852349955359812,0.346,0.47200000000000003
KAU030,100.6366187600612,259.36,PGV,2.2069282279359177,0.6175509674900539,0.346,0.511520476078819
KAU032,111.57284399475729,194.13,PGV,2.2894606593912745,0.5894617580803064,0.346,0.47723072432433106
KAU033,119.83228347776871,182.93,PGV,2.2546599345226332,0.5944536982202283,0.346,0.4833830772045152
KAU034,107.18385021081565,1010.4,PGV,1.0712199905980069,0.652978537707829,0.346,0.553773392920836
KAU037,135.3796060856888,283.21,PGV,1.8164170929983205,0.6564617643532279,0.346,0.5578763734536111
KAU038,142.14272144550424,667.59,PGV,1.0773126923917815,0.6737257229327156,0.346,0.5780919907257065
KAU039,151.63665860072828,464.82,PGV,1.2916261009879433,0.6785111072411755,0.346,0.5836619934942192
KAU040,140.34113735741815,567.64,PGV,1.2275484564660193,0.6727830724508098,0.346,0.5769931217755994
KAU042,159.2060960059972,806.48,PGV,0.7719425827924272,0.682124340018274,0.346,0.5878584993392253
KAU043,171.22323673314898,538.49,PGV,1.0099186753512521,0.6875342895980057,0.346,0.5941274268816702
KAU044,120.45367346364368,221.24,PGV,2.123136252405747,0.5948160722904281,0.346,0.4838286472037511
KAU046,161.91718007019477,204.23,PGV,1.838650324871439,0.615723875872916,0.346,0.5093131564371434
KAU047,53.8243490270436,573.04,PGV,2.2602668885468713,0.6514752489542485,0.346,0.552
KAU048,92.0610507119136,295.66,PGV,2.2110294348926702,0.6480452416186666,0.346,0.5479476573401842
KAU050,36.30659128926287,665.2,PGV,2.5038529610080302,0.6514752489542485,0.346,0.552
KAU051,123.98128979998971,1004.58,PGV,0.90439677625524,0.6636483238254548,0.346,0.5663153694862393
KAU052,168.15442260432175,573.04,PGV,0.983226380198122,0.6861883703615274,0.346,0.5925693880208533
KAU054,28.06783316360731,497.22,PGV,2.9509307788272667,0.6514752489542485,0.346,0.552
KAU057,113.18799613141104,535.13,PGV,1.536106378903194,0.6569653743288392,0.346,0.5584688917630344
KAU058,108.40705481784066,229.66,PGV,2.210050576010125,0.5920723999176687,0.346,0.48045158626470136
KAU062,112.87287787990353,246.84,PGV,2.1190493840114755,0.611328389150059,0.346,0.5039904754862
KAU063,93.6060399190571,227.24,PGV,2.365302156938859,0.587459035473221,0.346,0.4747547981422906
KAU064,101.90256344344134,244.84,PGV,2.232094125383228,0.6043473158428975,0.346,0.4954994229729384
KAU066,99.84476325858162,214.97,PGV,2.3363099821576094,0.5852349955359812,0.346,0.47200000000000003
KAU069,68.38649123490784,500.15,PGV,2.1325949602508905,0.6514752489542485,0.346,0.552
KAU073,109.35172575598243,216.33,PGV,2.2401902753825724,0.5880601652698455,0.346,0.4754984310985663
KAU074,104.18030948121277,228.34,PGV,2.254909092853349,0.5885448120298675,0.346,0.4760976746081335
KAU075,115.35762848826717,196.3,PGV,2.248123426325577,0.5917908628395658,0.346,0.4801045983329027
KAU077,80.96445465556717,665.2,PGV,1.7299355008055193,0.6514752489542485,0.346,0.552
KAU078,87.22190963332963,531.85,PGV,1.8320524624513495,0.6514752489542485,0.346,0.552
KAU081,161.49112221532047,295.0,PGV,1.5679525948540496,0.6791566947907512,0.346,0.5844123681777257
KAU082,169.01260850918658,573.04,PGV,0.976305799058785,0.6865671206925216,0.346,0.5930079352049342
KAU083,109.69785905793941,202.14,PGV,2.28077798260361,0.5882803315356833,0.346,0.4757706889581718
KAU085,87.88866850577266,260.75,PGV,2.3407227882996517,0.6187826979034087,0.346,0.5130068491010827
KAU086,97.20452708079277,216.8,PGV,2.357509556973592,0.5852349955359812,0.346,0.47200000000000003
KAU087,112.30367162788814,276.11,PGV,2.0473161641452857,0.63689723738292,0.346,0.534716832525399
KAU088,109.55444596649576,227.46,PGV,2.2054078367193473,0.5906372354272362,0.346,0.47868188170551057
NCU,80.12485352707097,466.16,PGV,2.0252420873016916,0.6514752489542485,0.346,0.552
NSK,54.44362818084044,665.2,PGV,2.1294192457339123,0.6514752489542485,0.346,0.552
NST,37.69344643353157,491.08,PGV,2.7058789386976647,0.6514752489542485,0.346,0.552
NSY,13.266132208120403,599.64,PGV,3.399278517353506,0.6514752489542485,0.346,0.552
PNG,110.99680090093074,465.86,PGV,1.6697546268504455,0.6555343655429421,0.346,0.5567847918251608
SGL,92.0610507119136,295.66,PGV,2.2110294348926702,0.6480452416186666,0.346,0.5479476573401842
SSD,83.90579878637689,535.13,PGV,1.868506424811562,0.6514752489542485,0.346,0.552
STY,36.30659128926287,665.2,PGV,2.5038529610080302,0.6514752489542485,0.346,0.552
TAI1,77.88051206740859,160.67,PGV,2.7285113468466187,0.5852349955359812,0.346,0.47200000000000003
TAP,97.57479476913649,235.82,PGV,2.300626739182985,0.595819069913433,0.346,0.48506119621395033
TAP003,100.68408621704089,212.39,PGV,2.335578487235856,0.5852349955359812,0.346,0.47200000000000003
TAP005,104.72671936962091,179.84,PGV,2.400197542001408,0.5852349955359812,0.346,0.47200000000000003
TAP006,103.44244641268561,184.77,PGV,2.3955275813269132,0.5852349955359812,0.346,0.47200000000000003
TAP007,101.43266755568051,207.39,PGV,2.3431675131452563,0.5852349955359812,0.346,0.47200000000000003
TAP008,102.106935450927,194.14,PGV,2.377698431259489,0.5852349955359812,0.346,0.47200000000000003
TAP010,99.18240466204462,226.38,PGV,2.310272265658018,0.5866072344435417,0.346,0.4737003773499661
TAP012,99.38192577501383,207.99,PGV,2.3615238221342802,0.5852349955359812,0.346,0.47200000000000003
TAP013,100.10685750816579,205.11,PGV,2.363041507207929,0.5852349955359812,0.346,0.47200000000000003
TAP014,100.88062892041134,188.98,PGV,2.405973654782983,0.5852349955359812,0.346,0.47200000000000003
TAP017,97.06284759654471,217.83,PGV,2.3559917375495636,0.5852349955359812,0.346,0.47200000000000003
TAP020,98.24321010771999,218.5,PGV,2.342128118936597,0.5852349955359812,0.346,0.47200000000000003
TAP021,98.78987370675111,167.18,PGV,2.4993142266647608,0.5852349955359812,0.346,0.47200000000000003
TAP024,94.16513508407085,194.98,PGV,2.452885779973486,0.5852349955359812,0.346,0.47200000000000003
TAP026,95.11515375612561,194.28,PGV,2.445529573860935,0.5852349955359812,0.346,0.47200000000000003
TAP028,93.9908923717751,287.94,PGV,2.207554649586401,0.6418361474001907,0.346,0.5405900851010119
TAP032,92.43134740325831,308.88,PGV,2.1769444924278036,0.6514752489542485,0.346,0.552
TAP034,89.83433004146535,538.69,PGV,1.7900295546362415,0.6514752489542485,0.346,0.552
TAP035,86.90121805752756,438.13,PGV,1.9875524193976273,0.6514752489542485,0.346,0.552
TAP036,85.37932726460579,671.52,PGV,1.665611185175221,0.6514752489542485,0.346,0.552
TAP041,110.1973331135058,363.56,PGV,1.8691894896735688,0.6550055154944968,0.346,0.5561620495217302
TAP042,104.9552728107,375.85,PGV,1.8987698282448617,0.6514752489542485,0.346,0.552
TAP043,89.4118520729743,388.16,PGV,2.0484434693797717,0.6514752489542485,0.346,0.552
TAP046,115.78653715062438,816.9,PGV,1.1598114925154446,0.658628430696229,0.346,0.5604243122147515
TAP047,83.57706282792414,403.2,PGV,2.0910955039232646,0.6514752489542485,0.346,0.552
TAP049,106.91325241516951,573.04,PGV,1.546365411839112,0.6527938653030839,0.346,0.5535556255493579
TAP051,101.9565712601721,403.17,PGV,1.8779034379709298,0.6514752489542485,0.346,0.552
TAP052,98.45159727452007,433.88,PGV,1.8602710407163057,0.6514752489542485,0.346,0.552
TAP053,89.58804931467594,538.69,PGV,1.793000302921132,0.6514752489542485,0.346,0.552
TAP059,116.80550462432304,456.18,PGV,1.627230842603502,0.659270829146949,0.346,0.5611791391027517
TAP060,118.66399781657233,631.27,PGV,1.3453794573769602,0.6604287976904967,0.346,0.5625390624826999
TAP065,119.99410946299658,1023.45,PGV,0.9280593281612419,0.6612469304833485,0.346,0.5634993372433106
TAP066,113.4447433714641,662.78,PGV,1.3581929208551546,0.6571313100879891,0.346,0.5586640839520265
TAP067,94.52727846597533,807.68,PGV,1.4010950244106442,0.6514752489542485,0.346,0.552
TAP069,121.00337555659135,671.52,PGV,1.270973952915859,0.6618619382768438,0.346,0.5642209011899334
TAP072,98.93978998677024,671.52,PGV,1.5040257526704262,0.6514752489542485,0.346,0.552
TAP075,106.57618482473356,856.38,PGV,1.2166818868619051,0.6525632037073308,0.346,0.553283593496839
TAP077,116.41922097699462,1022.77,PGV,0.9645790995689472,0.6590279342031334,0.346,0.5608937671788211
TAP078,117.39734495900295,671.52,PGV,1.3070088547164478,0.6596414897757479,0.346,0.5616145431108137
TAP079,116.753401395702,631.27,PGV,1.364611747481917,0.6592381115885992,0.346,0.56114070229391
TAP081,121.29971223615415,671.52,PGV,1.2680439270968114,0.6620415810338197,0.346,0.5644316212064662
TAP083,120.4030055039095,435.22,PGV,1.6287416465217903,0.6614966910292397,0.346,0.5637924017248134
TAP084,121.36524046357977,224.22,PGV,2.1058921955502528,0.5953445016256009,0.346,0.4844781477175572
TAP086,91.22887499302155,887.68,PGV,1.3608576150263305,0.6514752489542485,0.346,0.552
TAP087,101.35539844310355,573.04,PGV,1.6069547835400069,0.6514752489542485,0.346,0.552
TAP090,102.87317683111068,324.38,PGV,2.0288723806317615,0.6514752489542485,0.346,0.552
TAP094,107.25914541313247,416.34,PGV,1.7966148462028722,0.6530298444464321,0.346,0.5538338900227497
TAP095,107.12641066652922,206.24,PGV,2.291998820682352,0.5866289056509264,0.346,0.4737272136422009
TAP097,96.51825643410405,237.23,PGV,2.30775134578898,0.597169438413225,0.346,0.48671895193711795
TAP098,105.37088822706724,538.69,PGV,1.6130900603657357,0.6517326508964006,0.346,0.5523037644670273
TAP100,97.58816975352646,236.32,PGV,2.299132940816393,0.5962986680932417,0.346,0.4856501843608978
TAP103,113.41800752596221,429.49,PGV,1.708798566699541,0.6571140474863854,0.346,0.558643778631732
TAW,121.70169460957298,481.92,PGV,1.535093460689033,0.6622845964020947,0.346,0.5647166427789122
TCU,5.925686184729008,472.81,PGV,4.0390576251106225,0.6514752489542485,0.346,0.552
TCU003,85.87715173895934,517.33,PGV,1.8707012843790423,0.6514752489542485,0.346,0.552
TCU006,72.13607981372333,607.4,PGV,1.9242305372612898,0.6514752489542485,0.346,0.552
TCU007,88.25765016718297,463.88,PGV,1.927090407888304,0.6514752489542485,0.346,0.552
TCU008,84.7584785592634,441.58,PGV,2.007941953537229,0.6514752489542485,0.346,0.552
TCU009,81.06016716272919,460.1,PGV,2.0232235580174374,0.6514752489542485,0.346,0.552
TCU010,81.66395774542653,446.15,PGV,2.0390592835880534,0.6514752489542485,0.346,0.552
TCU011,75.01788257873356,471.07,PGV,2.0851138786302092,0.6514752489542485,0.346,0.552
TCU014,93.13780925514129,496.47,PGV,1.8157693803562733,0.6514752489542485,0.346,0.552
TCU015,49.226738245658176,426.0,PGV,2.5676320286426844,0.6514752489542485,0.346,0.552
TCU017,53.6114321384972,558.76,PGV,2.283963955015375,0.6514752489542485,0.346,0.552
TCU018,65.56957606032032,573.04,PGV,2.0675614103999553,0.6514752489542485,0.346,0.552
TCU025,54.234234021714876,665.2,PGV,2.1331231801861743,0.6514752489542485,0.346,0.552
TCU026,55.62700868478751,569.98,PGV,2.232927789493187,0.6514752489542485,0.346,0.552
TCU029,27.888704202439943,406.53,PGV,3.093038161567114,0.6514752489542485,0.346,0.552
TCU031,30.150489096699733,489.22,PGV,2.902169704916006,0.6514752489542485,0.346,0.552
TCU033,40.407957354293515,423.4,PGV,2.7499027923266164,0.6514752489542485,0.346,0.552
TCU034,35.21032855799544,393.77,PGV,2.9178530658004274,0.6514752489542485,0.346,0.552
TCU036,19.69497692844362,478.07,PGV,3.2660412241715893,0.6514752489542485,0.346,0.552
TCU038,25.337701564906876,297.86,PGV,3.3371525770233825,0.6497893057420978,0.346,0.550009219792539
TCU039,19.70361874696014,540.66,PGV,3.1782767914024026,0.6514752489542485,0.346,0.552
TCU040,22.119793842654797,362.03,PGV,3.3462447191327707,0.6514752489542485,0.346,0.552
TCU042,25.981864142619745,578.98,PGV,2.902005249067986,0.6514752489542485,0.346,0.552
TCU045,25.36660567229542,704.64,PGV,2.7666630866264876,0.6514752489542485,0.346,0.552
TCU046,16.246784143589178,465.55,PGV,3.430973236560727,0.6514752489542485,0.346,0.552
TCU047,34.3572926348812,520.37,PGV,2.744312364914966,0.6514752489542485,0.346,0.552
TCU048,14.285234596515949,551.21,PGV,3.4085471141816335,0.6514752489542485,0.346,0.552
TCU049,4.526216687379779,487.27,PGV,4.124852391676801,0.6514752489542485,0.346,0.552
TCU050,10.250155362613157,542.41,PGV,3.648544247258586,0.6514752489542485,0.346,0.552
TCU051,8.397313881220667,350.06,PGV,4.016183361510123,0.6514752489542485,0.346,0.552
TCU052,0.0,579.1,PGV,4.22758777401313,0.6514752489542485,0.346,0.552
TCU053,6.715593029398085,454.55,PGV,4.004407730000661,0.6514752489542485,0.346,0.552
TCU054,6.044907731784745,460.69,PGV,4.045741726968766,0.6514752489542485,0.346,0.552
TCU055,7.10204372503239,359.13,PGV,4.093175877872036,0.6514752489542485,0.346,0.552
TCU056,11.23595041250864,403.2,PGV,3.77556508582344,0.6514752489542485,0.346,0.552
TCU057,12.582859253355823,555.23,PGV,3.493901058986973,0.6514752489542485,0.346,0.552
TCU059,17.768696653120717,272.67,PGV,3.6286681284343874,0.6291266511738111,0.346,0.5254372876159191
TCU060,9.270501399529332,375.42,PGV,3.930273262684308,0.6514752489542485,0.346,0.552
TCU061,17.663329909143975,379.64,PGV,3.4912994978788197,0.6514752489542485,0.346,0.552
TCU063,10.251512284681757,476.14,PGV,3.7366287080464216,0.6514752489542485,0.346,0.552
TCU064,17.05105449248675,645.72,PGV,3.155626717449993,0.6514752489542485,0.346,0.552
TCU065,1.288045085418703,305.85,PGV,4.494173235122281,0.6514752489542485,0.346,0.552
TCU067,1.288712791017711,433.63,PGV,4.3818276415167805,0.6514752489542485,0.346,0.552
TCU068,0.0,487.34,PGV,4.340206850241978,0.6514752489542485,0.346,0.552
TCU070,19.75113627608807,401.26,PGV,3.3755677854315556,0.6514752489542485,0.346,0.552
TCU071,0.0,624.85,PGV,4.1725623954156665,0.6514752489542485,0.346,0.552
TCU072,0.0,468.14,PGV,4.3634318961951335,0.6514752489542485,0.346,0.552
TCU074,0.0,549.43,PGV,4.263908792938648,0.6514752489542485,0.346,0.552
TCU075,1.6063613522010625,573.02,PGV,4.200090626420931,0.6514752489542485,0.346,0.552
TCU076,3.5054162229935133,614.98,PGV,4.039293156551434,0.6514752489542485,0.346,0.552
TCU078,0.0,443.04,PGV,4.393100358853195,0.6514752489542485,0.346,0.552
TCU079,0.0,363.99,PGV,4.475585765556656,0.6514752489542485,0.346,0.552
TCU081,54.870046821119146,430.47,PGV,2.4591504709206045,0.6514752489542485,0.346,0.552
TCU082,5.925686184729008,472.81,PGV,4.0390576251106225,0.6514752489542485,0.346,0.552
TCU083,79.97899565103198,354.63,PGV,2.229182019523088,0.6514752489542485,0.346,0.552
TCU084,0.0,665.2,PGV,4.125415544549131,0.6514752489542485,0.346,0.552
TCU085,54.44362818084044,999.66,PGV,1.7897751693083477,0.6514752489542485,0.346,0.552
TCU087,7.054896464891636,538.69,PGV,3.8706606879452363,0.6514752489542485,0.346,0.552
TCU088,3.997697831489502,665.2,PGV,3.9447472975536537,0.6514752489542485,0.346,0.552
TCU089,0.0,671.52,PGV,4.118165984943329,0.6514752489542485,0.346,0.552
TCU092,88.45294085502088,422.28,PGV,1.9967924688108958,0.6514752489542485,0.346,0.552
TCU094,53.92101623044264,589.85,PGV,2.23558776905841,0.6514752489542485,0.346,0.552
TCU095,44.56466924675996,446.63,PGV,2.6248119384494055,0.6514752489542485,0.346,0.552
TCU096,53.85469792017198,454.58,PGV,2.4370720302976694,0.6514752489542485,0.346,0.552
TCU098,47.1372515839405,346.56,PGV,2.7444266319102866,0.6514752489542485,0.346,0.552
TCU100,12.131987127300425,535.13,PGV,3.545762464706849,0.6514752489542485,0.346,0.552
TCU101,2.7227148767639835,389.41,PGV,4.363086738682171,0.6514752489542485,0.346,0.552
TCU102,1.9561078435847996,714.27,PGV,4.0189369424217345,0.6514752489542485,0.346,0.552
TCU103,6.53081647788816,494.1,PGV,3.966774120059782,0.6514752489542485,0.346,0.552
TCU104,13.594790434615204,410.45,PGV,3.637095059777465,0.6514752489542485,0.346,0.552
TCU105,17.906371449005963,575.54,PGV,3.2064988867396185,0.6514752489542485,0.346,0.552
TCU106,15.667606274650094,451.37,PGV,3.4779052228122085,0.6514752489542485,0.346,0.552
TCU107,16.69303155356926,409.0,PGV,3.491282865250895,0.6514752489542485,0.346,0.552
TCU109,13.733866280340548,535.13,PGV,3.458434615572316,0.6514752489542485,0.346,0.552
TCU110,12.33231611318905,212.72,PGV,3.9044384940994488,0.5852349955359812,0.346,0.47200000000000003
TCU111,22.748356973666922,237.53,PGV,3.4978371143317384,0.5974559140326104,0.346,0.48707039451453216
TCU112,28.176599312968115,190.54,PGV,3.4081312187538026,0.5852349955359812,0.346,0.47200000000000003
TCU113,31.861769932340707,230.3,PGV,3.265607303131365,0.5904691607740935,0.346,0.4784744818955994
TCU115,22.514549191288978,215.34,PGV,3.5299367335121845,0.5852349955359812,0.346,0.47200000000000003
TCU116,13.140173923202289,493.09,PGV,3.546803978290383,0.6514752489542485,0.346,0.552
TCU117,26.01588554922865,198.58,PGV,3.451714039686858,0.5852349955359812,0.346,0.47200000000000003
TCU118,27.518780758804855,236.19,PGV,3.3642289960960845,0.596174051400564,0.346,0.48549716741023563
TCU119,38.703481646934264,221.7,PGV,3.133961337037977,0.5852349955359812,0.346,0.47200000000000003
TCU120,8.108276773791475,459.34,PGV,3.89945350949159,0.6514752489542485,0.346,0.552
TCU122,10.095651275407166,475.46,PGV,3.7472657331569654,0.6514752489542485,0.346,0.552
TCU123,15.613652840248543,270.22,PGV,3.7189363748526296,0.6270319008073539,0.346,0.5229273416356075
TCU128,13.266132208120403,599.64,PGV,3.399278517353506,0.6514752489542485,0.346,0.552
TCU129,2.5928427595425005,511.18,PGV,4.226468015617349,0.6514752489542485,0.346,0.552
TCU136,8.865586783874127,462.1,PGV,3.844530340934193,0.6514752489542485,0.346,0.552
TCU138,10.622750936043827,652.85,PGV,3.486759679227387,0.6514752489542485,0.346,0.552
TCU140,33.69322383417364,223.6,PGV,3.2347167800207863,0.5852349955359812,0.346,0.47200000000000003
TCU141,24.94025634288036,223.04,PGV,3.4512642072273993,0.5852349955359812,0.346,0.47200000000000003
TCU145,36.03324541347518,240.43,PGV,3.156517048967724,0.6002101858201121,0.346,0.4904449685359342
TCU147,71.69733969170538,537.92,PGV,2.0277734508597707,0.6514752489542485,0.346,0.552
TTN,80.89836518095754,298.72,PGV,2.3346560328677115,0.6504680783412876,0.346,0.550810966612873
TTN001,52.32871415831085,484.6,PGV,2.416586724745994,0.6514752489542485,0.346,0.552
TTN002,65.48374155510382,667.36,PGV,1.9455885327199864,0.6514752489542485,0.346,0.552
TTN003,93.04588279899522,506.64,PGV,1.800778184715583,0.6514752489542485,0.346,0.552
TTN004,63.800897195982024,463.59,PGV,2.25949130384672,0.6514752489542485,0.346,0.552
TTN005,80.42174430564141,407.59,PGV,2.1229254408640226,0.6514752489542485,0.346,0.552
TTN006,78.75895289383541,283.21,PGV,2.3955594644705864,0.6379615132811215,0.346,0.5359840412063951
TTN007,79.64699872902655,282.7,PGV,2.3857922002314744,0.637540469056442,0.346,0.5354828192245836
TTN008,80.39083510685596,292.61,PGV,2.354413859642097,0.6456088850214935,0.346,0.545064062674009
TTN009,81.38728178307964,313.96,PGV,2.295512623234199,0.6514752489542485,0.346,0.552
TTN010,81.51829704872269,311.34,PGV,2.2995391976247666,0.6514752489542485,0.346,0.552
TTN012,79.21152525532221,288.3,PGV,2.3785361939720038,0.6421288258746378,0.346,0.5409375463204056
TTN013,78.8943211567126,297.76,PGV,2.3615071484220365,0.6497102697567874,0.346,0.5499158432227947
TTN014,59.860496924556905,533.97,PGV,2.2132653147503367,0.6514752489542485,0.346,0.552
TTN015,80.89836518095754,487.91,PGV,1.9798617854984575,0.6514752489542485,0.346,0.552
TTN016,121.70169460957298,826.15,PGV,1.0910214264572733,0.6622845964020947,0.346,0.5647166427789122
TTN018,71.80853811897417,573.04,PGV,1.9758055842006077,0.6514752489542485,0.346,0.552
TTN020,46.28877454659275,453.71,PGV,2.5789666682827157,0.6514752489542485,0.346,0.552
TTN022,49.185819921013895,398.81,PGV,2.6142781512973743,0.6514752489542485,0.346,0.552
TTN023,50.33727239662484,527.54,PGV,2.3883883068565894,0.6514752489542485,0.346,0.552
TTN024,56.57309029774128,671.52,PGV,2.084661915587217,0.6514752489542485,0.346,0.552
TTN025,62.74114520985054,704.96,PGV,1.9432968781018256,0.6514752489542485,0.346,0.552
TTN026,67.49118772791799,573.04,PGV,2.0386215554424734,0.6514752489542485,0.346,0.552
TTN027,73.52976366515371,428.95,PGV,2.1763950887271704,0.6514752489542485,0.346,0.552
TTN028,76.01025211793088,616.17,PGV,1.858671813093931,0.6514752489542485,0.346,0.552
TTN031,51.99314115375424,510.62,PGV,2.3829747213293846,0.6514752489542485,0.346,0.552
TTN032,53.710344896261404,734.26,PGV,2.0615025645805667,0.6514752489542485,0.346,0.552
TTN033,55.55183906772911,670.8,PGV,2.1031666247862146,0.6514752489542485,0.346,0.552
TTN036,77.42687254231797,538.69,PGV,1.9475907719574452,0.6514752489542485,0.346,0.552
TTN040,43.69119446366562,728.01,PGV,2.262723494607951,0.6514752489542485,0.346,0.552
TTN041,40.552465197967734,418.24,PGV,2.7551413421697024,0.6514752489542485,0.346,0.552
TTN042,61.854091343505935,845.34,PGV,1.8059695104806752,0.6514752489542485,0.346,0.552
TTN044,55.35974910869786,419.63,PGV,2.46906585514957,0.6514752489542485,0.346,0.552
TTN045,57.72674042183177,539.98,PGV,2.239756233311311,0.6514752489542485,0.346,0.552
TTN046,62.61498206065394,528.12,PGV,2.17781131206972,0.6514752489542485,0.346,0.552
TTN047,71.2651253374662,573.04,PGV,1.9835531138111377,0.6514752489542485,0.346,0.552
TTN048,77.23093425350275,373.54,PGV,2.227708857063247,0.6514752489542485,0.346,0.552
TTN050,87.16780012668326,573.04,PGV,1.7727980548581437,0.6514752489542485,0.346,0.552
TTN051,30.788780146750934,665.2,PGV,2.6484136476331663,0.6514752489542485,0.346,0.552
WGK,10.377089824587822,258.89,PGV,3.98037836104546,0.6171332440926309,0.346,0.5110160867959979
WNT,2.5928427595425005,511.18,PGV,4.226468015617349,0.6514752489542485,0.346,0.552
WTC,43.046970143373564,207.69,PGV,3.078675016801369,0.5852349955359812,0.346,0.47200000000000003
ALS,1.4161941004474747,553.43,SA(0.02),-0.6137232826717276,0.6096884450274582,0.346,0.502
CHK,59.860496924556905,424.57,SA(0.02),-2.3191349942752004,0.6096884450274582,0.346,0.502
CHY002,25.501325041113866,235.13,SA(0.02),-1.5254676223927,0.5889450685360437,0.346,0.4765923769353903
CHY004,48.07893833473184,271.3,SA(0.02),-1.9780240582812685,0.6010837937285276,0.346,0.49151370996451266
CHY006,10.584628168218677,438.19,SA(0.02),-1.0797036102702524,0.6096884450274582,0.346,0.502
CHY008,41.23915234428305,210.73,SA(0.02),-1.8247727030951406,0.5852349955359812,0.346,0.472
CHY010,20.625677664506007,538.69,SA(0.02),-1.5473992242814636,0.6096884450274582,0.346,0.502
CHY012,59.82694761124689,198.4,SA(0.02),-2.096784328418659,0.5852349955359812,0.346,0.472
CHY014,33.88066065244789,347.63,SA(0.02),-1.7600758164813883,0.6096884450274582,0.346,0.502
CHY015,38.846134725395174,228.66,SA(0.02),-1.7911000143134057,0.5865929338942323,0.346,0.47368266813832566
CHY016,67.39311492490651,200.86,SA(0.02),-2.2020545777900575,0.5852349955359812,0.346,0.472
CHY017,59.79653364012802,190.57,SA(0.02),-2.088870133751195,0.5852349955359812,0.346,0.472
CHY019,52.664018987304125,497.53,SA(0.02),-2.263015578887741,0.6096884450274582,0.346,0.502
CHY022,65.23494253909143,564.07,SA(0.02),-2.5393199556368167,0.6096884450274582,0.346,0.502
CHY023,82.48037770558093,279.78,SA(0.02),-2.500097222638476,0.6037111689736101,0.346,0.4947233323216956
CHY024,10.382141776489679,427.73,SA(0.02),-1.0645412813790236,0.6096884450274582,0.346,0.502
CHY025,19.821814137857874,277.5,SA(0.02),-1.3791706694038814,0.6030121124968841,0.346,0.49387003130171286
CHY026,30.117763879363363,226.01,SA(0.02),-1.624737110709603,0.5856117523733785,0.346,0.47246706183375287
CHY027,42.57072697901259,210.01,SA(0.02),-1.8464904490969376,0.5852349955359812,0.346,0.472
CHY028,3.8142382458599347,542.61,SA(0.02),-0.7378617121863786,0.6096884450274582,0.346,0.502
CHY029,11.753982902131465,544.74,SA(0.02),-1.2032003860702192,0.6096884450274582,0.346,0.502
CHY032,36.20970428039942,192.71,SA(0.02),-1.734526843544057,0.5852349955359812,0.346,0.472
CHY033,44.61021757313737,197.63,SA(0.02),-1.873157444334247,0.5852349955359812,0.346,0.472
CHY034,15.55529098089055,378.75,SA(0.02),-1.2639886994753695,0.6096884450274582,0.346,0.502
CHY035,13.30281463096492,573.04,SA(0.02),-1.2946402555793686,0.6096884450274582,0.346,0.502
CHY036,16.834009871697,233.14,SA(0.02),-1.303171961929693,0.588228049749919,0.346,0.4757060421232772
CHY039,32.68412498523498,201.21,SA(0.02),-1.672902904358673,0.5852349955359812,0.346,0.472
CHY041,20.07183164813607,492.26,SA(0.02),-1.4940823163298205,0.6096884450274582,0.346,0.502
CHY042,28.16777357328532,665.2,SA(0.02),-1.8695217060424931,0.6096884450274582,0.346,0.502
CHY044,55.933003322544856,194.47,SA(0.02),-2.0387896984417875,0.5852349955359812,0.346,0.472
CHY046,24.876384312874173,442.15,SA(0.02),-1.6039009994278917,0.6096884450274582,0.346,0.502
CHY047,24.927795876688105,169.52,SA(0.02),-1.5363529197804002,0.5852349955359812,0.346,0.472
CHY050,45.48094043081733,538.93,SA(0.02),-2.1638282879809188,0.6096884450274582,0.346,0.502
CHY052,40.52523944488567,573.04,SA(0.02),-2.0911029531473457,0.6096884450274582,0.346,0.502
CHY054,49.228155688795745,172.1,SA(0.02),-1.9274953827262564,0.5852349955359812,0.346,0.472
CHY055,55.04100932988003,225.77,SA(0.02),-2.0523488960829885,0.5855223669488633,0.346,0.4723562661777647
CHY057,58.30189007907089,411.46,SA(0.02),-2.2802293776091997,0.6096884450274582,0.346,0.502
CHY058,60.47926509005612,269.28,SA(0.02),-2.174752661243402,0.6004466780921455,0.346,0.490734361168945
CHY059,74.0105222831666,191.09,SA(0.02),-2.276212611215048,0.5852349955359812,0.346,0.472
CHY060,69.53930995385498,228.92,SA(0.02),-2.262870056379215,0.5866886344318128,0.346,0.4738011753588896
CHY061,59.2181211902229,538.69,SA(0.02),-2.415851193064287,0.6096884450274582,0.346,0.502
CHY062,59.70708366780761,602.63,SA(0.02),-2.480252858503626,0.6096884450274582,0.346,0.502
CHY063,73.64708029924377,246.88,SA(0.02),-2.3399867704967487,0.5930676763328252,0.346,0.4816775567854669
CHY065,84.65037829276163,250.0,SA(0.02),-2.490811908567614,0.5941318192000608,0.346,0.4829871826311477
CHY066,90.36922111828896,211.97,SA(0.02),-2.5099373282906163,0.5852349955359812,0.346,0.472
CHY067,84.21459469490114,227.97,SA(0.02),-2.4556606445213722,0.5863384713826632,0.346,0.4733675136966605
CHY069,86.69064381036402,224.42,SA(0.02),-2.482207700648343,0.5852349955359812,0.346,0.472
CHY070,84.43554371983527,265.45,SA(0.02),-2.50809970471315,0.599226390689061,0.346,0.4892405004680614
CHY071,79.42270364079795,202.95,SA(0.02),-2.3605721536543482,0.5852349955359812,0.346,0.472
CHY074,1.4161941004474747,553.43,SA(0.02),-0.6137232826717276,0.6096884450274582,0.346,0.502
CHY076,42.877573217177414,169.84,SA(0.02),-1.8347187122454516,0.5852349955359812,0.346,0.472
CHY078,77.88051206740859,160.67,SA(0.02),-2.280887626863118,0.5852349955359812,0.346,0.472
CHY079,50.02855021100604,573.04,SA(0.02),-2.2811079644235908,0.6096884450274582,0.346,0.502
CHY080,0.8203047792534108,496.21,SA(0.02),-0.5656803728141002,0.6096884450274582,0.346,0.502
CHY081,43.161132192340126,573.04,SA(0.02),-2.146205896793966,0.6096884450274582,0.346,0.502
CHY082,36.690687042494744,193.69,SA(0.02),-1.7428810800423138,0.5852349955359812,0.346,0.472
CHY086,28.265165300477857,665.2,SA(0.02),-1.8721553637505275,0.6096884450274582,0.346,0.502
CHY087,29.477616972892374,505.2,SA(0.02),-1.7772584111032155,0.6096884450274582,0.346,0.502
CHY088,38.16580800828477,318.52,SA(0.02),-1.8299619969598577,0.6096884450274582,0.346,0.502
CHY090,59.17740188206011,180.33,SA(0.02),-2.0706953559174046,0.5852349955359812,0.346,0.472
CHY092,23.43718943402428,253.72,SA(0.02),-1.4757147624794071,0.59538463489904,0.346,0.48452746410689995
CHY093,50.52955404993735,190.49,SA(0.02),-1.9582334133330224,0.5852349955359812,0.346,0.472
CHY094,37.568596955239634,221.92,SA(0.02),-1.7656903840067013,0.5852349955359812,0.346,0.472
CHY096,83.07046778565815,293.61,SA(0.02),-2.5251847597436536,0.6078411477771379,0.346,0.4997548008083849
CHY099,65.94429160338161,228.84,SA(0.02),-2.213019636590673,0.5866591988075298,0.346,0.4737647259405166
CHY100,54.13764361475702,230.11,SA(0.02),-2.042358201829572,0.5871253713336776,0.346,0.474341861597423
CHY101,10.377089824587822,258.89,SA(0.02),-1.062885447366771,0.5970977824772241,0.346,0.48663103254849915
CHY102,36.74554656205193,804.36,SA(0.02),-2.1847981679666404,0.6096884450274582,0.346,0.502
CHY104,18.6621650225021,223.24,SA(0.02),-1.3599508873787811,0.5852349955359812,0.346,0.472
CHY107,51.35844504410688,175.68,SA(0.02),-1.9597880441891835,0.5852349955359812,0.346,0.472
CHY109,43.43968322952119,573.04,SA(0.02),-2.151910773178363,0.6096884450274582,0.346,0.502
CHY110,43.43968322952119,573.04,SA(0.02),-2.151910773178363,0.6096884450274582,0.346,0.502
CHY116,82.01615041444819,195.38,SA(0.02),-2.382437161419932,0.5852349955359812,0.346,0.472
ENA,62.873379868223246,665.2,SA(0.02),-2.585662644135589,0.6096884450274582,0.346,0.502
ESL,39.13327017283541,493.29,SA(0.02),-1.9934512168820293,0.6096884450274582,0.346,0.502
HEN,161.91718007019477,204.23,SA(0.02),-3.305218547559663,0.6162399039517344,0.346,0.5099368776843296
HSN,54.870046821119146,321.49,SA(0.02),-2.1357560418617405,0.6096884450274582,0.346,0.502
HWA,51.21900426141601,260.38,SA(0.02),-2.0214294318599237,0.5975856215813026,0.346,0.4872294891739536
HWA002,52.86279146401041,789.18,SA(0.02),-2.5031720836390994,0.6096884450274582,0.346,0.502
HWA003,51.681142290885134,1525.85,SA(0.02),-2.8499022181023537,0.6096884450274582,0.346,0.502
HWA005,44.28231958384142,459.32,SA(0.02),-2.0698622744103785,0.6096884450274582,0.346,0.502
HWA006,45.003181958498374,559.11,SA(0.02),-2.1716936888064042,0.6096884450274582,0.346,0.502
HWA007,51.95325392386305,358.72,SA(0.02),-2.120899943495792,0.6096884450274582,0.346,0.502
HWA009,51.693536462196626,373.23,SA(0.02),-2.129855659606636,0.6096884450274582,0.346,0.502
HWA011,48.624839989886404,355.76,SA(0.02),-2.059125943010763,0.6096884450274582,0.346,0.502
HWA012,52.325257559135075,414.42,SA(0.02),-2.1796864147493173,0.6096884450274582,0.346,0.502
HWA013,49.86104964362179,330.55,SA(0.02),-2.0586150987822247,0.6096884450274582,0.346,0.502
HWA014,50.84490694090048,277.28,SA(0.02),-2.0292922422578847,0.6029443772024831,0.346,0.49378732466527553
HWA015,46.42594132137962,453.05,SA(0.02),-2.1060927922467645,0.6096884450274582,0.346,0.502
HWA016,47.585145300823704,576.55,SA(0.02),-2.2373907167229765,0.6096884450274582,0.346,0.502
HWA017,46.470164794363036,578.11,SA(0.02),-2.2169382056693716,0.6096884450274582,0.346,0.502
HWA019,51.21900426141601,494.82,SA(0.02),-2.234163005173399,0.6096884450274582,0.346,0.502
HWA020,39.13327017283541,626.43,SA(0.02),-2.104757312938994,0.6096884450274582,0.346,0.502
HWA022,57.87400521195273,567.64,SA(0.02),-2.4183617723642854,0.6096884450274582,0.346,0.502
HWA023,46.40755022060307,671.52,SA(0.02),-2.291722905609414,0.6096884450274582,0.346,0.502
HWA024,37.730568431531545,671.52,SA(0.02),-2.109101732443739,0.6096884450274582,0.346,0.502
HWA025,49.13348906562234,494.32,SA(0.02),-2.19490820737859,0.6096884450274582,0.346,0.502
HWA026,47.22466473181171,457.49,SA(0.02),-2.1254149739281996,0.6096884450274582,0.346,0.502
HWA027,46.98782360511372,437.8,SA(0.02),-2.1030511285388913,0.6096884450274582,0.346,0.502
HWA028,49.35236603416438,406.7,SA(0.02),-2.118789908078665,0.6096884450274582,0.346,0.502
HWA029,49.89682984159387,614.05,SA(0.02),-2.3131552022167967,0.6096884450274582,0.346,0.502
HWA030,41.84995449814051,592.18,SA(0.02),-2.1350040926065383,0.6096884450274582,0.346,0.502
HWA031,46.78495170006793,602.29,SA(0.02),-2.2433972300604843,0.6096884450274582,0.346,0.502
HWA032,42.76449413301876,573.04,SA(0.02),-2.13804485952028,0.6096884450274582,0.346,0.502
HWA033,49.52391460805984,395.57,SA(0.02),-2.1116735659938293,0.6096884450274582,0.346,0.502
HWA034,38.72259961355784,379.18,SA(0.02),-1.8878291031165637,0.6096884450274582,0.346,0.502
HWA035,43.48814803424615,677.49,SA(0.02),-2.2373794210493116,0.6096884450274582,0.346,0.502
HWA036,38.18727859247192,503.04,SA(0.02),-1.981319052188848,0.6096884450274582,0.346,0.502
HWA037,40.93079012119635,469.64,SA(0.02),-2.0109541604359835,0.6096884450274582,0.346,0.502
HWA038,36.825205396811654,642.73,SA(0.02),-2.066227768120147,0.6096884450274582,0.346,0.502
HWA039,40.700555517327686,459.67,SA(0.02),-1.997476296826893,0.6096884450274582,0.346,0.502
HWA041,43.12948213944211,484.97,SA(0.02),-2.0694931648521844,0.6096884450274582,0.346,0.502
HWA043,53.91152534737503,543.06,SA(0.02),-2.326533295627715,0.6096884450274582,0.346,0.502
HWA044,55.24919369711087,534.41,SA(0.02),-2.3427644353933856,0.6096884450274582,0.346,0.502
HWA045,59.28500884807053,484.45,SA(0.02),-2.366989239418158,0.6096884450274582,0.346,0.502
HWA046,47.0109436592865,617.52,SA(0.02),-2.2604019355195444,0.6096884450274582,0.346,0.502
HWA048,46.686257749108556,345.89,SA(0.02),-2.0151459172816977,0.6096884450274582,0.346,0.502
HWA049,46.005462055816764,508.61,SA(0.02),-2.1476124971896122,0.6096884450274582,0.346,0.502
HWA050,48.71376858358703,313.9,SA(0.02),-2.0239430388915753,0.6096884450274582,0.346,0.502
HWA051,48.90932890375484,440.5,SA(0.02),-2.141693781787931,0.6096884450274582,0.346,0.502
HWA053,35.85961696778292,843.24,SA(0.02),-2.191440544113624,0.6096884450274582,0.346,0.502
HWA054,37.40217869643352,452.83,SA(0.02),-1.9212742683768462,0.6096884450274582,0.346,0.502
HWA055,42.55353726386162,369.75,SA(0.02),-1.9572595233378802,0.6096884450274582,0.346,0.502
HWA056,35.11011081738172,511.3,SA(0.02),-1.9192862956209369,0.6096884450274582,0.346,0.502
HWA057,45.69143972650157,671.52,SA(0.02),-2.2774635794372724,0.6096884450274582,0.346,0.502
HWA058,40.62633470498356,529.54,SA(0.02),-2.0564266621265097,0.6096884450274582,0.346,0.502
HWA059,44.12500056155976,208.56,SA(0.02),-1.8710306229913656,0.5852349955359812,0.346,0.472
HWA060,53.13246936736276,573.04,SA(0.02),-2.3386329823147713,0.6096884450274582,0.346,0.502
HWA2,51.21900426141601,260.38,SA(0.02),-2.0214294318599237,0.5975856215813026,0.346,0.4872294891739536
ILA001,100.32579879811699,909.09,SA(0.02),-3.3212261273479036,0.6096884450274582,0.346,0.502
ILA002,94.59735635282492,219.78,SA(0.02),-2.5736231019488365,0.5852349955359812,0.346,0.472
ILA003,89.71025798681,263.82,SA(0.02),-2.574948803940557,0.5987020826977878,0.346,0.488598182381667
ILA004,85.68227612519946,124.27,SA(0.02),-2.3017404750782706,0.5852349955359812,0.346,0.472
ILA005,83.93724100214038,239.33,SA(0.02),-2.467399663925744,0.5904401377336608,0.346,0.4784386650835657
ILA006,81.73646560218842,279.41,SA(0.02),-2.4895878309024644,0.6035980868058602,0.346,0.4945853317635843
ILA007,80.69578779842172,496.27,SA(0.02),-2.7149279636968777,0.6096884450274582,0.346,0.502
ILA008,81.47670604637591,299.28,SA(0.02),-2.510334015645827,0.6094821436135669,0.346,0.501749422903294
ILA010,76.69526258688926,573.04,SA(0.02),-2.7275381791156166,0.6096884450274582,0.346,0.502
ILA012,84.97633852037546,259.21,SA(0.02),-2.507149974437559,0.5972027726215731,0.346,0.48675985005636435
ILA013,80.79219336584667,199.48,SA(0.02),-2.373009418922967,0.5852349955359812,0.346,0.472
ILA014,77.22854612692028,300.77,SA(0.02),-2.4531384690142812,0.6096884450274582,0.346,0.502
ILA015,82.13530668263718,782.59,SA(0.02),-2.977718408912802,0.6096884450274582,0.346,0.502
ILA016,79.00488080472547,271.1,SA(0.02),-2.4422930002158907,0.6010209100202046,0.346,0.4914368059898596
ILA021,73.37025333724408,573.04,SA(0.02),-2.6766488489606144,0.6096884450274582,0.346,0.502
ILA024,63.905677437896436,671.52,SA(0.02),-2.607966527824954,0.6096884450274582,0.346,0.502
ILA027,79.85541389401519,215.0,SA(0.02),-2.382316717733435,0.5852349955359812,0.346,0.472
ILA030,82.3256976649756,200.98,SA(0.02),-2.3942783045725635,0.5852349955359812,0.346,0.472
ILA031,79.91880061031861,649.25,SA(0.02),-2.8418068964150867,0.6096884450274582,0.346,0.502
ILA032,80.85387012515656,295.48,SA(0.02),-2.497189658179801,0.6083856001100209,0.346,0.5004168646450979
ILA035,90.36427205527093,293.01,SA(0.02),-2.6218893590810546,0.6076657719131943,0.346,0.4995414801143727
ILA036,86.82049562802443,181.0,SA(0.02),-2.4190597724669556,0.5852349955359812,0.346,0.472
ILA037,80.78973050748425,210.17,SA(0.02),-2.3877287425447182,0.5852349955359812,0.346,0.472
ILA039,82.8521449790845,227.18,SA(0.02),-2.4371207631830285,0.5860462556241208,0.346,0.4730055113114987
ILA041,84.73034922213995,196.88,SA(0.02),-2.4181095999861926,0.5852349955359812,0.346,0.472
ILA042,82.3771642362468,209.36,SA(0.02),-2.4066964347982918,0.5852349955359812,0.346,0.472
ILA043,73.59360548094307,573.04,SA(0.02),-2.680100638539158,0.6096884450274582,0.346,0.502
ILA044,77.06965074914221,158.13,SA(0.02),-2.2674018676873517,0.5852349955359812,0.346,0.472
ILA046,76.13596032679268,396.93,SA(0.02),-2.5452074329135024,0.6096884450274582,0.346,0.502
ILA048,85.75930654633606,199.59,SA(0.02),-2.4347698380244474,0.5852349955359812,0.346,0.472
ILA049,84.760058063251,190.0,SA(0.02),-2.408201101793017,0.5852349955359812,0.346,0.472
ILA050,62.873379868223246,621.06,SA(0.02),-2.549500233139295,0.6096884450274582,0.346,0.502
ILA051,75.56089930762045,520.64,SA(0.02),-2.661885509085921,0.6096884450274582,0.346,0.502
ILA052,81.78471706968831,612.47,SA(0.02),-2.838396164740001,0.6096884450274582,0.346,0.502
ILA054,113.35010901766988,677.3,SA(0.02),-3.3269949970136623,0.6098807582657465,0.346,0.5022335505547214
ILA055,87.12024211451396,266.77,SA(0.02),-2.54515283279724,0.5996487966499061,0.346,0.48975777617479493
ILA056,88.90801796032743,223.71,SA(0.02),-2.509069045509381,0.5852349955359812,0.346,0.472
ILA059,83.0273848736504,236.84,SA(0.02),-2.4522931755405217,0.5895567327355535,0.346,0.4773480293389938
ILA061,75.00437617019124,497.73,SA(0.02),-2.631418782034403,0.6096884450274582,0.346,0.502
ILA062,69.48117755891323,447.51,SA(0.02),-2.496799854808068,0.6096884450274582,0.346,0.502
ILA063,56.835893761279905,996.51,SA(0.02),-2.7089864214472628,0.6096884450274582,0.346,0.502
ILA064,68.55136664578527,488.61,SA(0.02),-2.522652535652257,0.6096884450274582,0.346,0.502
ILA066,66.49258937947188,481.17,SA(0.02),-2.482697073124079,0.6096884450274582,0.346,0.502
ILA067,32.41826640052877,665.2,SA(0.02),-1.9793218838841689,0.6096884450274582,0.346,0.502
KAU001,43.56273242838097,573.04,SA(0.02),-2.154424017820029,0.6096884450274582,0.346,0.502
KAU003,114.10838110057877,913.77,SA(0.02),-3.506719101258114,0.6104613986219823,0.346,0.5029384845162546
KAU006,113.9931054858574,218.49,SA(0.02),-2.802390209786607,0.5859059147414704,0.346,0.4728316200605023
KAU007,106.54348341055326,290.86,SA(0.02),-2.8256024458021467,0.6070345804244891,0.346,0.4987734774736278
KAU008,107.63866034807238,285.94,SA(0.02),-2.8321865298248166,0.6055736603946287,0.346,0.49699442468074945
KAU010,98.9310789023779,215.36,SA(0.02),-2.6192657463079816,0.5852349955359812,0.346,0.472
KAU011,102.67230838982609,155.32,SA(0.02),-2.5533006926156605,0.5852349955359812,0.346,0.472
KAU012,85.00932588862896,516.18,SA(0.02),-2.7971056942556003,0.6096884450274582,0.346,0.502
KAU015,107.15014713693338,233.21,SA(0.02),-2.74646594791554,0.5882533673418365,0.346,0.4757373479021903
KAU018,77.3976499709515,538.69,SA(0.02),-2.7066444076145943,0.6096884450274582,0.346,0.502
KAU020,72.82165436342768,373.33,SA(0.02),-2.470626993277953,0.6096884450274582,0.346,0.502
KAU022,97.4169060097908,217.05,SA(0.02),-2.603687173199113,0.5852349955359812,0.346,0.472
KAU030,100.6366187600612,259.36,SA(0.02),-2.7070908454272735,0.5972519453493222,0.346,0.4868201785295571
KAU032,111.57284399475729,194.13,SA(0.02),-2.7304110238290082,0.5852349955359812,0.346,0.472
KAU033,119.83228347776871,182.93,SA(0.02),-2.801260220848339,0.5901765439253291,0.346,0.4781133265237919
KAU034,107.18385021081565,1010.4,SA(0.02),-3.473834202366623,0.6096884450274582,0.346,0.502
KAU037,135.3796060856888,283.21,SA(0.02),-3.1586460369495226,0.6204404319613427,0.346,0.5150051743549549
KAU038,142.14272144550424,667.59,SA(0.02),-3.6762881543922354,0.6297348281171171,0.346,0.526165329286998
KAU039,151.63665860072828,464.82,SA(0.02),-3.5911601255311045,0.6354576193910232,0.346,0.5330013002255308
KAU040,140.34113735741815,567.64,SA(0.02),-3.5653110664631074,0.6286084431125274,0.346,0.5248167058624903
KAU042,159.2060960059972,806.48,SA(0.02),-3.983714616905147,0.6397836713514269,0.346,0.5381516014357949
KAU043,171.22323673314898,538.49,SA(0.02),-3.8943806794548226,0.6462686339537387,0.346,0.5458453510220926
KAU044,120.45367346364368,221.24,SA(0.02),-2.8818689641062596,0.590619636970779,0.346,0.47866016710762016
KAU046,161.91718007019477,204.23,SA(0.02),-3.305218547559663,0.6162399039517344,0.346,0.5099368776843296
KAU047,53.8243490270436,573.04,SA(0.02),-2.3512016797423647,0.6096884450274582,0.346,0.502
KAU048,92.0610507119136,295.66,SA(0.02),-2.647587042662704,0.608437837629572,0.346,0.5004803715025691
KAU050,36.30659128926287,665.2,SA(0.02),-2.0718911620583538,0.6096884450274582,0.346,0.502
KAU051,123.98128979998971,1004.58,SA(0.02),-3.686768544556942,0.6177096829819151,0.346,0.5117120796401216
KAU052,168.15442260432175,573.04,SA(0.02),-3.893968532800846,0.6446544204359229,0.346,0.5439331960705981
KAU054,28.06783316360731,497.22,SA(0.02),-1.7339876542218273,0.6096884450274582,0.346,0.502
KAU057,113.18799613141104,535.13,SA(0.02),-3.197516380054544,0.6097561519698924,0.346,0.5020822291867444
KAU058,108.40705481784066,229.66,SA(0.02),-2.7556798418245627,0.5869604645141299,0.346,0.4741377298872587
KAU062,112.87287787990353,246.84,SA(0.02),-2.8365975529321075,0.5930539527569558,0.346,0.48166065946955805
KAU063,93.6060399190571,227.24,SA(0.02),-2.5726715414878236,0.5860684821189704,0.346,0.473033049303359
KAU064,101.90256344344134,244.84,SA(0.02),-2.701159684816639,0.5923651340811077,0.346,0.4808122836148519
KAU066,99.84476325858162,214.97,SA(0.02),-2.629608510989001,0.5852349955359812,0.346,0.472
KAU069,68.38649123490784,500.15,SA(0.02),-2.531117558712036,0.6096884450274582,0.346,0.502
KAU073,109.35172575598243,216.33,SA(0.02),-2.744509176420755,0.5852349955359812,0.346,0.472
KAU074,104.18030948121277,228.34,SA(0.02),-2.7030909727212276,0.5864750105817146,0.346,0.4735366279780501
KAU075,115.35762848826717,196.3,SA(0.02),-2.7775864199840776,0.5869216709508207,0.346,0.4740897044143686
KAU077,80.96445465556717,665.2,SA(0.02),-2.8704664819203605,0.6096884450274582,0.346,0.502
KAU078,87.22190963332963,531.85,SA(0.02),-2.843903758471351,0.6096884450274582,0.346,0.502
KAU081,161.49112221532047,295.0,SA(0.02),-3.4729230818192924,0.6395767845142158,0.346,0.537905626750217
KAU082,169.01260850918658,573.04,SA(0.02),-3.9036863774405957,0.6451086146230813,0.346,0.5444714176712229
KAU083,109.69785905793941,202.14,SA(0.02),-2.7236202443386524,0.5852349955359812,0.346,0.472
KAU085,87.88866850577266,260.75,SA(0.02),-2.5472267878489996,0.5977063611775241,0.346,0.487377568412906
KAU086,97.20452708079277,216.8,SA(0.02),-2.600724541826944,0.5852349955359812,0.346,0.472
KAU087,112.30367162788814,276.11,SA(0.02),-2.8749369483873974,0.6025833063410702,0.346,0.49334637029265355
KAU088,109.55444596649576,227.46,SA(0.02),-2.765652164338576,0.5861499329413361,0.346,0.47313395976946404
NCU,80.12485352707097,466.16,SA(0.02),-2.6763959433464772,0.6096884450274582,0.346,0.502
NSK,54.44362818084044,665.2,SA(0.02),-2.438825105067227,0.6096884450274582,0.346,0.502
NST,37.69344643353157,491.08,SA(0.02),-1.9602820490095392,0.6096884450274582,0.346,0.502
NSY,13.266132208120403,599.64,SA(0.02),-1.3123477540143134,0.6096884450274582,0.346,0.502
PNG,110.99680090093074,465.86,SA(0.02),-3.097847322313352,0.6096884450274582,0.346,0.502
SGL,92.0610507119136,295.66,SA(0.02),-2.647587042662704,0.608437837629572,0.346,0.5004803715025691
SSD,83.90579878637689,535.13,SA(0.02),-2.7993601385245097,0.6096884450274582,0.346,0.502
STY,36.30659128926287,665.2,SA(0.02),-2.0718911620583538,0.6096884450274582,0.346,0.502
TAI1,77.88051206740859,160.67,SA(0.02),-2.280887626863118,0.5852349955359812,0.346,0.472
TAP,97.57479476913649,235.82,SA(0.02),-2.634449904605315,0.589192373813539,0.346,0.4768979485802314
TAP003,100.68408621704089,212.39,SA(0.02),-2.635455689418614,0.5852349955359812,0.346,0.472
TAP005,104.72671936962091,179.84,SA(0.02),-2.62537529348498,0.5852349955359812,0.346,0.472
TAP006,103.44244641268561,184.77,SA(0.02),-2.6199150550567945,0.5852349955359812,0.346,0.472
TAP007,101.43266755568051,207.39,SA(0.02),-2.636090394119514,0.5852349955359812,0.346,0.472
TAP008,102.106935450927,194.14,SA(0.02),-2.6213205523193204,0.5852349955359812,0.346,0.472
TAP010,99.18240466204462,226.38,SA(0.02),-2.639680213064293,0.585749383412888,0.346,0.47263764150623727
TAP012,99.38192577501383,207.99,SA(0.02),-2.6127214687679587,0.5852349955359812,0.346,0.472
TAP013,100.10685750816579,205.11,SA(0.02),-2.6165761155721547,0.5852349955359812,0.346,0.472
TAP014,100.88062892041134,188.98,SA(0.02),-2.597943228291568,0.5852349955359812,0.346,0.472
TAP017,97.06284759654471,217.83,SA(0.02),-2.6006249336403835,0.5852349955359812,0.346,0.472
TAP020,98.24321010771999,218.5,SA(0.02),-2.615962006879564,0.5852349955359812,0.346,0.472
TAP021,98.78987370675111,167.18,SA(0.02),-2.5337976504562363,0.5852349955359812,0.346,0.472
TAP024,94.16513508407085,194.98,SA(0.02),-2.5292326371775564,0.5852349955359812,0.346,0.472
TAP026,95.11515375612561,194.28,SA(0.02),-2.53937073544313,0.5852349955359812,0.346,0.472
TAP028,93.9908923717751,287.94,SA(0.02),-2.662560690831208,0.6061703345339493,0.346,0.49772128191287945
TAP032,92.43134740325831,308.88,SA(0.02),-2.6694698534010026,0.6096884450274582,0.346,0.502
TAP034,89.83433004146535,538.69,SA(0.02),-2.8874520705937265,0.6096884450274582,0.346,0.502
TAP035,86.90121805752756,438.13,SA(0.02),-2.744521392744387,0.6096884450274582,0.346,0.502
TAP036,85.37932726460579,671.52,SA(0.02),-2.9404212008816613,0.6096884450274582,0.346,0.502
TAP041,110.1973331135058,363.56,SA(0.02),-2.9682526015810473,0.6096884450274582,0.346,0.502
TAP042,104.9552728107,375.85,SA(0.02),-2.9165629895465695,0.6096884450274582,0.346,0.502
TAP043,89.4118520729743,388.16,SA(0.02),-2.7243305711433825,0.6096884450274582,0.346,0.502
TAP046,115.78653715062438,816.9,SA(0.02),-3.4640436723894696,0.6117337435299217,0.346,0.5044820838970717
TAP047,83.57706282792414,403.2,SA(0.02),-2.659657565769505,0.6096884450274582,0.346,0.502
TAP049,106.91325241516951,573.04,SA(0.02),-3.152126185991583,0.6096884450274582,0.346,0.502
TAP051,101.9565712601721,403.17,SA(0.02),-2.910031226157302,0.6096884450274582,0.346,0.502
TAP052,98.45159727452007,433.88,SA(0.02),-2.8983534804488293,0.6096884450274582,0.346,0.502
TAP053,89.58804931467594,538.69,SA(0.02),-2.8839809939914582,0.6096884450274582,0.346,0.502
TAP059,116.80550462432304,456.18,SA(0.02),-3.161215785393917,0.6124979361778502,0.346,0.5054084702714488
TAP060,118.66399781657233,631.27,SA(0.02),-3.3563869290013604,0.6138758605456592,0.346,0.5070774814174592
TAP065,119.99410946299658,1023.45,SA(0.02),-3.6471484161899648,0.6148497151567681,0.346,0.5082560105186744
TAP066,113.4447433714641,662.78,SA(0.02),-3.3162619796987225,0.6099534211495731,0.346,0.5023217852851581
TAP067,94.52727846597533,807.68,SA(0.02),-3.1735881425768184,0.6096884450274582,0.346,0.502
TAP069,121.00337555659135,671.52,SA(0.02),-3.4200679348709504,0.6155819541016045,0.346,0.509141573843219
TAP072,98.93978998677024,671.52,SA(0.02),-3.131017348488096,0.6096884450274582,0.346,0.502
TAP075,106.57618482473356,856.38,SA(0.02),-3.370867777693983,0.6096884450274582,0.346,0.502
TAP077,116.41922097699462,1022.77,SA(0.02),-3.601151377664209,0.612208970752736,0.346,0.5050582380974736
TAP078,117.39734495900295,671.52,SA(0.02),-3.374274798640939,0.6129389460496536,0.346,0.5059428343048848
TAP079,116.753401395702,631.27,SA(0.02),-3.332044212624197,0.6124590116333705,0.346,0.5053612974208898
TAP081,121.29971223615415,671.52,SA(0.02),-3.4238090940588726,0.615795867556094,0.346,0.5094001869838314
TAP083,120.4030055039095,435.22,SA(0.02),-3.18263414456988,0.6151470666792289,0.346,0.5086156836394841
TAP084,121.36524046357977,224.22,SA(0.02),-2.897667111961119,0.5912658380108926,0.346,0.4794572881902236
TAP086,91.22887499302155,887.68,SA(0.02),-3.1815094907319583,0.6096884450274582,0.346,0.502
TAP087,101.35539844310355,573.04,SA(0.02),-3.0781790367970894,0.6096884450274582,0.346,0.502
TAP090,102.87317683111068,324.38,SA(0.02),-2.8248578315292923,0.6096884450274582,0.346,0.502
TAP094,107.25914541313247,416.34,SA(0.02),-2.9943142387032577,0.6096884450274582,0.346,0.502
TAP095,107.12641066652922,206.24,SA(0.02),-2.7010436084141696,0.5852349955359812,0.346,0.472
TAP097,96.51825643410405,237.23,SA(0.02),-2.6235244955611687,0.5896956630728378,0.346,0.4775196069764192
TAP098,105.37088822706724,538.69,SA(0.02),-3.09914065406514,0.6096884450274582,0.346,0.502
TAP100,97.58816975352646,236.32,SA(0.02),-2.635364907684065,0.589371162827889,0.346,0.47711881913533666
TAP103,113.41800752596221,429.49,SA(0.02),-3.088289896870782,0.6099328983541239,0.346,0.5022968649062644
TAW,121.70169460957298,481.92,SA(0.02),-3.2506674706754897,0.6160852631464784,0.346,0.5097499891773078
TCU,5.925686184729008,472.81,SA(0.02),-0.835908791962831,0.6096884450274582,0.346,0.502
TCU003,85.87715173895934,517.33,SA(0.02),-2.810682602967698,0.6096884450274582,0.346,0.502
TCU006,72.13607981372333,607.4,SA(0.02),-2.687610829726766,0.6096884450274582,0.346,0.502
TCU007,88.25765016718297,463.88,SA(0.02),-2.790744726260962,0.6096884450274582,0.346,0.502
TCU008,84.7584785592634,441.58,SA(0.02),-2.717844814089798,0.6096884450274582,0.346,0.502
TCU009,81.06016716272919,460.1,SA(0.02),-2.6838724794327886,0.6096884450274582,0.346,0.502
TCU010,81.66395774542653,446.15,SA(0.02),-2.6782076154240837,0.6096884450274582,0.346,0.502
TCU011,75.01788257873356,471.07,SA(0.02),-2.6053524283002667,0.6096884450274582,0.346,0.502
TCU014,93.13780925514129,496.47,SA(0.02),-2.892140726672861,0.6096884450274582,0.346,0.502
TCU015,49.226738245658176,426.0,SA(0.02),-2.1342559974191766,0.6096884450274582,0.346,0.502
TCU017,53.6114321384972,558.76,SA(0.02),-2.3349321692789813,0.6096884450274582,0.346,0.502
TCU018,65.56957606032032,573.04,SA(0.02),-2.5527515649405554,0.6096884450274582,0.346,0.502
TCU025,54.234234021714876,665.2,SA(0.02),-2.435028205150704,0.6096884450274582,0.346,0.502
TCU026,55.62700868478751,569.98,SA(0.02),-2.3808847060582066,0.6096884450274582,0.346,0.502
TCU029,27.888704202439943,406.53,SA(0.02),-1.659140700690257,0.6096884450274582,0.346,0.502
TCU031,30.150489096699733,489.22,SA(0.02),-1.781446851140843,0.6096884450274582,0.346,0.502
TCU033,40.407957354293515,423.4,SA(0.02),-1.9599532822859,0.6096884450274582,0.346,0.502
TCU034,35.21032855799544,393.77,SA(0.02),-1.8241891441027993,0.6096884450274582,0.346,0.502
TCU036,19.69497692844362,478.07,SA(0.02),-1.4711416057503865,0.6096884450274582,0.346,0.502
TCU038,25.337701564906876,297.86,SA(0.02),-1.5315623991878302,0.6090739106033942,0.346,0.5012534574222022
TCU039,19.70361874696014,540.66,SA(0.02),-1.5180769965590468,0.6096884450274582,0.346,0.502
TCU040,22.119793842654797,362.03,SA(0.02),-1.4722808582757718,0.6096884450274582,0.346,0.502
TCU042,25.981864142619745,578.98,SA(0.02),-1.742018825787659,0.6096884450274582,0.346,0.502
TCU045,25.36660567229542,704.64,SA(0.02),-1.8203374442090658,0.6096884450274582,0.346,0.502
TCU046,16.246784143589178,465.55,SA(0.02),-1.3396839291541411,0.6096884450274582,0.346,0.502
TCU047,34.3572926348812,520.37,SA(0.02),-1.90939395788864,0.6096884450274582,0.346,0.502
TCU048,14.285234596515949,551.21,SA(0.02),-1.3213491518066336,0.6096884450274582,0.346,0.502
TCU049,4.526216687379779,487.27,SA(0.02),-0.7533008232062388,0.6096884450274582,0.346,0.502
TCU050,10.250155362613157,542.41,SA(0.02),-1.1269569061293114,0.6096884450274582,0.346,0.502
TCU051,8.397313881220667,350.06,SA(0.02),-0.9417328697136392,0.6096884450274582,0.346,0.502
TCU052,0.0,579.1,SA(0.02),-0.6016331383467552,0.6096884450274582,0.346,0.502
TCU053,6.715593029398085,454.55,SA(0.02),-0.8759184019095787,0.6096884450274582,0.346,0.502
TCU054,6.044907731784745,460.69,SA(0.02),-0.8375144469265029,0.6096884450274582,0.346,0.502
TCU055,7.10204372503239,359.13,SA(0.02),-0.8720129575334172,0.6096884450274582,0.346,0.502
TCU056,11.23595041250864,403.2,SA(0.02),-1.094473133179998,0.6096884450274582,0.346,0.502
TCU057,12.582859253355823,555.23,SA(0.02),-1.2493637590286797,0.6096884450274582,0.346,0.502
TCU059,17.768696653120717,272.67,SA(0.02),-1.3184591037741618,0.6015133919123806,0.346,0.49203898285596964
TCU060,9.270501399529332,375.42,SA(0.02),-0.9898983639008571,0.6096884450274582,0.346,0.502
TCU061,17.663329909143975,379.64,SA(0.02),-1.3400094993558076,0.6096884450274582,0.346,0.502
TCU063,10.251512284681757,476.14,SA(0.02),-1.084259792291744,0.6096884450274582,0.346,0.502
TCU064,17.05105449248675,645.72,SA(0.02),-1.5019220955478692,0.6096884450274582,0.346,0.502
TCU065,1.288045085418703,305.85,SA(0.02),-0.5851276526458669,0.6096884450274582,0.346,0.502
TCU067,1.288712791017711,433.63,SA(0.02),-0.5561430274818762,0.6096884450274582,0.346,0.502
TCU068,0.0,487.34,SA(0.02),-0.5524057673631797,0.6096884450274582,0.346,0.502
TCU070,19.75113627608807,401.26,SA(0.02),-1.421509256387186,0.6096884450274582,0.346,0.502
TCU071,0.0,624.85,SA(0.02),-0.6304326741193013,0.6096884450274582,0.346,0.502
TCU072,0.0,468.14,SA(0.02),-0.5446628612177544,0.6096884450274582,0.346,0.502
TCU074,0.0,549.43,SA(0.02),-0.5840780608012586,0.6096884450274582,0.346,0.502
TCU075,1.6063613522010625,573.02,SA(0.02),-0.632830325347281,0.6096884450274582,0.346,0.502
TCU076,3.5054162229935133,614.98,SA(0.02),-0.7638102219815954,0.6096884450274582,0.346,0.502
TCU078,0.0,443.04,SA(0.02),-0.5365897538625113,0.6096884450274582,0.346,0.502
TCU079,0.0,363.99,SA(0.02),-0.5335190306199643,0.6096884450274582,0.346,0.502
TCU081,54.870046821119146,430.47,SA(0.02),-2.2397439908321806,0.6096884450274582,0.346,0.502
TCU082,5.925686184729008,472.81,SA(0.02),-0.835908791962831,0.6096884450274582,0.346,0.502
TCU083,79.97899565103198,354.63,SA(0.02),-2.55418550262385,0.6096884450274582,0.346,0.502
TCU084,0.0,665.2,SA(0.02),-0.6567890507258417,0.6096884450274582,0.346,0.502
TCU085,54.44362818084044,999.66,SA(0.02),-2.66781850348667,0.6096884450274582,0.346,0.502
TCU087,7.054896464891636,538.69,SA(0.02),-0.944341638513016,0.6096884450274582,0.346,0.502
TCU088,3.997697831489502,665.2,SA(0.02),-0.8295031394690534,0.6096884450274582,0.346,0.502
TCU089,0.0,671.52,SA(0.02),-0.6609573552185821,0.6096884450274582,0.346,0.502
TCU092,88.45294085502088,422.28,SA(0.02),-2.749138490588613,0.6096884450274582,0.346,0.502
TCU094,53.92101623044264,589.85,SA(0.02),-2.3673748026607773,0.6096884450274582,0.346,0.502
TCU095,44.56466924675996,446.63,SA(0.02),-2.0641207200509912,0.6096884450274582,0.346,0.502
TCU096,53.85469792017198,454.58,SA(0.02),-2.2446420306528974,0.6096884450274582,0.346,0.502
TCU098,47.1372515839405,346.56,SA(0.02),-2.0239822011524344,0.6096884450274582,0.346,0.502
TCU100,12.131987127300425,535.13,SA(0.02),-1.2143369941398319,0.6096884450274582,0.346,0.502
TCU101,2.7227148767639835,389.41,SA(0.02),-0.614392804829825,0.6096884450274582,0.346,0.502
TCU102,1.9561078435847996,714.27,SA(0.02),-0.7404419371333282,0.6096884450274582,0.346,0.502
TCU103,6.53081647788816,494.1,SA(0.02),-0.8850830750704624,0.6096884450274582,0.346,0.502
TCU104,13.594790434615204,410.45,SA(0.02),-1.2015601618736325,0.6096884450274582,0.346,0.502
TCU105,17.906371449005963,575.54,SA(0.02),-1.4812447531418018,0.6096884450274582,0.346,0.502
TCU106,15.667606274650094,451.37,SA(0.02),-1.3082264997384108,0.6096884450274582,0.346,0.502
TCU107,16.69303155356926,409.0,SA(0.02),-1.3211713693959448,0.6096884450274582,0.346,0.502
TCU109,13.733866280340548,535.13,SA(0.02),-1.286253689862398,0.6096884450274582,0.346,0.502
TCU110,12.33231611318905,212.72,SA(0.02),-1.180292539890308,0.5852349955359812,0.346,0.472
TCU111,22.748356973666922,237.53,SA(0.02),-1.4599714601982439,0.5898023889039904,0.346,0.47765139794294953
TCU112,28.176599312968115,190.54,SA(0.02),-1.589171902023276,0.5852349955359812,0.346,0.472
TCU113,31.861769932340707,230.3,SA(0.02),-1.660406179828436,0.5871949092410278,0.346,0.47442793071084977
TCU115,22.514549191288978,215.34,SA(0.02),-1.4603605723078001,0.5852349955359812,0.346,0.472
TCU116,13.140173923202289,493.09,SA(0.02),-1.23131924079642,0.6096884450274582,0.346,0.502
TCU117,26.01588554922865,198.58,SA(0.02),-1.5435591903130397,0.5852349955359812,0.346,0.472
TCU118,27.518780758804855,236.19,SA(0.02),-1.5705706499009926,0.5893247113566615,0.346,0.47706143777883836
TCU119,38.703481646934264,221.7,SA(0.02),-1.7857588826205948,0.5852349955359812,0.346,0.472
TCU120,8.108276773791475,459.34,SA(0.02),-0.959952430475714,0.6096884450274582,0.346,0.502
TCU122,10.095651275407166,475.46,SA(0.02),-1.0759186479903238,0.6096884450274582,0.346,0.502
TCU123,15.613652840248543,270.22,SA(0.02),-1.2503196938372663,0.6007437083424042,0.346,0.4910977531133528
TCU128,13.266132208120403,599.64,SA(0.02),-1.3123477540143134,0.6096884450274582,0.346,0.502
TCU129,2.5928427595425005,511.18,SA(0.02),-0.6459367671129224,0.6096884450274582,0.346,0.502
TCU136,8.865586783874127,462.1,SA(0.02),-1.0034534241376298,0.6096884450274582,0.346,0.502
TCU138,10.622750936043827,652.85,SA(0.02),-1.2241334196134763,0.6096884450274582,0.346,0.502
TCU140,33.69322383417364,223.6,SA(0.02),-1.6946924620619013,0.5852349955359812,0.346,0.472
TCU141,24.94025634288036,223.04,SA(0.02),-1.5140929341286844,0.5852349955359812,0.346,0.472
TCU145,36.03324541347518,240.43,SA(0.02),-1.7442015373425628,0.5908276921897464,0.346,0.4789168632009753
TCU147,71.69733969170538,537.92,SA(0.02),-2.618697454355068,0.6096884450274582,0.346,0.502
TTN,80.89836518095754,298.72,SA(0.02),-2.50170844593638,0.6093213665590822,0.346,0.5015541124798274
TTN001,52.32871415831085,484.6,SA(0.02),-2.245105793938555,0.6096884450274582,0.346,0.502
TTN002,65.48374155510382,667.36,SA(0.02),-2.6307595515669964,0.6096884450274582,0.346,0.502
TTN003,93.04588279899522,506.64,SA(0.02),-2.9010641717634815,0.6096884450274582,0.346,0.502
TTN004,63.800897195982024,463.59,SA(0.02),-2.422165897869485,0.6096884450274582,0.346,0.502
TTN005,80.42174430564141,407.59,SA(0.02),-2.6192580579163875,0.6096884450274582,0.346,0.502
TTN006,78.75895289383541,283.21,SA(0.02),-2.453591924169159,0.60475289446566,0.346,0.49599401545239813
TTN007,79.64699872902655,282.7,SA(0.02),-2.4651695376587517,0.6045987482333645,0.346,0.49580605720921883
TTN008,80.39083510685596,292.61,SA(0.02),-2.4873623867038117,0.6075486685653287,0.346,0.4993990235027534
TTN009,81.38728178307964,313.96,SA(0.02),-2.526702209142475,0.6096884450274582,0.346,0.502
TTN010,81.51829704872269,311.34,SA(0.02),-2.5253925579805347,0.6096884450274582,0.346,0.502
TTN012,79.21152525532221,288.3,SA(0.02),-2.465942558494875,0.6062773256350648,0.346,0.4978515798701521
TTN013,78.8943211567126,297.76,SA(0.02),-2.4728513283285434,0.6090450934106002,0.346,0.5012184412085481
TTN014,59.860496924556905,533.97,SA(0.02),-2.4225598604965333,0.6096884450274582,0.346,0.502
TTN015,80.89836518095754,487.91,SA(0.02),-2.7096178818364325,0.6096884450274582,0.346,0.502
TTN016,121.70169460957298,826.15,SA(0.02),-3.545861470584512,0.6160852631464784,0.346,0.5097499891773078
TTN018,71.80853811897417,573.04,SA(0.02),-2.6523730679965656,0.6096884450274582,0.346,0.502
TTN020,46.28877454659275,453.71,SA(0.02),-2.104045501831571,0.6096884450274582,0.346,0.502
TTN022,49.185819921013895,398.81,SA(0.02),-2.10847928297885,0.6096884450274582,0.346,0.502
TTN023,50.33727239662484,527.54,SA(0.02),-2.247204423131457,0.6096884450274582,0.346,0.502
TTN024,56.57309029774128,671.52,SA(0.02),-2.4820058629410298,0.6096884450274582,0.346,0.502
TTN025,62.74114520985054,704.96,SA(0.02),-2.6146048070623427,0.6096884450274582,0.346,0.502
TTN026,67.49118772791799,573.04,SA(0.02),-2.5839109457759974,0.6096884450274582,0.346,0.502
TTN027,73.52976366515371,428.95,SA(0.02),-2.5400321504682752,0.6096884450274582,0.346,0.502
TTN028,76.01025211793088,616.17,SA(0.02),-2.754961929500386,0.6096884450274582,0.346,0.502
TTN031,51.99314115375424,510.62,SA(0.02),-2.262671677973113,0.6096884450274582,0.346,0.502
TTN032,53.710344896261404,734.26,SA(0.02),-2.4783649500367932,0.6096884450274582,0.346,0.502
TTN033,55.55183906772911,670.8,SA(0.02),-2.4632240096447418,0.6096884450274582,0.346,0.502
TTN036,77.42687254231797,538.69,SA(0.02),-2.707083805268842,0.6096884450274582,0.346,0.502
TTN040,43.69119446366562,728.01,SA(0.02),-2.2797020220492565,0.6096884450274582,0.346,0.502
TTN041,40.552465197967734,418.24,SA(0.02),-1.9584910648585003,0.6096884450274582,0.346,0.502
TTN042,61.854091343505935,845.34,SA(0.02),-2.7016928308561616,0.6096884450274582,0.346,0.502
TTN044,55.35974910869786,419.63,SA(0.02),-2.237916866873703,0.6096884450274582,0.346,0.502
TTN045,57.72674042183177,539.98,SA(0.02),-2.391279237290756,0.6096884450274582,0.346,0.502
TTN046,62.61498206065394,528.12,SA(0.02),-2.4635819544576174,0.6096884450274582,0.346,0.502
TTN047,71.2651253374662,573.04,SA(0.02),-2.6438672908653436,0.6096884450274582,0.346,0.502
TTN048,77.23093425350275,373.54,SA(0.02),-2.5358036405777797,0.6096884450274582,0.346,0.502
TTN050,87.16780012668326,573.04,SA(0.02),-2.8816016177438732,0.6096884450274582,0.346,0.502
TTN051,30.788780146750934,665.2,SA(0.02),-1.93840857766595,0.6096884450274582,0.346,0.502
WGK,10.377089824587822,258.89,SA(0.02),-1.062885447366771,0.5970977824772241,0.346,0.48663103254849915
WNT,2.5928427595425005,511.18,SA(0.02),-0.6459367671129224,0.6096884450274582,0.346,0.502
WTC,43.046970143373564,207.69,SA(0.02),-1.8531656442777222,0.5852349955359812,0.346,0.472
ALS,1.4161941004474747,553.43,SA(0.04),-0.49385755685473876,0.647222527420052,0.384,0.521
CHK,59.860496924556905,424.57,SA(0.04),-2.287633664053264,0.647222527420052,0.384,0.521
CHY002,25.501325041113866,235.13,SA(0.04),-1.5364607739340017,0.6256131098914425,0.384,0.49389853539774964
CHY004,48.07893833473184,271.3,SA(0.04),-1.9847547162760006,0.6382530460606242,0.384,0.5098146239621468
CHY006,10.584628168218677,438.19,SA(0.04),-1.0078294830101182,0.647222527420052,0.384,0.521
CHY008,41.23915234428305,210.73,SA(0.04),-1.854404661606607,0.6217531664575582,0.384,0.489
CHY010,20.625677664506007,538.69,SA(0.04),-1.4593781078722743,0.647222527420052,0.384,0.521
CHY012,59.82694761124689,198.4,SA(0.04),-2.143254682369599,0.6217531664575582,0.384,0.489
CHY014,33.88066065244789,347.63,SA(0.04),-1.7304277064014801,0.647222527420052,0.384,0.521
CHY015,38.846134725395174,228.66,SA(0.04),-1.8108271217976981,0.6231657731888972,0.384,0.4907948460142141
CHY016,67.39311492490651,200.86,SA(0.04),-2.252259342446591,0.6217531664575582,0.384,0.489
CHY017,59.79653364012802,190.57,SA(0.04),-2.139305485704902,0.6217531664575582,0.384,0.489
CHY019,52.664018987304125,497.53,SA(0.04),-2.209506637600894,0.647222527420052,0.384,0.521
CHY022,65.23494253909143,564.07,SA(0.04),-2.484532615146983,0.647222527420052,0.384,0.521
CHY023,82.48037770558093,279.78,SA(0.04),-2.5287271115342103,0.6409910074581208,0.384,0.513238221143142
CHY024,10.382141776489679,427.73,SA(0.04),-0.9955308109002194,0.647222527420052,0.384,0.521
CHY025,19.821814137857874,277.5,SA(0.04),-1.3688519318980779,0.6402624569625502,0.384,0.5123280333884938
CHY026,30.117763879363363,226.01,SA(0.04),-1.6418191197595373,0.622145069182022,0.384,0.4894981992893364
CHY027,42.57072697901259,210.01,SA(0.04),-1.877160718645736,0.6217531664575582,0.384,0.489
CHY028,3.8142382458599347,542.61,SA(0.04),-0.6282731093362051,0.647222527420052,0.384,0.521
CHY029,11.753982902131465,544.74,SA(0.04),-1.1064249682682528,0.647222527420052,0.384,0.521
CHY032,36.20970428039942,192.71,SA(0.04),-1.7712518714080001,0.6217531664575582,0.384,0.489
CHY033,44.61021757313737,197.63,SA(0.04),-1.9111923936107673,0.6217531664575582,0.384,0.489
CHY034,15.55529098089055,378.75,SA(0.04),-1.2135269009160288,0.647222527420052,0.384,0.521
CHY035,13.30281463096492,573.04,SA(0.04),-1.193696918931993,0.647222527420052,0.384,0.521
CHY036,16.834009871697,233.14,SA(0.04),-1.3132905299805366,0.6248670020366817,0.384,0.49295311159816235
CHY039,32.68412498523498,201.21,SA(0.04),-1.7036581102683956,0.6217531664575582,0.384,0.489
CHY041,20.07183164813607,492.26,SA(0.04),-1.4155607570860085,0.647222527420052,0.384,0.521
CHY042,28.16777357328532,665.2,SA(0.04),-1.7662889451899955,0.647222527420052,0.384,0.521
CHY044,55.933003322544856,194.47,SA(0.04),-2.0848419760376617,0.6217531664575582,0.384,0.489
CHY046,24.876384312874173,442.15,SA(0.04),-1.5409618739810158,0.647222527420052,0.384,0.521
CHY047,24.927795876688105,169.52,SA(0.04),-1.5833354673163118,0.6217531664575582,0.384,0.489
CHY050,45.48094043081733,538.93,SA(0.04),-2.096235663205988,0.647222527420052,0.384,0.521
CHY052,40.52523944488567,573.04,SA(0.04),-2.013180120554672,0.647222527420052,0.384,0.521
CHY054,49.228155688795745,172.1,SA(0.04),-1.981892626326501,0.6217531664575582,0.384,0.489
CHY055,55.04100932988003,225.77,SA(0.04),-2.082752910281414,0.6220520888878674,0.384,0.4893800172562824
CHY057,58.30189007907089,411.46,SA(0.04),-2.2506457049382567,0.647222527420052,0.384,0.521
CHY058,60.47926509005612,269.28,SA(0.04),-2.190686446555567,0.637589224025094,0.384,0.5089833185802081
CHY059,74.0105222831666,191.09,SA(0.04),-2.3357850944536462,0.6217531664575582,0.384,0.489
CHY060,69.53930995385498,228.92,SA(0.04),-2.301653468154794,0.623265334629029,0.384,0.4909212537161489
CHY061,59.2181211902229,538.69,SA(0.04),-2.3601688253881483,0.647222527420052,0.384,0.521
CHY062,59.70708366780761,602.63,SA(0.04),-2.4142967436545075,0.647222527420052,0.384,0.521
CHY063,73.64708029924377,246.88,SA(0.04),-2.374241967468203,0.6299041085246434,0.384,0.4993227272378314
CHY065,84.65037829276163,250.0,SA(0.04),-2.5321622976848186,0.6310120279248727,0.384,0.5007196614732242
CHY066,90.36922111828896,211.97,SA(0.04),-2.5715582015844523,0.6217531664575582,0.384,0.489
CHY067,84.21459469490114,227.97,SA(0.04),-2.5056300008783183,0.6229010499585167,0.384,0.4904586812764379
CHY069,86.69064381036402,224.42,SA(0.04),-2.53557038931528,0.6217531664575582,0.384,0.489
CHY070,84.43554371983527,265.45,SA(0.04),-2.5434276136067706,0.6363179058479043,0.384,0.5073898671659322
CHY071,79.42270364079795,202.95,SA(0.04),-2.4181977178533764,0.6217531664575582,0.384,0.489
CHY074,1.4161941004474747,553.43,SA(0.04),-0.49385755685473876,0.647222527420052,0.384,0.521
CHY076,42.877573217177414,169.84,SA(0.04),-1.8872952660862663,0.6217531664575582,0.384,0.489
CHY078,77.88051206740859,160.67,SA(0.04),-2.359525283374402,0.6217531664575582,0.384,0.489
CHY079,50.02855021100604,573.04,SA(0.04),-2.2114090157850264,0.647222527420052,0.384,0.521
CHY080,0.8203047792534108,496.21,SA(0.04),-0.4583250900889888,0.647222527420052,0.384,0.521
CHY081,43.161132192340126,573.04,SA(0.04),-2.0705489955635916,0.647222527420052,0.384,0.521
CHY082,36.690687042494744,193.69,SA(0.04),-1.779273533873707,0.6217531664575582,0.384,0.489
CHY086,28.265165300477857,665.2,SA(0.04),-1.769007979351664,0.647222527420052,0.384,0.521
CHY087,29.477616972892374,505.2,SA(0.04),-1.7031309201611715,0.647222527420052,0.384,0.521
CHY088,38.16580800828477,318.52,SA(0.04),-1.8128516050989438,0.647222527420052,0.384,0.521
CHY090,59.17740188206011,180.33,SA(0.04),-2.1261714944084487,0.6217531664575582,0.384,0.489
CHY092,23.43718943402428,253.72,SA(0.04),-1.4772282655531475,0.632316542875132,0.384,0.5023626283806933
CHY093,50.52955404993735,190.49,SA(0.04),-2.0032078685162764,0.6217531664575582,0.384,0.489
CHY094,37.568596955239634,221.92,SA(0.04),-1.7880083742254649,0.6217531664575582,0.384,0.489
CHY096,83.07046778565815,293.61,SA(0.04),-2.549528985387771,0.6452962663649754,0.384,0.5186051208622773
CHY099,65.94429160338161,228.84,SA(0.04),-2.24931598192329,0.623234711352224,0.384,0.4908823743365511
CHY100,54.13764361475702,230.11,SA(0.04),-2.0702333960539616,0.6237197046358313,0.384,0.49149798570391784
CHY101,10.377089824587822,258.89,SA(0.04),-1.0593637110937753,0.6341006654776622,0.384,0.5046064347183992
CHY102,36.74554656205193,804.36,SA(0.04),-2.071984336675701,0.647222527420052,0.384,0.521
CHY104,18.6621650225021,223.24,SA(0.04),-1.3754306976017303,0.6217531664575582,0.384,0.489
CHY107,51.35844504410688,175.68,SA(0.04),-2.0132945094166574,0.6217531664575582,0.384,0.489
CHY109,43.43968322952119,573.04,SA(0.04),-2.0764940419404425,0.647222527420052,0.384,0.521
CHY110,43.43968322952119,573.04,SA(0.04),-2.0764940419404425,0.647222527420052,0.384,0.521
CHY116,82.01615041444819,195.38,SA(0.04),-2.445579916380566,0.6217531664575582,0.384,0.489
ENA,62.873379868223246,665.2,SA(0.04),-2.513396668728251,0.647222527420052,0.384,0.521
ESL,39.13327017283541,493.29,SA(0.04),-1.9295673497891823,0.647222527420052,0.384,0.521
HEN,161.91718007019477,204.23,SA(0.04),-3.429377899505004,0.647340730255438,0.384,0.5211468325219331
HSN,54.870046821119146,321.49,SA(0.04),-2.129175608334319,0.647222527420052,0.384,0.521
HWA,51.21900426141601,260.38,SA(0.04),-2.0345526654897963,0.6346087741736051,0.384,0.5052447884522172
HWA002,52.86279146401041,789.18,SA(0.04),-2.4065946427499187,0.647222527420052,0.384,0.521
HWA003,51.681142290885134,1525.85,SA(0.04),-2.699749610388797,0.647222527420052,0.384,0.521
HWA005,44.28231958384142,459.32,SA(0.04),-2.0175653459123555,0.647222527420052,0.384,0.521
HWA006,45.003181958498374,559.11,SA(0.04),-2.1000472470937015,0.647222527420052,0.384,0.521
HWA007,51.95325392386305,358.72,SA(0.04),-2.1005906624187793,0.647222527420052,0.384,0.521
HWA009,51.693536462196626,373.23,SA(0.04),-2.105166162663886,0.647222527420052,0.384,0.521
HWA011,48.624839989886404,355.76,SA(0.04),-2.037207596477918,0.647222527420052,0.384,0.521
HWA012,52.325257559135075,414.42,SA(0.04),-2.144541760431364,0.647222527420052,0.384,0.521
HWA013,49.86104964362179,330.55,SA(0.04),-2.045445446014438,0.647222527420052,0.384,0.521
HWA014,50.84490694090048,277.28,SA(0.04),-2.0355221463710906,0.6401918665509494,0.384,0.512239812976294
HWA015,46.42594132137962,453.05,SA(0.04),-2.0569543620400084,0.647222527420052,0.384,0.521
HWA016,47.585145300823704,576.55,SA(0.04),-2.1649689940921775,0.647222527420052,0.384,0.521
HWA017,46.470164794363036,578.11,SA(0.04),-2.1432836051419923,0.647222527420052,0.384,0.521
HWA019,51.21900426141601,494.82,SA(0.04),-2.1799799514639977,0.647222527420052,0.384,0.521
HWA020,39.13327017283541,626.43,SA(0.04),-2.0169209070035814,0.647222527420052,0.384,0.521
HWA022,57.87400521195273,567.64,SA(0.04),-2.356457951966235,0.647222527420052,0.384,0.521
HWA023,46.40755022060307,671.52,SA(0.04),-2.2037377330347208,0.647222527420052,0.384,0.521
HWA024,37.730568431531545,671.52,SA(0.04),-2.013387787827911,0.647222527420052,0.384,0.521
HWA025,49.13348906562234,494.32,SA(0.04),-2.1390730966782,0.647222527420052,0.384,0.521
HWA026,47.22466473181171,457.49,SA(0.04),-2.0759141157441903,0.647222527420052,0.384,0.521
HWA027,46.98782360511372,437.8,SA(0.04),-2.057927471586577,0.647222527420052,0.384,0.521
HWA028,49.35236603416438,406.7,SA(0.04),-2.0832517430927346,0.647222527420052,0.384,0.521
HWA029,49.89682984159387,614.05,SA(0.04),-2.236702366822683,0.647222527420052,0.384,0.521
HWA030,41.84995449814051,592.18,SA(0.04),-2.054992998160025,0.647222527420052,0.384,0.521
HWA031,46.78495170006793,602.29,SA(0.04),-2.1660511130507296,0.647222527420052,0.384,0.521
HWA032,42.76449413301876,573.04,SA(0.04),-2.0620462038571943,0.647222527420052,0.384,0.521
HWA033,49.52391460805984,395.57,SA(0.04),-2.0791862338761504,0.647222527420052,0.384,0.521
HWA034,38.72259961355784,379.18,SA(0.04),-1.85181014526545,0.647222527420052,0.384,0.521
HWA035,43.48814803424615,677.49,SA(0.04),-2.145957315751997,0.647222527420052,0.384,0.521
HWA036,38.18727859247192,503.04,SA(0.04),-1.9146347465011166,0.647222527420052,0.384,0.521
HWA037,40.93079012119635,469.64,SA(0.04),-1.9536434823580882,0.647222527420052,0.384,0.521
HWA038,36.825205396811654,642.73,SA(0.04),-1.9738953108030572,0.647222527420052,0.384,0.521
HWA039,40.700555517327686,459.67,SA(0.04),-1.9422331874833125,0.647222527420052,0.384,0.521
HWA041,43.12948213944211,484.97,SA(0.04),-2.0106289229010335,0.647222527420052,0.384,0.521
HWA043,53.91152534737503,543.06,SA(0.04),-2.265442443076056,0.647222527420052,0.384,0.521
HWA044,55.24919369711087,534.41,SA(0.04),-2.2844024258600792,0.647222527420052,0.384,0.521
HWA045,59.28500884807053,484.45,SA(0.04),-2.321764898983541,0.647222527420052,0.384,0.521
HWA046,47.0109436592865,617.52,SA(0.04),-2.1808618236183723,0.647222527420052,0.384,0.521
HWA048,46.686257749108556,345.89,SA(0.04),-1.9948267311130665,0.647222527420052,0.384,0.521
HWA049,46.005462055816764,508.61,SA(0.04),-2.0862741579194393,0.647222527420052,0.384,0.521
HWA050,48.71376858358703,313.9,SA(0.04),-2.0154871280606024,0.647222527420052,0.384,0.521
HWA051,48.90932890375484,440.5,SA(0.04),-2.0974745090828963,0.647222527420052,0.384,0.521
HWA053,35.85961696778292,843.24,SA(0.04),-2.073897015451373,0.647222527420052,0.384,0.521
HWA054,37.40217869643352,452.83,SA(0.04),-1.865027318181313,0.647222527420052,0.384,0.521
HWA055,42.55353726386162,369.75,SA(0.04),-1.9267446443169034,0.647222527420052,0.384,0.521
HWA056,35.11011081738172,511.3,SA(0.04),-1.8484061842748523,0.647222527420052,0.384,0.521
HWA057,45.69143972650157,671.52,SA(0.04),-2.1888376753906273,0.647222527420052,0.384,0.521
HWA058,40.62633470498356,529.54,SA(0.04),-1.9864982723648568,0.647222527420052,0.384,0.521
HWA059,44.12500056155976,208.56,SA(0.04),-1.9032370682087625,0.6217531664575582,0.384,0.489
HWA060,53.13246936736276,573.04,SA(0.04),-2.2716499963612735,0.647222527420052,0.384,0.521
HWA2,51.21900426141601,260.38,SA(0.04),-2.0345526654897963,0.6346087741736051,0.384,0.5052447884522172
ILA001,100.32579879811699,909.09,SA(0.04),-3.2567429780238317,0.647222527420052,0.384,0.521
ILA002,94.59735635282492,219.78,SA(0.04),-2.6350715105343703,0.6217531664575582,0.384,0.489
ILA003,89.71025798681,263.82,SA(0.04),-2.615038755666113,0.6357717210207132,0.384,0.5067047278737782
ILA004,85.68227612519946,124.27,SA(0.04),-2.4090945233584287,0.6217531664575582,0.384,0.489
ILA005,83.93724100214038,239.33,SA(0.04),-2.5124451814456386,0.6271690231468794,0.384,0.49586790942247005
ILA006,81.73646560218842,279.41,SA(0.04),-2.517762681355647,0.640873150761371,0.384,0.5130910205478233
ILA007,80.69578779842172,496.27,SA(0.04),-2.686011845829238,0.647222527420052,0.384,0.521
ILA008,81.47670604637591,299.28,SA(0.04),-2.5315179137764043,0.6470073904905378,0.384,0.5207327177635137
ILA010,76.69526258688926,573.04,SA(0.04),-2.681525613294234,0.647222527420052,0.384,0.521
ILA012,84.97633852037546,259.21,SA(0.04),-2.5452257952322146,0.6342100157508063,0.384,0.504743840060122
ILA013,80.79219336584667,199.48,SA(0.04),-2.433281114009489,0.6217531664575582,0.384,0.489
ILA014,77.22854612692028,300.77,SA(0.04),-2.470457549230442,0.647222527420052,0.384,0.521
ILA015,82.13530668263718,782.59,SA(0.04),-2.908799683975962,0.647222527420052,0.384,0.521
ILA016,79.00488080472547,271.1,SA(0.04),-2.4713209039568125,0.6381875244968684,0.384,0.5097325930558503
ILA021,73.37025333724408,573.04,SA(0.04),-2.6276461116107543,0.647222527420052,0.384,0.521
ILA024,63.905677437896436,671.52,SA(0.04),-2.535775012764861,0.647222527420052,0.384,0.521
ILA027,79.85541389401519,215.0,SA(0.04),-2.434697465579623,0.6217531664575582,0.384,0.489
ILA030,82.3256976649756,200.98,SA(0.04),-2.454952089145066,0.6217531664575582,0.384,0.489
ILA031,79.91880061031861,649.25,SA(0.04),-2.7872841279683835,0.647222527420052,0.384,0.521
ILA032,80.85387012515656,295.48,SA(0.04),-2.5191418535046797,0.6458639558425749,0.384,0.5193113222881045
ILA035,90.36427205527093,293.01,SA(0.04),-2.652311133430963,0.6451134118825912,0.384,0.5183775787886642
ILA036,86.82049562802443,181.0,SA(0.04),-2.4929242235783025,0.6217531664575582,0.384,0.489
ILA037,80.78973050748425,210.17,SA(0.04),-2.4429883622956328,0.6217531664575582,0.384,0.489
ILA039,82.8521449790845,227.18,SA(0.04),-2.4863971974249153,0.6225970605084706,0.384,0.49007254539893197
ILA041,84.73034922213995,196.88,SA(0.04),-2.482512277952349,0.6217531664575582,0.384,0.489
ILA042,82.3771642362468,209.36,SA(0.04),-2.4634961318578914,0.6217531664575582,0.384,0.489
ILA043,73.59360548094307,573.04,SA(0.04),-2.631298492305329,0.647222527420052,0.384,0.521
ILA044,77.06965074914221,158.13,SA(0.04),-2.3469667891612183,0.6217531664575582,0.384,0.489
ILA046,76.13596032679268,396.93,SA(0.04),-2.5340181159388333,0.647222527420052,0.384,0.521
ILA048,85.75930654633606,199.59,SA(0.04),-2.498635610638127,0.6217531664575582,0.384,0.489
ILA049,84.760058063251,190.0,SA(0.04),-2.4759939037414673,0.6217531664575582,0.384,0.489
ILA050,62.873379868223246,621.06,SA(0.04),-2.4835646235798303,0.647222527420052,0.384,0.521
ILA051,75.56089930762045,520.64,SA(0.04),-2.623866716468661,0.647222527420052,0.384,0.521
ILA052,81.78471706968831,612.47,SA(0.04),-2.7908690399146963,0.647222527420052,0.384,0.521
ILA054,113.35010901766988,677.3,SA(0.04),-3.2995828014749327,0.6501691911063217,0.384,0.5246560559679537
ILA055,87.12024211451396,266.77,SA(0.04),-2.5821092801023227,0.63675795823358,0.384,0.5079416279197813
ILA056,88.90801796032743,223.71,SA(0.04),-2.564430829843411,0.6217531664575582,0.384,0.489
ILA059,83.0273848736504,236.84,SA(0.04),-2.4976615514315728,0.6262496357396437,0.384,0.49470456462826007
ILA061,75.00437617019124,497.73,SA(0.04),-2.597199498041394,0.647222527420052,0.384,0.521
ILA062,69.48117755891323,447.51,SA(0.04),-2.4681241261537856,0.647222527420052,0.384,0.521
ILA063,56.835893761279905,996.51,SA(0.04),-2.5966300232025574,0.647222527420052,0.384,0.521
ILA064,68.55136664578527,488.61,SA(0.04),-2.4845737019795666,0.647222527420052,0.384,0.521
ILA066,66.49258937947188,481.17,SA(0.04),-2.4443311063328705,0.647222527420052,0.384,0.521
ILA067,32.41826640052877,665.2,SA(0.04),-1.8798197189955006,0.647222527420052,0.384,0.521
KAU001,43.56273242838097,573.04,SA(0.04),-2.0791134235024065,0.647222527420052,0.384,0.521
KAU003,114.10838110057877,913.77,SA(0.04),-3.454669908091835,0.6505991215483615,0.384,0.5251887441287176
KAU006,113.9931054858574,218.49,SA(0.04),-2.8798849171838956,0.6249891927525095,0.384,0.4931079912731424
KAU007,106.54348341055326,290.86,SA(0.04),-2.8701054697133705,0.6444553301344006,0.384,0.5175583759718697
KAU008,107.63866034807238,285.94,SA(0.04),-2.879225115039581,0.6429323275428904,0.384,0.5156607196594661
KAU010,98.9310789023779,215.36,SA(0.04),-2.6860231091249087,0.6217531664575582,0.384,0.489
KAU011,102.67230838982609,155.32,SA(0.04),-2.6530611940213626,0.6217531664575582,0.384,0.489
KAU012,85.00932588862896,516.18,SA(0.04),-2.7683145433160075,0.647222527420052,0.384,0.521
KAU015,107.15014713693338,233.21,SA(0.04),-2.8123191012698876,0.6248933457391969,0.384,0.49298650442900305
KAU018,77.3976499709515,538.69,SA(0.04),-2.6670412918613255,0.647222527420052,0.384,0.521
KAU020,72.82165436342768,373.33,SA(0.04),-2.4627716565344464,0.647222527420052,0.384,0.521
KAU022,97.4169060097908,217.05,SA(0.04),-2.6685200252603307,0.6217531664575582,0.384,0.489
KAU030,100.6366187600612,259.36,SA(0.04),-2.757609558025149,0.6342612309819617,0.384,0.5048081904315276
KAU032,111.57284399475729,194.13,SA(0.04),-2.8168338102734025,0.6236373140280682,0.384,0.49139342633794303
KAU033,119.83228347776871,182.93,SA(0.04),-2.899749114875562,0.6281429485069467,0.384,0.4970991488214407
KAU034,107.18385021081565,1010.4,SA(0.04),-3.406952047996796,0.647222527420052,0.384,0.521
KAU037,135.3796060856888,283.21,SA(0.04),-3.2303006093806435,0.6564658373683956,0.384,0.5324391003972085
KAU038,142.14272144550424,667.59,SA(0.04),-3.676978320083862,0.6648481017939758,0.384,0.5427402679542516
KAU039,151.63665860072828,464.82,SA(0.04),-3.6324604826433107,0.6690716649646283,0.384,0.5479059160645556
KAU040,140.34113735741815,567.64,SA(0.04),-3.578476339664551,0.6640164362452673,0.384,0.5417211714561885
KAU042,159.2060960059972,806.48,SA(0.04),-3.9843516122879583,0.672262438315318,0.384,0.551797776336274
KAU043,171.22323673314898,538.49,SA(0.04),-3.9408721444625026,0.6770426193599793,0.384,0.5576116107379956
KAU044,120.45367346364368,221.24,SA(0.04),-2.963526127719825,0.6284700159370196,0.384,0.49751237264200543
KAU046,161.91718007019477,204.23,SA(0.04),-3.429377899505004,0.647340730255438,0.384,0.5211468325219331
KAU047,53.8243490270436,573.04,SA(0.04),-2.2848258747225683,0.647222527420052,0.384,0.521
KAU048,92.0610507119136,295.66,SA(0.04),-2.6785176068792538,0.6459184244286225,0.384,0.5193790629360737
KAU050,36.30659128926287,665.2,SA(0.04),-1.9758148366188781,0.647222527420052,0.384,0.521
KAU051,123.98128979998971,1004.58,SA(0.04),-3.636068110018135,0.6559626457774689,0.384,0.5318185711832346
KAU052,168.15442260432175,573.04,SA(0.04),-3.9321929659904127,0.6758530709323269,0.384,0.5561666777942175
KAU054,28.06783316360731,497.22,SA(0.04),-1.6604611906101479,0.647222527420052,0.384,0.521
KAU057,113.18799613141104,535.13,SA(0.04),-3.190918549011236,0.6500769219261587,0.384,0.5245417089431393
KAU058,108.40705481784066,229.66,SA(0.04),-2.82398937830523,0.623621958456786,0.384,0.49137393812602376
KAU062,112.87287787990353,246.84,SA(0.04),-2.9018310107413194,0.6325239573980722,0.384,0.5026236730223899
KAU063,93.6060399190571,227.24,SA(0.04),-2.630175685347309,0.6226201821811697,0.384,0.49010191925691626
KAU064,101.90256344344134,244.84,SA(0.04),-2.758176475700259,0.6291727345712173,0.384,0.4983997691891754
KAU066,99.84476325858162,214.97,SA(0.04),-2.6972552657295137,0.6217531664575582,0.384,0.489
KAU069,68.38649123490784,500.15,SA(0.04),-2.4906309264086373,0.647222527420052,0.384,0.521
KAU073,109.35172575598243,216.33,SA(0.04),-2.81915415337253,0.6223722332093925,0.384,0.4897868890344519
KAU074,104.18030948121277,228.34,SA(0.04),-2.7685234466380835,0.6230430939001353,0.384,0.4906390698432534
KAU075,115.35762848826717,196.3,SA(0.04),-2.86603773963271,0.625739539018445,0.384,0.4940586713043462
KAU077,80.96445465556717,665.2,SA(0.04),-2.814716643095525,0.647222527420052,0.384,0.521
KAU078,87.22190963332963,531.85,SA(0.04),-2.814303315802438,0.647222527420052,0.384,0.521
KAU081,161.49112221532047,295.0,SA(0.04),-3.5639200825270976,0.6716625810737488,0.384,0.551066804312009
KAU082,169.01260850918658,573.04,SA(0.04),-3.942712102670997,0.6761877970810884,0.384,0.5565733886212808
KAU083,109.69785905793941,202.14,SA(0.04),-2.80482293223396,0.622570956778659,0.384,0.4900393823197222
KAU085,87.88866850577266,260.75,SA(0.04),-2.587010807416883,0.6347345344599232,0.384,0.5054027396404331
KAU086,97.20452708079277,216.8,SA(0.04),-2.665499696406539,0.6217531664575582,0.384,0.489
KAU087,112.30367162788814,276.11,SA(0.04),-2.929192109013052,0.6421496286219732,0.384,0.5146845106852723
KAU088,109.55444596649576,227.46,SA(0.04),-2.835793051607401,0.6234411296809058,0.384,0.49114442089654653
NCU,80.12485352707097,466.16,SA(0.04),-2.6529580868583453,0.647222527420052,0.384,0.521
NSK,54.44362818084044,665.2,SA(0.04),-2.3589352549240767,0.647222527420052,0.384,0.521
NST,37.69344643353157,491.08,SA(0.04),-1.8957003388409748,0.647222527420052,0.384,0.521
NSY,13.266132208120403,599.64,SA(0.04),-1.2064529080793647,0.647222527420052,0.384,0.521
PNG,110.99680090093074,465.86,SA(0.04),-3.1019236180512184,0.6488173399269134,0.384,0.5229798663331466
SGL,92.0610507119136,295.66,SA(0.04),-2.6785176068792538,0.6459184244286225,0.384,0.5193790629360737
SSD,83.90579878637689,535.13,SA(0.04),-2.7662069335711013,0.647222527420052,0.384,0.521
STY,36.30659128926287,665.2,SA(0.04),-1.9758148366188781,0.647222527420052,0.384,0.521
TAI1,77.88051206740859,160.67,SA(0.04),-2.359525283374402,0.6217531664575582,0.384,0.489
TAP,97.57479476913649,235.82,SA(0.04),-2.691556704297807,0.6258704619442778,0.384,0.49422447848558015
TAP003,100.68408621704089,212.39,SA(0.04),-2.7048963673328545,0.6217531664575582,0.384,0.489
TAP005,104.72671936962091,179.84,SA(0.04),-2.71339460501547,0.6217531664575582,0.384,0.489
TAP006,103.44244641268561,184.77,SA(0.04),-2.704451254347398,0.6217531664575582,0.384,0.489
TAP007,101.43266755568051,207.39,SA(0.04),-2.7083488356049727,0.6217531664575582,0.384,0.489
TAP008,102.106935450927,194.14,SA(0.04),-2.700248219401571,0.6217531664575582,0.384,0.489
TAP010,99.18240466204462,226.38,SA(0.04),-2.7019330429031845,0.6222882372539336,0.384,0.48968015093998646
TAP012,99.38192577501383,207.99,SA(0.04),-2.683099943210096,0.6217531664575582,0.384,0.489
TAP013,100.10685750816579,205.11,SA(0.04),-2.688826239238945,0.6217531664575582,0.384,0.489
TAP014,100.88062892041134,188.98,SA(0.04),-2.678409914452496,0.6217531664575582,0.384,0.489
TAP017,97.06284759654471,217.83,SA(0.04),-2.6648419843274773,0.6217531664575582,0.384,0.489
TAP020,98.24321010771999,218.5,SA(0.04),-2.6808158742726578,0.6217531664575582,0.384,0.489
TAP021,98.78987370675111,167.18,SA(0.04),-2.6239289644090382,0.6217531664575582,0.384,0.489
TAP024,94.16513508407085,194.98,SA(0.04),-2.6016264099665625,0.6217531664575582,0.384,0.489
TAP026,95.11515375612561,194.28,SA(0.04),-2.6128262031834852,0.6217531664575582,0.384,0.489
TAP028,93.9908923717751,287.94,SA(0.04),-2.697630797816238,0.6435543312381496,0.384,0.5164360340404047
TAP032,92.43134740325831,308.88,SA(0.04),-2.696460184481474,0.647222527420052,0.384,0.521
TAP034,89.83433004146535,538.69,SA(0.04),-2.8590198737792982,0.647222527420052,0.384,0.521
TAP035,86.90121805752756,438.13,SA(0.04),-2.7329612110922343,0.647222527420052,0.384,0.521
TAP036,85.37932726460579,671.52,SA(0.04),-2.8878820955388043,0.647222527420052,0.384,0.521
TAP041,110.1973331135058,363.56,SA(0.04),-2.9947635742492937,0.648351907934637,0.384,0.5224023320415827
TAP042,104.9552728107,375.85,SA(0.04),-2.935365364412765,0.647222527420052,0.384,0.521
TAP043,89.4118520729743,388.16,SA(0.04),-2.7266111858560977,0.647222527420052,0.384,0.521
TAP046,115.78653715062438,816.9,SA(0.04),-3.422889891894032,0.6515410737758712,0.384,0.5263551755393076
TAP047,83.57706282792414,403.2,SA(0.04),-2.6532503341734297,0.647222527420052,0.384,0.521
TAP049,106.91325241516951,573.04,SA(0.04),-3.133603398359685,0.647222527420052,0.384,0.521
TAP051,101.9565712601721,403.17,SA(0.04),-2.919569575118942,0.647222527420052,0.384,0.521
TAP052,98.45159727452007,433.88,SA(0.04),-2.8978675240172356,0.647222527420052,0.384,0.521
TAP053,89.58804931467594,538.69,SA(0.04),-2.855326511247389,0.647222527420052,0.384,0.521
TAP059,116.80550462432304,456.18,SA(0.04),-3.172461476425,0.6521067319731557,0.384,0.5270552057277389
TAP060,118.66399781657233,631.27,SA(0.04),-3.340089376439396,0.6531264993930337,0.384,0.5283164053949095
TAP065,119.99410946299658,1023.45,SA(0.04),-3.5911678132195717,0.6538470891515247,0.384,0.5292069689563071
TAP066,113.4447433714641,662.78,SA(0.04),-3.290837382186529,0.6502229960403152,0.384,0.5247227311444052
TAP067,94.52727846597533,807.68,SA(0.04),-3.1135506566363222,0.647222527420052,0.384,0.521
TAP069,121.00337555659135,671.52,SA(0.04),-3.4005250962254943,0.6543888257929861,0.384,0.5298761509284251
TAP072,98.93978998677024,671.52,SA(0.04),-3.0909928989622455,0.647222527420052,0.384,0.521
TAP075,106.57618482473356,856.38,SA(0.04),-3.3171837911537256,0.647222527420052,0.384,0.521
TAP077,116.41922097699462,1022.77,SA(0.04),-3.5418828474868795,0.651892847011531,0.384,0.5267905503943664
TAP078,117.39734495900295,671.52,SA(0.04),-3.351376099109094,0.6524331370526577,0.384,0.5274590015578198
TAP079,116.753401395702,631.27,SA(0.04),-3.313975204302948,0.6520779215881652,0.384,0.5270195592411551
TAP081,121.29971223615415,671.52,SA(0.04),-3.4045421624107504,0.6545470748993958,0.384,0.5300715737137347
TAP083,120.4030055039095,435.22,SA(0.04),-3.2014442711867566,0.6540670879984306,0.384,0.5294787584056104
TAP084,121.36524046357977,224.22,SA(0.04),-2.9788509315757206,0.6289469587341591,0.384,0.49811472263018686
TAP086,91.22887499302155,887.68,SA(0.04),-3.110544104002913,0.647222527420052,0.384,0.521
TAP087,101.35539844310355,573.04,SA(0.04),-3.054564895199296,0.647222527420052,0.384,0.521
TAP090,102.87317683111068,324.38,SA(0.04),-2.855880674553134,0.647222527420052,0.384,0.521
TAP094,107.25914541313247,416.34,SA(0.04),-3.0055004091587696,0.647222527420052,0.384,0.521
TAP095,107.12641066652922,206.24,SA(0.04),-2.7783331793576673,0.6217531664575582,0.384,0.489
TAP097,96.51825643410405,237.23,SA(0.04),-2.6792252981496856,0.6263942190068336,0.384,0.4948875807748472
TAP098,105.37088822706724,538.69,SA(0.04),-3.0848041676099602,0.647222527420052,0.384,0.521
TAP100,97.58816975352646,236.32,SA(0.04),-2.692281125768035,0.6260565186365182,0.384,0.49446007374435913
TAP103,113.41800752596221,429.49,SA(0.04),-3.1020584221303977,0.6502077995223761,0.384,0.5247038998899574
TAW,121.70169460957298,481.92,SA(0.04),-3.2613336946268165,0.654761155849029,0.384,0.5303359041294079
TCU,5.925686184729008,472.81,SA(0.04),-0.7487252330959426,0.647222527420052,0.384,0.521
TCU003,85.87715173895934,517.33,SA(0.04),-2.78245928561143,0.647222527420052,0.384,0.521
TCU006,72.13607981372333,607.4,SA(0.04),-2.632089218137511,0.647222527420052,0.384,0.521
TCU007,88.25765016718297,463.88,SA(0.04),-2.774925467816348,0.647222527420052,0.384,0.521
TCU008,84.7584785592634,441.58,SA(0.04),-2.7036616142271437,0.647222527420052,0.384,0.521
TCU009,81.06016716272919,460.1,SA(0.04),-2.6625104040743026,0.647222527420052,0.384,0.521
TCU010,81.66395774542653,446.15,SA(0.04),-2.660337201728834,0.647222527420052,0.384,0.521
TCU011,75.01788257873356,471.07,SA(0.04),-2.576445069521327,0.647222527420052,0.384,0.521
TCU014,93.13780925514129,496.47,SA(0.04),-2.8742679771649042,0.647222527420052,0.384,0.521
TCU015,49.226738245658176,426.0,SA(0.04),-2.0937699613457683,0.647222527420052,0.384,0.521
TCU017,53.6114321384972,558.76,SA(0.04),-2.270807689117335,0.647222527420052,0.384,0.521
TCU018,65.56957606032032,573.04,SA(0.04),-2.4967695808128525,0.647222527420052,0.384,0.521
TCU025,54.234234021714876,665.2,SA(0.04),-2.3549496907268366,0.647222527420052,0.384,0.521
TCU026,55.62700868478751,569.98,SA(0.04),-2.316607853500303,0.647222527420052,0.384,0.521
TCU029,27.888704202439943,406.53,SA(0.04),-1.6078040695082811,0.647222527420052,0.384,0.521
TCU031,30.150489096699733,489.22,SA(0.04),-1.7112850870092624,0.647222527420052,0.384,0.521
TCU033,40.407957354293515,423.4,SA(0.04),-1.9132135621839512,0.647222527420052,0.384,0.521
TCU034,35.21032855799544,393.77,SA(0.04),-1.7815097942391949,0.647222527420052,0.384,0.521
TCU036,19.69497692844362,478.07,SA(0.04),-1.3956413236825012,0.647222527420052,0.384,0.521
TCU038,25.337701564906876,297.86,SA(0.04),-1.514950585739852,0.6465816861947636,0.384,0.5202036879170157
TCU039,19.70361874696014,540.66,SA(0.04),-1.4289205867120132,0.647222527420052,0.384,0.521
TCU040,22.119793842654797,362.03,SA(0.04),-1.4308620314234992,0.647222527420052,0.384,0.521
TCU042,25.981864142619745,578.98,SA(0.04),-1.6507714228868813,0.647222527420052,0.384,0.521
TCU045,25.36660567229542,704.64,SA(0.04),-1.7090875458369392,0.647222527420052,0.384,0.521
TCU046,16.246784143589178,465.55,SA(0.04),-1.2647409861950805,0.647222527420052,0.384,0.521
TCU047,34.3572926348812,520.37,SA(0.04),-1.836073415903212,0.647222527420052,0.384,0.521
TCU048,14.285234596515949,551.21,SA(0.04),-1.2255745663918995,0.647222527420052,0.384,0.521
TCU049,4.526216687379779,487.27,SA(0.04),-0.6591781534517843,0.647222527420052,0.384,0.521
TCU050,10.250155362613157,542.41,SA(0.04),-1.029129312428871,0.647222527420052,0.384,0.521
TCU051,8.397313881220667,350.06,SA(0.04),-0.8973085848186327,0.647222527420052,0.384,0.521
TCU052,0.0,579.1,SA(0.04),-0.474076950003203,0.647222527420052,0.384,0.521
TCU053,6.715593029398085,454.55,SA(0.04),-0.795117017573853,0.647222527420052,0.384,0.521
TCU054,6.044907731784745,460.69,SA(0.04),-0.7538760531902357,0.647222527420052,0.384,0.521
TCU055,7.10204372503239,359.13,SA(0.04),-0.8229834681608528,0.647222527420052,0.384,0.521
TCU056,11.23595041250864,403.2,SA(0.04),-1.033580780247283,0.647222527420052,0.384,0.521
TCU057,12.582859253355823,555.23,SA(0.04),-1.151236035738774,0.647222527420052,0.384,0.521
TCU059,17.768696653120717,272.67,SA(0.04),-1.3096915956487534,0.6387006763019647,0.384,0.5103749150463677
TCU060,9.270501399529332,375.42,SA(0.04),-0.9368340632297066,0.647222527420052,0.384,0.521
TCU061,17.663329909143975,379.64,SA(0.04),-1.290409886333572,0.647222527420052,0.384,0.521
TCU063,10.251512284681757,476.14,SA(0.04),-1.0018482697158757,0.647222527420052,0.384,0.521
TCU064,17.05105449248675,645.72,SA(0.04),-1.391827669508446,0.647222527420052,0.384,0.521
TCU065,1.288045085418703,305.85,SA(0.04),-0.5475033153281892,0.647222527420052,0.384,0.521
TCU067,1.288712791017711,433.63,SA(0.04),-0.468004316693079,0.647222527420052,0.384,0.521
TCU068,0.0,487.34,SA(0.04),-0.44668050063364745,0.647222527420052,0.384,0.521
TCU070,19.75113627608807,401.26,SA(0.04),-1.3664490426748346,0.647222527420052,0.384,0.521
TCU071,0.0,624.85,SA(0.04),-0.4939455008362616,0.647222527420052,0.384,0.521
TCU072,0.0,468.14,SA(0.04),-0.44431738266970094,0.647222527420052,0.384,0.521
TCU074,0.0,549.43,SA(0.04),-0.4629504701703584,0.647222527420052,0.384,0.521
TCU075,1.6063613522010625,573.02,SA(0.04),-0.5092792455090629,0.647222527420052,0.384,0.521
TCU076,3.5054162229935133,614.98,SA(0.04),-0.6384667569566621,0.647222527420052,0.384,0.521
TCU078,0.0,443.04,SA(0.04),-0.44377964543218645,0.647222527420052,0.384,0.521
TCU079,0.0,363.99,SA(0.04),-0.4687686613367939,0.647222527420052,0.384,0.521
TCU081,54.870046821119146,430.47,SA(0.04),-2.202738554935553,0.647222527420052,0.384,0.521
TCU082,5.925686184729008,472.81,SA(0.04),-0.7487252330959426,0.647222527420052,0.384,0.521
TCU083,79.97899565103198,354.63,SA(0.04),-2.5573507408232583,0.647222527420052,0.384,0.521
TCU084,0.0,665.2,SA(0.04),-0.5132707023240938,0.647222527420052,0.384,0.521
TCU085,54.44362818084044,999.66,SA(0.04),-2.553009272252784,0.647222527420052,0.384,0.521
TCU087,7.054896464891636,538.69,SA(0.04),-0.84309418082132,0.647222527420052,0.384,0.521
TCU088,3.997697831489502,665.2,SA(0.04),-0.6970775763795092,0.647222527420052,0.384,0.521
TCU089,0.0,671.52,SA(0.04),-0.5164009485929447,0.647222527420052,0.384,0.521
TCU092,88.45294085502088,422.28,SA(0.04),-2.742467485003005,0.647222527420052,0.384,0.521
TCU094,53.92101623044264,589.85,SA(0.04),-2.2983119481121026,0.647222527420052,0.384,0.521
TCU095,44.56466924675996,446.63,SA(0.04),-2.0149747637104434,0.647222527420052,0.384,0.521
TCU096,53.85469792017198,454.58,SA(0.04),-2.2012382675645217,0.647222527420052,0.384,0.521
TCU098,47.1372515839405,346.56,SA(0.04),-2.003780796845324,0.647222527420052,0.384,0.521
TCU100,12.131987127300425,535.13,SA(0.04),-1.1199447109464042,0.647222527420052,0.384,0.521
TCU101,2.7227148767639835,389.41,SA(0.04),-0.5454806039605989,0.647222527420052,0.384,0.521
TCU102,1.9561078435847996,714.27,SA(0.04),-0.5932571512141187,0.647222527420052,0.384,0.521
TCU103,6.53081647788816,494.1,SA(0.04),-0.7934399803321286,0.647222527420052,0.384,0.521
TCU104,13.594790434615204,410.45,SA(0.04),-1.1399872434514555,0.647222527420052,0.384,0.521
TCU105,17.906371449005963,575.54,SA(0.04),-1.3838824816801418,0.647222527420052,0.384,0.521
TCU106,15.667606274650094,451.37,SA(0.04),-1.236516262918153,0.647222527420052,0.384,0.521
TCU107,16.69303155356926,409.0,SA(0.04),-1.261954530449659,0.647222527420052,0.384,0.521
TCU109,13.733866280340548,535.13,SA(0.04),-1.1933052777186268,0.647222527420052,0.384,0.521
TCU110,12.33231611318905,212.72,SA(0.04),-1.2015125285543273,0.6217531664575582,0.384,0.489
TCU111,22.748356973666922,237.53,SA(0.04),-1.468984587791721,0.6265052889007536,0.384,0.4950281578058129
TCU112,28.176599312968115,190.54,SA(0.04),-1.6243324147574243,0.6217531664575582,0.384,0.489
TCU113,31.861769932340707,230.3,SA(0.04),-1.676102438919025,0.6237920521648934,0.384,0.4915897927582398
TCU115,22.514549191288978,215.34,SA(0.04),-1.4806266941849155,0.6217531664575582,0.384,0.489
TCU116,13.140173923202289,493.09,SA(0.04),-1.1472683884162052,0.647222527420052,0.384,0.521
TCU117,26.01588554922865,198.58,SA(0.04),-1.573669958272038,0.6217531664575582,0.384,0.489
TCU118,27.518780758804855,236.19,SA(0.04),-1.5817380453812568,0.6260081785850566,0.384,0.49439886696409424
TCU119,38.703481646934264,221.7,SA(0.04),-1.8087360789374787,0.6217531664575582,0.384,0.489
TCU120,8.108276773791475,459.34,SA(0.04),-0.8797078447851016,0.647222527420052,0.384,0.521
TCU122,10.095651275407166,475.46,SA(0.04),-0.9935311278470971,0.647222527420052,0.384,0.521
TCU123,15.613652840248543,270.22,SA(0.04),-1.2421678572141894,0.6378986997227858,0.384,0.509370936654243
TCU128,13.266132208120403,599.64,SA(0.04),-1.2064529080793647,0.647222527420052,0.384,0.521
TCU129,2.5928427595425005,511.18,SA(0.04),-0.5397932240610714,0.647222527420052,0.384,0.521
TCU136,8.865586783874127,462.1,SA(0.04),-0.9233222269103827,0.647222527420052,0.384,0.521
TCU138,10.622750936043827,652.85,SA(0.04),-1.1064304841287473,0.647222527420052,0.384,0.521
TCU140,33.69322383417364,223.6,SA(0.04),-1.7144189340911173,0.6217531664575582,0.384,0.489
TCU141,24.94025634288036,223.04,SA(0.04),-1.530938551991087,0.6217531664575582,0.384,0.489
TCU145,36.03324541347518,240.43,SA(0.04),-1.7570647988437829,0.6275723913538136,0.384,0.49637798741437367
TCU147,71.69733969170538,537.92,SA(0.04),-2.5741517413229555,0.647222527420052,0.384,0.521
TTN,80.89836518095754,298.72,SA(0.04),-2.522616531400802,0.6468397306074425,0.384,0.5205243866451492
TTN001,52.32871415831085,484.6,SA(0.04),-2.193956303414433,0.647222527420052,0.384,0.521
TTN002,65.48374155510382,667.36,SA(0.04),-2.5605693168834582,0.647222527420052,0.384,0.521
TTN003,93.04588279899522,506.64,SA(0.04),-2.8812179559445923,0.647222527420052,0.384,0.521
TTN004,63.800897195982024,463.59,SA(0.04),-2.3851554542912954,0.647222527420052,0.384,0.521
TTN005,80.42174430564141,407.59,SA(0.04),-2.609097473827691,0.647222527420052,0.384,0.521
TTN006,78.75895289383541,283.21,SA(0.04),-2.478097480236644,0.6420767789950032,0.384,0.5145936164825581
TTN007,79.64699872902655,282.7,SA(0.04),-2.4905482655462965,0.6419161080815229,0.384,0.5143931276898335
TTN008,80.39083510685596,292.61,SA(0.04),-2.5099138433437655,0.6449913165917672,0.384,0.5182256250696036
TTN009,81.38728178307964,313.96,SA(0.04),-2.543076934487808,0.647222527420052,0.384,0.521
TTN010,81.51829704872269,311.34,SA(0.04),-2.5427020789820993,0.647222527420052,0.384,0.521
TTN012,79.21152525532221,288.3,SA(0.04),-2.489035087506619,0.6436658681081133,0.384,0.5165750185281622
TTN013,78.8943211567126,297.76,SA(0.04),-2.4924878003199136,0.6465516363360133,0.384,0.5201663372891179
TTN014,59.860496924556905,533.97,SA(0.04),-2.368291143354334,0.647222527420052,0.384,0.521
TTN015,80.89836518095754,487.91,SA(0.04),-2.6824971310999817,0.647222527420052,0.384,0.521
TTN016,121.70169460957298,826.15,SA(0.04),-3.5093029367188047,0.654761155849029,0.384,0.5303359041294079
TTN018,71.80853811897417,573.04,SA(0.04),-2.6019688870073927,0.647222527420052,0.384,0.521
TTN020,46.28877454659275,453.71,SA(0.04),-2.054645146306213,0.647222527420052,0.384,0.521
TTN022,49.185819921013895,398.81,SA(0.04),-2.0748701566705825,0.647222527420052,0.384,0.521
TTN023,50.33727239662484,527.54,SA(0.04),-2.185882432120482,0.647222527420052,0.384,0.521
TTN024,56.57309029774128,671.52,SA(0.04),-2.4031663819092715,0.647222527420052,0.384,0.521
TTN025,62.74114520985054,704.96,SA(0.04),-2.5369453702771025,0.647222527420052,0.384,0.521
TTN026,67.49118772791799,573.04,SA(0.04),-2.5296432066983625,0.647222527420052,0.384,0.521
TTN027,73.52976366515371,428.95,SA(0.04),-2.518982793567009,0.647222527420052,0.384,0.521
TTN028,76.01025211793088,616.17,SA(0.04),-2.7016320991811678,0.647222527420052,0.384,0.521
TTN031,51.99314115375424,510.62,SA(0.04),-2.2060015872797907,0.647222527420052,0.384,0.521
TTN032,53.710344896261404,734.26,SA(0.04),-2.3887932987731215,0.647222527420052,0.384,0.521
TTN033,55.55183906772911,670.8,SA(0.04),-2.3835605454666653,0.647222527420052,0.384,0.521
TTN036,77.42687254231797,538.69,SA(0.04),-2.667506797132825,0.647222527420052,0.384,0.521
TTN040,43.69119446366562,728.01,SA(0.04),-2.1818143161307146,0.647222527420052,0.384,0.521
TTN041,40.552465197967734,418.24,SA(0.04),-1.913177044478619,0.647222527420052,0.384,0.521
TTN042,61.854091343505935,845.34,SA(0.04),-2.6076335761189404,0.647222527420052,0.384,0.521
TTN044,55.35974910869786,419.63,SA(0.04),-2.203926837494383,0.647222527420052,0.384,0.521
TTN045,57.72674042183177,539.98,SA(0.04),-2.334062582396336,0.647222527420052,0.384,0.521
TTN046,62.61498206065394,528.12,SA(0.04),-2.4127873864915896,0.647222527420052,0.384,0.521
TTN047,71.2651253374662,573.04,SA(0.04),-2.592975934065434,0.647222527420052,0.384,0.521
TTN048,77.23093425350275,373.54,SA(0.04),-2.531543325063915,0.647222527420052,0.384,0.521
TTN050,87.16780012668326,573.04,SA(0.04),-2.845057831790386,0.647222527420052,0.384,0.521
TTN051,30.788780146750934,665.2,SA(0.04),-1.8374748569406116,0.647222527420052,0.384,0.521
WGK,10.377089824587822,258.89,SA(0.04),-1.0593637110937753,0.6341006654776622,0.384,0.5046064347183992
WNT,2.5928427595425005,511.18,SA(0.04),-0.5397932240610714,0.647222527420052,0.384,0.521
WTC,43.046970143373564,207.69,SA(0.04),-1.8852439875273066,0.6217531664575582,0.384,0.489
ALS,1.4161941004474747,553.43,SA(0.08),-0.1587246248252613,0.716849356559661,0.468,0.543
CHK,59.860496924556905,424.57,SA(0.08),-1.9928623160610233,0.716849356559661,0.468,0.543
CHY002,25.501325041113866,235.13,SA(0.08),-1.2789887021359156,0.7041056673658339,0.468,0.5260615846235935
CHY004,48.07893833473184,271.3,SA(0.08),-1.7173952801263266,0.7115685477437698,0.468,0.5360091399763418
CHY006,10.584628168218677,438.19,SA(0.08),-0.7121938314601168,0.716849356559661,0.468,0.543
CHY008,41.23915234428305,210.73,SA(0.08),-1.594856509177395,0.7018212023015549,0.468,0.523
CHY010,20.625677664506007,538.69,SA(0.08),-1.1255802450812586,0.716849356559661,0.468,0.543
CHY012,59.82694761124689,198.4,SA(0.08),-1.8910323281424075,0.7018212023015549,0.468,0.523
CHY014,33.88066065244789,347.63,SA(0.08),-1.4440499266246263,0.716849356559661,0.468,0.543
CHY015,38.846134725395174,228.66,SA(0.08),-1.5493737217985255,0.70265755455227,0.468,0.5241217787588838
CHY016,67.39311492490651,200.86,SA(0.08),-2.004418315641069,0.7018212023015549,0.468,0.523
CHY017,59.79653364012802,190.57,SA(0.08),-1.8876115990965197,0.7018212023015549,0.468,0.523
CHY019,52.664018987304125,497.53,SA(0.08),-1.8952981319510003,0.716849356559661,0.468,0.543
CHY022,65.23494253909143,564.07,SA(0.08),-2.1696489310469342,0.716849356559661,0.468,0.543
CHY023,82.48037770558093,279.78,SA(0.08),-2.280013535627642,0.713181762166184,0.468,0.5381488882144637
CHY024,10.382141776489679,427.73,SA(0.08),-0.7038919785629587,0.716849356559661,0.468,0.543
CHY025,19.821814137857874,277.5,SA(0.08),-1.1094298670635627,0.7127526070357327,0.468,0.5375800208678087
CHY026,30.117763879363363,226.01,SA(0.08),-1.382627481305004,0.702053270585301,0.468,0.5233113745558353
CHY027,42.57072697901259,210.01,SA(0.08),-1.6178086813590786,0.7018212023015549,0.468,0.523
CHY028,3.8142382458599347,542.61,SA(0.08),-0.30284551249753644,0.716849356559661,0.468,0.543
CHY029,11.753982902131465,544.74,SA(0.08),-0.776336073457249,0.716849356559661,0.468,0.543
CHY032,36.20970428039942,192.71,SA(0.08),-1.5124954408149862,0.7018212023015549,0.468,0.523
CHY033,44.61021757313737,197.63,SA(0.08),-1.6529816497946421,0.7018212023015549,0.468,0.523
CHY034,15.55529098089055,378.75,SA(0.08),-0.9301264999339094,0.716849356559661,0.468,0.543
CHY035,13.30281463096492,573.04,SA(0.08),-0.8551237962625561,0.716849356559661,0.468,0.543
CHY036,16.834009871697,233.14,SA(0.08),-1.0665317165433974,0.7036643028034325,0.468,0.5254706947488516
CHY039,32.68412498523498,201.21,SA(0.08),-1.4453062740591547,0.7018212023015549,0.468,0.523
CHY041,20.07183164813607,492.26,SA(0.08),-1.0936304117783642,0.716849356559661,0.468,0.543
CHY042,28.16777357328532,665.2,SA(0.08),-1.4091375947384148,0.716849356559661,0.468,0.543
CHY044,55.933003322544856,194.47,SA(0.08),-1.830877659793571,0.7018212023015549,0.468,0.523
CHY046,24.876384312874173,442.15,SA(0.08),-1.2307184156346829,0.716849356559661,0.468,0.543
CHY047,24.927795876688105,169.52,SA(0.08),-1.326355929631895,0.7018212023015549,0.468,0.523
CHY050,45.48094043081733,538.93,SA(0.08),-1.769519186348941,0.716849356559661,0.468,0.543
CHY052,40.52523944488567,573.04,SA(0.08),-1.6773311560073891,0.716849356559661,0.468,0.543
CHY054,49.228155688795745,172.1,SA(0.08),-1.7254007009557335,0.7018212023015549,0.468,0.523
CHY055,55.04100932988003,225.77,SA(0.08),-1.825307146010449,0.7019982141662953,0.468,0.5232375107851766
CHY057,58.30189007907089,411.46,SA(0.08),-1.957523517235187,0.716849356559661,0.468,0.543
CHY058,60.47926509005612,269.28,SA(0.08),-1.9287817517244923,0.7111772521554144,0.468,0.53548957411263
CHY059,74.0105222831666,191.09,SA(0.08),-2.093530638768927,0.7018212023015549,0.468,0.523
CHY060,69.53930995385498,228.92,SA(0.08),-2.0518427556460765,0.7027164872821191,0.468,0.5242007835725931
CHY061,59.2181211902229,538.69,SA(0.08),-2.0438469202587677,0.716849356559661,0.468,0.543
CHY062,59.70708366780761,602.63,SA(0.08),-2.08877824415328,0.716849356559661,0.468,0.543
CHY063,73.64708029924377,246.88,SA(0.08),-2.1245035366001104,0.7066421353294698,0.468,0.5294517045236447
CHY065,84.65037829276163,250.0,SA(0.08),-2.2904335543254444,0.70751121984536,0.468,0.5306110875274558
CHY066,90.36922111828896,211.97,SA(0.08),-2.3404726742019344,0.7048413375426736,0.468,0.5270458339736167
CHY067,84.21459469490114,227.97,SA(0.08),-2.26700062482552,0.7025008498480494,0.468,0.5239116757977738
CHY069,86.69064381036402,224.42,SA(0.08),-2.299542195671539,0.7030560759772593,0.468,0.5246559310334171
CHY070,84.43554371983527,265.45,SA(0.08),-2.298885629244928,0.7105331329939092,0.468,0.5346338308432607
CHY071,79.42270364079795,202.95,SA(0.08),-2.178966522160337,0.7018212023015549,0.468,0.523
CHY074,1.4161941004474747,553.43,SA(0.08),-0.1587246248252613,0.716849356559661,0.468,0.543
CHY076,42.877573217177414,169.84,SA(0.08),-1.6285795043097995,0.7018212023015549,0.468,0.523
CHY078,77.88051206740859,160.67,SA(0.08),-2.1221515806413644,0.7018212023015549,0.468,0.523
CHY079,50.02855021100604,573.04,SA(0.08),-1.882094525455662,0.716849356559661,0.468,0.543
CHY080,0.8203047792534108,496.21,SA(0.08),-0.14235684431179668,0.716849356559661,0.468,0.543
CHY081,43.161132192340126,573.04,SA(0.08),-1.736345435505978,0.716849356559661,0.468,0.543
CHY082,36.690687042494744,193.69,SA(0.08),-1.5204787589204112,0.7018212023015549,0.468,0.523
CHY086,28.265165300477857,665.2,SA(0.08),-1.411896187174331,0.716849356559661,0.468,0.543
CHY087,29.477616972892374,505.2,SA(0.08),-1.3766308071162945,0.716849356559661,0.468,0.543
CHY088,38.16580800828477,318.52,SA(0.08),-1.5336460267195666,0.716849356559661,0.468,0.543
CHY090,59.17740188206011,180.33,SA(0.08),-1.8745930504228103,0.7018212023015549,0.468,0.523
CHY092,23.43718943402428,253.72,SA(0.08),-1.2186528910988548,0.7080667823308056,0.468,0.5313516427379333
CHY093,50.52955404993735,190.49,SA(0.08),-1.7470896570328989,0.7018212023015549,0.468,0.523
CHY094,37.568596955239634,221.92,SA(0.08),-1.5273976137922565,0.7018212023015549,0.468,0.523
CHY096,83.07046778565815,293.61,SA(0.08),-2.2987489790677333,0.7157162260239022,0.468,0.5415032005389233
CHY099,65.94429160338161,228.84,SA(0.08),-1.9972100289436694,0.7026983608469777,0.468,0.5241764839603444
CHY100,54.13764361475702,230.11,SA(0.08),-1.8118289523536313,0.7029854163690732,0.468,0.5245612410649487
CHY101,10.377089824587822,258.89,SA(0.08),-0.8229881317651392,0.709119769599225,0.468,0.5327540216989994
CHY102,36.74554656205193,804.36,SA(0.08),-1.7055214901321007,0.716849356559661,0.468,0.543
CHY104,18.6621650225021,223.24,SA(0.08),-1.1267377154891842,0.7018212023015549,0.468,0.523
CHY107,51.35844504410688,175.68,SA(0.08),-1.7577691749845537,0.7018212023015549,0.468,0.523
CHY109,43.43968322952119,573.04,SA(0.08),-1.7424725365225144,0.716849356559661,0.468,0.543
CHY110,43.43968322952119,573.04,SA(0.08),-1.7424725365225144,0.716849356559661,0.468,0.543
CHY116,82.01615041444819,195.38,SA(0.08),-2.209291196361589,0.7018212023015549,0.468,0.523
ENA,62.873379868223246,665.2,SA(0.08),-2.183005694448127,0.716849356559661,0.468,0.543
ESL,39.13327017283541,493.29,SA(0.08),-1.6084186205367437,0.716849356559661,0.468,0.543
HEN,161.91718007019477,204.23,SA(0.08),-3.27716184249685,0.7302586866334582,0.468,0.5605834009347969
HSN,54.870046821119146,321.49,SA(0.08),-1.8537761893544444,0.716849356559661,0.468,0.543
HWA,51.21900426141601,260.38,SA(0.08),-1.7702051238926226,0.7094195611294357,0.468,0.5331529927826357
HWA002,52.86279146401041,789.18,SA(0.08),-2.054860607412682,0.716849356559661,0.468,0.543
HWA003,51.681142290885134,1525.85,SA(0.08),-2.3173449231102223,0.716849356559661,0.468,0.543
HWA005,44.28231958384142,459.32,SA(0.08),-1.7060699721949184,0.716849356559661,0.468,0.543
HWA006,45.003181958498374,559.11,SA(0.08),-1.7694430636818537,0.716849356559661,0.468,0.543
HWA007,51.95325392386305,358.72,SA(0.08),-1.815462109945429,0.716849356559661,0.468,0.543
HWA009,51.693536462196626,373.23,SA(0.08),-1.8166054822809259,0.716849356559661,0.468,0.543
HWA011,48.624839989886404,355.76,SA(0.08),-1.751327365945075,0.716849356559661,0.468,0.543
HWA012,52.325257559135075,414.42,SA(0.08),-1.8470970641774085,0.716849356559661,0.468,0.543
HWA013,49.86104964362179,330.55,SA(0.08),-1.7658729675850227,0.716849356559661,0.468,0.543
HWA014,50.84490694090048,277.28,SA(0.08),-1.7678307660102393,0.7127110213562133,0.468,0.5375248831101838
HWA015,46.42594132137962,453.05,SA(0.08),-1.7478921070041162,0.716849356559661,0.468,0.543
HWA016,47.585145300823704,576.55,SA(0.08),-1.833253205709193,0.716849356559661,0.468,0.543
HWA017,46.470164794363036,578.11,SA(0.08),-1.8105048143101292,0.716849356559661,0.468,0.543
HWA019,51.21900426141601,494.82,SA(0.08),-1.8652865452358345,0.716849356559661,0.468,0.543
HWA020,39.13327017283541,626.43,SA(0.08),-1.671518436681778,0.716849356559661,0.468,0.543
HWA022,57.87400521195273,567.64,SA(0.08),-2.034406357111833,0.716849356559661,0.468,0.543
HWA023,46.40755022060307,671.52,SA(0.08),-1.8574499641385962,0.716849356559661,0.468,0.543
HWA024,37.730568431531545,671.52,SA(0.08),-1.660577477521435,0.716849356559661,0.468,0.543
HWA025,49.13348906562234,494.32,SA(0.08),-1.823100181084979,0.716849356559661,0.468,0.543
HWA026,47.22466473181171,457.49,SA(0.08),-1.7663229759367716,0.716849356559661,0.468,0.543
HWA027,46.98782360511372,437.8,SA(0.08),-1.7524834513940137,0.716849356559661,0.468,0.543
HWA028,49.35236603416438,406.7,SA(0.08),-1.7859382024262507,0.716849356559661,0.468,0.543
HWA029,49.89682984159387,614.05,SA(0.08),-1.9010440345066142,0.716849356559661,0.468,0.543
HWA030,41.84995449814051,592.18,SA(0.08),-1.7167508310540809,0.716849356559661,0.468,0.543
HWA031,46.78495170006793,602.29,SA(0.08),-1.8296943814256388,0.716849356559661,0.468,0.543
HWA032,42.76449413301876,573.04,SA(0.08),-1.7275860216474959,0.716849356559661,0.468,0.543
HWA033,49.52391460805984,395.57,SA(0.08),-1.7844820293428818,0.716849356559661,0.468,0.543
HWA034,38.72259961355784,379.18,SA(0.08),-1.5574540739224907,0.716849356559661,0.468,0.543
HWA035,43.48814803424615,677.49,SA(0.08),-1.7965651604480093,0.716849356559661,0.468,0.543
HWA036,38.18727859247192,503.04,SA(0.08),-1.5910256239309457,0.716849356559661,0.468,0.543
HWA037,40.93079012119635,469.64,SA(0.08),-1.6383743533147956,0.716849356559661,0.468,0.543
HWA038,36.825205396811654,642.73,SA(0.08),-1.624589605088999,0.716849356559661,0.468,0.543
HWA039,40.700555517327686,459.67,SA(0.08),-1.6290867769851551,0.716849356559661,0.468,0.543
HWA041,43.12948213944211,484.97,SA(0.08),-1.6930885342769573,0.716849356559661,0.468,0.543
HWA043,53.91152534737503,543.06,SA(0.08),-1.9440631957687569,0.716849356559661,0.468,0.543
HWA044,55.24919369711087,534.41,SA(0.08),-1.9655373547052704,0.716849356559661,0.468,0.543
HWA045,59.28500884807053,484.45,SA(0.08),-2.0149158716515077,0.716849356559661,0.468,0.543
HWA046,47.0109436592865,617.52,SA(0.08),-1.8424059663722179,0.716849356559661,0.468,0.543
HWA048,46.686257749108556,345.89,SA(0.08),-1.7105669636213467,0.716849356559661,0.468,0.543
HWA049,46.005462055816764,508.61,SA(0.08),-1.7655717818177883,0.716849356559661,0.468,0.543
HWA050,48.71376858358703,313.9,SA(0.08),-1.7392834289861894,0.716849356559661,0.468,0.543
HWA051,48.90932890375484,440.5,SA(0.08),-1.7924495304920522,0.716849356559661,0.468,0.543
HWA053,35.85961696778292,843.24,SA(0.08),-1.7048772754882682,0.716849356559661,0.468,0.543
HWA054,37.40217869643352,452.83,SA(0.08),-1.5523289502750783,0.716849356559661,0.468,0.543
HWA055,42.55353726386162,369.75,SA(0.08),-1.6355328160393072,0.716849356559661,0.468,0.543
HWA056,35.11011081738172,511.3,SA(0.08),-1.521883907204449,0.716849356559661,0.468,0.543
HWA057,45.69143972650157,671.52,SA(0.08),-1.8419643623719528,0.716849356559661,0.468,0.543
HWA058,40.62633470498356,529.54,SA(0.08),-1.6586881924904584,0.716849356559661,0.468,0.543
HWA059,44.12500056155976,208.56,SA(0.08),-1.6442370521263647,0.7018212023015549,0.468,0.523
HWA060,53.13246936736276,573.04,SA(0.08),-1.9447873723938895,0.716849356559661,0.468,0.543
HWA2,51.21900426141601,260.38,SA(0.08),-1.7702051238926226,0.7094195611294357,0.468,0.5331529927826357
ILA001,100.32579879811699,909.09,SA(0.08),-2.9526784627912996,0.7244967297334717,0.468,0.5530565173601113
ILA002,94.59735635282492,219.78,SA(0.08),-2.4067229460517687,0.7068097782987302,0.468,0.5296754314660065
ILA003,89.71025798681,263.82,SA(0.08),-2.3752832148151413,0.7128358698402558,0.468,0.5376904103021682
ILA004,85.68227612519946,124.27,SA(0.08),-2.178912620362357,0.7025541103718346,0.468,0.52398308942213
ILA005,83.93724100214038,239.33,SA(0.08),-2.271852976620437,0.7050257590011786,0.468,0.5272924433890438
ILA006,81.73646560218842,279.41,SA(0.08),-2.26851132104379,0.7131123435719212,0.468,0.5380568878423896
ILA007,80.69578779842172,496.27,SA(0.08),-2.3963940827064167,0.716849356559661,0.468,0.543
ILA008,81.47670604637591,299.28,SA(0.08),-2.278359584274427,0.7167228265432563,0.468,0.5428329486021961
ILA010,76.69526258688926,573.04,SA(0.08),-2.3766907688965935,0.716849356559661,0.468,0.543
ILA012,84.97633852037546,259.21,SA(0.08),-2.3022148986147255,0.7095655394082777,0.468,0.5333472177819625
ILA013,80.79219336584667,199.48,SA(0.08),-2.195543484421826,0.7018212023015549,0.468,0.523
ILA014,77.22854612692028,300.77,SA(0.08),-2.213626180005125,0.716849356559661,0.468,0.543
ILA015,82.13530668263718,782.59,SA(0.08),-2.5889967363995545,0.716849356559661,0.468,0.543
ILA016,79.00488080472547,271.1,SA(0.08),-2.2214044668528774,0.7115299284796817,0.468,0.5359578706599064
ILA021,73.37025333724408,573.04,SA(0.08),-2.3194146328271197,0.716849356559661,0.468,0.543
ILA024,63.905677437896436,671.52,SA(0.08),-2.2057019875547152,0.716849356559661,0.468,0.543
ILA027,79.85541389401519,215.0,SA(0.08),-2.1943390788946497,0.7018212023015549,0.468,0.523
ILA030,82.3256976649756,200.98,SA(0.08),-2.218310014503588,0.7018212023015549,0.468,0.523
ILA031,79.91880061031861,649.25,SA(0.08),-2.4766598529828805,0.716849356559661,0.468,0.543
ILA032,80.85387012515656,295.48,SA(0.08),-2.2661935276365606,0.7160502244409697,0.468,0.5419445764300653
ILA035,90.36427205527093,293.01,SA(0.08),-2.407929989748977,0.7186718058826654,0.468,0.545403671211197
ILA036,86.82049562802443,181.0,SA(0.08),-2.262174075193018,0.7031203120771234,0.468,0.5247420063759252
ILA037,80.78973050748425,210.17,SA(0.08),-2.203994229819346,0.7018212023015549,0.468,0.523
ILA039,82.8521449790845,227.18,SA(0.08),-2.246762560585854,0.7023208852878003,0.468,0.5236703408743325
ILA041,84.73034922213995,196.88,SA(0.08),-2.2483558943440816,0.7020750573286082,0.468,0.5233406024024588
ILA042,82.3771642362468,209.36,SA(0.08),-2.2258964338641962,0.7018212023015549,0.468,0.523
ILA043,73.59360548094307,573.04,SA(0.08),-2.323292744438405,0.716849356559661,0.468,0.543
ILA044,77.06965074914221,158.13,SA(0.08),-2.1089543890301243,0.7018212023015549,0.468,0.523
ILA046,76.13596032679268,396.93,SA(0.08),-2.2575044828455493,0.716849356559661,0.468,0.543
ILA048,85.75930654633606,199.59,SA(0.08),-2.265058355396279,0.7025926538706887,0.468,0.5240347672369242
ILA049,84.760058063251,190.0,SA(0.08),-2.2425850225402977,0.7020900853983545,0.468,0.5233607627771388
ILA050,62.873379868223246,621.06,SA(0.08),-2.1585640496374077,0.716849356559661,0.468,0.543
ILA051,75.56089930762045,520.64,SA(0.08),-2.3254041897309663,0.716849356559661,0.468,0.543
ILA052,81.78471706968831,612.47,SA(0.08),-2.486472877595278,0.716849356559661,0.468,0.543
ILA054,113.35010901766988,677.3,SA(0.08),-3.0256666430103913,0.7298691383540731,0.468,0.5600758512217046
ILA055,87.12024211451396,266.77,SA(0.08),-2.3395989878537096,0.7121484410331276,0.468,0.5367787272851953
ILA056,88.90801796032743,223.71,SA(0.08),-2.330418105976707,0.7041406254629484,0.468,0.5261083732724202
ILA059,83.0273848736504,236.84,SA(0.08),-2.2567131239941505,0.7044821295582836,0.468,0.5265653528926626
ILA061,75.00437617019124,497.73,SA(0.08),-2.301798126441923,0.716849356559661,0.468,0.543
ILA062,69.48117755891323,447.51,SA(0.08),-2.1764134608732446,0.716849356559661,0.468,0.543
ILA063,56.835893761279905,996.51,SA(0.08),-2.2393818188078902,0.716849356559661,0.468,0.543
ILA064,68.55136664578527,488.61,SA(0.08),-2.1847377763183187,0.716849356559661,0.468,0.543
ILA066,66.49258937947188,481.17,SA(0.08),-2.1439899130054876,0.716849356559661,0.468,0.543
ILA067,32.41826640052877,665.2,SA(0.08),-1.5246758902874062,0.716849356559661,0.468,0.543
KAU001,43.56273242838097,573.04,SA(0.08),-1.7451728167878409,0.716849356559661,0.468,0.543
KAU003,114.10838110057877,913.77,SA(0.08),-3.1675955683836103,0.7301634080024259,0.468,0.5604592780797878
KAU006,113.9931054858574,218.49,SA(0.08),-2.670783925095227,0.7148827915205128,0.468,0.5404011524896677
KAU007,106.54348341055326,290.86,SA(0.08),-2.6414813787575953,0.7254949083681541,0.468,0.5543634746879671
KAU008,107.63866034807238,285.94,SA(0.08),-2.65255787871425,0.7250381301621246,0.468,0.5537655552569064
KAU010,98.9310789023779,215.36,SA(0.08),-2.4623601779631286,0.7087422613971247,0.468,0.5322514378471046
KAU011,102.67230838982609,155.32,SA(0.08),-2.4398449780038267,0.7103467314464816,0.468,0.5343860766119378
KAU012,85.00932588862896,516.18,SA(0.08),-2.4800776312672643,0.717250630575884,0.468,0.5435296377029528
KAU015,107.15014713693338,233.21,SA(0.08),-2.593979020843679,0.7140753679838368,0.468,0.5393325793619851
KAU018,77.3976499709515,538.69,SA(0.08),-2.3677184981160213,0.716849356559661,0.468,0.543
KAU020,72.82165436342768,373.33,SA(0.08),-2.188118494811546,0.716849356559661,0.468,0.543
KAU022,97.4169060097908,217.05,SA(0.08),-2.443183840231112,0.7080763964008312,0.468,0.5313644541555137
KAU030,100.6366187600612,259.36,SA(0.08),-2.5286410435643667,0.7169361123237221,0.468,0.54311452673801
KAU032,111.57284399475729,194.13,SA(0.08),-2.6086968711477114,0.7139503277086631,0.468,0.5391670153443249
KAU033,119.83228347776871,182.93,SA(0.08),-2.7019051668206497,0.7170569076233324,0.468,0.5432739721083059
KAU034,107.18385021081565,1010.4,SA(0.08),-3.1071092507439553,0.7274036410934064,0.468,0.5568590998411942
KAU037,135.3796060856888,283.21,SA(0.08),-3.0339209246270666,0.7346448834773243,0.468,0.5662853563526179
KAU038,142.14272144550424,667.59,SA(0.08),-3.44051563507931,0.7399049623290621,0.468,0.5730927963944153
KAU039,151.63665860072828,464.82,SA(0.08),-3.428727701589444,0.7427886246771148,0.468,0.5768110097334479
KAU040,140.34113735741815,567.64,SA(0.08),-3.3489008248698404,0.7393369437930848,0.468,0.572359254714466
KAU042,159.2060960059972,806.48,SA(0.08),-3.7612468859531782,0.7449660950123655,0.468,0.5796123555601388
KAU043,171.22323673314898,538.49,SA(0.08),-3.7541303234143006,0.7482266301069409,0.468,0.5837971308607032
KAU044,120.45367346364368,221.24,SA(0.08),-2.7608208751568095,0.7172822852149014,0.468,0.5435714090007966
KAU046,161.91718007019477,204.23,SA(0.08),-3.27716184249685,0.7302586866334582,0.468,0.5605834009347969
KAU047,53.8243490270436,573.04,SA(0.08),-1.958527749565098,0.716849356559661,0.468,0.543
KAU048,92.0610507119136,295.66,SA(0.08),-2.4351806028338316,0.7199595639710552,0.468,0.5470994185277406
KAU050,36.30659128926287,665.2,SA(0.08),-1.6229470100470582,0.716849356559661,0.468,0.543
KAU051,123.98128979998971,1004.58,SA(0.08),-3.3577570159503884,0.7338327721450079,0.468,0.5652314017055554
KAU052,168.15442260432175,573.04,SA(0.08),-3.738072646624368,0.7474154179764364,0.468,0.5827570737699295
KAU054,28.06783316360731,497.22,SA(0.08),-1.335713700066507,0.716849356559661,0.468,0.543
KAU057,113.18799613141104,535.13,SA(0.08),-2.9316464016575843,0.7298059811230548,0.468,0.5599935446797442
KAU058,108.40705481784066,229.66,SA(0.08),-2.607463272169049,0.7137765099467773,0.468,0.5389368294631588
KAU062,112.87287787990353,246.84,SA(0.08),-2.6870972829330855,0.7193322659092296,0.468,0.5462736574081772
KAU063,93.6060399190571,227.24,SA(0.08),-2.399825036793478,0.7068718860216333,0.468,0.5297583064452891
KAU064,101.90256344344134,244.84,SA(0.08),-2.5328313339247845,0.7144497516244882,0.468,0.5398281648786888
KAU066,99.84476325858162,214.97,SA(0.08),-2.474520089139558,0.7091393762679415,0.468,0.5327801187860571
KAU069,68.38649123490784,500.15,SA(0.08),-2.188693328569203,0.716849356559661,0.468,0.543
KAU073,109.35172575598243,216.33,SA(0.08),-2.605607625239003,0.7130774463693531,0.468,0.5380106360664607
KAU074,104.18030948121277,228.34,SA(0.08),-2.5480039862982955,0.7117492477617064,0.468,0.5362490015742267
KAU075,115.35762848826717,196.3,SA(0.08),-2.6615810467465915,0.715400211296426,0.468,0.5410854482639235
KAU077,80.96445465556717,665.2,SA(0.08),-2.5035522467341016,0.716849356559661,0.468,0.543
KAU078,87.22190963332963,531.85,SA(0.08),-2.5261589437657612,0.7183710299594345,0.468,0.5450072813137259
KAU081,161.49112221532047,295.0,SA(0.08),-3.3964085423007644,0.7446946482345561,0.468,0.5792634280784427
KAU082,169.01260850918658,573.04,SA(0.08),-3.749722631173789,0.74764369566984,0.468,0.5830498226351298
KAU083,109.69785905793941,202.14,SA(0.08),-2.5936621592423497,0.7132145803459325,0.468,0.5381923797472653
KAU085,87.88866850577266,260.75,SA(0.08),-2.3462029386113743,0.7113334005400291,0.468,0.5356969355184342
KAU086,97.20452708079277,216.8,SA(0.08),-2.439999705505895,0.7079822141834919,0.468,0.5312389439792228
KAU087,112.30367162788814,276.11,SA(0.08),-2.708967152859102,0.7250441148102243,0.468,0.553773390856713
KAU088,109.55444596649576,227.46,SA(0.08),-2.6207659935222463,0.7137284080380063,0.468,0.538873120911098
NCU,80.12485352707097,466.16,SA(0.08),-2.367652463378666,0.716849356559661,0.468,0.543
NSK,54.44362818084044,665.2,SA(0.08),-2.020447296229602,0.716849356559661,0.468,0.543
NST,37.69344643353157,491.08,SA(0.08),-1.5744534578426794,0.716849356559661,0.468,0.543
NSY,13.266132208120403,599.64,SA(0.08),-0.8616875271014484,0.716849356559661,0.468,0.543
PNG,110.99680090093074,465.86,SA(0.08),-2.8492959362202077,0.7289437119859725,0.468,0.5588693364677368
SGL,92.0610507119136,295.66,SA(0.08),-2.4351806028338316,0.7199595639710552,0.468,0.5470994185277406
SSD,83.90579878637689,535.13,SA(0.08),-2.4740958310520664,0.716849356559661,0.468,0.543
STY,36.30659128926287,665.2,SA(0.08),-1.6229470100470582,0.716849356559661,0.468,0.543
TAI1,77.88051206740859,160.67,SA(0.08),-2.1221515806413644,0.7018212023015549,0.468,0.523
TAP,97.57479476913649,235.82,SA(0.08),-2.4635456166674814,0.7106001425902032,0.468,0.5347228839775021
TAP003,100.68408621704089,212.39,SA(0.08),-2.483333436176255,0.709501131314316,0.468,0.5332615262104462
TAP005,104.72671936962091,179.84,SA(0.08),-2.4999680978429577,0.7112042395626661,0.468,0.5355254152436746
TAP006,103.44244641268561,184.77,SA(0.08),-2.4891625419620227,0.7106700867722695,0.468,0.5348158302003644
TAP007,101.43266755568051,207.39,SA(0.08),-2.4882053412246687,0.7098213592878526,0.468,0.5336875135332049
TAP008,102.106935450927,194.14,SA(0.08),-2.482500521601436,0.7101078750318148,0.468,0.5340685294811889
TAP010,99.18240466204462,226.38,SA(0.08),-2.4768907172430574,0.7091711736371162,0.468,0.5328224408917523
TAP012,99.38192577501383,207.99,SA(0.08),-2.4608940019336893,0.7089386478990998,0.468,0.5325129167306684
TAP013,100.10685750816579,205.11,SA(0.08),-2.4677066427227237,0.7092526512458277,0.468,0.5329308804143702
TAP014,100.88062892041134,188.98,SA(0.08),-2.460078871673109,0.7095854274346732,0.468,0.5333736765417355
TAP017,97.06284759654471,217.83,SA(0.08),-2.439061691248457,0.7079192754856566,0.468,0.531155062673921
TAP020,98.24321010771999,218.5,SA(0.08),-2.4560500503869527,0.7084409800864511,0.468,0.531850187802779
TAP021,98.78987370675111,167.18,SA(0.08),-2.405765881636953,0.7086805777614623,0.468,0.5321692975889534
TAP024,94.16513508407085,194.98,SA(0.08),-2.376142562026385,0.7066124410230383,0.468,0.5294120718386923
TAP026,95.11515375612561,194.28,SA(0.08),-2.3883154047496395,0.7070450591937211,0.468,0.5299893543555875
TAP028,93.9908923717751,287.94,SA(0.08),-2.457450865437837,0.7194685336481921,0.468,0.5464530820755609
TAP032,92.43134740325831,308.88,SA(0.08),-2.4510423326097825,0.7209052879028117,0.468,0.5483433542282025
TAP034,89.83433004146535,538.69,SA(0.08),-2.5727451755211534,0.7196594611621122,0.468,0.5467044357238577
TAP035,86.90121805752756,438.13,SA(0.08),-2.458974904502062,0.7182103331499557,0.468,0.5447954502777813
TAP036,85.37932726460579,671.52,SA(0.08),-2.5810581878236594,0.7174399155407606,0.468,0.543779396824791
TAP041,110.1973331135058,363.56,SA(0.08),-2.757294463227937,0.7286250450994646,0.468,0.5584536295398185
TAP042,104.9552728107,375.85,SA(0.08),-2.690294561516819,0.7264790377660597,0.468,0.5556507826985398
TAP043,89.4118520729743,388.16,SA(0.08),-2.463804612289493,0.7194535437979834,0.468,0.5464333460573915
TAP046,115.78653715062438,816.9,SA(0.08),-3.1424746047082337,0.7308080612736112,0.468,0.5612988708544623
TAP047,83.57706282792414,403.2,SA(0.08),-2.3822204498591137,0.716849356559661,0.468,0.543
TAP049,106.91325241516951,573.04,SA(0.08),-2.8624232199377393,0.7272923608456963,0.468,0.5567137308747705
TAP051,101.9565712601721,403.17,SA(0.08),-2.6667688976201886,0.7252048182952364,0.468,0.5539837799779221
TAP052,98.45159727452007,433.88,SA(0.08),-2.636363639071221,0.7236692157565987,0.468,0.5519720408080201
TAP053,89.58804931467594,538.69,SA(0.08),-2.5687847608582337,0.719539535774999,0.468,0.5465465611851391
TAP059,116.80550462432304,456.18,SA(0.08),-2.9278454596071257,0.7311951379349593,0.468,0.5618027498506252
TAP060,118.66399781657233,631.27,SA(0.08),-3.077004734620131,0.7318928680730162,0.468,0.5627105564463364
TAP065,119.99410946299658,1023.45,SA(0.08),-3.306992443600283,0.7323858295922081,0.468,0.5633515806203678
TAP066,113.4447433714641,662.78,SA(0.08),-3.0183410395483987,0.729905966779996,0.468,0.5601238437533619
TAP067,94.52727846597533,807.68,SA(0.08),-2.8071956726150633,0.7218865768732267,0.468,0.5496328136763169
TAP069,121.00337555659135,671.52,SA(0.08),-3.1366796052931183,0.7327563985794656,0.468,0.5638332551908841
TAP072,98.93978998677024,671.52,SA(0.08),-2.8000339256292617,0.7238862087708512,0.468,0.5522565013185778
TAP075,106.57618482473356,856.38,SA(0.08),-3.0232729739949793,0.7271533679690245,0.468,0.5565321379297834
TAP077,116.41922097699462,1022.77,SA(0.08),-3.2531795137871042,0.7310487819349187,0.468,0.5616122519750868
TAP078,117.39734495900295,671.52,SA(0.08),-3.0830094338157017,0.7314184786424054,0.468,0.56209340051238
TAP079,116.753401395702,631.27,SA(0.08),-3.0485275533433644,0.7311754240271996,0.468,0.5617770916487741
TAP081,121.29971223615415,671.52,SA(0.08),-3.141069581321376,0.7328646410877483,0.468,0.5639739197486654
TAP083,120.4030055039095,435.22,SA(0.08),-2.9639838807177203,0.7325363212575995,0.468,0.5635472136046961
TAP084,121.36524046357977,224.22,SA(0.08),-2.77665933133699,0.717610908692171,0.468,0.5440049781702402
TAP086,91.22887499302155,887.68,SA(0.08),-2.7963935766198813,0.7203326596076758,0.468,0.5475903035093552
TAP087,101.35539844310355,573.04,SA(0.08),-2.77688783664353,0.7249450557756145,0.468,0.5536436885701027
TAP090,102.87317683111068,324.38,SA(0.08),-2.617671381369099,0.7255980700790955,0.468,0.5544984754735651
TAP094,107.25914541313247,416.34,SA(0.08),-2.7562104334921655,0.7274345575585559,0.468,0.5568994842253061
TAP095,107.12641066652922,206.24,SA(0.08),-2.56398889559744,0.7121857867999094,0.468,0.5368282732120264
TAP097,96.51825643410405,237.23,SA(0.08),-2.4500082887127697,0.7104408890751883,0.468,0.5345112317528454
TAP098,105.37088822706724,538.69,SA(0.08),-2.815957527444772,0.726652886934726,0.468,0.5558780604508256
TAP100,97.58816975352646,236.32,SA(0.08),-2.464203925912388,0.710716883959391,0.468,0.5348780133310271
TAP103,113.41800752596221,429.49,SA(0.08),-2.8575158324362726,0.7298955650943627,0.468,0.5601102890899425
TAW,121.70169460957298,481.92,SA(0.08),-3.0188948224023644,0.7330110682834055,0.468,0.5641641837497124
TCU,5.925686184729008,472.81,SA(0.08),-0.4478334734432496,0.716849356559661,0.468,0.543
TCU003,85.87715173895934,517.33,SA(0.08),-2.4949606324619995,0.7176933598036996,0.468,0.5441137369211722
TCU006,72.13607981372333,607.4,SA(0.08),-2.31807784822866,0.716849356559661,0.468,0.543
TCU007,88.25765016718297,463.88,SA(0.08),-2.4980523880604695,0.7188862060292767,0.468,0.545686152673098
TCU008,84.7584785592634,441.58,SA(0.08),-2.4269904656748156,0.717121854302877,0.468,0.5433596911059899
TCU009,81.06016716272919,460.1,SA(0.08),-2.3791215968962027,0.716849356559661,0.468,0.543
TCU010,81.66395774542653,446.15,SA(0.08),-2.379899125143923,0.716849356559661,0.468,0.543
TCU011,75.01788257873356,471.07,SA(0.08),-2.285480965588252,0.716849356559661,0.468,0.543
TCU014,93.13780925514129,496.47,SA(0.08),-2.5975013123571813,0.7212384000245318,0.468,0.5487812220456768
TCU015,49.226738245658176,426.0,SA(0.08),-1.792083327802658,0.716849356559661,0.468,0.543
TCU017,53.6114321384972,558.76,SA(0.08),-1.9466039461691689,0.716849356559661,0.468,0.543
TCU018,65.56957606032032,573.04,SA(0.08),-2.180896904983916,0.716849356559661,0.468,0.543
TCU025,54.234234021714876,665.2,SA(0.08),-2.016269636089876,0.716849356559661,0.468,0.543
TCU026,55.62700868478751,569.98,SA(0.08),-1.9922815480837528,0.716849356559661,0.468,0.543
TCU029,27.888704202439943,406.53,SA(0.08),-1.3065243477424722,0.716849356559661,0.468,0.543
TCU031,30.150489096699733,489.22,SA(0.08),-1.3885765333684916,0.716849356559661,0.468,0.543
TCU033,40.407957354293515,423.4,SA(0.08),-1.6083736704400617,0.716849356559661,0.468,0.543
TCU034,35.21032855799544,393.77,SA(0.08),-1.4830372750531922,0.716849356559661,0.468,0.543
TCU036,19.69497692844362,478.07,SA(0.08),-1.0777445146767346,0.716849356559661,0.468,0.543
TCU038,25.337701564906876,297.86,SA(0.08),-1.244978267478278,0.7164724355298249,0.468,0.5425023049481348
TCU039,19.70361874696014,540.66,SA(0.08),-1.094922242142282,0.716849356559661,0.468,0.543
TCU040,22.119793842654797,362.03,SA(0.08),-1.145395332204383,0.716849356559661,0.468,0.543
TCU042,25.981864142619745,578.98,SA(0.08),-1.3080057836269579,0.716849356559661,0.468,0.543
TCU045,25.36660567229542,704.64,SA(0.08),-1.345132329833275,0.716849356559661,0.468,0.543
TCU046,16.246784143589178,465.55,SA(0.08),-0.9529532291207129,0.716849356559661,0.468,0.543
TCU047,34.3572926348812,520.37,SA(0.08),-1.507377704313581,0.716849356559661,0.468,0.543
TCU048,14.285234596515949,551.21,SA(0.08),-0.8917273149528132,0.716849356559661,0.468,0.543
TCU049,4.526216687379779,487.27,SA(0.08),-0.3535301709703915,0.716849356559661,0.468,0.543
TCU050,10.250155362613157,542.41,SA(0.08),-0.7011462295946098,0.716849356559661,0.468,0.543
TCU051,8.397313881220667,350.06,SA(0.08),-0.6383827300173955,0.716849356559661,0.468,0.543
TCU052,0.0,579.1,SA(0.08),-0.128258580077067,0.716849356559661,0.468,0.543
TCU053,6.715593029398085,454.55,SA(0.08),-0.5000086976727514,0.716849356559661,0.468,0.543
TCU054,6.044907731784745,460.69,SA(0.08),-0.4573162693470312,0.716849356559661,0.468,0.543
TCU055,7.10204372503239,359.13,SA(0.08),-0.5637940030060647,0.716849356559661,0.468,0.543
TCU056,11.23595041250864,403.2,SA(0.08),-0.7490397224502969,0.716849356559661,0.468,0.543
TCU057,12.582859253355823,555.23,SA(0.08),-0.8176576414628206,0.716849356559661,0.468,0.543
TCU059,17.768696653120717,272.67,SA(0.08),-1.0543493027471846,0.7118323694475386,0.468,0.5363593219039798
TCU060,9.270501399529332,375.42,SA(0.08),-0.6664313360496705,0.716849356559661,0.468,0.543
TCU061,17.663329909143975,379.64,SA(0.08),-1.0039355275228328,0.716849356559661,0.468,0.543
TCU063,10.251512284681757,476.14,SA(0.08),-0.6939688419751323,0.716849356559661,0.468,0.543
TCU064,17.05105449248675,645.72,SA(0.08),-1.0362905173703352,0.716849356559661,0.468,0.543
TCU065,1.288045085418703,305.85,SA(0.08),-0.3127011548857386,0.716849356559661,0.468,0.543
TCU067,1.288712791017711,433.63,SA(0.08),-0.17865179745889642,0.716849356559661,0.468,0.543
TCU068,0.0,487.34,SA(0.08),-0.13338782883332947,0.716849356559661,0.468,0.543
TCU070,19.75113627608807,401.26,SA(0.08),-1.0710477832017689,0.716849356559661,0.468,0.543
TCU071,0.0,624.85,SA(0.08),-0.13477205500403405,0.716849356559661,0.468,0.543
TCU072,0.0,468.14,SA(0.08),-0.1387665783157062,0.716849356559661,0.468,0.543
TCU074,0.0,549.43,SA(0.08),-0.1268059895206879,0.716849356559661,0.468,0.543
TCU075,1.6063613522010625,573.02,SA(0.08),-0.16838298894283052,0.716849356559661,0.468,0.543
TCU076,3.5054162229935133,614.98,SA(0.08),-0.2910264537643551,0.716849356559661,0.468,0.543
TCU078,0.0,443.04,SA(0.08),-0.14876387008453595,0.716849356559661,0.468,0.543
TCU079,0.0,363.99,SA(0.08),-0.20866764299225177,0.716849356559661,0.468,0.543
TCU081,54.870046821119146,430.47,SA(0.08),-1.9033910667364633,0.716849356559661,0.468,0.543
TCU082,5.925686184729008,472.81,SA(0.08),-0.4478334734432496,0.716849356559661,0.468,0.543
TCU083,79.97899565103198,354.63,SA(0.08),-2.292273108358519,0.716849356559661,0.468,0.543
TCU084,0.0,665.2,SA(0.08),-0.1438040114975532,0.716849356559661,0.468,0.543
TCU085,54.44362818084044,999.66,SA(0.08),-2.193254224605705,0.716849356559661,0.468,0.543
TCU087,7.054896464891636,538.69,SA(0.08),-0.5192712378789086,0.716849356559661,0.468,0.543
TCU088,3.997697831489502,665.2,SA(0.08),-0.33840803848438494,0.716849356559661,0.468,0.543
TCU089,0.0,671.52,SA(0.08),-0.14544037071849855,0.716849356559661,0.468,0.543
TCU092,88.45294085502088,422.28,SA(0.08),-2.4727158979913546,0.7189826958180375,0.468,0.5458132619181881
TCU094,53.92101623044264,589.85,SA(0.08),-1.9695320281516375,0.716849356559661,0.468,0.543
TCU095,44.56466924675996,446.63,SA(0.08),-1.7064035151259884,0.716849356559661,0.468,0.543
TCU096,53.85469792017198,454.58,SA(0.08),-1.8962523638259678,0.716849356559661,0.468,0.543
TCU098,47.1372515839405,346.56,SA(0.08),-1.7195135531877037,0.716849356559661,0.468,0.543
TCU100,12.131987127300425,535.13,SA(0.08),-0.7921138436085825,0.716849356559661,0.468,0.543
TCU101,2.7227148767639835,389.41,SA(0.08),-0.278112107483038,0.716849356559661,0.468,0.543
TCU102,1.9561078435847996,714.27,SA(0.08),-0.2177352824310842,0.716849356559661,0.468,0.543
TCU103,6.53081647788816,494.1,SA(0.08),-0.4844747197335698,0.716849356559661,0.468,0.543
TCU104,13.594790434615204,410.45,SA(0.08),-0.8489378982284383,0.716849356559661,0.468,0.543
TCU105,17.906371449005963,575.54,SA(0.08),-1.0424133557524689,0.716849356559661,0.468,0.543
TCU106,15.667606274650094,451.37,SA(0.08),-0.9295956855078648,0.716849356559661,0.468,0.543
TCU107,16.69303155356926,409.0,SA(0.08),-0.9672272982881809,0.716849356559661,0.468,0.543
TCU109,13.733866280340548,535.13,SA(0.08),-0.8640506699361423,0.716849356559661,0.468,0.543
TCU110,12.33231611318905,212.72,SA(0.08),-0.9653468101856759,0.7018212023015549,0.468,0.523
TCU111,22.748356973666922,237.53,SA(0.08),-1.2136724608792806,0.7046333109958517,0.468,0.5267675986286331
TCU112,28.176599312968115,190.54,SA(0.08),-1.3676269571036281,0.7018212023015549,0.468,0.523
TCU113,31.861769932340707,230.3,SA(0.08),-1.4157144066148295,0.7030282333931817,0.468,0.5246186204738998
TCU115,22.514549191288978,215.34,SA(0.08),-1.2277476867698676,0.7018212023015549,0.468,0.523
TCU116,13.140173923202289,493.09,SA(0.08),-0.8304294499339318,0.716849356559661,0.468,0.543
TCU117,26.01588554922865,198.58,SA(0.08),-1.3183336409803976,0.7018212023015549,0.468,0.523
TCU118,27.518780758804855,236.19,SA(0.08),-1.322702624324785,0.7043393323699045,0.468,0.5263742918525589
TCU119,38.703481646934264,221.7,SA(0.08),-1.5480920801150766,0.7018212023015549,0.468,0.523
TCU120,8.108276773791475,459.34,SA(0.08),-0.5807998370598901,0.716849356559661,0.468,0.543
TCU122,10.095651275407166,475.46,SA(0.08),-0.6860994130331111,0.716849356559661,0.468,0.543
TCU123,15.613652840248543,270.22,SA(0.08),-0.9911157341813704,0.711359683613424,0.468,0.5357318354089019
TCU128,13.266132208120403,599.64,SA(0.08),-0.8616875271014484,0.716849356559661,0.468,0.543
TCU129,2.5928427595425005,511.18,SA(0.08),-0.2227527033838986,0.716849356559661,0.468,0.543
TCU136,8.865586783874127,462.1,SA(0.08),-0.6222562426015541,0.716849356559661,0.468,0.543
TCU138,10.622750936043827,652.85,SA(0.08),-0.7517376418731072,0.716849356559661,0.468,0.543
TCU140,33.69322383417364,223.6,SA(0.08),-1.4542453061033616,0.7018212023015549,0.468,0.523
TCU141,24.94025634288036,223.04,SA(0.08),-1.2752682429423905,0.7018212023015549,0.468,0.523
TCU145,36.03324541347518,240.43,SA(0.08),-1.4942486786725568,0.7052642219949663,0.468,0.5276112421339836
TCU147,71.69733969170538,537.92,SA(0.08),-2.2693074093023577,0.716849356559661,0.468,0.543
TTN,80.89836518095754,298.72,SA(0.08),-2.2690925132340882,0.7166242151908627,0.468,0.5427027416532183
TTN001,52.32871415831085,484.6,SA(0.08),-1.8819857606286738,0.716849356559661,0.468,0.543
TTN002,65.48374155510382,667.36,SA(0.08),-2.2325691498925426,0.716849356559661,0.468,0.543
TTN003,93.04588279899522,506.64,SA(0.08),-2.6028813382289946,0.7211951916567075,0.468,0.5487244340001227
TTN004,63.800897195982024,463.59,SA(0.08),-2.0857543551375297,0.716849356559661,0.468,0.543
TTN005,80.42174430564141,407.59,SA(0.08),-2.3343689692357765,0.716849356559661,0.468,0.543
TTN006,78.75895289383541,283.21,SA(0.08),-2.2257771396826493,0.7138211954831835,0.468,0.5389960103015988
TTN007,79.64699872902655,282.7,SA(0.08),-2.2390205549470394,0.7137265838528593,0.468,0.538870704806146
TTN008,80.39083510685596,292.61,SA(0.08),-2.2571318911758373,0.7155367913096121,0.468,0.5412660156685023
TTN009,81.38728178307964,313.96,SA(0.08),-2.287048197069817,0.716849356559661,0.468,0.543
TTN010,81.51829704872269,311.34,SA(0.08),-2.287283627951626,0.716849356559661,0.468,0.543
TTN012,79.21152525532221,288.3,SA(0.08),-2.2361220140068623,0.7147567365499807,0.468,0.5402343865801015
TTN013,78.8943211567126,297.76,SA(0.08),-2.237538335332956,0.716454759853566,0.468,0.5424789608056987
TTN014,59.860496924556905,533.97,SA(0.08),-2.053286033076401,0.716849356559661,0.468,0.543
TTN015,80.89836518095754,487.91,SA(0.08),-2.3943997980344993,0.716849356559661,0.468,0.543
TTN016,121.70169460957298,826.15,SA(0.08),-3.2359754359129718,0.7330110682834055,0.468,0.5641641837497124
TTN018,71.80853811897417,573.04,SA(0.08),-2.2921692670277567,0.716849356559661,0.468,0.543
TTN020,46.28877454659275,453.71,SA(0.08),-1.7453692600137303,0.716849356559661,0.468,0.543
TTN022,49.185819921013895,398.81,SA(0.08),-1.779265222888408,0.716849356559661,0.468,0.543
TTN023,50.33727239662484,527.54,SA(0.08),-1.8645146656071943,0.716849356559661,0.468,0.543
TTN024,56.57309029774128,671.52,SA(0.08),-2.0659072413067916,0.716849356559661,0.468,0.543
TTN025,62.74114520985054,704.96,SA(0.08),-2.2020690814465267,0.716849356559661,0.468,0.543
TTN026,67.49118772791799,573.04,SA(0.08),-2.2156066069119484,0.716849356559661,0.468,0.543
TTN027,73.52976366515371,428.95,SA(0.08),-2.2341860089950885,0.716849356559661,0.468,0.543
TTN028,76.01025211793088,616.17,SA(0.08),-2.39058060149699,0.716849356559661,0.468,0.543
TTN031,51.99314115375424,510.62,SA(0.08),-1.8888829619518825,0.716849356559661,0.468,0.543
TTN032,53.710344896261404,734.26,SA(0.08),-2.0419329776161663,0.716849356559661,0.468,0.543
TTN033,55.55183906772911,670.8,SA(0.08),-2.0454262593252284,0.716849356559661,0.468,0.543
TTN036,77.42687254231797,538.69,SA(0.08),-2.3682135147238728,0.716849356559661,0.468,0.543
TTN040,43.69119446366562,728.01,SA(0.08),-1.8265915043299954,0.716849356559661,0.468,0.543
TTN041,40.552465197967734,418.24,SA(0.08),-1.6096155134260173,0.716849356559661,0.468,0.543
TTN042,61.854091343505935,845.34,SA(0.08),-2.2621917425530205,0.716849356559661,0.468,0.543
TTN044,55.35974910869786,419.63,SA(0.08),-1.9071775218885334,0.716849356559661,0.468,0.543
TTN045,57.72674042183177,539.98,SA(0.08),-2.016278771274549,0.716849356559661,0.468,0.543
TTN046,62.61498206065394,528.12,SA(0.08),-2.1011104666803697,0.716849356559661,0.468,0.543
TTN047,71.2651253374662,573.04,SA(0.08),-2.2826349397924486,0.716849356559661,0.468,0.543
TTN048,77.23093425350275,373.54,SA(0.08),-2.260469355613254,0.716849356559661,0.468,0.543
TTN050,87.16780012668326,573.04,SA(0.08),-2.5513761716988888,0.7183439555994098,0.468,0.5449715942562574
TTN051,30.788780146750934,665.2,SA(0.08),-1.4814963960175092,0.716849356559661,0.468,0.543
WGK,10.377089824587822,258.89,SA(0.08),-0.8229881317651392,0.709119769599225,0.468,0.5327540216989994
WNT,2.5928427595425005,511.18,SA(0.08),-0.2227527033838986,0.716849356559661,0.468,0.543
WTC,43.046970143373564,207.69,SA(0.08),-1.6261365341599554,0.7018212023015549,0.468,0.523
ALS,1.4161941004474747,553.43,SA(0.1),-0.028262614635405317,0.7088335488674333,0.458,0.541
CHK,59.860496924556905,424.57,SA(0.1),-1.8513362089936087,0.7088335488674333,0.458,0.541
CHY002,25.501325041113866,235.13,SA(0.1),-1.1269543408339797,0.6998259998403081,0.458,0.5291431092365155
CHY004,48.07893833473184,271.3,SA(0.1),-1.5652502789034326,0.7051057154489515,0.458,0.5361063979834393
CHY006,10.584628168218677,438.19,SA(0.1),-0.5738902944828039,0.7088335488674333,0.458,0.541
CHY008,41.23915234428305,210.73,SA(0.1),-1.4369486539327079,0.698206989366334,0.458,0.527
CHY010,20.625677664506007,538.69,SA(0.1),-0.9938384316782942,0.7088335488674333,0.458,0.541
CHY012,59.82694761124689,198.4,SA(0.1),-1.7267830334897136,0.698206989366334,0.458,0.527
CHY014,33.88066065244789,347.63,SA(0.1),-1.3010092379759326,0.7088335488674333,0.458,0.541
CHY015,38.846134725395174,228.66,SA(0.1),-1.3942939413877533,0.6987998747697517,0.458,0.5277852451312187
CHY016,67.39311492490651,200.86,SA(0.1),-1.8385357056891947,0.698206989366334,0.458,0.527
CHY017,59.79653364012802,190.57,SA(0.1),-1.7221200683600941,0.698206989366334,0.458,0.527
CHY019,52.664018987304125,497.53,SA(0.1),-1.7597442567638757,0.7088335488674333,0.458,0.541
CHY022,65.23494253909143,564.07,SA(0.1),-2.035844970271352,0.7088335488674333,0.458,0.541
CHY023,82.48037770558093,279.78,SA(0.1),-2.1205230511469098,0.7081805622568731,0.458,0.5401441555348544
CHY024,10.382141776489679,427.73,SA(0.1),-0.5650655417385508,0.7088335488674333,0.458,0.541
CHY025,19.821814137857874,277.5,SA(0.1),-0.9619898479741258,0.7059421379478894,0.458,0.537206014607466
CHY026,30.117763879363363,226.01,SA(0.1),-1.2288538528112682,0.698371519790728,0.458,0.5272179621890847
CHY027,42.57072697901259,210.01,SA(0.1),-1.4595057482318319,0.698206989366334,0.458,0.527
CHY028,3.8142382458599347,542.61,SA(0.1),-0.16919069065325765,0.7088335488674333,0.458,0.541
CHY029,11.753982902131465,544.74,SA(0.1),-0.6430511935423837,0.7088335488674333,0.458,0.541
CHY032,36.20970428039942,192.71,SA(0.1),-1.353116126629542,0.698206989366334,0.458,0.527
CHY033,44.61021757313737,197.63,SA(0.1),-1.4924294720248223,0.698206989366334,0.458,0.527
CHY034,15.55529098089055,378.75,SA(0.1),-0.7895146124014776,0.7088335488674333,0.458,0.541
CHY035,13.30281463096492,573.04,SA(0.1),-0.7234931708647583,0.7088335488674333,0.458,0.541
CHY036,16.834009871697,233.14,SA(0.1),-0.9152248355899615,0.6995133091719186,0.458,0.528729486324196
CHY039,32.68412498523498,201.21,SA(0.1),-1.2878824421342783,0.698206989366334,0.458,0.527
CHY041,20.07183164813607,492.26,SA(0.1),-0.9595419477151121,0.7088335488674333,0.458,0.541
CHY042,28.16777357328532,665.2,SA(0.1),-1.2839384696288254,0.7088335488674333,0.458,0.541
CHY044,55.933003322544856,194.47,SA(0.1),-1.6670265095579024,0.698206989366334,0.458,0.527
CHY046,24.876384312874173,442.15,SA(0.1),-1.0942597897062811,0.7088335488674333,0.458,0.541
CHY047,24.927795876688105,169.52,SA(0.1),-1.1656679243468506,0.698206989366334,0.458,0.527
CHY050,45.48094043081733,538.93,SA(0.1),-1.637312861147441,0.7088335488674333,0.458,0.541
CHY052,40.52523944488567,573.04,SA(0.1),-1.5474297445681875,0.7088335488674333,0.458,0.541
CHY054,49.228155688795745,172.1,SA(0.1),-1.5595270902617084,0.698206989366334,0.458,0.527
CHY055,55.04100932988003,225.77,SA(0.1),-1.6662089126682669,0.6983324875006719,0.458,0.5271662575496235
CHY057,58.30189007907089,411.46,SA(0.1),-1.8153632625299514,0.7088335488674333,0.458,0.541
CHY058,60.47926509005612,269.28,SA(0.1),-1.7736436036174057,0.7048292293998886,0.458,0.535742701878841
CHY059,74.0105222831666,191.09,SA(0.1),-1.9242404084807252,0.698206989366334,0.458,0.527
CHY060,69.53930995385498,228.92,SA(0.1),-1.8894792452673848,0.6988416448964969,0.458,0.5278405485008152
CHY061,59.2181211902229,538.69,SA(0.1),-1.909655533587481,0.7088335488674333,0.458,0.541
CHY062,59.70708366780761,602.63,SA(0.1),-1.95802540465052,0.7088335488674333,0.458,0.541
CHY063,73.64708029924377,246.88,SA(0.1),-1.9634131023536128,0.7016220233133098,0.458,0.5315161931665513
CHY065,84.65037829276163,250.0,SA(0.1),-2.1267961906056447,0.7054174647245559,0.458,0.5365163553317085
CHY066,90.36922111828896,211.97,SA(0.1),-2.169914807369797,0.7050581285708691,0.458,0.5360438085304747
CHY067,84.21459469490114,227.97,SA(0.1),-2.1005316637665508,0.7017307256536153,0.458,0.5316596762275181
CHY069,86.69064381036402,224.42,SA(0.1),-2.131878008431341,0.7028110653662277,0.458,0.533084790254995
CHY070,84.43554371983527,265.45,SA(0.1),-2.1372136167666684,0.7075015783126722,0.458,0.5392536354211461
CHY071,79.42270364079795,202.95,SA(0.1),-2.0100960282900346,0.698206989366334,0.458,0.527
CHY074,1.4161941004474747,553.43,SA(0.1),-0.028262614635405317,0.7088335488674333,0.458,0.541
CHY076,42.877573217177414,169.84,SA(0.1),-1.463914552731865,0.698206989366334,0.458,0.527
CHY078,77.88051206740859,160.67,SA(0.1),-1.9461099909220694,0.698206989366334,0.458,0.527
CHY079,50.02855021100604,573.04,SA(0.1),-1.7511857255818677,0.7088335488674333,0.458,0.541
CHY080,0.8203047792534108,496.21,SA(0.1),-0.010612318000844306,0.7088335488674333,0.458,0.541
CHY081,43.161132192340126,573.04,SA(0.1),-1.6062136310962616,0.7088335488674333,0.458,0.541
CHY082,36.690687042494744,193.69,SA(0.1),-1.3611407226397019,0.698206989366334,0.458,0.527
CHY086,28.265165300477857,665.2,SA(0.1),-1.2867018380993533,0.7088335488674333,0.458,0.541
CHY087,29.477616972892374,505.2,SA(0.1),-1.2436599017216352,0.7088335488674333,0.458,0.541
CHY088,38.16580800828477,318.52,SA(0.1),-1.387735568586077,0.7088335488674333,0.458,0.541
CHY090,59.17740188206011,180.33,SA(0.1),-1.7075412520487254,0.698206989366334,0.458,0.527
CHY092,23.43718943402428,253.72,SA(0.1),-1.0687799842892811,0.7026300729978002,0.458,0.5328461499165533
CHY093,50.52955404993735,190.49,SA(0.1),-1.583987384128199,0.698206989366334,0.458,0.527
CHY094,37.568596955239634,221.92,SA(0.1),-1.371736980274567,0.698206989366334,0.458,0.527
CHY096,83.07046778565815,293.61,SA(0.1),-2.1406231387083112,0.7103609964342543,0.458,0.5429997654281875
CHY099,65.94429160338161,228.84,SA(0.1),-1.835775129033216,0.6988287974046659,0.458,0.5278235387722411
CHY100,54.13764361475702,230.11,SA(0.1),-1.6535184957350455,0.6990322439056829,0.458,0.5280928687454641
CHY101,10.377089824587822,258.89,SA(0.1),-0.6744054201705993,0.7033748191894426,0.458,0.5338278151892997
CHY102,36.74554656205193,804.36,SA(0.1),-1.5866621960997942,0.7088335488674333,0.458,0.541
CHY104,18.6621650225021,223.24,SA(0.1),-0.9742222361588698,0.698206989366334,0.458,0.527
CHY107,51.35844504410688,175.68,SA(0.1),-1.5919769047080439,0.698206989366334,0.458,0.527
CHY109,43.43968322952119,573.04,SA(0.1),-1.612313985635919,0.7088335488674333,0.458,0.541
CHY110,43.43968322952119,573.04,SA(0.1),-1.612313985635919,0.7088335488674333,0.458,0.541
CHY116,82.01615041444819,195.38,SA(0.1),-2.0384585932901724,0.6998221745309204,0.458,0.529138050006977
ENA,62.873379868223246,665.2,SA(0.1),-2.0549243990240984,0.7088335488674333,0.458,0.541
ESL,39.13327017283541,493.29,SA(0.1),-1.4742934898306514,0.7088335488674333,0.458,0.541
HEN,161.91718007019477,204.23,SA(0.1),-3.0839095592963255,0.737121798835256,0.458,0.5775677850418283
HSN,54.870046821119146,321.49,SA(0.1),-1.705093822686644,0.7088335488674333,0.458,0.541
HWA,51.21900426141601,260.38,SA(0.1),-1.616202851594772,0.7035868026573738,0.458,0.534107094947845
HWA002,52.86279146401041,789.18,SA(0.1),-1.9340233880102504,0.7088335488674333,0.458,0.541
HWA003,51.681142290885134,1525.85,SA(0.1),-2.21606878774644,0.7088335488674333,0.458,0.541
HWA005,44.28231958384142,459.32,SA(0.1),-1.56936276027635,0.7088335488674333,0.458,0.541
HWA006,45.003181958498374,559.11,SA(0.1),-1.6383864477635468,0.7088335488674333,0.458,0.541
HWA007,51.95325392386305,358.72,SA(0.1),-1.670507861967946,0.7088335488674333,0.458,0.541
HWA009,51.693536462196626,373.23,SA(0.1),-1.6728344637714534,0.7088335488674333,0.458,0.541
HWA011,48.624839989886404,355.76,SA(0.1),-1.6067425375618947,0.7088335488674333,0.458,0.541
HWA012,52.325257559135075,414.42,SA(0.1),-1.7062287947619441,0.7088335488674333,0.458,0.541
HWA013,49.86104964362179,330.55,SA(0.1),-1.618982374339199,0.7088335488674333,0.458,0.541
HWA014,50.84490694090048,277.28,SA(0.1),-1.6157267714019155,0.7059127673807027,0.458,0.5371674181771287
HWA015,46.42594132137962,453.05,SA(0.1),-1.6105080140319372,0.7088335488674333,0.458,0.541
HWA016,47.585145300823704,576.55,SA(0.1),-1.7028333776361784,0.7088335488674333,0.458,0.541
HWA017,46.470164794363036,578.11,SA(0.1),-1.6802953882476406,0.7088335488674333,0.458,0.541
HWA019,51.21900426141601,494.82,SA(0.1),-1.729788083784425,0.7088335488674333,0.458,0.541
HWA020,39.13327017283541,626.43,SA(0.1),-1.5443924986375155,0.7088335488674333,0.458,0.541
HWA022,57.87400521195273,567.64,SA(0.1),-1.9020632984459114,0.7088335488674333,0.458,0.541
HWA023,46.40755022060307,671.52,SA(0.1),-1.7319012871443116,0.7088335488674333,0.458,0.541
HWA024,37.730568431531545,671.52,SA(0.1),-1.5356611367176114,0.7088335488674333,0.458,0.541
HWA025,49.13348906562234,494.32,SA(0.1),-1.6878728419123776,0.7088335488674333,0.458,0.541
HWA026,47.22466473181171,457.49,SA(0.1),-1.629107693387121,0.7088335488674333,0.458,0.541
HWA027,46.98782360511372,437.8,SA(0.1),-1.6140401601859544,0.7088335488674333,0.458,0.541
HWA028,49.35236603416438,406.7,SA(0.1),-1.6450262837828902,0.7088335488674333,0.458,0.541
HWA029,49.89682984159387,614.05,SA(0.1),-1.7722899220080204,0.7088335488674333,0.458,0.541
HWA030,41.84995449814051,592.18,SA(0.1),-1.5877246112842942,0.7088335488674333,0.458,0.541
HWA031,46.78495170006793,602.29,SA(0.1),-1.7007034403541652,0.7088335488674333,0.458,0.541
HWA032,42.76449413301876,573.04,SA(0.1),-1.5974915358824495,0.7088335488674333,0.458,0.541
HWA033,49.52391460805984,395.57,SA(0.1),-1.642749946999281,0.7088335488674333,0.458,0.541
HWA034,38.72259961355784,379.18,SA(0.1),-1.4161408321767797,0.7088335488674333,0.458,0.541
HWA035,43.48814803424615,677.49,SA(0.1),-1.6715614130520664,0.7088335488674333,0.458,0.541
HWA036,38.18727859247192,503.04,SA(0.1),-1.4575338286034265,0.7088335488674333,0.458,0.541
HWA037,40.93079012119635,469.64,SA(0.1),-1.5026875462182216,0.7088335488674333,0.458,0.541
HWA038,36.825205396811654,642.73,SA(0.1),-1.4983631335369856,0.7088335488674333,0.458,0.541
HWA039,40.700555517327686,459.67,SA(0.1),-1.4928218497194914,0.7088335488674333,0.458,0.541
HWA041,43.12948213944211,484.97,SA(0.1),-1.5580722300031584,0.7088335488674333,0.458,0.541
HWA043,53.91152534737503,543.06,SA(0.1),-1.8109664040727662,0.7088335488674333,0.458,0.541
HWA044,55.24919369711087,534.41,SA(0.1),-1.831744940308898,0.7088335488674333,0.458,0.541
HWA045,59.28500884807053,484.45,SA(0.1),-1.877461289043553,0.7088335488674333,0.458,0.541
HWA046,47.0109436592865,617.52,SA(0.1),-1.714162214235554,0.7088335488674333,0.458,0.541
HWA048,46.686257749108556,345.89,SA(0.1),-1.5655312458606458,0.7088335488674333,0.458,0.541
HWA049,46.005462055816764,508.61,SA(0.1),-1.6315943633654726,0.7088335488674333,0.458,0.541
HWA050,48.71376858358703,313.9,SA(0.1),-1.5911488061473078,0.7088335488674333,0.458,0.541
HWA051,48.90932890375484,440.5,SA(0.1),-1.653897301182335,0.7088335488674333,0.458,0.541
HWA053,35.85961696778292,843.24,SA(0.1),-1.58778533827499,0.7088335488674333,0.458,0.541
HWA054,37.40217869643352,452.83,SA(0.1),-1.4159749357587752,0.7088335488674333,0.458,0.541
HWA055,42.55353726386162,369.75,SA(0.1),-1.493010843967611,0.7088335488674333,0.458,0.541
HWA056,35.11011081738172,511.3,SA(0.1),-1.3890600138711306,0.7088335488674333,0.458,0.541
HWA057,45.69143972650157,671.52,SA(0.1),-1.7164851650707469,0.7088335488674333,0.458,0.541
HWA058,40.62633470498356,529.54,SA(0.1),-1.5264609692953557,0.7088335488674333,0.458,0.541
HWA059,44.12500056155976,208.56,SA(0.1),-1.4853798860623626,0.698206989366334,0.458,0.527
HWA060,53.13246936736276,573.04,SA(0.1),-1.813456382926567,0.7088335488674333,0.458,0.541
HWA2,51.21900426141601,260.38,SA(0.1),-1.616202851594772,0.7035868026573738,0.458,0.534107094947845
ILA001,100.32579879811699,909.09,SA(0.1),-2.8281235988715765,0.7214945992276507,0.458,0.557485835438595
ILA002,94.59735635282492,219.78,SA(0.1),-2.2361411423779476,0.7075366133326186,0.458,0.5392996005989542
ILA003,89.71025798681,263.82,SA(0.1),-2.211987664955725,0.7105664559341123,0.458,0.5432685231989468
ILA004,85.68227612519946,124.27,SA(0.1),-1.9918983895172118,0.7021793904023941,0.458,0.5322517226894412
ILA005,83.93724100214038,239.33,SA(0.1),-2.1070181362137226,0.7033471268054218,0.458,0.5337913270047032
ILA006,81.73646560218842,279.41,SA(0.1),-2.1091745167693916,0.7076395543676713,0.458,0.5394346474835264
ILA007,80.69578779842172,496.27,SA(0.1),-2.2553650158951033,0.7095836615075807,0.458,0.5419824468361543
ILA008,81.47670604637591,299.28,SA(0.1),-2.121246829038741,0.7100182080515709,0.458,0.5425512471322537
ILA010,76.69526258688926,573.04,SA(0.1),-2.2411577813175128,0.7088335488674333,0.458,0.541
ILA012,84.97633852037546,259.21,SA(0.1),-2.139641475051126,0.7069658630454301,0.458,0.5385505839859147
ILA013,80.79219336584667,199.48,SA(0.1),-2.0257309496366656,0.6990130489149684,0.458,0.5280674602296567
ILA014,77.22854612692028,300.77,SA(0.1),-2.0577506798407965,0.7088335488674333,0.458,0.541
ILA015,82.13530668263718,782.59,SA(0.1),-2.4628904062718093,0.7105457347795365,0.458,0.5432414207453178
ILA016,79.00488080472547,271.1,SA(0.1),-2.0618352348929823,0.7050784290522424,0.458,0.5360705094619345
ILA021,73.37025333724408,573.04,SA(0.1),-2.184558371957922,0.7088335488674333,0.458,0.541
ILA024,63.905677437896436,671.52,SA(0.1),-2.0777591052244406,0.7088335488674333,0.458,0.541
ILA027,79.85541389401519,215.0,SA(0.1),-2.027200395918837,0.6983859287151271,0.458,0.5272370486102912
ILA030,82.3256976649756,200.98,SA(0.1),-2.0483063864261064,0.7000250049611565,0.458,0.5294062783636657
ILA031,79.91880061031861,649.25,SA(0.1),-2.3445769995777797,0.709057614961487,0.458,0.541293544516164
ILA032,80.85387012515656,295.48,SA(0.1),-2.108840900205395,0.709125906737628,0.458,0.5413829990002115
ILA035,90.36427205527093,293.01,SA(0.1),-2.247814902809585,0.7148755738259066,0.458,0.5488925997432642
ILA036,86.82049562802443,181.0,SA(0.1),-2.0874553193952234,0.7028919046165845,0.458,0.5331913629978731
ILA037,80.78973050748425,210.17,SA(0.1),-2.0358660967753774,0.6990114091719392,0.458,0.5280652896683706
ILA039,82.8521449790845,227.18,SA(0.1),-2.0805594033948913,0.7007233812545215,0.458,0.5303293854169967
ILA041,84.73034922213995,196.88,SA(0.1),-2.0769983743713563,0.7015766052766739,0.458,0.5314562381528152
ILA042,82.3771642362468,209.36,SA(0.1),-2.057199208295033,0.7000586586629689,0.458,0.5294507772862319
ILA043,73.59360548094307,573.04,SA(0.1),-2.1883917291619333,0.7088335488674333,0.458,0.541
ILA044,77.06965074914221,158.13,SA(0.1),-1.9326239456221388,0.698206989366334,0.458,0.527
ILA046,76.13596032679268,396.93,SA(0.1),-2.110476369663272,0.7088335488674333,0.458,0.541
ILA048,85.75930654633606,199.59,SA(0.1),-2.093852617816443,0.7022278915067158,0.458,0.5323157067098132
ILA049,84.760058063251,190.0,SA(0.1),-2.070057133796449,0.701595514023189,0.458,0.5314811993828782
ILA050,62.873379868223246,621.06,SA(0.1),-2.028251740090938,0.7088335488674333,0.458,0.541
ILA051,75.56089930762045,520.64,SA(0.1),-2.187018677398576,0.7088335488674333,0.458,0.541
ILA052,81.78471706968831,612.47,SA(0.1),-2.3520573030578813,0.7103129024265741,0.458,0.5429368465610561
ILA054,113.35010901766988,677.3,SA(0.1),-2.8873146305723596,0.7282307755447027,0.458,0.5661767060295214
ILA055,87.12024211451396,266.77,SA(0.1),-2.1773622284880987,0.7093860704450209,0.458,0.5417237275045538
ILA056,88.90801796032743,223.71,SA(0.1),-2.1620288294453465,0.7041760706288341,0.458,0.5348831072732292
ILA059,83.0273848736504,236.84,SA(0.1),-2.09179358290414,0.702372405821781,0.458,0.5325063346664306
ILA061,75.00437617019124,497.73,SA(0.1),-2.1620994082755858,0.7088335488674333,0.458,0.541
ILA062,69.48117755891323,447.51,SA(0.1),-2.0345544726407994,0.7088335488674333,0.458,0.541
ILA063,56.835893761279905,996.51,SA(0.1),-2.126666958992136,0.7088335488674333,0.458,0.541
ILA064,68.55136664578527,488.61,SA(0.1),-2.0457902877874155,0.7088335488674333,0.458,0.541
ILA066,66.49258937947188,481.17,SA(0.1),-2.0049754232401207,0.7088335488674333,0.458,0.541
ILA067,32.41826640052877,665.2,SA(0.1),-1.399583302597331,0.7088335488674333,0.458,0.541
KAU001,43.56273242838097,573.04,SA(0.1),-1.615002310836477,0.7088335488674333,0.458,0.541
KAU003,114.10838110057877,913.77,SA(0.1),-3.0399134638358527,0.7285999272336914,0.458,0.5666514395684004
KAU006,113.9931054858574,218.49,SA(0.1),-2.494366574402486,0.7177102989751051,0.458,0.55257947234306
KAU007,106.54348341055326,290.86,SA(0.1),-2.476702777908291,0.7236414930757452,0.458,0.5602615554371849
KAU008,107.63866034807238,285.94,SA(0.1),-2.486912558312854,0.7235624793304573,0.458,0.5601594964783141
KAU010,98.9310789023779,215.36,SA(0.1),-2.2898635677831827,0.7099706742030507,0.458,0.5424890397310662
KAU011,102.67230838982609,155.32,SA(0.1),-2.2552673550815943,0.7119922085222965,0.458,0.5451320069455263
KAU012,85.00932588862896,516.18,SA(0.1),-2.3393479064158904,0.7124197439396525,0.458,0.5456902890422735
KAU015,107.15014713693338,233.21,SA(0.1),-2.421741247101049,0.7156613820002885,0.458,0.5499156423366796
KAU018,77.3976499709515,538.69,SA(0.1),-2.230038333538131,0.7088335488674333,0.458,0.541
KAU020,72.82165436342768,373.33,SA(0.1),-2.0399618887550446,0.7088335488674333,0.458,0.541
KAU022,97.4169060097908,217.05,SA(0.1),-2.2713821075603517,0.7091318897217989,0.458,0.5413908357373715
KAU030,100.6366187600612,259.36,SA(0.1),-2.3617645337400126,0.7162044225544391,0.458,0.5506221707183043
KAU032,111.57284399475729,194.13,SA(0.1),-2.4290119053841175,0.7165345045906365,0.458,0.5510514461181905
KAU033,119.83228347776871,182.93,SA(0.1),-2.517713366525457,0.7204524285951495,0.458,0.5561364058112442
KAU034,107.18385021081565,1010.4,SA(0.1),-2.9848433888052184,0.7251386248772892,0.458,0.5621939392139743
KAU037,135.3796060856888,283.21,SA(0.1),-2.859977590553431,0.7359093404467825,0.458,0.5760195807060888
KAU038,142.14272144550424,667.59,SA(0.1),-3.294120296397232,0.7408303620231702,0.458,0.5822934185575013
KAU039,151.63665860072828,464.82,SA(0.1),-3.267040322578022,0.7444542709219886,0.458,0.5868970620935068
KAU040,140.34113735741815,567.64,SA(0.1),-3.197310210378479,0.7401167113251612,0.458,0.5813851962191435
KAU042,159.2060960059972,806.48,SA(0.1),-3.616965815717684,0.747191692500922,0.458,0.5903655014839472
KAU043,171.22323673314898,538.49,SA(0.1),-3.5919593830565293,0.7512922227509099,0.458,0.5955468108939908
KAU044,120.45367346364368,221.24,SA(0.1),-2.582913517462411,0.7207367413339598,0.458,0.5565046723152424
KAU046,161.91718007019477,204.23,SA(0.1),-3.0839095592963255,0.737121798835256,0.458,0.5775677850418283
KAU047,53.8243490270436,573.04,SA(0.1),-1.8270973893165008,0.7088335488674333,0.458,0.541
KAU048,92.0610507119136,295.66,SA(0.1),-2.2748992651891373,0.716229914705481,0.458,0.5506553284215278
KAU050,36.30659128926287,665.2,SA(0.1),-1.497792597693522,0.7088335488674333,0.458,0.541
KAU051,123.98128979998971,1004.58,SA(0.1),-3.2310911185071634,0.7332045505229904,0.458,0.572559964464527
KAU052,168.15442260432175,573.04,SA(0.1),-3.5789871102616817,0.7502718548014552,0.458,0.5942590816362977
KAU054,28.06783316360731,497.22,SA(0.1),-1.2023179181787444,0.7088335488674333,0.458,0.541
KAU057,113.18799613141104,535.13,SA(0.1),-2.7852594799419195,0.7281515492679332,0.458,0.566074799563884
KAU058,108.40705481784066,229.66,SA(0.1),-2.4343507494773315,0.7157258380708788,0.458,0.5499995229836674
KAU062,112.87287787990353,246.84,SA(0.1),-2.5150917923829987,0.7206440345173748,0.458,0.5563846012296523
KAU063,93.6060399190571,227.24,SA(0.1),-2.23061717017346,0.7073323578438945,0.458,0.5390315987518758
KAU064,101.90256344344134,244.84,SA(0.1),-2.3637083727463106,0.7147342919881596,0.458,0.5487085821670878
KAU066,99.84476325858162,214.97,SA(0.1),-2.3016990980871603,0.7104709627275696,0.458,0.5431436171760095
KAU069,68.38649123490784,500.15,SA(0.1),-2.0505065559756814,0.7088335488674333,0.458,0.541
KAU073,109.35172575598243,216.33,SA(0.1),-2.4302230460427228,0.715434000153432,0.458,0.5496196944938754
KAU074,104.18030948121277,228.34,SA(0.1),-2.3759255189371005,0.7133370169857691,0.458,0.5468872825383266
KAU075,115.35762848826717,196.3,SA(0.1),-2.4811410556958253,0.7183628166037899,0.458,0.553426721688545
KAU077,80.96445465556717,665.2,SA(0.1),-2.3720662736415057,0.7097644445809148,0.458,0.5422191132662648
KAU078,87.22190963332963,531.85,SA(0.1),-2.38589963143035,0.7138220653195774,0.458,0.5475198087166409
KAU081,161.49112221532047,295.0,SA(0.1),-3.216109065100391,0.747347167565165,0.458,0.5905622650217967
KAU082,169.01260850918658,573.04,SA(0.1),-3.5903900531774826,0.750558978546793,0.458,0.594621543737868
KAU083,109.69785905793941,202.14,SA(0.1),-2.415898814386926,0.715606884565792,0.458,0.549844717386608
KAU085,87.88866850577266,260.75,SA(0.1),-2.1830289154074696,0.7090153947726663,0.458,0.5412382377702446
KAU086,97.20452708079277,216.8,SA(0.1),-2.2682211831195627,0.7090132570797057,0.458,0.541235437415893
KAU087,112.30367162788814,276.11,SA(0.1),-2.540848645253298,0.7245836713701558,0.458,0.5614779575515444
KAU088,109.55444596649576,227.46,SA(0.1),-2.446998523668525,0.7159419706298217,0.458,0.5502807513527186
NCU,80.12485352707097,466.16,SA(0.1),-2.2247564386720926,0.7091975891443227,0.458,0.5414768881938726
NSK,54.44362818084044,665.2,SA(0.1),-1.8936429234643004,0.7088335488674333,0.458,0.541
NST,37.69344643353157,491.08,SA(0.1),-1.4403235743675527,0.7088335488674333,0.458,0.541
NSY,13.266132208120403,599.64,SA(0.1),-0.7311878519867516,0.7088335488674333,0.458,0.541
PNG,110.99680090093074,465.86,SA(0.1),-2.698822790031037,0.7270699794183922,0.458,0.5646828800056376
SGL,92.0610507119136,295.66,SA(0.1),-2.2748992651891373,0.716229914705481,0.458,0.5506553284215278
SSD,83.90579878637689,535.13,SA(0.1),-2.334785507609849,0.7117073780338149,0.458,0.5447599397420552
STY,36.30659128926287,665.2,SA(0.1),-1.497792597693522,0.7088335488674333,0.458,0.541
TAI1,77.88051206740859,160.67,SA(0.1),-1.9461099909220694,0.698206989366334,0.458,0.527
TAP,97.57479476913649,235.82,SA(0.1),-2.294422361047724,0.7109666516772637,0.458,0.5437918533751491
TAP003,100.68408621704089,212.39,SA(0.1),-2.3098690569071563,0.7109267345462997,0.458,0.5437396637111044
TAP005,104.72671936962091,179.84,SA(0.1),-2.3197452128997296,0.7130728428269892,0.458,0.5465426599794055
TAP006,103.44244641268561,184.77,SA(0.1),-2.31023427614463,0.7123996835347058,0.458,0.5456640991492376
TAP007,101.43266755568051,207.39,SA(0.1),-2.313732012367412,0.7113302104360122,0.458,0.5442670927760941
TAP008,102.106935450927,194.14,SA(0.1),-2.305627546865596,0.7116912288392644,0.458,0.5447388412870355
TAP010,99.18240466204462,226.38,SA(0.1),-2.3059672374012274,0.7103361497460199,0.458,0.5429672601879417
TAP012,99.38192577501383,207.99,SA(0.1),-2.2871143871970014,0.7102180792017866,0.458,0.5428127854288947
TAP013,100.10685750816579,205.11,SA(0.1),-2.2932530710340044,0.7106136737625863,0.458,0.543330280159646
TAP014,100.88062892041134,188.98,SA(0.1),-2.2826666694882274,0.7110329425201395,0.458,0.543878520764378
TAP017,97.06284759654471,217.83,SA(0.1),-2.267480005772896,0.7089339801096164,0.458,0.5411315811834141
TAP020,98.24321010771999,218.5,SA(0.1),-2.284229656817159,0.7095911406048813,0.458,0.5419922387128218
TAP021,98.78987370675111,167.18,SA(0.1),-2.2248562523546807,0.709892967754223,0.458,0.5423873391469405
TAP024,94.16513508407085,194.98,SA(0.1),-2.2017426741319643,0.7072881039867898,0.458,0.5389735262897687
TAP026,95.11515375612561,194.28,SA(0.1),-2.213519248248742,0.7078329170440579,0.458,0.5396882789639776
TAP028,93.9908923717751,287.94,SA(0.1),-2.2958001703566873,0.716375684847897,0.458,0.5508449163251791
TAP032,92.43134740325831,308.88,SA(0.1),-2.292062110930426,0.7169951646746878,0.458,0.5516503114898811
TAP034,89.83433004146535,538.69,SA(0.1),-2.4323043248100715,0.7154350891350354,0.458,0.5496211120086782
TAP035,86.90121805752756,438.13,SA(0.1),-2.3125313029022725,0.7136209134812782,0.458,0.5472575336693447
TAP036,85.37932726460579,671.52,SA(0.1),-2.448957968457649,0.712656635647344,0.458,0.5459995241135209
TAP041,110.1973331135058,363.56,SA(0.1),-2.598834001570107,0.7266703067359966,0.458,0.5641681794392408
TAP042,104.9552728107,375.85,SA(0.1),-2.534330273730963,0.7239793604948894,0.458,0.5606978815927425
TAP043,89.4118520729743,388.16,SA(0.1),-2.312886603576579,0.7151772676244261,0.458,0.5492854668810563
TAP046,115.78653715062438,816.9,SA(0.1),-3.0102242040621765,0.7294086881477926,0.458,0.5676909672924907
TAP047,83.57706282792414,403.2,SA(0.1),-2.2339341761850404,0.7114934536321017,0.458,0.5444804262426112
TAP049,106.91325241516951,573.04,SA(0.1),-2.7199392876305986,0.7249990920262903,0.458,0.5620139530642859
TAP051,101.9565712601721,403.17,SA(0.1),-2.51388181804679,0.7223820634017427,0.458,0.5586339101097958
TAP052,98.45159727452007,433.88,SA(0.1),-2.4867656758503824,0.7204576029538344,0.458,0.5561431089692517
TAP053,89.58804931467594,538.69,SA(0.1),-2.4284008437127578,0.7152849337225112,0.458,0.549425642294221
TAP059,116.80550462432304,456.18,SA(0.1),-2.7751416618061313,0.7298943440875911,0.458,0.5683148366275993
TAP060,118.66399781657233,631.27,SA(0.1),-2.934866190718361,0.7307698489762768,0.458,0.569438822151081
TAP065,119.99410946299658,1023.45,SA(0.1),-3.1820331732056473,0.7313884733249699,0.458,0.5702324954898925
TAP066,113.4447433714641,662.78,SA(0.1),-2.8792130250447228,0.7282769745927163,0.458,0.5662361271783354
TAP067,94.52727846597533,807.68,SA(0.1),-2.679587601429325,0.7182242403582422,0.458,0.5532468340968377
TAP069,121.00337555659135,671.52,SA(0.1),-2.996089333413054,0.7318535386317634,0.458,0.570828872787488
TAP072,98.93978998677024,671.52,SA(0.1),-2.664880170867657,0.7207295116203783,0.458,0.5564953089834173
TAP075,106.57618482473356,856.38,SA(0.1),-2.8950272987674115,0.724824814529568,0.458,0.5617891168025798
TAP077,116.41922097699462,1022.77,SA(0.1),-3.1290958709822148,0.7297107109638994,0.458,0.5680789748753596
TAP078,117.39734495900295,671.52,SA(0.1),-2.94333995919578,0.7301745787233572,0.458,0.5686747008737352
TAP079,116.753401395702,631.27,SA(0.1),-2.906877456189524,0.729869608751402,0.458,0.5682830683549569
TAP081,121.29971223615415,671.52,SA(0.1),-3.0004031490121417,0.7319893886700181,0.458,0.5710030342524519
TAP083,120.4030055039095,435.22,SA(0.1),-2.8087387436143776,0.7315773374512653,0.458,0.5704747151910262
TAP084,121.36524046357977,224.22,SA(0.1),-2.598934239955818,0.7211513157109679,0.458,0.5570414887166486
TAP086,91.22887499302155,887.68,SA(0.1),-2.673018278455822,0.7162780488245374,0.458,0.5507179343619438
TAP087,101.35539844310355,573.04,SA(0.1),-2.635770090649052,0.7220564835240483,0.458,0.5582128316324467
TAP090,102.87317683111068,324.38,SA(0.1),-2.457465965231087,0.7228749847025019,0.458,0.559271171712473
TAP094,107.25914541313247,416.34,SA(0.1),-2.6029929050803737,0.7251773911166075,0.458,0.5622439404624021
TAP095,107.12641066652922,206.24,SA(0.1),-2.387659621162018,0.7143099817946719,0.458,0.548155771739662
TAP097,96.51825643410405,237.23,SA(0.1),-2.281379722487797,0.7105957030779394,0.458,0.5433067763546033
TAP098,105.37088822706724,538.69,SA(0.1),-2.671774151154696,0.7241973174029961,0.458,0.5609792817330207
TAP100,97.58816975352646,236.32,SA(0.1),-2.2951462077065403,0.7110529565947581,0.458,0.5439046856593046
TAP103,113.41800752596221,429.49,SA(0.1),-2.703700369023717,0.7282639262735265,0.458,0.5662193446989713
TAW,121.70169460957298,481.92,SA(0.1),-2.8667335523232733,0.7321731663233653,0.458,0.5712386064369095
TCU,5.925686184729008,472.81,SA(0.1),-0.31062392472292044,0.7088335488674333,0.458,0.541
TCU003,85.87715173895934,517.33,SA(0.1),-2.3541059430069193,0.7129738375176198,0.458,0.5464134817009929
TCU006,72.13607981372333,607.4,SA(0.1),-2.1853556691604754,0.7088335488674333,0.458,0.541
TCU007,88.25765016718297,463.88,SA(0.1),-2.3531178543546623,0.7144669793515677,0.458,0.5483603419137396
TCU008,84.7584785592634,441.58,SA(0.1),-2.281305095919853,0.712258584584868,0.458,0.5454798725112042
TCU009,81.06016716272919,460.1,SA(0.1),-2.2355985948515533,0.7098287115364247,0.458,0.5423032359496491
TCU010,81.66395774542653,446.15,SA(0.1),-2.23526159190411,0.7102324856138409,0.458,0.5428316346909184
TCU011,75.01788257873356,471.07,SA(0.1),-2.1440426926355074,0.7088335488674333,0.458,0.541
TCU014,93.13780925514129,496.47,SA(0.1),-2.4536067546365055,0.7174123654127925,0.458,0.55219245019031
TCU015,49.226738245658176,426.0,SA(0.1),-1.6525192588431734,0.7088335488674333,0.458,0.541
TCU017,53.6114321384972,558.76,SA(0.1),-1.814425648432999,0.7088335488674333,0.458,0.541
TCU018,65.56957606032032,573.04,SA(0.1),-2.04753337938428,0.7088335488674333,0.458,0.541
TCU025,54.234234021714876,665.2,SA(0.1),-1.889493729435689,0.7088335488674333,0.458,0.541
TCU026,55.62700868478751,569.98,SA(0.1),-1.8604173415096863,0.7088335488674333,0.458,0.541
TCU029,27.888704202439943,406.53,SA(0.1),-1.1679320490007141,0.7088335488674333,0.458,0.541
TCU031,30.150489096699733,489.22,SA(0.1),-1.2547319144946179,0.7088335488674333,0.458,0.541
TCU033,40.407957354293515,423.4,SA(0.1),-1.469859349424804,0.7088335488674333,0.458,0.541
TCU034,35.21032855799544,393.77,SA(0.1),-1.3431250839774211,0.7088335488674333,0.458,0.541
TCU036,19.69497692844362,478.07,SA(0.1),-0.9428962299925951,0.7088335488674333,0.458,0.541
TCU038,25.337701564906876,297.86,SA(0.1),-1.0988645390623808,0.7085676870567101,0.458,0.5406516134636944
TCU039,19.70361874696014,540.66,SA(0.1),-0.9631529258812224,0.7088335488674333,0.458,0.541
TCU040,22.119793842654797,362.03,SA(0.1),-1.0040785218050465,0.7088335488674333,0.458,0.541
TCU042,25.981864142619745,578.98,SA(0.1),-1.1786816796869273,0.7088335488674333,0.458,0.541
TCU045,25.36660567229542,704.64,SA(0.1),-1.2214658909112155,0.7088335488674333,0.458,0.541
TCU046,16.246784143589178,465.55,SA(0.1),-0.8170120222609859,0.7088335488674333,0.458,0.541
TCU047,34.3572926348812,520.37,SA(0.1),-1.375084965933283,0.7088335488674333,0.458,0.541
TCU048,14.285234596515949,551.21,SA(0.1),-0.7593963026931299,0.7088335488674333,0.458,0.541
TCU049,4.526216687379779,487.27,SA(0.1),-0.21736784962482936,0.7088335488674333,0.458,0.541
TCU050,10.250155362613157,542.41,SA(0.1),-0.5673427490173156,0.7088335488674333,0.458,0.541
TCU051,8.397313881220667,350.06,SA(0.1),-0.4955958915806993,0.7088335488674333,0.458,0.541
TCU052,0.0,579.1,SA(0.1),0.00031976227660991674,0.7088335488674333,0.458,0.541
TCU053,6.715593029398085,454.55,SA(0.1),-0.3619828932014011,0.7088335488674333,0.458,0.541
TCU054,6.044907731784745,460.69,SA(0.1),-0.3196067604379948,0.7088335488674333,0.458,0.541
TCU055,7.10204372503239,359.13,SA(0.1),-0.421551869747602,0.7088335488674333,0.458,0.541
TCU056,11.23595041250864,403.2,SA(0.1),-0.609169370532946,0.7088335488674333,0.458,0.541
TCU057,12.582859253355823,555.23,SA(0.1),-0.6850564145557653,0.7088335488674333,0.458,0.541
TCU059,17.768696653120717,272.67,SA(0.1),-0.9065980195912255,0.7052921087938004,0.458,0.5363515253327859
TCU060,9.270501399529332,375.42,SA(0.1),-0.5249508448291327,0.7088335488674333,0.458,0.541
TCU061,17.663329909143975,379.64,SA(0.1),-0.8635523907445766,0.7088335488674333,0.458,0.541
TCU063,10.251512284681757,476.14,SA(0.1),-0.5573131808175666,0.7088335488674333,0.458,0.541
TCU064,17.05105449248675,645.72,SA(0.1),-0.9087583883393145,0.7088335488674333,0.458,0.541
TCU065,1.288045085418703,305.85,SA(0.1),-0.17353723631155188,0.7088335488674333,0.458,0.541
TCU067,1.288712791017711,433.63,SA(0.1),-0.04429155247256486,0.7088335488674333,0.458,0.541
TCU068,0.0,487.34,SA(0.1),-0.0017313019261760154,0.7088335488674333,0.458,0.541
TCU070,19.75113627608807,401.26,SA(0.1),-0.9320577150969662,0.7088335488674333,0.458,0.541
TCU071,0.0,624.85,SA(0.1),-0.00775634061759943,0.7088335488674333,0.458,0.541
TCU072,0.0,468.14,SA(0.1),-0.006471972530708692,0.7088335488674333,0.458,0.541
TCU074,0.0,549.43,SA(0.1),0.0027754456587509857,0.7088335488674333,0.458,0.541
TCU075,1.6063613522010625,573.02,SA(0.1),-0.03835089031828992,0.7088335488674333,0.458,0.541
TCU076,3.5054162229935133,614.98,SA(0.1),-0.16023202608238074,0.7088335488674333,0.458,0.541
TCU078,0.0,443.04,SA(0.1),-0.015633319165586967,0.7088335488674333,0.458,0.541
TCU079,0.0,363.99,SA(0.1),-0.07280872299921176,0.7088335488674333,0.458,0.541
TCU081,54.870046821119146,430.47,SA(0.1),-1.7631897668846892,0.7088335488674333,0.458,0.541
TCU082,5.925686184729008,472.81,SA(0.1),-0.31062392472292044,0.7088335488674333,0.458,0.541
TCU083,79.97899565103198,354.63,SA(0.1),-2.140833458548669,0.7090985413987653,0.458,0.5413471542493379
TCU084,0.0,665.2,SA(0.1),-0.01817969030719259,0.7088335488674333,0.458,0.541
TCU085,54.44362818084044,999.66,SA(0.1),-2.080975674619358,0.7088335488674333,0.458,0.541
TCU087,7.054896464891636,538.69,SA(0.1),-0.3846266569521515,0.7088335488674333,0.458,0.541
TCU088,3.997697831489502,665.2,SA(0.1),-0.2090680671423315,0.7088335488674333,0.458,0.541
TCU089,0.0,671.52,SA(0.1),-0.0200348136990653,0.7088335488674333,0.458,0.541
TCU092,88.45294085502088,422.28,SA(0.1),-2.324721288332082,0.7145877757551662,0.458,0.5485177200954547
TCU094,53.92101623044264,589.85,SA(0.1),-1.838986653585575,0.7088335488674333,0.458,0.541
TCU095,44.56466924675996,446.63,SA(0.1),-1.5688637571945123,0.7088335488674333,0.458,0.541
TCU096,53.85469792017198,454.58,SA(0.1),-1.75782877950178,0.7088335488674333,0.458,0.541
TCU098,47.1372515839405,346.56,SA(0.1),-1.5744534493425748,0.7088335488674333,0.458,0.541
TCU100,12.131987127300425,535.13,SA(0.1),-0.6585152921985514,0.7088335488674333,0.458,0.541
TCU101,2.7227148767639835,389.41,SA(0.1),-0.14011692082806976,0.7088335488674333,0.458,0.541
TCU102,1.9561078435847996,714.27,SA(0.1),-0.09218172169524216,0.7088335488674333,0.458,0.541
TCU103,6.53081647788816,494.1,SA(0.1),-0.34804758940029745,0.7088335488674333,0.458,0.541
TCU104,13.594790434615204,410.45,SA(0.1),-0.7097965262426241,0.7088335488674333,0.458,0.541
TCU105,17.906371449005963,575.54,SA(0.1),-0.9119690815473536,0.7088335488674333,0.458,0.541
TCU106,15.667606274650094,451.37,SA(0.1),-0.7928555562727451,0.7088335488674333,0.458,0.541
TCU107,16.69303155356926,409.0,SA(0.1),-0.8284145641175344,0.7088335488674333,0.458,0.541
TCU109,13.733866280340548,535.13,SA(0.1),-0.7308663199458794,0.7088335488674333,0.458,0.541
TCU110,12.33231611318905,212.72,SA(0.1),-0.8123556548426891,0.698206989366334,0.458,0.527
TCU111,22.748356973666922,237.53,SA(0.1),-1.062239337584809,0.7001997498713667,0.458,0.5296373190400432
TCU112,28.176599312968115,190.54,SA(0.1),-1.2095627399743898,0.698206989366334,0.458,0.527
TCU113,31.861769932340707,230.3,SA(0.1),-1.2621479076502446,0.6990625880079981,0.458,0.5281330343317299
TCU115,22.514549191288978,215.34,SA(0.1),-1.0738679317513162,0.698206989366334,0.458,0.527
TCU116,13.140173923202289,493.09,SA(0.1),-0.6952004632048341,0.7088335488674333,0.458,0.541
TCU117,26.01588554922865,198.58,SA(0.1),-1.1617856651824559,0.698206989366334,0.458,0.527
TCU118,27.518780758804855,236.19,SA(0.1),-1.1705005968674151,0.6999915225151774,0.458,0.5293620042967913
TCU119,38.703481646934264,221.7,SA(0.1),-1.3921720012300687,0.698206989366334,0.458,0.527
TCU120,8.108276773791475,459.34,SA(0.1),-0.4430341514260233,0.7088335488674333,0.458,0.541
TCU122,10.095651275407166,475.46,SA(0.1),-0.5493799203316002,0.7088335488674333,0.458,0.541
TCU123,15.613652840248543,270.22,SA(0.1),-0.8432331658870676,0.7049581384627024,0.458,0.5359122847862313
TCU128,13.266132208120403,599.64,SA(0.1),-0.7311878519867516,0.7088335488674333,0.458,0.541
TCU129,2.5928427595425005,511.18,SA(0.1),-0.08926802214049337,0.7088335488674333,0.458,0.541
TCU136,8.865586783874127,462.1,SA(0.1),-0.48471591657337154,0.7088335488674333,0.458,0.541
TCU138,10.622750936043827,652.85,SA(0.1),-0.6225880201494227,0.7088335488674333,0.458,0.541
TCU140,33.69322383417364,223.6,SA(0.1),-1.299546864409154,0.698206989366334,0.458,0.527
TCU141,24.94025634288036,223.04,SA(0.1),-1.1219535770936726,0.698206989366334,0.458,0.527
TCU145,36.03324541347518,240.43,SA(0.1),-1.3411047584485245,0.7006465539684913,0.458,0.5302278694937885
TCU147,71.69733969170538,537.92,SA(0.1),-2.1327568798558425,0.7088335488674333,0.458,0.541
TTN,80.89836518095754,298.72,SA(0.1),-2.1120697950547807,0.7095610843630413,0.458,0.5419528876594856
TTN001,52.32871415831085,484.6,SA(0.1),-1.7456994383298738,0.7088335488674333,0.458,0.541
TTN002,65.48374155510382,667.36,SA(0.1),-2.1041531715594,0.7088335488674333,0.458,0.541
TTN003,93.04588279899522,506.64,SA(0.1),-2.459672611815401,0.7173582482969929,0.458,0.5521221390233597
TTN004,63.800897195982024,463.59,SA(0.1),-1.9461222791124149,0.7088335488674333,0.458,0.541
TTN005,80.42174430564141,407.59,SA(0.1),-2.1871715725351257,0.709398673457191,0.458,0.5417402310174335
TTN006,78.75895289383541,283.21,SA(0.1),-2.067638682756304,0.7066967057018508,0.458,0.5381972072111192
TTN007,79.64699872902655,282.7,SA(0.1),-2.080595955229326,0.7066687260423634,0.458,0.538160467115838
TTN008,80.39083510685596,292.61,SA(0.1),-2.099593076257647,0.7084513007740099,0.458,0.5404990708302713
TTN009,81.38728178307964,313.96,SA(0.1),-2.1314572797007925,0.7100478151077294,0.458,0.5425899922955273
TTN010,81.51829704872269,311.34,SA(0.1),-2.1313972239373555,0.7101353365931591,0.458,0.5427045202301888
TTN012,79.21152525532221,288.3,SA(0.1),-2.0784231304044805,0.7073571037449098,0.458,0.539064070606071
TTN013,78.8943211567126,297.76,SA(0.1),-2.0809278238584765,0.708555218695296,0.458,0.5406352725639891
TTN014,59.860496924556905,533.97,SA(0.1),-1.9187131076588797,0.7088335488674333,0.458,0.541
TTN015,80.89836518095754,487.91,SA(0.1),-2.252782192103631,0.7097200263253666,0.458,0.5421609685022328
TTN016,121.70169460957298,826.15,SA(0.1),-3.102649720017818,0.7321731663233653,0.458,0.5712386064369095
TTN018,71.80853811897417,573.04,SA(0.1),-2.157622980933289,0.7088335488674333,0.458,0.541
TTN020,46.28877454659275,453.71,SA(0.1),-1.6080458039967798,0.7088335488674333,0.458,0.541
TTN022,49.185819921013895,398.81,SA(0.1),-1.637821714255245,0.7088335488674333,0.458,0.541
TTN023,50.33727239662484,527.54,SA(0.1),-1.7310547824253262,0.7088335488674333,0.458,0.541
TTN024,56.57309029774128,671.52,SA(0.1),-1.9391104111695026,0.7088335488674333,0.458,0.541
TTN025,62.74114520985054,704.96,SA(0.1),-2.0759237463635265,0.7088335488674333,0.458,0.541
TTN026,67.49118772791799,573.04,SA(0.1),-2.0818887900778758,0.7088335488674333,0.458,0.541
TTN027,73.52976366515371,428.95,SA(0.1),-2.0901489562502853,0.7088335488674333,0.458,0.541
TTN028,76.01025211793088,616.17,SA(0.1),-2.257561200633521,0.7088335488674333,0.458,0.541
TTN031,51.99314115375424,510.62,SA(0.1),-1.7542073869753492,0.7088335488674333,0.458,0.541
TTN032,53.710344896261404,734.26,SA(0.1),-1.9184508789641117,0.7088335488674333,0.458,0.541
TTN033,55.55183906772911,670.8,SA(0.1),-1.9187396489903412,0.7088335488674333,0.458,0.541
TTN036,77.42687254231797,538.69,SA(0.1),-2.2305271642787594,0.7088335488674333,0.458,0.541
TTN040,43.69119446366562,728.01,SA(0.1),-1.7038734869278909,0.7088335488674333,0.458,0.541
TTN041,40.552465197967734,418.24,SA(0.1),-1.4707463924143878,0.7088335488674333,0.458,0.541
TTN042,61.854091343505935,845.34,SA(0.1),-2.142644895497317,0.7088335488674333,0.458,0.541
TTN044,55.35974910869786,419.63,SA(0.1),-1.766140617093942,0.7088335488674333,0.458,0.541
TTN045,57.72674042183177,539.98,SA(0.1),-1.8824088900864777,0.7088335488674333,0.458,0.541
TTN046,62.61498206065394,528.12,SA(0.1),-1.9657121847731949,0.7088335488674333,0.458,0.541
TTN047,71.2651253374662,573.04,SA(0.1),-2.1481952738661017,0.7088335488674333,0.458,0.541
TTN048,77.23093425350275,373.54,SA(0.1),-2.111303407789415,0.7088335488674333,0.458,0.541
TTN050,87.16780012668326,573.04,SA(0.1),-2.413580489298561,0.7137881746009973,0.458,0.5474756233844789
TTN051,30.788780146750934,665.2,SA(0.1),-1.356386536052154,0.7088335488674333,0.458,0.541
WGK,10.377089824587822,258.89,SA(0.1),-0.6744054201705993,0.7033748191894426,0.458,0.5338278151892997
WNT,2.5928427595425005,511.18,SA(0.1),-0.08926802214049337,0.7088335488674333,0.458,0.541
WTC,43.046970143373564,207.69,SA(0.1),-1.4674033677841292,0.698206989366334,0.458,0.527
ALS,1.4161941004474747,553.43,SA(0.2),0.2065455115262667,0.6212905922352278,0.309,0.539
CHK,59.860496924556905,424.57,SA(0.2),-1.57378126104602,0.6212905922352278,0.309,0.539
CHY002,25.501325041113866,235.13,SA(0.2),-0.7850097554349157,0.5885323737497887,0.309,0.5008885654030855
CHY004,48.07893833473184,271.3,SA(0.2),-1.2251896416867347,0.6076948939556024,0.309,0.523270564946769
CHY006,10.584628168218677,438.19,SA(0.2),-0.29995198009152224,0.6212905922352278,0.309,0.539
CHY008,41.23915234428305,210.73,SA(0.2),-1.0717358125990966,0.5826808732059086,0.309,0.49400000000000005
CHY010,20.625677664506007,538.69,SA(0.2),-0.7781315537257392,0.6212905922352278,0.309,0.539
CHY012,59.82694761124689,198.4,SA(0.2),-1.3285502033569536,0.5826808732059086,0.309,0.49400000000000005
CHY014,33.88066065244789,347.63,SA(0.2),-1.0087974358171694,0.6212905922352278,0.309,0.539
CHY015,38.846134725395174,228.66,SA(0.2),-1.0410347085247103,0.5848222676746689,0.309,0.49652400220748855
CHY016,67.39311492490651,200.86,SA(0.2),-1.4296940496417507,0.5826808732059086,0.309,0.49400000000000005
CHY017,59.79653364012802,190.57,SA(0.2),-1.3187405236243035,0.5826808732059086,0.309,0.49400000000000005
CHY019,52.664018987304125,497.53,SA(0.2),-1.5206880471397346,0.6212905922352278,0.309,0.539
CHY022,65.23494253909143,564.07,SA(0.2),-1.8079811395979313,0.6212905922352278,0.309,0.539
CHY023,82.48037770558093,279.78,SA(0.2),-1.7373888994492312,0.6118453772174044,0.309,0.5280849984825434
CHY024,10.382141776489679,427.73,SA(0.2),-0.286314450451305,0.6212905922352278,0.309,0.539
CHY025,19.821814137857874,277.5,SA(0.2),-0.636638131792072,0.6107409905145541,0.309,0.5268050469525692
CHY026,30.117763879363363,226.01,SA(0.2),-0.881021948243578,0.5832749578610623,0.309,0.49470059275062933
CHY027,42.57072697901259,210.01,SA(0.2),-1.0923685423288005,0.5826808732059086,0.309,0.49400000000000005
CHY028,3.8142382458599347,542.61,SA(0.2),0.0760160998301625,0.6212905922352278,0.309,0.539
CHY029,11.753982902131465,544.74,SA(0.2),-0.41439686136668724,0.6212905922352278,0.309,0.539
CHY032,36.20970428039942,192.71,SA(0.2),-0.9839312777211631,0.5826808732059086,0.309,0.49400000000000005
CHY033,44.61021757313737,197.63,SA(0.2),-1.115816341332911,0.5826808732059086,0.309,0.49400000000000005
CHY034,15.55529098089055,378.75,SA(0.2),-0.5015600080662526,0.6212905922352278,0.309,0.539
CHY035,13.30281463096492,573.04,SA(0.2),-0.5090001191740872,0.6212905922352278,0.309,0.539
CHY036,16.834009871697,233.14,SA(0.2),-0.5711123397194725,0.5874012747774648,0.309,0.49955906318491583
CHY039,32.68412498523498,201.21,SA(0.2),-0.9264672022169201,0.5826808732059086,0.309,0.49400000000000005
CHY041,20.07183164813607,492.26,SA(0.2),-0.7251333852055092,0.6212905922352278,0.309,0.539
CHY042,28.16777357328532,665.2,SA(0.2),-1.1168249735880604,0.6212905922352278,0.309,0.539
CHY044,55.933003322544856,194.47,SA(0.2),-1.2723060104160742,0.5826808732059086,0.309,0.49400000000000005
CHY046,24.876384312874173,442.15,SA(0.2),-0.8431127559106387,0.6212905922352278,0.309,0.539
CHY047,24.927795876688105,169.52,SA(0.2),-0.7968452120863687,0.5826808732059086,0.309,0.49400000000000005
CHY050,45.48094043081733,538.93,SA(0.2),-1.420527810381138,0.6212905922352278,0.309,0.539
CHY052,40.52523944488567,573.04,SA(0.2),-1.3464235684359604,0.6212905922352278,0.309,0.539
CHY054,49.228155688795745,172.1,SA(0.2),-1.1607509326372003,0.5826808732059086,0.309,0.49400000000000005
CHY055,55.04100932988003,225.77,SA(0.2),-1.2921181163363666,0.5831340086618372,0.309,0.4945343992666471
CHY057,58.30189007907089,411.46,SA(0.2),-1.5336959878031304,0.6212905922352278,0.309,0.539
CHY058,60.47926509005612,269.28,SA(0.2),-1.4173858239896502,0.6066885691203482,0.309,0.5221015417534175
CHY059,74.0105222831666,191.09,SA(0.2),-1.4971475537474472,0.5826808732059086,0.309,0.49400000000000005
CHY060,69.53930995385498,228.92,SA(0.2),-1.4956908855574245,0.5849731971683743,0.309,0.4967017630383344
CHY061,59.2181211902229,538.69,SA(0.2),-1.6796434496506454,0.6212905922352278,0.309,0.539
CHY062,59.70708366780761,602.63,SA(0.2),-1.7504011802736517,0.6212905922352278,0.309,0.539
CHY063,73.64708029924377,246.88,SA(0.2),-1.5744360694411377,0.5950376989259317,0.309,0.5085163351782004
CHY065,84.65037829276163,250.0,SA(0.2),-1.7217046531252527,0.5967173707621087,0.309,0.5104807739467216
CHY066,90.36922111828896,211.97,SA(0.2),-1.728807453838523,0.5826808732059086,0.309,0.49400000000000005
CHY067,84.21459469490114,227.97,SA(0.2),-1.6816477689372098,0.5844209638687679,0.309,0.49605127054499076
CHY069,86.69064381036402,224.42,SA(0.2),-1.7062223321523422,0.5826808732059086,0.309,0.49400000000000005
CHY070,84.43554371983527,265.45,SA(0.2),-1.742195988191265,0.6047612753149318,0.309,0.5198607507020921
CHY071,79.42270364079795,202.95,SA(0.2),-1.582077775366757,0.5826808732059086,0.309,0.49400000000000005
CHY074,1.4161941004474747,553.43,SA(0.2),0.2065455115262667,0.6212905922352278,0.309,0.539
CHY076,42.877573217177414,169.84,SA(0.2),-1.0733828112495203,0.5826808732059086,0.309,0.49400000000000005
CHY078,77.88051206740859,160.67,SA(0.2),-1.4879161138349606,0.5826808732059086,0.309,0.49400000000000005
CHY079,50.02855021100604,573.04,SA(0.2),-1.5431960403190927,0.6212905922352278,0.309,0.539
CHY080,0.8203047792534108,496.21,SA(0.2),0.24470611427930936,0.6212905922352278,0.309,0.539
CHY081,43.161132192340126,573.04,SA(0.2),-1.403614662424898,0.6212905922352278,0.309,0.539
CHY082,36.690687042494744,193.69,SA(0.2),-0.9919358467274754,0.5826808732059086,0.309,0.49400000000000005
CHY086,28.265165300477857,665.2,SA(0.2),-1.119606652523767,0.6212905922352278,0.309,0.539
CHY087,29.477616972892374,505.2,SA(0.2),-1.0197274404088237,0.6212905922352278,0.309,0.539
CHY088,38.16580800828477,318.52,SA(0.2),-1.0798333114020549,0.6212905922352278,0.309,0.539
CHY090,59.17740188206011,180.33,SA(0.2),-1.298201350220369,0.5826808732059086,0.309,0.49400000000000005
CHY092,23.43718943402428,253.72,SA(0.2),-0.7348497722334473,0.5986950900580048,0.309,0.51279119616035
CHY093,50.52955404993735,190.49,SA(0.2),-1.1948842732997893,0.5826808732059086,0.309,0.49400000000000005
CHY094,37.568596955239634,221.92,SA(0.2),-1.016211784070742,0.5826808732059086,0.309,0.49400000000000005
CHY096,83.07046778565815,293.61,SA(0.2),-1.764630668223869,0.6183711304514716,0.309,0.5356322012125774
CHY099,65.94429160338161,228.84,SA(0.2),-1.4475671122737201,0.5849267739841861,0.309,0.49664708891077497
CHY100,54.13764361475702,230.11,SA(0.2),-1.2832217531458667,0.5856620003020506,0.309,0.49751279239613444
CHY101,10.377089824587822,258.89,SA(0.2),-0.33153237985597406,0.6013999012654601,0.309,0.5159465488227488
CHY102,36.74554656205193,804.36,SA(0.2),-1.4580678553028152,0.6212905922352278,0.309,0.539
CHY104,18.6621650225021,223.24,SA(0.2),-0.6274273254315792,0.5826808732059086,0.309,0.49400000000000005
CHY107,51.35844504410688,175.68,SA(0.2),-1.1921783496769638,0.5826808732059086,0.309,0.49400000000000005
CHY109,43.43968322952119,573.04,SA(0.2),-1.4095298277767667,0.6212905922352278,0.309,0.539
CHY110,43.43968322952119,573.04,SA(0.2),-1.4095298277767667,0.6212905922352278,0.309,0.539
CHY116,82.01615041444819,195.38,SA(0.2),-1.60023279450176,0.5826808732059086,0.309,0.49400000000000005
ENA,62.873379868223246,665.2,SA(0.2),-1.863980153296495,0.6212905922352278,0.309,0.539
ESL,39.13327017283541,493.29,SA(0.2),-1.2436539640517519,0.6212905922352278,0.309,0.539
HEN,161.91718007019477,204.23,SA(0.2),-2.4947745536431634,0.6449554378109204,0.309,0.5661152857518298
HSN,54.870046821119146,321.49,SA(0.2),-1.3838253344138174,0.6212905922352278,0.309,0.539
HWA,51.21900426141601,260.38,SA(0.2),-1.2667249792282331,0.6021702101332507,0.309,0.5168442337609304
HWA002,52.86279146401041,789.18,SA(0.2),-1.7896596322119271,0.6212905922352278,0.309,0.539
HWA003,51.681142290885134,1525.85,SA(0.2),-2.1573201364079972,0.6212905922352278,0.309,0.539
HWA005,44.28231958384142,459.32,SA(0.2),-1.3217067611569315,0.6212905922352278,0.309,0.539
HWA006,45.003181958498374,559.11,SA(0.2),-1.4294532958748336,0.6212905922352278,0.309,0.539
HWA007,51.95325392386305,358.72,SA(0.2),-1.3708898338476079,0.6212905922352278,0.309,0.539
HWA009,51.693536462196626,373.23,SA(0.2),-1.3804290600456532,0.6212905922352278,0.309,0.539
HWA011,48.624839989886404,355.76,SA(0.2),-1.3089097873048572,0.6212905922352278,0.309,0.539
HWA012,52.325257559135075,414.42,SA(0.2),-1.4322312131789552,0.6212905922352278,0.309,0.539
HWA013,49.86104964362179,330.55,SA(0.2),-1.3076133917047095,0.6212905922352278,0.309,0.539
HWA014,50.84490694090048,277.28,SA(0.2),-1.2758275023771142,0.6106339837129081,0.309,0.5266809869979133
HWA015,46.42594132137962,453.05,SA(0.2),-1.3586071258554553,0.6212905922352278,0.309,0.539
HWA016,47.585145300823704,576.55,SA(0.2),-1.4982043550626998,0.6212905922352278,0.309,0.539
HWA017,46.470164794363036,578.11,SA(0.2),-1.4771183523430675,0.6212905922352278,0.309,0.539
HWA019,51.21900426141601,494.82,SA(0.2),-1.491022136489939,0.6212905922352278,0.309,0.539
HWA020,39.13327017283541,626.43,SA(0.2),-1.3626233574910454,0.6212905922352278,0.309,0.539
HWA022,57.87400521195273,567.64,SA(0.2),-1.684220916495847,0.6212905922352278,0.309,0.539
HWA023,46.40755022060307,671.52,SA(0.2),-1.5599358533278398,0.6212905922352278,0.309,0.539
HWA024,37.730568431531545,671.52,SA(0.2),-1.36914175146624,0.6212905922352278,0.309,0.539
HWA025,49.13348906562234,494.32,SA(0.2),-1.4507833170549562,0.6212905922352278,0.309,0.539
HWA026,47.22466473181171,457.49,SA(0.2),-1.3784501536042868,0.6212905922352278,0.309,0.539
HWA027,46.98782360511372,437.8,SA(0.2),-1.3551498850083132,0.6212905922352278,0.309,0.539
HWA028,49.35236603416438,406.7,SA(0.2),-1.3703431424038368,0.6212905922352278,0.309,0.539
HWA029,49.89682984159387,614.05,SA(0.2),-1.5786948710527728,0.6212905922352278,0.309,0.539
HWA030,41.84995449814051,592.18,SA(0.2),-1.3927459610755584,0.6212905922352278,0.309,0.539
HWA031,46.78495170006793,602.29,SA(0.2),-1.5057464146789896,0.6212905922352278,0.309,0.539
HWA032,42.76449413301876,573.04,SA(0.2),-1.3951508781827524,0.6212905922352278,0.309,0.539
HWA033,49.52391460805984,395.57,SA(0.2),-1.3628367139646103,0.6212905922352278,0.309,0.539
HWA034,38.72259961355784,379.18,SA(0.2),-1.1365369118664408,0.6212905922352278,0.309,0.539
HWA035,43.48814803424615,677.49,SA(0.2),-1.5036306154397603,0.6212905922352278,0.309,0.539
HWA036,38.18727859247192,503.04,SA(0.2),-1.2312123438858582,0.6212905922352278,0.309,0.539
HWA037,40.93079012119635,469.64,SA(0.2),-1.2614677217655033,0.6212905922352278,0.309,0.539
HWA038,36.825205396811654,642.73,SA(0.2),-1.3229899542090466,0.6212905922352278,0.309,0.539
HWA039,40.700555517327686,459.67,SA(0.2),-1.247574671602539,0.6212905922352278,0.309,0.539
HWA041,43.12948213944211,484.97,SA(0.2),-1.3218015407826287,0.6212905922352278,0.309,0.539
HWA043,53.91152534737503,543.06,SA(0.2),-1.5882900583446238,0.6212905922352278,0.309,0.539
HWA044,55.24919369711087,534.41,SA(0.2),-1.6044417002125897,0.6212905922352278,0.309,0.539
HWA045,59.28500884807053,484.45,SA(0.2),-1.626118198543647,0.6212905922352278,0.309,0.539
HWA046,47.0109436592865,617.52,SA(0.2),-1.5242084227249677,0.6212905922352278,0.309,0.539
HWA048,46.686257749108556,345.89,SA(0.2),-1.264657148563759,0.6212905922352278,0.309,0.539
HWA049,46.005462055816764,508.61,SA(0.2),-1.40273664777311,0.6212905922352278,0.309,0.539
HWA050,48.71376858358703,313.9,SA(0.2),-1.272540297852353,0.6212905922352278,0.309,0.539
HWA051,48.90932890375484,440.5,SA(0.2),-1.3945633778962434,0.6212905922352278,0.309,0.539
HWA053,35.85961696778292,843.24,SA(0.2),-1.4689870020407974,0.6212905922352278,0.309,0.539
HWA054,37.40217869643352,452.83,SA(0.2),-1.1694284714893728,0.6212905922352278,0.309,0.539
HWA055,42.55353726386162,369.75,SA(0.2),-1.2067273254353625,0.6212905922352278,0.309,0.539
HWA056,35.11011081738172,511.3,SA(0.2),-1.1670672471692676,0.6212905922352278,0.309,0.539
HWA057,45.69143972650157,671.52,SA(0.2),-1.5450824306771238,0.6212905922352278,0.309,0.539
HWA058,40.62633470498356,529.54,SA(0.2),-1.3092616912242019,0.6212905922352278,0.309,0.539
HWA059,44.12500056155976,208.56,SA(0.2),-1.1155769542835778,0.5826808732059086,0.309,0.49400000000000005
HWA060,53.13246936736276,573.04,SA(0.2),-1.6025327340953297,0.6212905922352278,0.309,0.539
HWA2,51.21900426141601,260.38,SA(0.2),-1.2667249792282331,0.6021702101332507,0.309,0.5168442337609304
ILA001,100.32579879811699,909.09,SA(0.2),-2.644469509547155,0.6320022724989227,0.309,0.5513128625778675
ILA002,94.59735635282492,219.78,SA(0.2),-1.7929884968251388,0.5868981910865599,0.309,0.49896742048021153
ILA003,89.71025798681,263.82,SA(0.2),-1.8070484685673434,0.6039332583332155,0.309,0.5188972735725006
ILA004,85.68227612519946,124.27,SA(0.2),-1.482433313053663,0.5826808732059086,0.309,0.49400000000000005
ILA005,83.93724100214038,239.33,SA(0.2),-1.696209688747556,0.5908911732053337,0.309,0.5036579976253486
ILA006,81.73646560218842,279.41,SA(0.2),-1.7270255879838776,0.6116667233045231,0.309,0.5278779976453765
ILA007,80.69578779842172,496.27,SA(0.2),-1.9803184285693263,0.6212905922352278,0.309,0.539
ILA008,81.47670604637591,299.28,SA(0.2),-1.7510491627203644,0.6209645385282558,0.309,0.5386241343549412
ILA010,76.69526258688926,573.04,SA(0.2),-2.000990973207196,0.6212905922352278,0.309,0.539
ILA012,84.97633852037546,259.21,SA(0.2),-1.7398395287499984,0.6015656800585671,0.309,0.5161397750845466
ILA013,80.79219336584667,199.48,SA(0.2),-1.5927512805820396,0.5826808732059086,0.309,0.49400000000000005
ILA014,77.22854612692028,300.77,SA(0.2),-1.6950315418178774,0.6212905922352278,0.309,0.539
ILA015,82.13530668263718,782.59,SA(0.2),-2.278641291699974,0.6212905922352278,0.309,0.539
ILA016,79.00488080472547,271.1,SA(0.2),-1.6791227386455745,0.6075955667118701,0.309,0.5231552089847894
ILA021,73.37025333724408,573.04,SA(0.2),-1.94910361146371,0.6212905922352278,0.309,0.539
ILA024,63.905677437896436,671.52,SA(0.2),-1.887500773265403,0.6212905922352278,0.309,0.539
ILA027,79.85541389401519,215.0,SA(0.2),-1.6069593538839142,0.5826808732059086,0.309,0.49400000000000005
ILA030,82.3256976649756,200.98,SA(0.2),-1.6136815170206662,0.5826808732059086,0.309,0.49400000000000005
ILA031,79.91880061031861,649.25,SA(0.2),-2.1253014810453683,0.6212905922352278,0.309,0.539
ILA032,80.85387012515656,295.48,SA(0.2),-1.7374640326559039,0.6192315474405476,0.309,0.5366252969676469
ILA035,90.36427205527093,293.01,SA(0.2),-1.8594712235668727,0.6180939840064809,0.309,0.5353122201715591
ILA036,86.82049562802443,181.0,SA(0.2),-1.629128579159316,0.5826808732059086,0.309,0.49400000000000005
ILA037,80.78973050748425,210.17,SA(0.2),-1.6106040319454757,0.5826808732059086,0.309,0.49400000000000005
ILA039,82.8521449790845,227.18,SA(0.2),-1.663498576101001,0.5839601378800489,0.309,0.4955082669672481
ILA041,84.73034922213995,196.88,SA(0.2),-1.6349653025456374,0.5826808732059086,0.309,0.49400000000000005
ILA042,82.3771642362468,209.36,SA(0.2),-1.6285614064167977,0.5826808732059086,0.309,0.49400000000000005
ILA043,73.59360548094307,573.04,SA(0.2),-1.9526253633067363,0.6212905922352278,0.309,0.539
ILA044,77.06965074914221,158.13,SA(0.2),-1.473817925055199,0.5826808732059086,0.309,0.49400000000000005
ILA046,76.13596032679268,396.93,SA(0.2),-1.798829594551305,0.6212905922352278,0.309,0.539
ILA048,85.75930654633606,199.59,SA(0.2),-1.6519803673989897,0.5826808732059086,0.309,0.49400000000000005
ILA049,84.760058063251,190.0,SA(0.2),-1.6227117096988408,0.5826808732059086,0.309,0.49400000000000005
ILA050,62.873379868223246,621.06,SA(0.2),-1.8230863443491274,0.6212905922352278,0.309,0.539
ILA051,75.56089930762045,520.64,SA(0.2),-1.9290447598150915,0.6212905922352278,0.309,0.539
ILA052,81.78471706968831,612.47,SA(0.2),-2.1179993679078426,0.6212905922352278,0.309,0.539
ILA054,113.35010901766988,677.3,SA(0.2),-2.6214799939673528,0.6453479615617919,0.309,0.5665624338869989
ILA055,87.12024211451396,266.77,SA(0.2),-1.7786630139464616,0.6054283906244097,0.309,0.5206366642621924
ILA056,88.90801796032743,223.71,SA(0.2),-1.731946110850422,0.5826808732059086,0.309,0.49400000000000005
ILA059,83.0273848736504,236.84,SA(0.2),-1.6808971186350656,0.5894973559486615,0.309,0.5020220440084907
ILA061,75.00437617019124,497.73,SA(0.2),-1.8959052600281208,0.6212905922352278,0.309,0.539
ILA062,69.48117755891323,447.51,SA(0.2),-1.7550352933776114,0.6212905922352278,0.309,0.539
ILA063,56.835893761279905,996.51,SA(0.2),-2.024824046033428,0.6212905922352278,0.309,0.539
ILA064,68.55136664578527,488.61,SA(0.2),-1.7847364176492824,0.6212905922352278,0.309,0.539
ILA066,66.49258937947188,481.17,SA(0.2),-1.7435571484142078,0.6212905922352278,0.309,0.539
ILA067,32.41826640052877,665.2,SA(0.2),-1.2325873415499935,0.6212905922352278,0.309,0.539
KAU001,43.56273242838097,573.04,SA(0.2),-1.412135363485183,0.6212905922352278,0.309,0.539
KAU003,114.10838110057877,913.77,SA(0.2),-2.8332090857354904,0.6460793889271853,0.309,0.5673954324776727
KAU006,113.9931054858574,218.49,SA(0.2),-2.0137225044692286,0.6068328182364222,0.309,0.5222691540659458
KAU007,106.54348341055326,290.86,SA(0.2),-2.0588904144806266,0.6343350832683939,0.309,0.5539855574517446
KAU008,107.63866034807238,285.94,SA(0.2),-2.064120075645968,0.6331207344084774,0.309,0.5525946654989802
KAU010,98.9310789023779,215.36,SA(0.2),-1.8354719670624642,0.5916634583343144,0.309,0.5045638194798762
KAU011,102.67230838982609,155.32,SA(0.2),-1.7427758446544441,0.595623209537555,0.309,0.50920134302633
KAU012,85.00932588862896,516.18,SA(0.2),-2.065636917164361,0.6212905922352278,0.309,0.539
KAU015,107.15014713693338,233.21,SA(0.2),-1.9649808974621013,0.6050019751561914,0.309,0.5201407405144235
KAU018,77.3976499709515,538.69,SA(0.2),-1.9763015483867419,0.6212905922352278,0.309,0.539
KAU020,72.82165436342768,373.33,SA(0.2),-1.7217130400653118,0.6212905922352278,0.309,0.539
KAU022,97.4169060097908,217.05,SA(0.2),-1.821051802941296,0.5900210095185645,0.309,0.5026368387546878
KAU030,100.6366187600612,259.36,SA(0.2),-1.9347794465060726,0.6125745020847689,0.309,0.5289295989112376
KAU032,111.57284399475729,194.13,SA(0.2),-1.9336759757907913,0.6045268133004448,0.309,0.5195879790749501
KAU033,119.83228347776871,182.93,SA(0.2),-1.9962141426804338,0.6122125649178924,0.309,0.5285103827204767
KAU034,107.18385021081565,1010.4,SA(0.2),-2.810541225899729,0.6392214583428236,0.309,0.5595740101237067
KAU037,135.3796060856888,283.21,SA(0.2),-2.383258872313844,0.6569491764940073,0.309,0.5797423742457976
KAU038,142.14272144550424,667.59,SA(0.2),-2.9718431510510186,0.6703117598655333,0.309,0.594841874294361
KAU039,151.63665860072828,464.82,SA(0.2),-2.8534433281001172,0.6774903687025691,0.309,0.6029197290558197
KAU040,140.34113735741815,567.64,SA(0.2),-2.8456018311418063,0.6688979619952354,0.309,0.5932482478367546
KAU042,159.2060960059972,806.48,SA(0.2),-3.2995369984005665,0.6829120869597678,0.309,0.6090056801999022
KAU043,171.22323673314898,538.49,SA(0.2),-3.168883431017348,0.6910318958784434,0.309,0.6180971453755112
KAU044,120.45367346364368,221.24,SA(0.2),-2.0918227259859594,0.6127704894060128,0.309,0.5291565672718089
KAU046,161.91718007019477,204.23,SA(0.2),-2.4947745536431634,0.6449554378109204,0.309,0.5661152857518298
KAU047,53.8243490270436,573.04,SA(0.2),-1.615482921785738,0.6212905922352278,0.309,0.539
KAU048,92.0610507119136,295.66,SA(0.2),-1.8852494802780884,0.6206769036836473,0.309,0.5382925029817148
KAU050,36.30659128926287,665.2,SA(0.2),-1.3298443347186029,0.6212905922352278,0.309,0.539
KAU051,123.98128979998971,1004.58,SA(0.2),-3.0254011217437613,0.6552030135599933,0.309,0.577762917621144
KAU052,168.15442260432175,573.04,SA(0.2),-3.174605277175052,0.6890115843472515,0.309,0.6158376111969045
KAU054,28.06783316360731,497.22,SA(0.2),-0.9749715445403414,0.6212905922352278,0.309,0.539
KAU057,113.18799613141104,535.13,SA(0.2),-2.4718216912866793,0.6451909852186428,0.309,0.5663836221214408
KAU058,108.40705481784066,229.66,SA(0.2),-1.9726735076843738,0.6041919475472347,0.309,0.5191983334727881
KAU062,112.87287787990353,246.84,SA(0.2),-2.0571624229272993,0.6182794008298551,0.309,0.5355262995320815
KAU063,93.6060399190571,227.24,SA(0.2),-1.7945771430510122,0.5870966473590838,0.309,0.4992008346750598
KAU064,101.90256344344134,244.84,SA(0.2),-1.9247666409955198,0.6061534039383633,0.309,0.5214795768829922
KAU066,99.84476325858162,214.97,SA(0.2),-1.8453113859474262,0.5926432445488183,0.309,0.5057123839786312
KAU069,68.38649123490784,500.15,SA(0.2),-1.7943121860160514,0.6212905922352278,0.309,0.539
KAU073,109.35172575598243,216.33,SA(0.2),-1.9568603442022612,0.6023689189317113,0.309,0.5170757338098149
KAU074,104.18030948121277,228.34,SA(0.2),-1.9212295156838342,0.5991548901044516,0.309,0.5133279481345989
KAU075,115.35762848826717,196.3,SA(0.2),-1.9801438721436968,0.6081127617710511,0.309,0.5237557933128903
KAU077,80.96445465556717,665.2,SA(0.2),-2.1562273038655184,0.6212905922352278,0.309,0.539
KAU078,87.22190963332963,531.85,SA(0.2),-2.114773581509754,0.6212905922352278,0.309,0.539
KAU081,161.49112221532047,295.0,SA(0.2),-2.695123810732081,0.6821554398013259,0.309,0.6081570883008274
KAU082,169.01260850918658,573.04,SA(0.2),-3.184284568729551,0.6895800990559472,0.309,0.6164736109632025
KAU083,109.69785905793941,202.14,SA(0.2),-1.9307851600684485,0.6027078850291168,0.309,0.5174705737298219
KAU085,87.88866850577266,260.75,SA(0.2),-1.7792699462506207,0.6023608661019467,0.309,0.5170663526193591
KAU086,97.20452708079277,216.8,SA(0.2),-1.8181005602310703,0.5897887384106426,0.309,0.5023641666719646
KAU087,112.30367162788814,276.11,SA(0.2),-2.103382311306156,0.6329711085918855,0.309,0.5524232293378335
KAU088,109.55444596649576,227.46,SA(0.2),-1.98154937348367,0.6040284578249011,0.309,0.5190080710955547
NCU,80.12485352707097,466.16,SA(0.2),-1.938168853551005,0.6212905922352278,0.309,0.539
NSK,54.44362818084044,665.2,SA(0.2),-1.7122774878379068,0.6212905922352278,0.309,0.539
NST,37.69344643353157,491.08,SA(0.2),-1.209432309006952,0.6212905922352278,0.309,0.539
NSY,13.266132208120403,599.64,SA(0.2),-0.5262115614238833,0.6212905922352278,0.309,0.539
PNG,110.99680090093074,465.86,SA(0.2),-2.361573194950337,0.6430480189441073,0.309,0.5639412688108054
SGL,92.0610507119136,295.66,SA(0.2),-1.8852494802780884,0.6206769036836473,0.309,0.5382925029817148
SSD,83.90579878637689,535.13,SA(0.2),-2.0700236393316422,0.6212905922352278,0.309,0.539
STY,36.30659128926287,665.2,SA(0.2),-1.3298443347186029,0.6212905922352278,0.309,0.539
TAI1,77.88051206740859,160.67,SA(0.2),-1.4879161138349606,0.5826808732059086,0.309,0.49400000000000005
TAP,97.57479476913649,235.82,SA(0.2),-1.8571743601029929,0.5964652928210544,0.309,0.510186089128375
TAP003,100.68408621704089,212.39,SA(0.2),-1.8499744031287004,0.5935359468463806,0.309,0.506758246305701
TAP005,104.72671936962091,179.84,SA(0.2),-1.8257446625374834,0.5977406708145961,0.309,0.5116765673214706
TAP006,103.44244641268561,184.77,SA(0.2),-1.8229988293326373,0.5964215831523934,0.309,0.510134986890732
TAP007,101.43266755568051,207.39,SA(0.2),-1.8486181011656388,0.5943262969855923,0.309,0.5076837079211882
TAP008,102.106935450927,194.14,SA(0.2),-1.828760669560634,0.5950335401362206,0.309,0.5085114687861457
TAP010,99.18240466204462,226.38,SA(0.2),-1.859137844667444,0.5927498153085919,0.309,0.5058372698293097
TAP012,99.38192577501383,207.99,SA(0.2),-1.8263344653815123,0.5921479723418995,0.309,0.5051318849059352
TAP013,100.10685750816579,205.11,SA(0.2),-1.8288934306156113,0.5929227569098172,0.309,0.5060399150872766
TAP014,100.88062892041134,188.98,SA(0.2),-1.8039473608123089,0.5937439856657976,0.309,0.5070018939947926
TAP017,97.06284759654471,217.83,SA(0.2),-1.818376566576318,0.5896335256347192,0.309,0.5021819337176807
TAP020,98.24321010771999,218.5,SA(0.2),-1.833431699979662,0.5909202411869335,0.309,0.5036920998431718
TAP021,98.78987370675111,167.18,SA(0.2),-1.731396156269581,0.5915112851235362,0.309,0.5043853689675162
TAP024,94.16513508407085,194.98,SA(0.2),-1.7407142902419976,0.5864118384558752,0.309,0.49839526912000226
TAP026,95.11515375612561,194.28,SA(0.2),-1.7501404778370468,0.587478122083464,0.309,0.49964942102109294
TAP028,93.9908923717751,287.94,SA(0.2),-1.89830069613055,0.619335974429165,0.309,0.536745795719094
TAP032,92.43134740325831,308.88,SA(0.2),-1.9094118215605542,0.6230902820574343,0.309,0.5410734696826421
TAP034,89.83433004146535,538.69,SA(0.2),-2.1596386652649007,0.6212905922352278,0.309,0.539
TAP035,86.90121805752756,438.13,SA(0.2),-2.003498209323138,0.6212905922352278,0.309,0.539
TAP036,85.37932726460579,671.52,SA(0.2),-2.2283171414878193,0.6212905922352278,0.309,0.539
TAP041,110.1973331135058,363.56,SA(0.2),-2.215141661276298,0.6422561395045804,0.309,0.563038141453425
TAP042,104.9552728107,375.85,SA(0.2),-2.166101345263875,0.6369247285932095,0.309,0.5569489293405039
TAP043,89.4118520729743,388.16,SA(0.2),-1.97673551799372,0.6212905922352278,0.309,0.539
TAP046,115.78653715062438,816.9,SA(0.2),-2.7780489444060943,0.6476818579045381,0.309,0.5692194559734184
TAP047,83.57706282792414,403.2,SA(0.2),-1.9141224049502767,0.6212905922352278,0.309,0.539
TAP049,106.91325241516951,573.04,SA(0.2),-2.431344754822481,0.6389450119188093,0.309,0.5592581946256374
TAP051,101.9565712601721,403.17,SA(0.2),-2.1641491242724276,0.6337603300029312,0.309,0.5533273496633112
TAP052,98.45159727452007,433.88,SA(0.2),-2.1571192446329057,0.6299480911672608,0.309,0.5489568266861025
TAP053,89.58804931467594,538.69,SA(0.2),-2.1561263955346432,0.6212905922352278,0.309,0.539
TAP059,116.80550462432304,456.18,SA(0.2),-2.4234112801984207,0.6486441366523374,0.309,0.570314138009445
TAP060,118.66399781657233,631.27,SA(0.2),-2.6451196436090876,0.6503788696302752,0.309,0.572286356697025
TAP065,119.99410946299658,1023.45,SA(0.2),-2.987394299581865,0.6516046203324185,0.309,0.573678987970237
TAP066,113.4447433714641,662.78,SA(0.2),-2.60878085339644,0.6454394989229726,0.309,0.5666666981303365
TAP067,94.52727846597533,807.68,SA(0.2),-2.4819435334941873,0.6255244470679574,0.309,0.5438748329162454
TAP069,121.00337555659135,671.52,SA(0.2),-2.714693375290122,0.6525261072665374,0.309,0.5747254306748751
TAP072,98.93978998677024,671.52,SA(0.2),-2.4222706128117717,0.6304867030249464,0.309,0.5495748199210613
TAP075,106.57618482473356,856.38,SA(0.2),-2.6886456574796185,0.638599730081787,0.309,0.558863682180665
TAP077,116.41922097699462,1022.77,SA(0.2),-2.9408153550748795,0.6482802855188209,0.309,0.5699002795159552
TAP078,117.39734495900295,671.52,SA(0.2),-2.668492789064718,0.6491993951367022,0.309,0.570945579408283
TAP079,116.753401395702,631.27,SA(0.2),-2.620579899313416,0.6485951259667825,0.309,0.5702583953155503
TAP081,121.29971223615415,671.52,SA(0.2),-2.71846583356072,0.6527952823295772,0.309,0.5750310257992628
TAP083,120.4030055039095,435.22,SA(0.2),-2.4412588442588747,0.6519788384064208,0.309,0.5741040025376811
TAP084,121.36524046357977,224.22,SA(0.2),-2.1083348262757844,0.613584077577758,0.309,0.530098500523203
TAP086,91.22887499302155,887.68,SA(0.2),-2.4996942304453538,0.6216701479652383,0.309,0.5394374596476604
TAP087,101.35539844310355,573.04,SA(0.2),-2.3566973209938564,0.633115351146996,0.309,0.5525884977612039
TAP090,102.87317683111068,324.38,SA(0.2),-2.0656413829676312,0.6347368324414194,0.309,0.5544455306500059
TAP094,107.25914541313247,416.34,SA(0.2),-2.2503034737588536,0.6392982633164095,0.309,0.5596617455922616
TAP095,107.12641066652922,206.24,SA(0.2),-1.9107755126562518,0.600165388164579,0.309,0.5145070389710328
TAP097,96.51825643410405,237.23,SA(0.2),-1.847017144695285,0.5960994998371969,0.309,0.5097583875780332
TAP098,105.37088822706724,538.69,SA(0.2),-2.3733365561888693,0.6373565371076991,0.309,0.557442692475126
TAP100,97.58816975352646,236.32,SA(0.2),-1.8582195111100686,0.5967633496366485,0.309,0.5105345193711712
TAP103,113.41800752596221,429.49,SA(0.2),-2.346204087782984,0.6454136453817015,0.309,0.5666372504917911
TAW,121.70169460957298,481.92,SA(0.2),-2.517012267265596,0.6531594216560489,0.309,0.5754443761981382
TCU,5.925686184729008,472.81,SA(0.2),-0.039181055154509564,0.6212905922352278,0.309,0.539
TCU003,85.87715173895934,517.33,SA(0.2),-2.0795021334773454,0.6212905922352278,0.309,0.539
TCU006,72.13607981372333,607.4,SA(0.2),-1.963539634773439,0.6212905922352278,0.309,0.539
TCU007,88.25765016718297,463.88,SA(0.2),-2.0531147816733784,0.6212905922352278,0.309,0.539
TCU008,84.7584785592634,441.58,SA(0.2),-1.9771223959771995,0.6212905922352278,0.309,0.539
TCU009,81.06016716272919,460.1,SA(0.2),-1.9450492657904948,0.6212905922352278,0.309,0.539
TCU010,81.66395774542653,446.15,SA(0.2),-1.937794101272259,0.6212905922352278,0.309,0.539
TCU011,75.01788257873356,471.07,SA(0.2),-1.8669244288622446,0.6212905922352278,0.309,0.539
TCU014,93.13780925514129,496.47,SA(0.2),-2.159255511112275,0.6239165174213991,0.309,0.5420247417888293
TCU015,49.226738245658176,426.0,SA(0.2),-1.3865728250117786,0.6212905922352278,0.309,0.539
TCU017,53.6114321384972,558.76,SA(0.2),-1.5978576798874256,0.6212905922352278,0.309,0.539
TCU018,65.56957606032032,573.04,SA(0.2),-1.822470027300265,0.6212905922352278,0.309,0.539
TCU025,54.234234021714876,665.2,SA(0.2),-1.7083449670373652,0.6212905922352278,0.309,0.539
TCU026,55.62700868478751,569.98,SA(0.2),-1.6458464376246131,0.6212905922352278,0.309,0.539
TCU029,27.888704202439943,406.53,SA(0.2),-0.9025789152375211,0.6212905922352278,0.309,0.539
TCU031,30.150489096699733,489.22,SA(0.2),-1.0244895429546161,0.6212905922352278,0.309,0.539
TCU033,40.407957354293515,423.4,SA(0.2),-1.2092127121047125,0.6212905922352278,0.309,0.539
TCU034,35.21032855799544,393.77,SA(0.2),-1.0716037586842302,0.6212905922352278,0.309,0.539
TCU036,19.69497692844362,478.07,SA(0.2),-0.7023465108787558,0.6212905922352278,0.309,0.539
TCU038,25.337701564906876,297.86,SA(0.2),-0.7844431256460718,0.6203193489121526,0.309,0.5378801861333032
TCU039,19.70361874696014,540.66,SA(0.2),-0.7471855995531329,0.6212905922352278,0.309,0.539
TCU040,22.119793842654797,362.03,SA(0.2),-0.7166061444928515,0.6212905922352278,0.309,0.539
TCU042,25.981864142619745,578.98,SA(0.2),-0.9816591001640597,0.6212905922352278,0.309,0.539
TCU045,25.36660567229542,704.64,SA(0.2),-1.0657586006384996,0.6212905922352278,0.309,0.539
TCU046,16.246784143589178,465.55,SA(0.2),-0.5664948663381459,0.6212905922352278,0.309,0.539
TCU047,34.3572926348812,520.37,SA(0.2),-1.1568076423735913,0.6212905922352278,0.309,0.539
TCU048,14.285234596515949,551.21,SA(0.2),-0.5388739403194931,0.6212905922352278,0.309,0.539
TCU049,4.526216687379779,487.27,SA(0.2),0.049723410179366406,0.6212905922352278,0.309,0.539
TCU050,10.250155362613157,542.41,SA(0.2),-0.33395018419646116,0.6212905922352278,0.309,0.539
TCU051,8.397313881220667,350.06,SA(0.2),-0.18057377566697902,0.6212905922352278,0.309,0.539
TCU052,0.0,579.1,SA(0.2),0.22273230772961017,0.6212905922352278,0.309,0.539
TCU053,6.715593029398085,454.55,SA(0.2),-0.08475413914219723,0.6212905922352278,0.309,0.539
TCU054,6.044907731784745,460.69,SA(0.2),-0.043510415904117555,0.6212905922352278,0.309,0.539
TCU055,7.10204372503239,359.13,SA(0.2),-0.10713278511153129,0.6212905922352278,0.309,0.539
TCU056,11.23595041250864,403.2,SA(0.2),-0.3224713858881436,0.6212905922352278,0.309,0.539
TCU057,12.582859253355823,555.23,SA(0.2),-0.46233759354954945,0.6212905922352278,0.309,0.539
TCU059,17.768696653120717,272.67,SA(0.2),-0.5777925891831155,0.6083734744947598,0.309,0.5240584742839545
TCU060,9.270501399529332,375.42,SA(0.2),-0.2220297767668229,0.6212905922352278,0.309,0.539
TCU061,17.663329909143975,379.64,SA(0.2),-0.579160883679668,0.6212905922352278,0.309,0.539
TCU063,10.251512284681757,476.14,SA(0.2),-0.2979301318756217,0.6212905922352278,0.309,0.539
TCU064,17.05105449248675,645.72,SA(0.2),-0.7266049142584521,0.6212905922352278,0.309,0.539
TCU065,1.288045085418703,305.85,SA(0.2),0.15266879626265173,0.6212905922352278,0.309,0.539
TCU067,1.288712791017711,433.63,SA(0.2),0.23711269976738703,0.6212905922352278,0.309,0.539
TCU068,0.0,487.34,SA(0.2),0.25607857599214195,0.6212905922352278,0.309,0.539
TCU070,19.75113627608807,401.26,SA(0.2),-0.6594536189607969,0.6212905922352278,0.309,0.539
TCU071,0.0,624.85,SA(0.2),0.19804938343584264,0.6212905922352278,0.309,0.539
TCU072,0.0,468.14,SA(0.2),0.2589461505461458,0.6212905922352278,0.309,0.539
TCU074,0.0,549.43,SA(0.2),0.2363759913606483,0.6212905922352278,0.309,0.539
TCU075,1.6063613522010625,573.02,SA(0.2),0.18970727729629136,0.6212905922352278,0.309,0.539
TCU076,3.5054162229935133,614.98,SA(0.2),0.0578244631171288,0.6212905922352278,0.309,0.539
TCU078,0.0,443.04,SA(0.2),0.2597231723791189,0.6212905922352278,0.309,0.539
TCU079,0.0,363.99,SA(0.2),0.23250536779412362,0.6212905922352278,0.309,0.539
TCU081,54.870046821119146,430.47,SA(0.2),-1.493758578257919,0.6212905922352278,0.309,0.539
TCU082,5.925686184729008,472.81,SA(0.2),-0.039181055154509564,0.6212905922352278,0.309,0.539
TCU083,79.97899565103198,354.63,SA(0.2),-1.802737557728578,0.6212905922352278,0.309,0.539
TCU084,0.0,665.2,SA(0.2),0.17369613683628587,0.6212905922352278,0.309,0.539
TCU085,54.44362818084044,999.66,SA(0.2),-1.9823542061456754,0.6212905922352278,0.309,0.539
TCU087,7.054896464891636,538.69,SA(0.2),-0.14140875103929645,0.6212905922352278,0.309,0.539
TCU088,3.997697831489502,665.2,SA(0.2),-0.0077748259647333895,0.6212905922352278,0.309,0.539
TCU089,0.0,671.52,SA(0.2),0.16972230354888107,0.6212905922352278,0.309,0.539
TCU092,88.45294085502088,422.28,SA(0.2),-2.0061263626893813,0.6212905922352278,0.309,0.539
TCU094,53.92101623044264,589.85,SA(0.2),-1.6332203978270121,0.6212905922352278,0.309,0.539
TCU095,44.56466924675996,446.63,SA(0.2),-1.3156251778094339,0.6212905922352278,0.309,0.539
TCU096,53.85469792017198,454.58,SA(0.2),-1.4998770108988837,0.6212905922352278,0.309,0.539
TCU098,47.1372515839405,346.56,SA(0.2),-1.2735096056687183,0.6212905922352278,0.309,0.539
TCU100,12.131987127300425,535.13,SA(0.2),-0.42711813713616636,0.6212905922352278,0.309,0.539
TCU101,2.7227148767639835,389.41,SA(0.2),0.16320839874679288,0.6212905922352278,0.309,0.539
TCU102,1.9561078435847996,714.27,SA(0.2),0.08838897713819854,0.6212905922352278,0.309,0.539
TCU103,6.53081647788816,494.1,SA(0.2),-0.0862523239968069,0.6212905922352278,0.309,0.539
TCU104,13.594790434615204,410.45,SA(0.2),-0.4314518470614487,0.6212905922352278,0.309,0.539
TCU105,17.906371449005963,575.54,SA(0.2),-0.7066492835023332,0.6212905922352278,0.309,0.539
TCU106,15.667606274650094,451.37,SA(0.2),-0.5355163337432424,0.6212905922352278,0.309,0.539
TCU107,16.69303155356926,409.0,SA(0.2),-0.5550843441370301,0.6212905922352278,0.309,0.539
TCU109,13.733866280340548,535.13,SA(0.2),-0.5031012756941411,0.6212905922352278,0.309,0.539
TCU110,12.33231611318905,212.72,SA(0.2),-0.45909715300760157,0.5826808732059086,0.309,0.49400000000000005
TCU111,22.748356973666922,237.53,SA(0.2),-0.7215427401339315,0.589884931934651,0.309,0.5024770969144243
TCU112,28.176599312968115,190.54,SA(0.2),-0.8469653683978275,0.5826808732059086,0.309,0.49400000000000005
TCU113,31.861769932340707,230.3,SA(0.2),-0.91527417727108,0.5857716762702315,0.309,0.4976418960662747
TCU115,22.514549191288978,215.34,SA(0.2),-0.7243194185406646,0.5826808732059086,0.309,0.49400000000000005
TCU116,13.140173923202289,493.09,SA(0.2),-0.44971245025686796,0.6212905922352278,0.309,0.539
TCU117,26.01588554922865,198.58,SA(0.2),-0.8041352123131835,0.5826808732059086,0.309,0.49400000000000005
TCU118,27.518780758804855,236.19,SA(0.2),-0.8284676294462787,0.589131302538843,0.309,0.5015921566682575
TCU119,38.703481646934264,221.7,SA(0.2),-1.035445779568367,0.5826808732059086,0.309,0.49400000000000005
TCU120,8.108276773791475,459.34,SA(0.2),-0.17113845790152687,0.6212905922352278,0.309,0.539
TCU122,10.095651275407166,475.46,SA(0.2),-0.28930959430247494,0.6212905922352278,0.309,0.539
TCU123,15.613652840248543,270.22,SA(0.2),-0.5113847040849737,0.6071577220998188,0.309,0.5226466296700293
TCU128,13.266132208120403,599.64,SA(0.2),-0.5262115614238833,0.6212905922352278,0.309,0.539
TCU129,2.5928427595425005,511.18,SA(0.2),0.16574826652543387,0.6212905922352278,0.309,0.539
TCU136,8.865586783874127,462.1,SA(0.2),-0.21595005904208406,0.6212905922352278,0.309,0.539
TCU138,10.622750936043827,652.85,SA(0.2),-0.4296184241742084,0.6212905922352278,0.309,0.539
TCU140,33.69322383417364,223.6,SA(0.2),-0.9481715258029454,0.5826808732059086,0.309,0.49400000000000005
TCU141,24.94025634288036,223.04,SA(0.2),-0.775012224759831,0.5826808732059086,0.309,0.49400000000000005
TCU145,36.03324541347518,240.43,SA(0.2),-0.9962248966249376,0.591502694842604,0.309,0.504375294801463
TCU147,71.69733969170538,537.92,SA(0.2),-1.8867557638837036,0.6212905922352278,0.309,0.539
TTN,80.89836518095754,298.72,SA(0.2),-1.7424698789422746,0.620710437494942,0.309,0.5383311687197411
TTN001,52.32871415831085,484.6,SA(0.2),-1.5017499581606415,0.6212905922352278,0.309,0.539
TTN002,65.48374155510382,667.36,SA(0.2),-1.9106147143217496,0.6212905922352278,0.309,0.539
TTN003,93.04588279899522,506.64,SA(0.2),-2.169521041322091,0.6238093410225901,0.309,0.5419013692057238
TTN004,63.800897195982024,463.59,SA(0.2),-1.6807741280643187,0.6212905922352278,0.309,0.539
TTN005,80.42174430564141,407.59,SA(0.2),-1.8742023763209028,0.6212905922352278,0.309,0.539
TTN006,78.75895289383541,283.21,SA(0.2),-1.6924833338266543,0.6134912262207964,0.309,0.5299910231785973
TTN007,79.64699872902655,282.7,SA(0.2),-1.703735543404628,0.6132476788327222,0.309,0.5297090858138283
TTN008,80.39083510685596,292.61,SA(0.2),-1.7273038767924676,0.6179089272952086,0.309,0.5350985352541301
TTN009,81.38728178307964,313.96,SA(0.2),-1.7696210406180264,0.6212905922352278,0.309,0.539
TTN010,81.51829704872269,311.34,SA(0.2),-1.7679055860216353,0.6212905922352278,0.309,0.539
TTN012,79.21152525532221,288.3,SA(0.2),-1.705511891624598,0.6158999316257283,0.309,0.5327773698052282
TTN013,78.8943211567126,297.76,SA(0.2),-1.7139308315160544,0.620273805517408,0.309,0.537827661812822
TTN014,59.860496924556905,533.97,SA(0.2),-1.6861849810151361,0.6212905922352278,0.309,0.539
TTN015,80.89836518095754,487.91,SA(0.2),-1.9740542337258224,0.6212905922352278,0.309,0.539
TTN016,121.70169460957298,826.15,SA(0.2),-2.861972266389363,0.6531594216560489,0.309,0.5754443761981382
TTN018,71.80853811897417,573.04,SA(0.2),-1.9243263585282375,0.6212905922352278,0.309,0.539
TTN020,46.28877454659275,453.71,SA(0.2),-1.3565321670269794,0.6212905922352278,0.309,0.539
TTN022,49.185819921013895,398.81,SA(0.2),-1.3596989882878538,0.6212905922352278,0.309,0.539
TTN023,50.33727239662484,527.54,SA(0.2),-1.5059253546311275,0.6212905922352278,0.309,0.539
TTN024,56.57309029774128,671.52,SA(0.2),-1.75744791681583,0.6212905922352278,0.309,0.539
TTN025,62.74114520985054,704.96,SA(0.2),-1.8972057522486876,0.6212905922352278,0.309,0.539
TTN026,67.49118772791799,573.04,SA(0.2),-1.8543594640004046,0.6212905922352278,0.309,0.539
TTN027,73.52976366515371,428.95,SA(0.2),-1.7969218994745042,0.6212905922352278,0.309,0.539
TTN028,76.01025211793088,616.17,SA(0.2),-2.033240060669793,0.6212905922352278,0.309,0.539
TTN031,51.99314115375424,510.62,SA(0.2),-1.5209813910878522,0.6212905922352278,0.309,0.539
TTN032,53.710344896261404,734.26,SA(0.2),-1.758469384517664,0.6212905922352278,0.309,0.539
TTN033,55.55183906772911,670.8,SA(0.2),-1.737955464884665,0.6212905922352278,0.309,0.539
TTN036,77.42687254231797,538.69,SA(0.2),-1.9767480755007432,0.6212905922352278,0.309,0.539
TTN040,43.69119446366562,728.01,SA(0.2),-1.5509189154583123,0.6212905922352278,0.309,0.539
TTN041,40.552465197967734,418.24,SA(0.2),-1.2077490005064235,0.6212905922352278,0.309,0.539
TTN042,61.854091343505935,845.34,SA(0.2),-2.001980560214745,0.6212905922352278,0.309,0.539
TTN044,55.35974910869786,419.63,SA(0.2),-1.4913816146923367,0.6212905922352278,0.309,0.539
TTN045,57.72674042183177,539.98,SA(0.2),-1.6545505783328722,0.6212905922352278,0.309,0.539
TTN046,62.61498206065394,528.12,SA(0.2),-1.7277118435153636,0.6212905922352278,0.309,0.539
TTN047,71.2651253374662,573.04,SA(0.2),-1.9156409396673428,0.6212905922352278,0.309,0.539
TTN048,77.23093425350275,373.54,SA(0.2),-1.7867889017401304,0.6212905922352278,0.309,0.539
TTN050,87.16780012668326,573.04,SA(0.2),-2.1576544978833376,0.6212905922352278,0.309,0.539
TTN051,30.788780146750934,665.2,SA(0.2),-1.1895028556664988,0.6212905922352278,0.309,0.539
WGK,10.377089824587822,258.89,SA(0.2),-0.33153237985597406,0.6013999012654601,0.309,0.5159465488227488
WNT,2.5928427595425005,511.18,SA(0.2),0.16574826652543387,0.6212905922352278,0.309,0.539
WTC,43.046970143373564,207.69,SA(0.2),-1.0984208111851346,0.5826808732059086,0.309,0.49400000000000005
ALS,1.4161941004474747,553.43,SA(0.4),0.08929916879930394,0.6168468205316454,0.21,0.58
CHK,59.860496924556905,424.57,SA(0.4),-1.6749344222743452,0.6168468205316454,0.21,0.58
CHY002,25.501325041113866,235.13,SA(0.4),-0.7541604040031527,0.5779993081897448,0.21,0.5385008823278041
CHY004,48.07893833473184,271.3,SA(0.4),-1.2301619579106673,0.600770614075202,0.21,0.5628723929420374
CHY006,10.584628168218677,438.19,SA(0.4),-0.373357110960376,0.6168468205316454,0.21,0.58
CHY008,41.23915234428305,210.73,SA(0.4),-1.028937266194461,0.5710175128662867,0.21,0.5309999999999999
CHY010,20.625677664506007,538.69,SA(0.4),-0.9490551836671844,0.6168468205316454,0.21,0.58
CHY012,59.82694761124689,198.4,SA(0.4),-1.2582052579786454,0.5710175128662867,0.21,0.5309999999999999
CHY014,33.88066065244789,347.63,SA(0.4),-1.0749873752757262,0.6168468205316454,0.21,0.58
CHY015,38.846134725395174,228.66,SA(0.4),-1.014070008034427,0.5735741535531494,0.21,0.5337483579592652
CHY016,67.39311492490651,200.86,SA(0.4),-1.3504866370773794,0.5710175128662867,0.21,0.5309999999999999
CHY017,59.79653364012802,190.57,SA(0.4),-1.241024924054941,0.5710175128662867,0.21,0.5309999999999999
CHY019,52.664018987304125,497.53,SA(0.4),-1.67204786136496,0.6168468205316454,0.21,0.58
CHY022,65.23494253909143,564.07,SA(0.4),-1.973834206579226,0.6168468205316454,0.21,0.58
CHY023,82.48037770558093,279.78,SA(0.4),-1.7005729646061383,0.6056850657330544,0.21,0.5681147761254361
CHY024,10.382141776489679,427.73,SA(0.4),-0.35134586367891496,0.6168468205316454,0.21,0.58
CHY025,19.821814137857874,277.5,SA(0.4),-0.6272123839866508,0.6043779858577798,0.21,0.5667210511261309
CHY026,30.117763879363363,226.01,SA(0.4),-0.848466864568057,0.5717269867899337,0.21,0.5317628676617963
CHY027,42.57072697901259,210.01,SA(0.4),-1.0484766326884232,0.5710175128662867,0.21,0.5309999999999999
CHY028,3.8142382458599347,542.61,SA(0.4),-0.033644053586905226,0.6168468205316454,0.21,0.58
CHY029,11.753982902131465,544.74,SA(0.4),-0.559677600906674,0.6168468205316454,0.21,0.58
CHY032,36.20970428039942,192.71,SA(0.4),-0.9260429916869193,0.5710175128662867,0.21,0.5309999999999999
CHY033,44.61021757313737,197.63,SA(0.4),-1.0599655467737912,0.5710175128662867,0.21,0.5309999999999999
CHY034,15.55529098089055,378.75,SA(0.4),-0.5558238888091672,0.6168468205316454,0.21,0.58
CHY035,13.30281463096492,573.04,SA(0.4),-0.6759762420983462,0.6168468205316454,0.21,0.58
CHY036,16.834009871697,233.14,SA(0.4),-0.5162009022030545,0.576650797210166,0.21,0.5370532021346861
CHY039,32.68412498523498,201.21,SA(0.4),-0.8748973685710082,0.5710175128662867,0.21,0.5309999999999999
CHY041,20.07183164813607,492.26,SA(0.4),-0.868817711116969,0.6168468205316454,0.21,0.58
CHY042,28.16777357328532,665.2,SA(0.4),-1.3560787358181376,0.6168468205316454,0.21,0.58
CHY044,55.933003322544856,194.47,SA(0.4),-1.2032393427857264,0.5710175128662867,0.21,0.5309999999999999
CHY046,24.876384312874173,442.15,SA(0.4),-0.9654096951243607,0.6168468205316454,0.21,0.58
CHY047,24.927795876688105,169.52,SA(0.4),-0.7120560669557312,0.5710175128662867,0.21,0.5309999999999999
CHY050,45.48094043081733,538.93,SA(0.4),-1.6000432890660796,0.6168468205316454,0.21,0.58
CHY052,40.52523944488567,573.04,SA(0.4),-1.545582410130319,0.6168468205316454,0.21,0.58
CHY054,49.228155688795745,172.1,SA(0.4),-1.077759451995505,0.5710175128662867,0.21,0.5309999999999999
CHY055,55.04100932988003,225.77,SA(0.4),-1.252452079398519,0.5715586740844876,0.21,0.5315819014236823
CHY057,58.30189007907089,411.46,SA(0.4),-1.6289112587606762,0.6168468205316454,0.21,0.58
CHY058,60.47926509005612,269.28,SA(0.4),-1.4081683856723923,0.5995781430525924,0.21,0.5615994565759435
CHY059,74.0105222831666,191.09,SA(0.4),-1.3971866787287348,0.5710175128662867,0.21,0.5309999999999999
CHY060,69.53930995385498,228.92,SA(0.4),-1.438853617259738,0.5737542798701916,0.21,0.533941919752853
CHY061,59.2181211902229,538.69,SA(0.4),-1.8431276884013392,0.6168468205316454,0.21,0.58
CHY062,59.70708366780761,602.63,SA(0.4),-1.9419449893018454,0.6168468205316454,0.21,0.58
CHY063,73.64708029924377,246.88,SA(0.4),-1.5264590868801442,0.5857452868003817,0.21,0.5468066760829292
CHY065,84.65037829276163,250.0,SA(0.4),-1.6559816667779783,0.5877426445951971,0.21,0.5489457316308746
CHY066,90.36922111828896,211.97,SA(0.4),-1.6169797505103092,0.5710175128662867,0.21,0.5309999999999999
CHY067,84.21459469490114,227.97,SA(0.4),-1.5973378301636452,0.5730951738172907,0.21,0.5332336057045455
CHY069,86.69064381036402,224.42,SA(0.4),-1.613694842224328,0.5710175128662867,0.21,0.5309999999999999
CHY070,84.43554371983527,265.45,SA(0.4),-1.6899169268611214,0.5972933355199566,0.21,0.5591594840978336
CHY071,79.42270364079795,202.95,SA(0.4),-1.4836562495311054,0.5710175128662867,0.21,0.5309999999999999
CHY074,1.4161941004474747,553.43,SA(0.4),0.08929916879930394,0.6168468205316454,0.21,0.58
CHY076,42.877573217177414,169.84,SA(0.4),-0.99323290565085,0.5710175128662867,0.21,0.5309999999999999
CHY078,77.88051206740859,160.67,SA(0.4),-1.3488722986416968,0.5710175128662867,0.21,0.5309999999999999
CHY079,50.02855021100604,573.04,SA(0.4),-1.734521719950348,0.6168468205316454,0.21,0.58
CHY080,0.8203047792534108,496.21,SA(0.4),0.16288000138698439,0.6168468205316454,0.21,0.58
CHY081,43.161132192340126,573.04,SA(0.4),-1.6011616563449862,0.6168468205316454,0.21,0.58
CHY082,36.690687042494744,193.69,SA(0.4),-0.9349231895400836,0.5710175128662867,0.21,0.5309999999999999
CHY086,28.265165300477857,665.2,SA(0.4),-1.3589181719357049,0.6168468205316454,0.21,0.58
CHY087,29.477616972892374,505.2,SA(0.4),-1.184309452956855,0.6168468205316454,0.21,0.58
CHY088,38.16580800828477,318.52,SA(0.4),-1.1253065971743172,0.6168468205316454,0.21,0.58
CHY090,59.17740188206011,180.33,SA(0.4),-1.2114424199082212,0.5710175128662867,0.21,0.5309999999999999
CHY092,23.43718943402428,253.72,SA(0.4),-0.7152787637448457,0.5900930547237462,0.21,0.5514615247079366
CHY093,50.52955404993735,190.49,SA(0.4),-1.1279465310682815,0.5710175128662867,0.21,0.5309999999999999
CHY094,37.568596955239634,221.92,SA(0.4),-0.98352416074055,0.5710175128662867,0.21,0.5309999999999999
CHY096,83.07046778565815,293.61,SA(0.4),-1.737561469666092,0.6133999869452245,0.21,0.576332841320362
CHY099,65.94429160338161,228.84,SA(0.4),-1.3962941363055459,0.5736988772550979,0.21,0.5338823857028437
CHY100,54.13764361475702,230.11,SA(0.4),-1.2483216033934064,0.5745762125798033,0.21,0.5348250406091242
CHY101,10.377089824587822,258.89,SA(0.4),-0.2656633840786933,0.5933052102811859,0.21,0.5548973531625486
CHY102,36.74554656205193,804.36,SA(0.4),-1.7451462814592564,0.6168468205316454,0.21,0.58
CHY104,18.6621650225021,223.24,SA(0.4),-0.570967696603689,0.5710175128662867,0.21,0.5309999999999999
CHY107,51.35844504410688,175.68,SA(0.4),-1.110465581375095,0.5710175128662867,0.21,0.5309999999999999
CHY109,43.43968322952119,573.04,SA(0.4),-1.6068790043335195,0.6168468205316454,0.21,0.58
CHY110,43.43968322952119,573.04,SA(0.4),-1.6068790043335195,0.6168468205316454,0.21,0.58
CHY116,82.01615041444819,195.38,SA(0.4),-1.4893527203455703,0.5710175128662867,0.21,0.5309999999999999
ENA,62.873379868223246,665.2,SA(0.4),-2.075403591787303,0.6168468205316454,0.21,0.58
ESL,39.13327017283541,493.29,SA(0.4),-1.4030720027578787,0.6168468205316454,0.21,0.58
HEN,161.91718007019477,204.23,SA(0.4),-2.19354184249318,0.623469567335119,0.21,0.5870385859490334
HSN,54.870046821119146,321.49,SA(0.4),-1.4218521766403578,0.6168468205316454,0.21,0.58
HWA,51.21900426141601,260.38,SA(0.4),-1.2603014809205813,0.5942195126415503,0.21,0.5558748323174575
HWA002,52.86279146401041,789.18,SA(0.4),-2.0576963272276356,0.6168468205316454,0.21,0.58
HWA003,51.681142290885134,1525.85,SA(0.4),-2.457259190162699,0.6168468205316454,0.21,0.58
HWA005,44.28231958384142,459.32,SA(0.4),-1.4595220904624586,0.6168468205316454,0.21,0.58
HWA006,45.003181958498374,559.11,SA(0.4),-1.6190963515232182,0.6168468205316454,0.21,0.58
HWA007,51.95325392386305,358.72,SA(0.4),-1.4386118610170382,0.6168468205316454,0.21,0.58
HWA009,51.693536462196626,373.23,SA(0.4),-1.4583474092516686,0.6168468205316454,0.21,0.58
HWA011,48.624839989886404,355.76,SA(0.4),-1.3774396481617326,0.6168468205316454,0.21,0.58
HWA012,52.325257559135075,414.42,SA(0.4),-1.5362755447410565,0.6168468205316454,0.21,0.58
HWA013,49.86104964362179,330.55,SA(0.4),-1.3570597408496254,0.6168468205316454,0.21,0.58
HWA014,50.84490694090048,277.28,SA(0.4),-1.2835016821552405,0.6042513170619881,0.21,0.56658596361995
HWA015,46.42594132137962,453.05,SA(0.4),-1.4912784322445467,0.6168468205316454,0.21,0.58
HWA016,47.585145300823704,576.55,SA(0.4),-1.6936490480290036,0.6168468205316454,0.21,0.58
HWA017,46.470164794363036,578.11,SA(0.4),-1.6743190678606854,0.6168468205316454,0.21,0.58
HWA019,51.21900426141601,494.82,SA(0.4),-1.6425500764814212,0.6168468205316454,0.21,0.58
HWA020,39.13327017283541,626.43,SA(0.4),-1.5860980703313958,0.6168468205316454,0.21,0.58
HWA022,57.87400521195273,567.64,SA(0.4),-1.8631415019355917,0.6168468205316454,0.21,0.58
HWA023,46.40755022060307,671.52,SA(0.4),-1.7960651363196949,0.6168468205316454,0.21,0.58
HWA024,37.730568431531545,671.52,SA(0.4),-1.6114350915812499,0.6168468205316454,0.21,0.58
HWA025,49.13348906562234,494.32,SA(0.4),-1.604170404212942,0.6168468205316454,0.21,0.58
HWA026,47.22466473181171,457.49,SA(0.4),-1.5130715428110393,0.6168468205316454,0.21,0.58
HWA027,46.98782360511372,437.8,SA(0.4),-1.478353303338449,0.6168468205316454,0.21,0.58
HWA028,49.35236603416438,406.7,SA(0.4),-1.472360766572804,0.6168468205316454,0.21,0.58
HWA029,49.89682984159387,614.05,SA(0.4),-1.7881306188829784,0.6168468205316454,0.21,0.58
HWA030,41.84995449814051,592.18,SA(0.4),-1.5998681133713322,0.6168468205316454,0.21,0.58
HWA031,46.78495170006793,602.29,SA(0.4),-1.7133857289315164,0.6168468205316454,0.21,0.58
HWA032,42.76449413301876,573.04,SA(0.4),-1.5929707755115452,0.6168468205316454,0.21,0.58
HWA033,49.52391460805984,395.57,SA(0.4),-1.4575465176754925,0.6168468205316454,0.21,0.58
HWA034,38.72259961355784,379.18,SA(0.4),-1.2258195446726594,0.6168468205316454,0.21,0.58
HWA035,43.48814803424615,677.49,SA(0.4),-1.7446562814521318,0.6168468205316454,0.21,0.58
HWA036,38.18727859247192,503.04,SA(0.4),-1.3961907951260524,0.6168468205316454,0.21,0.58
HWA037,40.93079012119635,469.64,SA(0.4),-1.40698891023465,0.6168468205316454,0.21,0.58
HWA038,36.825205396811654,642.73,SA(0.4),-1.554126865693416,0.6168468205316454,0.21,0.58
HWA039,40.700555517327686,459.67,SA(0.4),-1.387422363164395,0.6168468205316454,0.21,0.58
HWA041,43.12948213944211,484.97,SA(0.4),-1.4748310166168834,0.6168468205316454,0.21,0.58
HWA043,53.91152534737503,543.06,SA(0.4),-1.761050793091921,0.6168468205316454,0.21,0.58
HWA044,55.24919369711087,534.41,SA(0.4),-1.7713227041307154,0.6168468205316454,0.21,0.58
HWA045,59.28500884807053,484.45,SA(0.4),-1.762060133568327,0.6168468205316454,0.21,0.58
HWA046,47.0109436592865,617.52,SA(0.4),-1.738132735957373,0.6168468205316454,0.21,0.58
HWA048,46.686257749108556,345.89,SA(0.4),-1.327553998956348,0.6168468205316454,0.21,0.58
HWA049,46.005462055816764,508.61,SA(0.4),-1.5664475041750137,0.6168468205316454,0.21,0.58
HWA050,48.71376858358703,313.9,SA(0.4),-1.3104684163696678,0.6168468205316454,0.21,0.58
HWA051,48.90932890375484,440.5,SA(0.4),-1.5177843564270574,0.6168468205316454,0.21,0.58
HWA053,35.85961696778292,843.24,SA(0.4),-1.766914469949322,0.6168468205316454,0.21,0.58
HWA054,37.40217869643352,452.83,SA(0.4),-1.3060347834735833,0.6168468205316454,0.21,0.58
HWA055,42.55353726386162,369.75,SA(0.4),-1.2885728905528089,0.6168468205316454,0.21,0.58
HWA056,35.11011081738172,511.3,SA(0.4),-1.3368279052764391,0.6168468205316454,0.21,0.58
HWA057,45.69143972650157,671.52,SA(0.4),-1.7819009135128656,0.6168468205316454,0.21,0.58
HWA058,40.62633470498356,529.54,SA(0.4),-1.4872236164611332,0.6168468205316454,0.21,0.58
HWA059,44.12500056155976,208.56,SA(0.4),-1.0697002992183757,0.5710175128662867,0.21,0.5309999999999999
HWA060,53.13246936736276,573.04,SA(0.4),-1.7902358558729214,0.6168468205316454,0.21,0.58
HWA2,51.21900426141601,260.38,SA(0.4),-1.2603014809205813,0.5942195126415503,0.21,0.5558748323174575
ILA001,100.32579879811699,909.09,SA(0.4),-2.8493547093988356,0.6168468205316454,0.21,0.58
ILA002,94.59735635282492,219.78,SA(0.4),-1.6794791916947338,0.5710175128662867,0.21,0.5309999999999999
ILA003,89.71025798681,263.82,SA(0.4),-1.7427545752274274,0.5963113104961518,0.21,0.5581103645567228
ILA004,85.68227612519946,124.27,SA(0.4),-1.2822512625809648,0.5710175128662867,0.21,0.5309999999999999
ILA005,83.93724100214038,239.33,SA(0.4),-1.6226106411777559,0.5808098698697512,0.21,0.5415164863031572
ILA006,81.73646560218842,279.41,SA(0.4),-1.6913413342668833,0.6054736513513876,0.21,0.5678893752138543
ILA007,80.69578779842172,496.27,SA(0.4),-2.0851484490605974,0.6168468205316454,0.21,0.58
ILA008,81.47670604637591,299.28,SA(0.4),-1.731414327982463,0.6164620081028704,0.21,0.5795907240753803
ILA010,76.69526258688926,573.04,SA(0.4),-2.1498306835239425,0.6168468205316454,0.21,0.58
ILA012,84.97633852037546,259.21,SA(0.4),-1.6812918475299068,0.5935019964274327,0.21,0.5551077550920618
ILA013,80.79219336584667,199.48,SA(0.4),-1.488314366457126,0.5710175128662867,0.21,0.5309999999999999
ILA014,77.22854612692028,300.77,SA(0.4),-1.6844370820686252,0.6168468205316454,0.21,0.58
ILA015,82.13530668263718,782.59,SA(0.4),-2.491912220909081,0.6168468205316454,0.21,0.58
ILA016,79.00488080472547,271.1,SA(0.4),-1.6418607118619466,0.6006529296592781,0.21,0.5627467831167706
ILA021,73.37025333724408,573.04,SA(0.4),-2.1043822251487923,0.6168468205316454,0.21,0.58
ILA024,63.905677437896436,671.52,SA(0.4),-2.0995466030611007,0.6168468205316454,0.21,0.58
ILA027,79.85541389401519,215.0,SA(0.4),-1.5191671606874309,0.5710175128662867,0.21,0.5309999999999999
ILA030,82.3256976649756,200.98,SA(0.4),-1.5077024547644422,0.5710175128662867,0.21,0.5309999999999999
ILA031,79.91880061031861,649.25,SA(0.4),-2.2985580448065703,0.6168468205316454,0.21,0.58
ILA032,80.85387012515656,295.48,SA(0.4),-1.7160916295001674,0.614416123252405,0.21,0.5774142122536599
ILA035,90.36427205527093,293.01,SA(0.4),-1.8172450375309033,0.6130726296500418,0.21,0.5759844175201421
ILA036,86.82049562802443,181.0,SA(0.4),-1.493765426841333,0.5710175128662867,0.21,0.5309999999999999
ILA037,80.78973050748425,210.17,SA(0.4),-1.516470789769679,0.5710175128662867,0.21,0.5309999999999999
ILA039,82.8521449790845,227.18,SA(0.4),-1.581154056100979,0.5725450700037898,0.21,0.5326423351421146
ILA041,84.73034922213995,196.88,SA(0.4),-1.5201294265388379,0.5710175128662867,0.21,0.5309999999999999
ILA042,82.3771642362468,209.36,SA(0.4),-1.530565599771092,0.5710175128662867,0.21,0.5309999999999999
ILA043,73.59360548094307,573.04,SA(0.4),-2.107479478644624,0.6168468205316454,0.21,0.58
ILA044,77.06965074914221,158.13,SA(0.4),-1.333552785417004,0.5710175128662867,0.21,0.5309999999999999
ILA046,76.13596032679268,396.93,SA(0.4),-1.8566603647650182,0.6168468205316454,0.21,0.58
ILA048,85.75930654633606,199.59,SA(0.4),-1.5377271668954764,0.5710175128662867,0.21,0.5309999999999999
ILA049,84.760058063251,190.0,SA(0.4),-1.5009104083578966,0.5710175128662867,0.21,0.5309999999999999
ILA050,62.873379868223246,621.06,SA(0.4),-2.017266798724775,0.6168468205316454,0.21,0.58
ILA051,75.56089930762045,520.64,SA(0.4),-2.0560073736060107,0.6168468205316454,0.21,0.58
ILA052,81.78471706968831,612.47,SA(0.4),-2.2730024321755407,0.6168468205316454,0.21,0.58
ILA054,113.35010901766988,677.3,SA(0.4),-2.726628563715676,0.6251727284433045,0.21,0.5888471281998799
ILA055,87.12024211451396,266.77,SA(0.4),-1.7221148879449784,0.5980843518279859,0.21,0.560004367752165
ILA056,88.90801796032743,223.71,SA(0.4),-1.6342052594792917,0.5710175128662867,0.21,0.5309999999999999
ILA059,83.0273848736504,236.84,SA(0.4),-1.60688040872303,0.5791493709901332,0.21,0.5397351145870232
ILA061,75.00437617019124,497.73,SA(0.4),-2.012575981299194,0.6168468205316454,0.21,0.58
ILA062,69.48117755891323,447.51,SA(0.4),-1.854720108849104,0.6168468205316454,0.21,0.58
ILA063,56.835893761279905,996.51,SA(0.4),-2.3392922329355526,0.6168468205316454,0.21,0.58
ILA064,68.55136664578527,488.61,SA(0.4),-1.9083492183806345,0.6168468205316454,0.21,0.58
ILA066,66.49258937947188,481.17,SA(0.4),-1.8667135301626723,0.6168468205316454,0.21,0.58
ILA067,32.41826640052877,665.2,SA(0.4),-1.4732753185331569,0.6168468205316454,0.21,0.58
KAU001,43.56273242838097,573.04,SA(0.4),-1.6093955537312086,0.6168468205316454,0.21,0.58
KAU003,114.10838110057877,913.77,SA(0.4),-3.004726170024262,0.6260038630203012,0.21,0.5897294604446518
KAU006,113.9931054858574,218.49,SA(0.4),-1.8540388167652562,0.5799514759223203,0.21,0.5405957032982021
KAU007,106.54348341055326,290.86,SA(0.4),-1.9791740504146107,0.6125065269042674,0.21,0.5753818258342265
KAU008,107.63866034807238,285.94,SA(0.4),-1.9779965803665678,0.6110484241437714,0.21,0.5738293968145813
KAU010,98.9310789023779,215.36,SA(0.4),-1.7081818792289163,0.5710175128662867,0.21,0.5309999999999999
KAU011,102.67230838982609,155.32,SA(0.4),-1.5427313459825593,0.5710175128662867,0.21,0.5309999999999999
KAU012,85.00932588862896,516.18,SA(0.4),-2.1714017741465677,0.6168468205316454,0.21,0.58
KAU015,107.15014713693338,233.21,SA(0.4),-1.835428726238288,0.5780055083397544,0.21,0.538507537246321
KAU018,77.3976499709515,538.69,SA(0.4),-2.1082672977892636,0.6168468205316454,0.21,0.58
KAU020,72.82165436342768,373.33,SA(0.4),-1.770359549047594,0.6168468205316454,0.21,0.58
KAU022,97.4169060097908,217.05,SA(0.4),-1.6987580611280213,0.5710175128662867,0.21,0.5309999999999999
KAU030,100.6366187600612,259.36,SA(0.4),-1.8431002584245526,0.5935941595318391,0.21,0.5552062915982766
KAU032,111.57284399475729,194.13,SA(0.4),-1.7555826153396734,0.5773051478011673,0.21,0.5377557379310123
KAU033,119.83228347776871,182.93,SA(0.4),-1.7855943591924814,0.5861186084857045,0.21,0.5472065635692052
KAU034,107.18385021081565,1010.4,SA(0.4),-3.0221008594724346,0.6182055318764258,0.21,0.581444820806424
KAU037,135.3796060856888,283.21,SA(0.4),-2.2256958876224444,0.6380869240934942,0.21,0.6025403909275266
KAU038,142.14272144550424,667.59,SA(0.4),-2.9966465940649085,0.6534639749917044,0.21,0.6188013951276766
KAU039,151.63665860072828,464.82,SA(0.4),-2.7666229136603766,0.6615720869618648,0.21,0.6273576541711093
KAU040,140.34113735741815,567.64,SA(0.4),-2.8372269008647053,0.6518657323254635,0.21,0.6171133874582635
KAU042,159.2060960059972,806.48,SA(0.4),-3.3193342642397057,0.667688222204105,0.21,0.633804040749251
KAU043,171.22323673314898,538.49,SA(0.4),-3.0607031627976573,0.6768361956332692,0.21,0.6434339404471271
KAU044,120.45367346364368,221.24,SA(0.4),-1.918778706875082,0.5867576735413801,0.21,0.5478910178673244
KAU046,161.91718007019477,204.23,SA(0.4),-2.19354184249318,0.623469567335119,0.21,0.5870385859490334
KAU047,53.8243490270436,573.04,SA(0.4),-1.8023185442306038,0.6168468205316454,0.21,0.58
KAU048,92.0610507119136,295.66,SA(0.4),-1.8415086047592937,0.6145136053509673,0.21,0.5775179401208628
KAU050,36.30659128926287,665.2,SA(0.4),-1.5701545145152371,0.6168468205316454,0.21,0.58
KAU051,123.98128979998971,1004.58,SA(0.4),-3.1922119990898032,0.6363596837164851,0.21,0.6007109513399477
KAU052,168.15442260432175,573.04,SA(0.4),-3.08983174064732,0.6745613644919634,0.21,0.6410405872214796
KAU054,28.06783316360731,497.22,SA(0.4),-1.1340154907482165,0.6168468205316454,0.21,0.58
KAU057,113.18799613141104,535.13,SA(0.4),-2.520875848182045,0.6249943351065302,0.21,0.5886577264550715
KAU058,108.40705481784066,229.66,SA(0.4),-1.8369075918854085,0.5770093178026898,0.21,0.5374381386086454
KAU062,112.87287787990353,246.84,SA(0.4),-1.92615259492894,0.5934646854587808,0.21,0.5550678633164504
KAU063,93.6060399190571,227.24,SA(0.4),-1.6901370586866873,0.5725869142319582,0.21,0.532687313862153
KAU064,101.90256344344134,244.84,SA(0.4),-1.8177373403788646,0.5844261775649428,0.21,0.5453933965709248
KAU066,99.84476325858162,214.97,SA(0.4),-1.7155868311438371,0.5710175128662867,0.21,0.5309999999999999
KAU069,68.38649123490784,500.15,SA(0.4),-1.9241568446340072,0.6168468205316454,0.21,0.58
KAU073,109.35172575598243,216.33,SA(0.4),-1.8063122586552318,0.5748272309778265,0.21,0.5350947070132871
KAU074,104.18030948121277,228.34,SA(0.4),-1.7941412586173329,0.573352190294724,0.21,0.5335098256974817
KAU075,115.35762848826717,196.3,SA(0.4),-1.7950078862124876,0.5814195809498759,0.21,0.5421703875276935
KAU077,80.96445465556717,665.2,SA(0.4),-2.3332413759533637,0.6168468205316454,0.21,0.58
KAU078,87.22190963332963,531.85,SA(0.4),-2.2232526874859477,0.6168468205316454,0.21,0.58
KAU081,161.49112221532047,295.0,SA(0.4),-2.4756074685938083,0.6667610280446743,0.21,0.6328272027332509
KAU082,169.01260850918658,573.04,SA(0.4),-3.0970203684647033,0.6752015870894021,0.21,0.6417142535490759
KAU083,109.69785905793941,202.14,SA(0.4),-1.765438506268081,0.5752165672770964,0.21,0.5355129310017138
KAU085,87.88866850577266,260.75,SA(0.4),-1.7161585640062005,0.5944457742641357,0.21,0.5561166950744131
KAU086,97.20452708079277,216.8,SA(0.4),-1.6960418842220362,0.5710175128662867,0.21,0.5309999999999999
KAU087,112.30367162788814,276.11,SA(0.4),-1.9983515163882308,0.6107254665451658,0.21,0.573485479752374
KAU088,109.55444596649576,227.46,SA(0.4),-1.8410252361200008,0.5767800134477841,0.21,0.5371919432687222
NCU,80.12485352707097,466.16,SA(0.4),-2.028462587260817,0.6168468205316454,0.21,0.58
NSK,54.44362818084044,665.2,SA(0.4),-1.9365083495593807,0.6168468205316454,0.21,0.58
NST,37.69344643353157,491.08,SA(0.4),-1.367987107510873,0.6168468205316454,0.21,0.58
NSY,13.266132208120403,599.64,SA(0.4),-0.7063937662188052,0.6168468205316454,0.21,0.58
PNG,110.99680090093074,465.86,SA(0.4),-2.3825020014365905,0.6225583481044175,0.21,0.5860707267851731
SGL,92.0610507119136,295.66,SA(0.4),-1.8415086047592937,0.6145136053509673,0.21,0.5775179401208628
SSD,83.90579878637689,535.13,SA(0.4),-2.1870861369468617,0.6168468205316454,0.21,0.58
STY,36.30659128926287,665.2,SA(0.4),-1.5701545145152371,0.6168468205316454,0.21,0.58
TAI1,77.88051206740859,160.67,SA(0.4),-1.3488722986416968,0.5710175128662867,0.21,0.5309999999999999
TAP,97.57479476913649,235.82,SA(0.4),-1.7518493073622206,0.5784643302142028,0.21,0.5389999826810445
TAP003,100.68408621704089,212.39,SA(0.4),-1.7158640932206066,0.5710175128662867,0.21,0.5309999999999999
TAP005,104.72671936962091,179.84,SA(0.4),-1.6489047548598885,0.5710175128662867,0.21,0.5309999999999999
TAP006,103.44244641268561,184.77,SA(0.4),-1.6545087655070632,0.5710175128662867,0.21,0.5309999999999999
TAP007,101.43266755568051,207.39,SA(0.4),-1.7079278715017594,0.5710175128662867,0.21,0.5309999999999999
TAP008,102.106935450927,194.14,SA(0.4),-1.6732018150533639,0.5710175128662867,0.21,0.5309999999999999
TAP010,99.18240466204462,226.38,SA(0.4),-1.7416326565612545,0.5719861341323378,0.21,0.5320414811268542
TAP012,99.38192577501383,207.99,SA(0.4),-1.6909051510228619,0.5710175128662867,0.21,0.5309999999999999
TAP013,100.10685750816579,205.11,SA(0.4),-1.6889871931476634,0.5710175128662867,0.21,0.5309999999999999
TAP014,100.88062892041134,188.98,SA(0.4),-1.6458744785045645,0.5710175128662867,0.21,0.5309999999999999
TAP017,97.06284759654471,217.83,SA(0.4),-1.697608502759451,0.5710175128662867,0.21,0.5309999999999999
TAP020,98.24321010771999,218.5,SA(0.4),-1.7106675474202875,0.5710175128662867,0.21,0.5309999999999999
TAP021,98.78987370675111,167.18,SA(0.4),-1.5544160605311577,0.5710175128662867,0.21,0.5309999999999999
TAP024,94.16513508407085,194.98,SA(0.4),-1.6039751550048926,0.5710175128662867,0.21,0.5309999999999999
TAP026,95.11515375612561,194.28,SA(0.4),-1.610591334462533,0.5710175128662867,0.21,0.5309999999999999
TAP028,93.9908923717751,287.94,SA(0.4),-1.8444530278553208,0.6102803418225978,0.21,0.5730114271243697
TAP032,92.43134740325831,308.88,SA(0.4),-1.874905273804031,0.6168468205316454,0.21,0.58
TAP034,89.83433004146535,538.69,SA(0.4),-2.265585917351576,0.6168468205316454,0.21,0.58
TAP035,86.90121805752756,438.13,SA(0.4),-2.06455245237245,0.6168468205316454,0.21,0.58
TAP036,85.37932726460579,671.52,SA(0.4),-2.3981584179976854,0.6168468205316454,0.21,0.58
TAP041,110.1973331135058,363.56,SA(0.4),-2.178490326794681,0.62165788388343,0.21,0.5851141124553604
TAP042,104.9552728107,375.85,SA(0.4),-2.149767993572498,0.6168468205316454,0.21,0.58
TAP043,89.4118520729743,388.16,SA(0.4),-2.0028050810574274,0.6168468205316454,0.21,0.58
TAP046,115.78653715062438,816.9,SA(0.4),-2.9202075688281663,0.6278242928428964,0.21,0.5916615102266524
TAP047,83.57706282792414,403.2,SA(0.4),-1.961495056923261,0.6168468205316454,0.21,0.58
TAP049,106.91325241516951,573.04,SA(0.4),-2.5125202176151844,0.617890914635162,0.21,0.5811103013961093
TAP051,101.9565712601721,403.17,SA(0.4),-2.1716399829357864,0.6168468205316454,0.21,0.58
TAP052,98.45159727452007,433.88,SA(0.4),-2.1904844301906796,0.6168468205316454,0.21,0.58
TAP053,89.58804931467594,538.69,SA(0.4),-2.262615934566547,0.6168468205316454,0.21,0.58
TAP059,116.80550462432304,456.18,SA(0.4),-2.424843311997805,0.6289171379293546,0.21,0.5928210239028731
TAP060,118.66399781657233,631.27,SA(0.4),-2.7198679233732617,0.6308866478007122,0.21,0.5949100456146458
TAP065,119.99410946299658,1023.45,SA(0.4),-3.168907367105351,0.632277828411006,0.21,0.5963851543257407
TAP066,113.4447433714641,662.78,SA(0.4),-2.708538437642176,0.6252767516915635,0.21,0.5889575674069849
TAP067,94.52727846597533,807.68,SA(0.4),-2.674275727750035,0.6168468205316454,0.21,0.58
TAP069,121.00337555659135,671.52,SA(0.4),-2.7980108053052417,0.6333234310096382,0.21,0.597493571735981
TAP072,98.93978998677024,671.52,SA(0.4),-2.561022979577419,0.6168468205316454,0.21,0.58
TAP075,106.57618482473356,856.38,SA(0.4),-2.864794771521939,0.6174979284280073,0.21,0.580692424277156
TAP077,116.41922097699462,1022.77,SA(0.4),-3.1315202673322866,0.6285039458293813,0.21,0.5923826549816443
TAP078,117.39734495900295,671.52,SA(0.4),-2.7612047012804983,0.6295476282022388,0.21,0.5934898618974584
TAP079,116.753401395702,631.27,SA(0.4),-2.7002614217301684,0.6288614830054207,0.21,0.5927619798939343
TAP081,121.29971223615415,671.52,SA(0.4),-2.8010061547050045,0.6336288210816234,0.21,0.5978172654794173
TAP083,120.4030055039095,435.22,SA(0.4),-2.422306127178921,0.6327024759782128,0.21,0.5968353400301971
TAP084,121.36524046357977,224.22,SA(0.4),-1.9358289434635063,0.587689411916656,0.21,0.5488887363381991
TAP086,91.22887499302155,887.68,SA(0.4),-2.7207962821681204,0.6168468205316454,0.21,0.58
TAP087,101.35539844310355,573.04,SA(0.4),-2.451321615532366,0.6168468205316454,0.21,0.58
TAP090,102.87317683111068,324.38,SA(0.4),-2.0194024194774935,0.6168468205316454,0.21,0.58
TAP094,107.25914541313247,416.34,SA(0.4),-2.2530956106887103,0.61829293817062,0.21,0.5815377523357002
TAP095,107.12641066652922,206.24,SA(0.4),-1.7556703666013442,0.5722953360505179,0.21,0.5323738833425012
TAP097,96.51825643410405,237.23,SA(0.4),-1.745285219565483,0.5794105512866274,0.21,0.5400153580614847
TAP098,105.37088822706724,538.69,SA(0.4),-2.4432673133090557,0.6168468205316454,0.21,0.58
TAP100,97.58816975352646,236.32,SA(0.4),-1.7533134986191476,0.5788004886061685,0.21,0.5393607379210499
TAP103,113.41800752596221,429.49,SA(0.4),-2.3415473287008797,0.6252473718949226,0.21,0.5889263757563484
TAW,121.70169460957298,481.92,SA(0.4),-2.5192068598471327,0.6340419230198248,0.21,0.5982550962145474
TCU,5.925686184729008,472.81,SA(0.4),-0.11118268733816572,0.6168468205316454,0.21,0.58
TCU003,85.87715173895934,517.33,SA(0.4),-2.1839843641286962,0.6168468205316454,0.21,0.58
TCU006,72.13607981372333,607.4,SA(0.4),-2.1357496804438987,0.6168468205316454,0.21,0.58
TCU007,88.25765016718297,463.88,SA(0.4),-2.1254409068412974,0.6168468205316454,0.21,0.58
TCU008,84.7584785592634,441.58,SA(0.4),-2.044565155291403,0.6168468205316454,0.21,0.58
TCU009,81.06016716272919,460.1,SA(0.4),-2.0302122032493948,0.6168468205316454,0.21,0.58
TCU010,81.66395774542653,446.15,SA(0.4),-2.0140688769489676,0.6168468205316454,0.21,0.58
TCU011,75.01788257873356,471.07,SA(0.4),-1.9696792514943753,0.6168468205316454,0.21,0.58
TCU014,93.13780925514129,496.47,SA(0.4),-2.2377101537237287,0.6168468205316454,0.21,0.58
TCU015,49.226738245658176,426.0,SA(0.4),-1.500752696090965,0.6168468205316454,0.21,0.58
TCU017,53.6114321384972,558.76,SA(0.4),-1.7784100692718496,0.6168468205316454,0.21,0.58
TCU018,65.56957606032032,573.04,SA(0.4),-1.9917726694617717,0.6168468205316454,0.21,0.58
TCU025,54.234234021714876,665.2,SA(0.4),-1.9328600285823614,0.6168468205316454,0.21,0.58
TCU026,55.62700868478751,569.98,SA(0.4),-1.8289421784904312,0.6168468205316454,0.21,0.58
TCU029,27.888704202439943,406.53,SA(0.4),-1.005542278436577,0.6168468205316454,0.21,0.58
TCU031,30.150489096699733,489.22,SA(0.4),-1.1805649732868615,0.6168468205316454,0.21,0.58
TCU033,40.407957354293515,423.4,SA(0.4),-1.3271848208075137,0.6168468205316454,0.21,0.58
TCU034,35.21032855799544,393.77,SA(0.4),-1.1705998987252615,0.6168468205316454,0.21,0.58
TCU036,19.69497692844362,478.07,SA(0.4),-0.8366497999520875,0.6168468205316454,0.21,0.58
TCU038,25.337701564906876,297.86,SA(0.4),-0.803925376969888,0.6157004446027611,0.21,0.5787806471229301
TCU039,19.70361874696014,540.66,SA(0.4),-0.9171113679197016,0.6168468205316454,0.21,0.58
TCU040,22.119793842654797,362.03,SA(0.4),-0.778728226374151,0.6168468205316454,0.21,0.58
TCU042,25.981864142619745,578.98,SA(0.4),-1.181258223494238,0.6168468205316454,0.21,0.58
TCU045,25.36660567229542,704.64,SA(0.4),-1.318174618965134,0.6168468205316454,0.21,0.58
TCU046,16.246784143589178,465.55,SA(0.4),-0.6828375075021487,0.6168468205316454,0.21,0.58
TCU047,34.3572926348812,520.37,SA(0.4),-1.3313388549982832,0.6168468205316454,0.21,0.58
TCU048,14.285234596515949,551.21,SA(0.4),-0.6981493078937714,0.6168468205316454,0.21,0.58
TCU049,4.526216687379779,487.27,SA(0.4),-0.026595740052985373,0.6168468205316454,0.21,0.58
TCU050,10.250155362613157,542.41,SA(0.4),-0.470841894591062,0.6168468205316454,0.21,0.58
TCU051,8.397313881220667,350.06,SA(0.4),-0.17568036094490203,0.6168468205316454,0.21,0.58
TCU052,0.0,579.1,SA(0.4),0.08921476419070518,0.6168468205316454,0.21,0.58
TCU053,6.715593029398085,454.55,SA(0.4),-0.14818563870223578,0.6168468205316454,0.21,0.58
TCU054,6.044907731784745,460.69,SA(0.4),-0.10781794234843778,0.6168468205316454,0.21,0.58
TCU055,7.10204372503239,359.13,SA(0.4),-0.1015271954453481,0.6168468205316454,0.21,0.58
TCU056,11.23595041250864,403.2,SA(0.4),-0.37452903720197644,0.6168468205316454,0.21,0.58
TCU057,12.582859253355823,555.23,SA(0.4),-0.6169724762654882,0.6168468205316454,0.21,0.58
TCU059,17.768696653120717,272.67,SA(0.4),-0.5578721035353984,0.6015745130331522,0.21,0.5637303386647504
TCU060,9.270501399529332,375.42,SA(0.4),-0.24221783494105648,0.6168468205316454,0.21,0.58
TCU061,17.663329909143975,379.64,SA(0.4),-0.6417927344407156,0.6168468205316454,0.21,0.58
TCU063,10.251512284681757,476.14,SA(0.4),-0.39488950426990316,0.6168468205316454,0.21,0.58
TCU064,17.05105449248675,645.72,SA(0.4),-0.9405052023939329,0.6168468205316454,0.21,0.58
TCU065,1.288045085418703,305.85,SA(0.4),0.219481221531602,0.6168468205316454,0.21,0.58
TCU067,1.288712791017711,433.63,SA(0.4),0.20047968651930026,0.6168468205316454,0.21,0.58
TCU068,0.0,487.34,SA(0.4),0.17980761106345639,0.6168468205316454,0.21,0.58
TCU070,19.75113627608807,401.26,SA(0.4),-0.7438265325318971,0.6168468205316454,0.21,0.58
TCU071,0.0,624.85,SA(0.4),0.040005990406715236,0.6168468205316454,0.21,0.58
TCU072,0.0,468.14,SA(0.4),0.19608736836222068,0.6168468205316454,0.21,0.58
TCU074,0.0,549.43,SA(0.4),0.12014926048589483,0.6168468205316454,0.21,0.58
TCU075,1.6063613522010625,573.02,SA(0.4),0.0613783656048863,0.6168468205316454,0.21,0.58
TCU076,3.5054162229935133,614.98,SA(0.4),-0.09153155672324942,0.6168468205316454,0.21,0.58
TCU078,0.0,443.04,SA(0.4),0.21513769736441946,0.6168468205316454,0.21,0.58
TCU079,0.0,363.99,SA(0.4),0.25026301564059905,0.6168468205316454,0.21,0.58
TCU081,54.870046821119146,430.47,SA(0.4),-1.604814921253871,0.6168468205316454,0.21,0.58
TCU082,5.925686184729008,472.81,SA(0.4),-0.11118268733816572,0.6168468205316454,0.21,0.58
TCU083,79.97899565103198,354.63,SA(0.4),-1.8258643202094125,0.6168468205316454,0.21,0.58
TCU084,0.0,665.2,SA(0.4),-0.003996291989956047,0.6168468205316454,0.21,0.58
TCU085,54.44362818084044,999.66,SA(0.4),-2.3010082377909122,0.6168468205316454,0.21,0.58
TCU087,7.054896464891636,538.69,SA(0.4),-0.2601187959855164,0.6168468205316454,0.21,0.58
TCU088,3.997697831489502,665.2,SA(0.4),-0.18172718194152865,0.6168468205316454,0.21,0.58
TCU089,0.0,671.52,SA(0.4),-0.01089175439285131,0.6168468205316454,0.21,0.58
TCU092,88.45294085502088,422.28,SA(0.4),-2.05482874084158,0.6168468205316454,0.21,0.58
TCU094,53.92101623044264,589.85,SA(0.4),-1.8274121344821266,0.6168468205316454,0.21,0.58
TCU095,44.56466924675996,446.63,SA(0.4),-1.445815943344559,0.6168468205316454,0.21,0.58
TCU096,53.85469792017198,454.58,SA(0.4),-1.6262612121294115,0.6168468205316454,0.21,0.58
TCU098,47.1372515839405,346.56,SA(0.4),-1.3365898732094896,0.6168468205316454,0.21,0.58
TCU100,12.131987127300425,535.13,SA(0.4),-0.568727860135221,0.6168468205316454,0.21,0.58
TCU101,2.7227148767639835,389.41,SA(0.4),0.16165221900191684,0.6168468205316454,0.21,0.58
TCU102,1.9561078435847996,714.27,SA(0.4),-0.10819935145744078,0.6168468205316454,0.21,0.58
TCU103,6.53081647788816,494.1,SA(0.4),-0.17512804895809436,0.6168468205316454,0.21,0.58
TCU104,13.594790434615204,410.45,SA(0.4),-0.5003107589369806,0.6168468205316454,0.21,0.58
TCU105,17.906371449005963,575.54,SA(0.4),-0.8901074792657373,0.6168468205316454,0.21,0.58
TCU106,15.667606274650094,451.37,SA(0.4),-0.640692829616764,0.6168468205316454,0.21,0.58
TCU107,16.69303155356926,409.0,SA(0.4),-0.6353498938321064,0.6168468205316454,0.21,0.58
TCU109,13.733866280340548,535.13,SA(0.4),-0.6514532110958383,0.6168468205316454,0.21,0.58
TCU110,12.33231611318905,212.72,SA(0.4),-0.3687001171678965,0.5710175128662867,0.21,0.5309999999999999
TCU111,22.748356973666922,237.53,SA(0.4),-0.687371900014925,0.5796111792878028,0.21,0.5402306166401508
TCU112,28.176599312968115,190.54,SA(0.4),-0.7831101027959496,0.5710175128662867,0.21,0.5309999999999999
TCU113,31.861769932340707,230.3,SA(0.4),-0.8876602536219105,0.5747070686482825,0.21,0.5349656201610545
TCU115,22.514549191288978,215.34,SA(0.4),-0.671733508489789,0.5710175128662867,0.21,0.5309999999999999
TCU116,13.140173923202289,493.09,SA(0.4),-0.5710891182662038,0.6168468205316454,0.21,0.58
TCU117,26.01588554922865,198.58,SA(0.4),-0.7442436173738873,0.5710175128662867,0.21,0.5309999999999999
TCU118,27.518780758804855,236.19,SA(0.4),-0.8014623898518873,0.5787131530463293,0.21,0.5392670150387693
TCU119,38.703481646934264,221.7,SA(0.4),-1.0025620328687563,0.5710175128662867,0.21,0.5309999999999999
TCU120,8.108276773791475,459.34,SA(0.4),-0.24539634898142637,0.6168468205316454,0.21,0.58
TCU122,10.095651275407166,475.46,SA(0.4),-0.3850161199627245,0.6168468205316454,0.21,0.58
TCU123,15.613652840248543,270.22,SA(0.4),-0.48121088756715147,0.6001341230064994,0.21,0.5621929967518096
TCU128,13.266132208120403,599.64,SA(0.4),-0.7063937662188052,0.6168468205316454,0.21,0.58
TCU129,2.5928427595425005,511.18,SA(0.4),0.07609035059511943,0.6168468205316454,0.21,0.58
TCU136,8.865586783874127,462.1,SA(0.4),-0.29624963521962466,0.6168468205316454,0.21,0.58
TCU138,10.622750936043827,652.85,SA(0.4),-0.6235281483313002,0.6168468205316454,0.21,0.58
TCU140,33.69322383417364,223.6,SA(0.4),-0.9159794056356201,0.5710175128662867,0.21,0.5309999999999999
TCU141,24.94025634288036,223.04,SA(0.4),-0.733354687211252,0.5710175128662867,0.21,0.5309999999999999
TCU145,36.03324541347518,240.43,SA(0.4),-0.9789288957206161,0.5815381547167874,0.21,0.5422975432282596
TCU147,71.69733969170538,537.92,SA(0.4),-2.029209830850187,0.6168468205316454,0.21,0.58
TTN,80.89836518095754,298.72,SA(0.4),-1.723505808767182,0.6161620908287858,0.21,0.5792717170503846
TTN001,52.32871415831085,484.6,SA(0.4),-1.6465849436246618,0.6168468205316454,0.21,0.58
TTN002,65.48374155510382,667.36,SA(0.4),-2.1183994365618672,0.6168468205316454,0.21,0.58
TTN003,93.04588279899522,506.64,SA(0.4),-2.2531846017832207,0.6168468205316454,0.21,0.58
TTN004,63.800897195982024,463.59,SA(0.4),-1.7987030638034787,0.6168468205316454,0.21,0.58
TTN005,80.42174430564141,407.59,SA(0.4),-1.9304789047789388,0.6168468205316454,0.21,0.58
TTN006,78.75895289383541,283.21,SA(0.4),-1.6654192381816602,0.6076322020416683,0.21,0.5701902252389169
TTN007,79.64699872902655,282.7,SA(0.4),-1.6746198930599623,0.6073441299292778,0.21,0.5698832267750574
TTN008,80.39083510685596,292.61,SA(0.4),-1.7045824769349445,0.6128540317698895,0.21,0.5757517383878304
TTN009,81.38728178307964,313.96,SA(0.4),-1.7612132241741971,0.6168468205316454,0.21,0.58
TTN010,81.51829704872269,311.34,SA(0.4),-1.7573003167290113,0.6168468205316454,0.21,0.58
TTN012,79.21152525532221,288.3,SA(0.4),-1.681628264194409,0.6104801696105469,0.21,0.5732242471212484
TTN013,78.8943211567126,297.76,SA(0.4),-1.6979819324154057,0.6156466812868824,0.21,0.5787234539739617
TTN014,59.860496924556905,533.97,SA(0.4),-1.8464578938113851,0.6168468205316454,0.21,0.58
TTN015,80.89836518095754,487.91,SA(0.4),-2.0742225823570735,0.6168468205316454,0.21,0.58
TTN016,121.70169460957298,826.15,SA(0.4),-2.9911632080996826,0.6340419230198248,0.21,0.5982550962145474
TTN018,71.80853811897417,573.04,SA(0.4),-2.0825394357823126,0.6168468205316454,0.21,0.58
TTN020,46.28877454659275,453.71,SA(0.4),-1.4896924955879913,0.6168468205316454,0.21,0.58
TTN022,49.185819921013895,398.81,SA(0.4),-1.456799537093192,0.6168468205316454,0.21,0.58
TTN023,50.33727239662484,527.54,SA(0.4),-1.675232814195707,0.6168468205316454,0.21,0.58
TTN024,56.57309029774128,671.52,SA(0.4),-1.981068913342228,0.6168468205316454,0.21,0.58
TTN025,62.74114520985054,704.96,SA(0.4),-2.123269842441029,0.6168468205316454,0.21,0.58
TTN026,67.49118772791799,573.04,SA(0.4),-2.0203604809773164,0.6168468205316454,0.21,0.58
TTN027,73.52976366515371,428.95,SA(0.4),-1.8788291080848203,0.6168468205316454,0.21,0.58
TTN028,76.01025211793088,616.17,SA(0.4),-2.201522646163778,0.6168468205316454,0.21,0.58
TTN031,51.99314115375424,510.62,SA(0.4),-1.6799132002645099,0.6168468205316454,0.21,0.58
TTN032,53.710344896261404,734.26,SA(0.4),-2.0084321066119846,0.6168468205316454,0.21,0.58
TTN033,55.55183906772911,670.8,SA(0.4),-1.9627663682385732,0.6168468205316454,0.21,0.58
TTN036,77.42687254231797,538.69,SA(0.4),-2.108656280333896,0.6168468205316454,0.21,0.58
TTN040,43.69119446366562,728.01,SA(0.4),-1.8100707084659167,0.6168468205316454,0.21,0.58
TTN041,40.552465197967734,418.24,SA(0.4),-1.3224212159879707,0.6168468205316454,0.21,0.58
TTN042,61.854091343505935,845.34,SA(0.4),-2.271740142039473,0.6168468205316454,0.21,0.58
TTN044,55.35974910869786,419.63,SA(0.4),-1.5952825303150795,0.6168468205316454,0.21,0.58
TTN045,57.72674042183177,539.98,SA(0.4),-1.8207814983060007,0.6168468205316454,0.21,0.58
TTN046,62.61498206065394,528.12,SA(0.4),-1.8809638223930571,0.6168468205316454,0.21,0.58
TTN047,71.2651253374662,573.04,SA(0.4),-2.074860971233413,0.6168468205316454,0.21,0.58
TTN048,77.23093425350275,373.54,SA(0.4),-1.8276664186178597,0.6168468205316454,0.21,0.58
TTN050,87.16780012668326,573.04,SA(0.4),-2.2847161403344587,0.6168468205316454,0.21,0.58
TTN051,30.788780146750934,665.2,SA(0.4),-1.4298918345155112,0.6168468205316454,0.21,0.58
WGK,10.377089824587822,258.89,SA(0.4),-0.2656633840786933,0.5933052102811859,0.21,0.5548973531625486
WNT,2.5928427595425005,511.18,SA(0.4),0.07609035059511943,0.6168468205316454,0.21,0.58
WTC,43.046970143373564,207.69,SA(0.4),-1.052293786028163,0.5710175128662867,0.21,0.5309999999999999
ALS,1.4161941004474747,553.43,SA(0.8),-0.40806905362577556,0.6815071533006826,0.274,0.624
CHK,59.860496924556905,424.57,SA(0.8),-2.2151727078387715,0.6815071533006826,0.274,0.624
CHY002,25.501325041113866,235.13,SA(0.8),-1.14613034314107,0.6330170338217285,0.274,0.5706439915643196
CHY004,48.07893833473184,271.3,SA(0.8),-1.6890758819510658,0.6614034054373313,0.274,0.6019787909254767
CHY006,10.584628168218677,438.19,SA(0.8),-0.8412845117605839,0.6815071533006826,0.274,0.624
CHY008,41.23915234428305,210.73,SA(0.8),-1.43732889611596,0.6243372486084744,0.274,0.5609999999999999
CHY010,20.625677664506007,538.69,SA(0.8),-1.500220965166419,0.6815071533006826,0.274,0.624
CHY012,59.82694761124689,198.4,SA(0.8),-1.6725528364587394,0.6243372486084744,0.274,0.5609999999999999
CHY014,33.88066065244789,347.63,SA(0.8),-1.5654706276154804,0.6815071533006826,0.274,0.624
CHY015,38.846134725395174,228.66,SA(0.8),-1.432553343251551,0.6275142938757046,0.274,0.564533603090484
CHY016,67.39311492490651,200.86,SA(0.8),-1.767865470205151,0.6243372486084744,0.274,0.5609999999999999
CHY017,59.79653364012802,190.57,SA(0.8),-1.649557930226224,0.6243372486084744,0.274,0.5609999999999999
CHY019,52.664018987304125,497.53,SA(0.8),-2.23971409691413,0.6815071533006826,0.274,0.624
CHY022,65.23494253909143,564.07,SA(0.8),-2.556589732116967,0.6815071533006826,0.274,0.624
CHY023,82.48037770558093,279.78,SA(0.8),-2.1633682362360176,0.6675438700000375,0.274,0.6087189978755607
CHY024,10.382141776489679,427.73,SA(0.8),-0.8123197942533876,0.6815071533006826,0.274,0.624
CHY025,19.821814137857874,277.5,SA(0.8),-1.0316969296272358,0.6659102515504578,0.274,0.606927065733597
CHY026,30.117763879363363,226.01,SA(0.8),-1.2468053919778577,0.6252187242236792,0.274,0.561980829850881
CHY027,42.57072697901259,210.01,SA(0.8),-1.4581579194733882,0.6243372486084744,0.274,0.5609999999999999
CHY028,3.8142382458599347,542.61,SA(0.8),-0.5253741008508381,0.6815071533006826,0.274,0.624
CHY029,11.753982902131465,544.74,SA(0.8),-1.0819180088897904,0.6815071533006826,0.274,0.624
CHY032,36.20970428039942,192.71,SA(0.8),-1.3115275960197446,0.6243372486084744,0.274,0.5609999999999999
CHY033,44.61021757313737,197.63,SA(0.8),-1.4626651983557095,0.6243372486084744,0.274,0.5609999999999999
CHY034,15.55529098089055,378.75,SA(0.8),-1.0133777928074807,0.6815071533006826,0.274,0.624
CHY035,13.30281463096492,573.04,SA(0.8),-1.2147200166555894,0.6815071533006826,0.274,0.624
CHY036,16.834009871697,233.14,SA(0.8),-0.868728937779499,0.6313396444787178,0.274,0.5687826884588821
CHY039,32.68412498523498,201.21,SA(0.8),-1.2595751614250055,0.6243372486084744,0.274,0.5609999999999999
CHY041,20.07183164813607,492.26,SA(0.8),-1.4008788092450357,0.6815071533006826,0.274,0.624
CHY042,28.16777357328532,665.2,SA(0.8),-1.957537231833453,0.6815071533006826,0.274,0.624
CHY044,55.933003322544856,194.47,SA(0.8),-1.6130392869691903,0.6243372486084744,0.274,0.5609999999999999
CHY046,24.876384312874173,442.15,SA(0.8),-1.4880619125648096,0.6815071533006826,0.274,0.624
CHY047,24.927795876688105,169.52,SA(0.8),-1.0460225243085493,0.6243372486084744,0.274,0.5609999999999999
CHY050,45.48094043081733,538.93,SA(0.8),-2.180335180832267,0.6815071533006826,0.274,0.624
CHY052,40.52523944488567,573.04,SA(0.8),-2.13420351177684,0.6815071533006826,0.274,0.624
CHY054,49.228155688795745,172.1,SA(0.8),-1.46534158361829,0.6243372486084744,0.274,0.5609999999999999
CHY055,55.04100932988003,225.77,SA(0.8),-1.6845836429466885,0.6250095952142645,0.274,0.561748158973306
CHY057,58.30189007907089,411.46,SA(0.8),-2.1641507151017247,0.6815071533006826,0.274,0.624
CHY058,60.47926509005612,269.28,SA(0.8),-1.870638521419301,0.659914166553613,0.274,0.6003421584547846
CHY059,74.0105222831666,191.09,SA(0.8),-1.8070217786078473,0.6243372486084744,0.274,0.5609999999999999
CHY060,69.53930995385498,228.92,SA(0.8),-1.8754342985164132,0.6277381910053791,0.274,0.5647824682536682
CHY061,59.2181211902229,538.69,SA(0.8),-2.4218283604078814,0.6815071533006826,0.274,0.624
CHY062,59.70708366780761,602.63,SA(0.8),-2.537071916648952,0.6815071533006826,0.274,0.624
CHY063,73.64708029924377,246.88,SA(0.8),-1.9737548863866483,0.6426603133168008,0.274,0.5813228692494805
CHY065,84.65037829276163,250.0,SA(0.8),-2.100483217385116,0.6451491043928379,0.274,0.5840730835254102
CHY066,90.36922111828896,211.97,SA(0.8),-2.034420473779026,0.6243372486084744,0.274,0.5609999999999999
CHY067,84.21459469490114,227.97,SA(0.8),-2.028532718442209,0.6269189603811127,0.274,0.5638717787629871
CHY069,86.69064381036402,224.42,SA(0.8),-2.041312267252602,0.6243372486084744,0.274,0.5609999999999999
CHY070,84.43554371983527,265.45,SA(0.8),-2.143547939773446,0.6570615442403571,0.274,0.597205050982929
CHY071,79.42270364079795,202.95,SA(0.8),-1.900390204612259,0.6243372486084744,0.274,0.5609999999999999
CHY074,1.4161941004474747,553.43,SA(0.8),-0.40806905362577556,0.6815071533006826,0.274,0.624
CHY076,42.877573217177414,169.84,SA(0.8),-1.3714798287616519,0.6243372486084744,0.274,0.5609999999999999
CHY078,77.88051206740859,160.67,SA(0.8),-1.7352363570733436,0.6243372486084744,0.274,0.5609999999999999
CHY079,50.02855021100604,573.04,SA(0.8),-2.324727311306187,0.6815071533006826,0.274,0.624
CHY080,0.8203047792534108,496.21,SA(0.8),-0.30791945996118436,0.6815071533006826,0.274,0.624
CHY081,43.161132192340126,573.04,SA(0.8),-2.1907032031164855,0.6815071533006826,0.274,0.624
CHY082,36.690687042494744,193.69,SA(0.8),-1.3221540800697396,0.6243372486084744,0.274,0.5609999999999999
CHY086,28.265165300477857,665.2,SA(0.8),-1.9605074102241495,0.6815071533006826,0.274,0.624
CHY087,29.477616972892374,505.2,SA(0.8),-1.741403917486953,0.6815071533006826,0.274,0.624
CHY088,38.16580800828477,318.52,SA(0.8),-1.6044582227298712,0.6815071533006826,0.274,0.624
CHY090,59.17740188206011,180.33,SA(0.8),-1.6120030181926654,0.6243372486084744,0.274,0.5609999999999999
CHY092,23.43718943402428,253.72,SA(0.8),-1.115103774931379,0.6480789339832193,0.274,0.58730767462449
CHY093,50.52955404993735,190.49,SA(0.8),-1.531113538151886,0.6243372486084744,0.274,0.5609999999999999
CHY094,37.568596955239634,221.92,SA(0.8),-1.3947314065449417,0.6243372486084744,0.274,0.5609999999999999
CHY096,83.07046778565815,293.61,SA(0.8),-2.207478838778418,0.6771927439165407,0.274,0.6192850816976083
CHY099,65.94429160338161,228.84,SA(0.8),-1.8330228787026852,0.6276693246744343,0.274,0.5647059244750849
CHY100,54.13764361475702,230.11,SA(0.8),-1.6830557004156366,0.6287599542975585,0.274,0.5659179093545882
CHY101,10.377089824587822,258.89,SA(0.8),-0.5995210758729776,0.6520848678362527,0.274,0.5917251683518483
CHY102,36.74554656205193,804.36,SA(0.8),-2.379517977678883,0.6815071533006826,0.274,0.624
CHY104,18.6621650225021,223.24,SA(0.8),-0.9244371229487858,0.6243372486084744,0.274,0.5609999999999999
CHY107,51.35844504410688,175.68,SA(0.8),-1.5027700348514577,0.6243372486084744,0.274,0.5609999999999999
CHY109,43.43968322952119,573.04,SA(0.8),-2.196494292263299,0.6815071533006826,0.274,0.624
CHY110,43.43968322952119,573.04,SA(0.8),-2.196494292263299,0.6815071533006826,0.274,0.624
CHY116,82.01615041444819,195.38,SA(0.8),-1.8998706725269239,0.6243372486084744,0.274,0.5609999999999999
ENA,62.873379868223246,665.2,SA(0.8),-2.682694397958769,0.6815071533006826,0.274,0.624
ESL,39.13327017283541,493.29,SA(0.8),-1.965873406707971,0.6815071533006826,0.274,0.624
HEN,161.91718007019477,204.23,SA(0.8),-2.5278441615668505,0.663534818706117,0.274,0.6043198289278282
HSN,54.870046821119146,321.49,SA(0.8),-1.9139468864095752,0.6815071533006826,0.274,0.624
HWA,51.21900426141601,260.38,SA(0.8),-1.7140569397243337,0.6532255093482439,0.274,0.5929819272653025
HWA002,52.86279146401041,789.18,SA(0.8),-2.6911004501080757,0.6815071533006826,0.274,0.624
HWA003,51.681142290885134,1525.85,SA(0.8),-3.0449161030677905,0.6815071533006826,0.274,0.624
HWA005,44.28231958384142,459.32,SA(0.8),-2.0124481233397375,0.6815071533006826,0.274,0.624
HWA006,45.003181958498374,559.11,SA(0.8),-2.2051777718637244,0.6815071533006826,0.274,0.624
HWA007,51.95325392386305,358.72,SA(0.8),-1.9496215576355052,0.6815071533006826,0.274,0.624
HWA009,51.693536462196626,373.23,SA(0.8),-1.9764117534755004,0.6815071533006826,0.274,0.624
HWA011,48.624839989886404,355.76,SA(0.8),-1.8858818676392342,0.6815071533006826,0.274,0.624
HWA012,52.325257559135075,414.42,SA(0.8),-2.072979547917788,0.6815071533006826,0.274,0.624
HWA013,49.86104964362179,330.55,SA(0.8),-1.8526014918713045,0.6815071533006826,0.274,0.624
HWA014,50.84490694090048,277.28,SA(0.8),-1.7479890275389134,0.6657519555526603,0.274,0.6067533817970786
HWA015,46.42594132137962,453.05,SA(0.8),-2.0425201885361712,0.6815071533006826,0.274,0.624
HWA016,47.585145300823704,576.55,SA(0.8),-2.2848203080140475,0.6815071533006826,0.274,0.624
HWA017,46.470164794363036,578.11,SA(0.8),-2.265831450005454,0.6815071533006826,0.274,0.624
HWA019,51.21900426141601,494.82,SA(0.8),-2.2093916723786484,0.6815071533006826,0.274,0.624
HWA020,39.13327017283541,626.43,SA(0.8),-2.187921206967191,0.6815071533006826,0.274,0.624
HWA022,57.87400521195273,567.64,SA(0.8),-2.450232389397588,0.6815071533006826,0.274,0.624
HWA023,46.40755022060307,671.52,SA(0.8),-2.409638979170339,0.6815071533006826,0.274,0.624
HWA024,37.730568431531545,671.52,SA(0.8),-2.222857032437139,0.6815071533006826,0.274,0.624
HWA025,49.13348906562234,494.32,SA(0.8),-2.1707809068663044,0.6815071533006826,0.274,0.624
HWA026,47.22466473181171,457.49,SA(0.8),-2.0662233602829616,0.6815071533006826,0.274,0.624
HWA027,46.98782360511372,437.8,SA(0.8),-2.023732844803332,0.6815071533006826,0.274,0.624
HWA028,49.35236603416438,406.7,SA(0.8),-2.0052687150435986,0.6815071533006826,0.274,0.624
HWA029,49.89682984159387,614.05,SA(0.8),-2.3887038841556114,0.6815071533006826,0.274,0.624
HWA030,41.84995449814051,592.18,SA(0.8),-2.194147944893338,0.6815071533006826,0.274,0.624
HWA031,46.78495170006793,602.29,SA(0.8),-2.3111595894567487,0.6815071533006826,0.274,0.624
HWA032,42.76449413301876,573.04,SA(0.8),-2.1823998017750776,0.6815071533006826,0.274,0.624
HWA033,49.52391460805984,395.57,SA(0.8),-1.9855314429306772,0.6815071533006826,0.274,0.624
HWA034,38.72259961355784,379.18,SA(0.8),-1.7395124958481096,0.6815071533006826,0.274,0.624
HWA035,43.48814803424615,677.49,SA(0.8),-2.3592243135611732,0.6815071533006826,0.274,0.624
HWA036,38.18727859247192,503.04,SA(0.8),-1.9617742482051521,0.6815071533006826,0.274,0.624
HWA037,40.93079012119635,469.64,SA(0.8),-1.9622228795908931,0.6815071533006826,0.274,0.624
HWA038,36.825205396811654,642.73,SA(0.8),-2.1585974330468725,0.6815071533006826,0.274,0.624
HWA039,40.700555517327686,459.67,SA(0.8),-1.9386846276279492,0.6815071533006826,0.274,0.624
HWA041,43.12948213944211,484.97,SA(0.8),-2.0367792555693356,0.6815071533006826,0.274,0.624
HWA043,53.91152534737503,543.06,SA(0.8),-2.3424822999312203,0.6815071533006826,0.274,0.624
HWA044,55.24919369711087,534.41,SA(0.8),-2.349980638022273,0.6815071533006826,0.274,0.624
HWA045,59.28500884807053,484.45,SA(0.8),-2.324116962446969,0.6815071533006826,0.274,0.624
HWA046,47.0109436592865,617.52,SA(0.8),-2.3396371532836038,0.6815071533006826,0.274,0.624
HWA048,46.686257749108556,345.89,SA(0.8),-1.8298880209405053,0.6815071533006826,0.274,0.624
HWA049,46.005462055816764,508.61,SA(0.8),-2.1373511257662665,0.6815071533006826,0.274,0.624
HWA050,48.71376858358703,313.9,SA(0.8),-1.796053301667532,0.6815071533006826,0.274,0.624
HWA051,48.90932890375484,440.5,SA(0.8),-2.064701390323246,0.6815071533006826,0.274,0.624
HWA053,35.85961696778292,843.24,SA(0.8),-2.4059924893311866,0.6815071533006826,0.274,0.624
HWA054,37.40217869643352,452.83,SA(0.8),-1.8521231305945174,0.6815071533006826,0.274,0.624
HWA055,42.55353726386162,369.75,SA(0.8),-1.800744327270047,0.6815071533006826,0.274,0.624
HWA056,35.11011081738172,511.3,SA(0.8),-1.9027748732136716,0.6815071533006826,0.274,0.624
HWA057,45.69143972650157,671.52,SA(0.8),-2.395450682207364,0.6815071533006826,0.274,0.624
HWA058,40.62633470498356,529.54,SA(0.8),-2.06300949420338,0.6815071533006826,0.274,0.624
HWA059,44.12500056155976,208.56,SA(0.8),-1.4802449658163979,0.6243372486084744,0.274,0.5609999999999999
HWA060,53.13246936736276,573.04,SA(0.8),-2.380044109159756,0.6815071533006826,0.274,0.624
HWA2,51.21900426141601,260.38,SA(0.8),-1.7140569397243337,0.6532255093482439,0.274,0.5929819272653025
ILA001,100.32579879811699,909.09,SA(0.8),-3.4577780349929403,0.6815071533006826,0.274,0.624
ILA002,94.59735635282492,219.78,SA(0.8),-2.0991385581592903,0.6243372486084744,0.274,0.5609999999999999
ILA003,89.71025798681,263.82,SA(0.8),-2.1921018335124938,0.6558357956235067,0.274,0.5958561830015008
ILA004,85.68227612519946,124.27,SA(0.8),-1.6362606760186353,0.6243372486084744,0.274,0.5609999999999999
ILA005,83.93724100214038,239.33,SA(0.8),-2.0610420671159098,0.6365144188700165,0.274,0.574521196675488
ILA006,81.73646560218842,279.41,SA(0.8),-2.1543487847277114,0.6672796171031296,0.274,0.608429196703527
ILA007,80.69578779842172,496.27,SA(0.8),-2.6380643152197445,0.6815071533006826,0.274,0.624
ILA008,81.47670604637591,299.28,SA(0.8),-2.2052628883091114,0.6810253772392921,0.274,0.6234737880969176
ILA010,76.69526258688926,573.04,SA(0.8),-2.7267975091123473,0.6815071533006826,0.274,0.624
ILA012,84.97633852037546,259.21,SA(0.8),-2.1310184411745214,0.6523303543441487,0.274,0.5919956851183651
ILA013,80.79219336584667,199.48,SA(0.8),-1.9021570803335597,0.6243372486084744,0.274,0.5609999999999999
ILA014,77.22854612692028,300.77,SA(0.8),-2.1613483665526076,0.6815071533006826,0.274,0.624
ILA015,82.13530668263718,782.59,SA(0.8),-3.104156152614921,0.6815071533006826,0.274,0.624
ILA016,79.00488080472547,271.1,SA(0.8),-2.1015915495653403,0.6612564204956825,0.274,0.6018172925787051
ILA021,73.37025333724408,573.04,SA(0.8),-2.683988804395813,0.6815071533006826,0.274,0.624
ILA024,63.905677437896436,671.52,SA(0.8),-2.7075096355940738,0.6815071533006826,0.274,0.624
ILA027,79.85541389401519,215.0,SA(0.8),-1.9438897579345573,0.6243372486084744,0.274,0.5609999999999999
ILA030,82.3256976649756,200.98,SA(0.8),-1.9219664000766006,0.6243372486084744,0.274,0.5609999999999999
ILA031,79.91880061031861,649.25,SA(0.8),-2.8896779695488,0.6815071533006826,0.274,0.624
ILA032,80.85387012515656,295.48,SA(0.8),-2.188295459214381,0.6784644218544379,0.274,0.6206754157547056
ILA035,90.36427205527093,293.01,SA(0.8),-2.2818885774516344,0.6767831015436715,0.274,0.6188371082401827
ILA036,86.82049562802443,181.0,SA(0.8),-1.891951622033526,0.6243372486084744,0.274,0.5609999999999999
ILA037,80.78973050748425,210.17,SA(0.8),-1.9376009486395,0.6243372486084744,0.274,0.5609999999999999
ILA039,82.8521449790845,227.18,SA(0.8),-2.0125196134253542,0.6262352948340364,0.274,0.5631115737541473
ILA041,84.73034922213995,196.88,SA(0.8),-1.9305037408212031,0.6243372486084744,0.274,0.5609999999999999
ILA042,82.3771642362468,209.36,SA(0.8),-1.950491725816168,0.6243372486084744,0.274,0.5609999999999999
ILA043,73.59360548094307,573.04,SA(0.8),-2.6869157058092554,0.6815071533006826,0.274,0.624
ILA044,77.06965074914221,158.13,SA(0.8),-1.7181347490861731,0.6243372486084744,0.274,0.5609999999999999
ILA046,76.13596032679268,396.93,SA(0.8),-2.378644811408416,0.6815071533006826,0.274,0.624
ILA048,85.75930654633606,199.59,SA(0.8),-1.949465043560681,0.6243372486084744,0.274,0.5609999999999999
ILA049,84.760058063251,190.0,SA(0.8),-1.9064778010052268,0.6243372486084744,0.274,0.5609999999999999
ILA050,62.873379868223246,621.06,SA(0.8),-2.6151115399923492,0.6815071533006826,0.274,0.624
ILA051,75.56089930762045,520.64,SA(0.8),-2.6201037246780396,0.6815071533006826,0.274,0.624
ILA052,81.78471706968831,612.47,SA(0.8),-2.8546173274746116,0.6815071533006826,0.274,0.624
ILA054,113.35010901766988,677.3,SA(0.8),-3.2845912898262335,0.6849113693763665,0.274,0.6277161650786202
ILA055,87.12024211451396,266.77,SA(0.8),-2.1748475723273493,0.658049022120514,0.274,0.5982913299670694
ILA056,88.90801796032743,223.71,SA(0.8),-2.0600835574240204,0.6243372486084744,0.274,0.5609999999999999
ILA059,83.0273848736504,236.84,SA(0.8),-2.044239430479191,0.6344479166811745,0.274,0.572230861611887
ILA061,75.00437617019124,497.73,SA(0.8),-2.5704150333382274,0.6815071533006826,0.274,0.624
ILA062,69.48117755891323,447.51,SA(0.8),-2.3997151051168064,0.6815071533006826,0.274,0.624
ILA063,56.835893761279905,996.51,SA(0.8),-2.996936283869316,0.6815071533006826,0.274,0.624
ILA064,68.55136664578527,488.61,SA(0.8),-2.4676137520377,0.6815071533006826,0.274,0.624
ILA066,66.49258937947188,481.17,SA(0.8),-2.424717990374849,0.6815071533006826,0.274,0.624
ILA067,32.41826640052877,665.2,SA(0.8),-2.07953803402847,0.6815071533006826,0.274,0.624
KAU001,43.56273242838097,573.04,SA(0.8),-2.199042044661328,0.6815071533006826,0.274,0.624
KAU003,114.10838110057877,913.77,SA(0.8),-3.595892311740426,0.6855900633813142,0.274,0.6284566293764386
KAU006,113.9931054858574,218.49,SA(0.8),-2.2561670305056363,0.6282437954547793,0.274,0.5653443786997678
KAU007,106.54348341055326,290.86,SA(0.8),-2.4284998370152553,0.6753086996602798,0.274,0.6172243026946185
KAU008,107.63866034807238,285.94,SA(0.8),-2.4237704053739764,0.6718957390934759,0.274,0.6134882918295738
KAU010,98.9310789023779,215.36,SA(0.8),-2.121829378741532,0.6243372486084744,0.274,0.5609999999999999
KAU011,102.67230838982609,155.32,SA(0.8),-1.9117769238721758,0.6243372486084744,0.274,0.5609999999999999
KAU012,85.00932588862896,516.18,SA(0.8),-2.7262030644133133,0.6815071533006826,0.274,0.624
KAU015,107.15014713693338,233.21,SA(0.8),-2.2529685527763568,0.6313988731300834,0.274,0.5688484305945997
KAU018,77.3976499709515,538.69,SA(0.8),-2.675866989013779,0.6815071533006826,0.274,0.624
KAU020,72.82165436342768,373.33,SA(0.8),-2.2843910843275728,0.6815071533006826,0.274,0.624
KAU022,97.4169060097908,217.05,SA(0.8),-2.1146332630979527,0.6243372486084744,0.274,0.5609999999999999
KAU030,100.6366187600612,259.36,SA(0.8),-2.2814217561123797,0.6524453286456343,0.274,0.5921223749120699
KAU032,111.57284399475729,194.13,SA(0.8),-2.1446107010917546,0.6260999418478105,0.274,0.5629610441068118
KAU033,119.83228347776871,182.93,SA(0.8),-2.158940238401856,0.63324088088359,0.274,0.5708922956409772
KAU034,107.18385021081565,1010.4,SA(0.8),-3.633507625742758,0.6815071533006826,0.274,0.624
KAU037,135.3796060856888,283.21,SA(0.8),-2.6379869035078576,0.691434837594306,0.274,0.6348276416784829
KAU038,142.14272144550424,667.59,SA(0.8),-3.5114349785291967,0.7080215793344234,0.274,0.6528541619712716
KAU039,151.63665860072828,464.82,SA(0.8),-3.221820252289108,0.7146480122594213,0.274,0.6600346819875013
KAU040,140.34113735741815,567.64,SA(0.8),-3.3348675097721836,0.7067155727422394,0.274,0.6514375647415426
KAU042,159.2060960059972,806.48,SA(0.8),-3.828999607300859,0.719647466793296,0.274,0.6654445705406336
KAU043,171.22323673314898,538.49,SA(0.8),-3.503278968473032,0.7271268196067956,0.274,0.6735261032740256
KAU044,120.45367346364368,221.24,SA(0.8),-2.3158295056440776,0.6337587768581973,0.274,0.5714666982815344
KAU046,161.91718007019477,204.23,SA(0.8),-2.5278441615668505,0.663534818706117,0.274,0.6043198289278282
KAU047,53.8243490270436,573.04,SA(0.8),-2.3919864786301632,0.6815071533006826,0.274,0.624
KAU048,92.0610507119136,295.66,SA(0.8),-2.3062126819603614,0.6785864289226758,0.274,0.6208087801553951
KAU050,36.30659128926287,665.2,SA(0.8),-2.1793994204836906,0.6815071533006826,0.274,0.624
KAU051,123.98128979998971,1004.58,SA(0.8),-3.780054991969766,0.6940476450572217,0.274,0.6376724344124303
KAU052,168.15442260432175,573.04,SA(0.8),-3.5449903973693946,0.7252667429485283,0.274,0.6715175711976319
KAU054,28.06783316360731,497.22,SA(0.8),-1.6859387987622245,0.6815071533006826,0.274,0.624
KAU057,113.18799613141104,535.13,SA(0.8),-3.048917719053107,0.6847656973761167,0.274,0.6275572167563683
KAU058,108.40705481784066,229.66,SA(0.8),-2.251173191017669,0.6283741499864245,0.274,0.5654892327632433
KAU062,112.87287787990353,246.84,SA(0.8),-2.345928986749906,0.6455673052222967,0.274,0.5845349823338017
KAU063,93.6060399190571,227.24,SA(0.8),-2.1151603362642337,0.6262872959595148,0.274,0.5631694035370538
KAU064,101.90256344344134,244.84,SA(0.8),-2.2467607184782086,0.6410171348129291,0.274,0.579505795591189
KAU066,99.84476325858162,214.97,SA(0.8),-2.1282712777600725,0.6243372486084744,0.274,0.5609999999999999
KAU069,68.38649123490784,500.15,SA(0.8),-2.4871010791275814,0.6815071533006826,0.274,0.624
KAU073,109.35172575598243,216.33,SA(0.8),-2.211614513844192,0.6243372486084744,0.274,0.5609999999999999
KAU074,104.18030948121277,228.34,SA(0.8),-2.2114611949338188,0.6272384043141219,0.274,0.5642269187539051
KAU075,115.35762848826717,196.3,SA(0.8),-2.1817973282787197,0.6294332467880939,0.274,0.5666658734758971
KAU077,80.96445465556717,665.2,SA(0.8),-2.9265596912797602,0.6815071533006826,0.274,0.624
KAU078,87.22190963332963,531.85,SA(0.8),-2.7801903273293695,0.6815071533006826,0.274,0.624
KAU081,161.49112221532047,295.0,SA(0.8),-2.856880317129299,0.7177079508915019,0.274,0.66334659324736
KAU082,169.01260850918658,573.04,SA(0.8),-3.550775565813336,0.7257902258533858,0.274,0.6720829204378793
KAU083,109.69785905793941,202.14,SA(0.8),-2.161451866027808,0.6244081025896584,0.274,0.5610788523724783
KAU085,87.88866850577266,260.75,SA(0.8),-2.1649784039589557,0.6535078099578336,0.274,0.5932928936671027
KAU086,97.20452708079277,216.8,SA(0.8),-2.111918349618696,0.6243372486084744,0.274,0.5609999999999999
KAU087,112.30367162788814,276.11,SA(0.8),-2.434350276788466,0.6673564902687328,0.274,0.6085135044547502
KAU088,109.55444596649576,227.46,SA(0.8),-2.2528946479642253,0.6264778580862993,0.274,0.5633813155158744
NCU,80.12485352707097,466.16,SA(0.8),-2.572520085748213,0.6815071533006826,0.274,0.624
NSK,54.44362818084044,665.2,SA(0.8),-2.547532618599801,0.6815071533006826,0.274,0.624
NST,37.69344643353157,491.08,SA(0.8),-1.9289816250610934,0.6815071533006826,0.274,0.624
NSY,13.266132208120403,599.64,SA(0.8),-1.2535334579371733,0.6815071533006826,0.274,0.624
PNG,110.99680090093074,465.86,SA(0.8),-2.8944860488949007,0.6827765863159757,0.274,0.6253861741526566
SGL,92.0610507119136,295.66,SA(0.8),-2.3062126819603614,0.6785864289226758,0.274,0.6208087801553951
SSD,83.90579878637689,535.13,SA(0.8),-2.7480545368361233,0.6815071533006826,0.274,0.624
STY,36.30659128926287,665.2,SA(0.8),-2.1793994204836906,0.6815071533006826,0.274,0.624
TAI1,77.88051206740859,160.67,SA(0.8),-1.7352363570733436,0.6243372486084744,0.274,0.5609999999999999
TAP,97.57479476913649,235.82,SA(0.8),-2.179149609524617,0.6335955665130876,0.274,0.5712856920184859
TAP003,100.68408621704089,212.39,SA(0.8),-2.126242247187835,0.6243372486084744,0.274,0.5609999999999999
TAP005,104.72671936962091,179.84,SA(0.8),-2.034264323899844,0.6243372486084744,0.274,0.5609999999999999
TAP006,103.44244641268561,184.77,SA(0.8),-2.044350969828339,0.6243372486084744,0.274,0.5609999999999999
TAP007,101.43266755568051,207.39,SA(0.8),-2.1144982582966536,0.6243372486084744,0.274,0.5609999999999999
TAP008,102.106935450927,194.14,SA(0.8),-2.0705041836194655,0.6243372486084744,0.274,0.5609999999999999
TAP010,99.18240466204462,226.38,SA(0.8),-2.16194848093125,0.6255407292609341,0.274,0.5623390471630982
TAP012,99.38192577501383,207.99,SA(0.8),-2.0994842485712493,0.6243372486084744,0.274,0.5609999999999999
TAP013,100.10685750816579,205.11,SA(0.8),-2.0951318238625882,0.6243372486084744,0.274,0.5609999999999999
TAP014,100.88062892041134,188.98,SA(0.8),-2.040644124350684,0.6243372486084744,0.274,0.5609999999999999
TAP017,97.06284759654471,217.83,SA(0.8),-2.114242390760799,0.6243372486084744,0.274,0.5609999999999999
TAP020,98.24321010771999,218.5,SA(0.8),-2.1268281373214055,0.6243372486084744,0.274,0.5609999999999999
TAP021,98.78987370675111,167.18,SA(0.8),-1.9352606844909799,0.6243372486084744,0.274,0.5609999999999999
TAP024,94.16513508407085,194.98,SA(0.8),-2.007674412883973,0.6243372486084744,0.274,0.5609999999999999
TAP026,95.11515375612561,194.28,SA(0.8),-2.0131762122222145,0.6243372486084744,0.274,0.5609999999999999
TAP028,93.9908923717751,287.94,SA(0.8),-2.3036519112477873,0.6732897380747928,0.274,0.6150146920170468
TAP032,92.43134740325831,308.88,SA(0.8),-2.3459281690898752,0.6815071533006826,0.274,0.624
TAP034,89.83433004146535,538.69,SA(0.8),-2.8217016881250654,0.6815071533006826,0.274,0.624
TAP035,86.90121805752756,438.13,SA(0.8),-2.593533740683319,0.6815071533006826,0.274,0.624
TAP036,85.37932726460579,671.52,SA(0.8),-2.9883572847516184,0.6815071533006826,0.274,0.624
TAP041,110.1973331135058,363.56,SA(0.8),-2.6562332313689225,0.6820413387947496,0.274,0.6245833713964328
TAP042,104.9552728107,375.85,SA(0.8),-2.6381246116986503,0.6815071533006826,0.274,0.624
TAP043,89.4118520729743,388.16,SA(0.8),-2.5112319460486545,0.6815071533006826,0.274,0.624
TAP046,115.78653715062438,816.9,SA(0.8),-3.496753182096055,0.6870766504915039,0.274,0.6300780298110895
TAP047,83.57706282792414,403.2,SA(0.8),-2.4806194775865933,0.6815071533006826,0.274,0.624
TAP049,106.91325241516951,573.04,SA(0.8),-3.057541359305827,0.6815071533006826,0.274,0.624
TAP051,101.9565712601721,403.17,SA(0.8),-2.673466236732744,0.6815071533006826,0.274,0.624
TAP052,98.45159727452007,433.88,SA(0.8),-2.70673794827006,0.6815071533006826,0.274,0.624
TAP053,89.58804931467594,538.69,SA(0.8),-2.8189827717229208,0.6815071533006826,0.274,0.624
TAP059,116.80550462432304,456.18,SA(0.8),-2.926667478238996,0.6879691135646112,0.274,0.6310511082462948
TAP060,118.66399781657233,631.27,SA(0.8),-3.261918547253542,0.6895775576788877,0.274,0.6328042414952508
TAP065,119.99410946299658,1023.45,SA(0.8),-3.7644411993859896,0.6907137431081797,0.274,0.6340421712461344
TAP066,113.4447433714641,662.78,SA(0.8),-3.263697484169646,0.6849963127138149,0.274,0.6278088470478275
TAP067,94.52727846597533,807.68,SA(0.8),-3.2766041138008815,0.6815071533006826,0.274,0.624
TAP069,121.00337555659135,671.52,SA(0.8),-3.3444759640181103,0.6915677186373601,0.274,0.6349723690533966
TAP072,98.93978998677024,671.52,SA(0.8),-3.1361724378127995,0.6815071533006826,0.274,0.624
TAP075,106.57618482473356,856.38,SA(0.8),-3.4587803890944713,0.6815071533006826,0.274,0.624
TAP077,116.41922097699462,1022.77,SA(0.8),-3.7319394840137843,0.6876316808142958,0.274,0.6306832235437166
TAP078,117.39734495900295,671.52,SA(0.8),-3.3126474526571545,0.6884840090862109,0.274,0.6316124054888581
TAP079,116.753401395702,631.27,SA(0.8),-3.2449089983698833,0.687923662851876,0.274,0.6310015577726742
TAP081,121.29971223615415,671.52,SA(0.8),-3.3470578564638847,0.6918171442051132,0.274,0.6352440169069823
TAP083,120.4030055039095,435.22,SA(0.8),-2.9130444961956545,0.6910605630575396,0.274,0.6344199727415615
TAP084,121.36524046357977,224.22,SA(0.8),-2.333652428942097,0.6345138800752367,0.274,0.5723039961490151
TAP086,91.22887499302155,887.68,SA(0.8),-3.3372849324678246,0.6815071533006826,0.274,0.624
TAP087,101.35539844310355,573.04,SA(0.8),-3.003092278974749,0.6815071533006826,0.274,0.624
TAP090,102.87317683111068,324.38,SA(0.8),-2.488291962663142,0.6815071533006826,0.274,0.624
TAP094,107.25914541313247,416.34,SA(0.8),-2.7536819349194444,0.6815071533006826,0.274,0.624
TAP095,107.12641066652922,206.24,SA(0.8),-2.15665862188967,0.6243372486084744,0.274,0.5609999999999999
TAP097,96.51825643410405,237.23,SA(0.8),-2.174247727826374,0.63477291474008,0.274,0.5725911746504804
TAP098,105.37088822706724,538.69,SA(0.8),-2.9819632446055264,0.6815071533006826,0.274,0.624
TAP100,97.58816975352646,236.32,SA(0.8),-2.180902176086394,0.6340138120190055,0.274,0.571749520184207
TAP103,113.41800752596221,429.49,SA(0.8),-2.8392350665054185,0.684972321728794,0.274,0.6277826706229906
TAW,121.70169460957298,481.92,SA(0.8),-3.0221030834214853,0.6921545458324156,0.274,0.6356114499570296
TCU,5.925686184729008,472.81,SA(0.8),-0.5748749542298983,0.6815071533006826,0.274,0.624
TCU003,85.87715173895934,517.33,SA(0.8),-2.7382888040796995,0.6815071533006826,0.274,0.624
TCU006,72.13607981372333,607.4,SA(0.8),-2.7244429651760202,0.6815071533006826,0.274,0.624
TCU007,88.25765016718297,463.88,SA(0.8),-2.6616709855018392,0.6815071533006826,0.274,0.624
TCU008,84.7584785592634,441.58,SA(0.8),-2.5766023327120777,0.6815071533006826,0.274,0.624
TCU009,81.06016716272919,460.1,SA(0.8),-2.57154120155672,0.6815071533006826,0.274,0.624
TCU010,81.66395774542653,446.15,SA(0.8),-2.550246174660363,0.6815071533006826,0.274,0.624
TCU011,75.01788257873356,471.07,SA(0.8),-2.51917941302203,0.6815071533006826,0.274,0.624
TCU014,93.13780925514129,496.47,SA(0.8),-2.778932321615907,0.6815071533006826,0.274,0.624
TCU015,49.226738245658176,426.0,SA(0.8),-2.0418581491479006,0.6815071533006826,0.274,0.624
TCU017,53.6114321384972,558.76,SA(0.8),-2.364289871030742,0.6815071533006826,0.274,0.624
TCU018,65.56957606032032,573.04,SA(0.8),-2.5766331058210006,0.6815071533006826,0.274,0.624
TCU025,54.234234021714876,665.2,SA(0.8),-2.5439478996234115,0.6815071533006826,0.274,0.624
TCU026,55.62700868478751,569.98,SA(0.8),-2.4173586467879966,0.6815071533006826,0.274,0.624
TCU029,27.888704202439943,406.53,SA(0.8),-1.5174047092659728,0.6815071533006826,0.274,0.624
TCU031,30.150489096699733,489.22,SA(0.8),-1.7326987808439678,0.6815071533006826,0.274,0.624
TCU033,40.407957354293515,423.4,SA(0.8),-1.8632261922490052,0.6815071533006826,0.274,0.624
TCU034,35.21032855799544,393.77,SA(0.8),-1.6877439364249573,0.6815071533006826,0.274,0.624
TCU036,19.69497692844362,478.07,SA(0.8),-1.3616347443652888,0.6815071533006826,0.274,0.624
TCU038,25.337701564906876,297.86,SA(0.8),-1.2435474123565862,0.6800719954673737,0.274,0.6224322605866245
TCU039,19.70361874696014,540.66,SA(0.8),-1.4664529285507923,0.6815071533006826,0.274,0.624
TCU040,22.119793842654797,362.03,SA(0.8),-1.2510887604515055,0.6815071533006826,0.274,0.624
TCU042,25.981864142619745,578.98,SA(0.8),-1.7569745581087595,0.6815071533006826,0.274,0.624
TCU045,25.36660567229542,704.64,SA(0.8),-1.924068248736318,0.6815071533006826,0.274,0.624
TCU046,16.246784143589178,465.55,SA(0.8),-1.1904192693440445,0.6815071533006826,0.274,0.624
TCU047,34.3572926348812,520.37,SA(0.8),-1.8996571899857235,0.6815071533006826,0.274,0.624
TCU048,14.285234596515949,551.21,SA(0.8),-1.2331997433694533,0.6815071533006826,0.274,0.624
TCU049,4.526216687379779,487.27,SA(0.8),-0.4934510781892648,0.6815071533006826,0.274,0.624
TCU050,10.250155362613157,542.41,SA(0.8),-0.9854729065634326,0.6815071533006826,0.274,0.624
TCU051,8.397313881220667,350.06,SA(0.8),-0.5733635433402341,0.6815071533006826,0.274,0.624
TCU052,0.0,579.1,SA(0.8),-0.41958113641796424,0.6815071533006826,0.274,0.624
TCU053,6.715593029398085,454.55,SA(0.8),-0.6053320563768754,0.6815071533006826,0.274,0.624
TCU054,6.044907731784745,460.69,SA(0.8),-0.5654416488735082,0.6815071533006826,0.274,0.624
TCU055,7.10204372503239,359.13,SA(0.8),-0.4981251731045937,0.6815071533006826,0.274,0.624
TCU056,11.23595041250864,403.2,SA(0.8),-0.8255371940804103,0.6815071533006826,0.274,0.624
TCU057,12.582859253355823,555.23,SA(0.8),-1.1466048330323968,0.6815071533006826,0.274,0.624
TCU059,17.768696653120717,272.67,SA(0.8),-0.9490534520653562,0.6624075291561403,0.274,0.6030818639975363
TCU060,9.270501399529332,375.42,SA(0.8),-0.6637857129029688,0.6815071533006826,0.274,0.624
TCU061,17.663329909143975,379.64,SA(0.8),-1.1089531844911216,0.6815071533006826,0.274,0.624
TCU063,10.251512284681757,476.14,SA(0.8),-0.8807817419116619,0.6815071533006826,0.274,0.624
TCU064,17.05105449248675,645.72,SA(0.8),-1.5137282470313544,0.6815071533006826,0.274,0.624
TCU065,1.288045085418703,305.85,SA(0.8),-0.10913785663872644,0.6815071533006826,0.274,0.624
TCU067,1.288712791017711,433.63,SA(0.8),-0.23305300519798489,0.6815071533006826,0.274,0.624
TCU068,0.0,487.34,SA(0.8),-0.2865204717702759,0.6815071533006826,0.274,0.624
TCU070,19.75113627608807,401.26,SA(0.8),-1.2313145397784144,0.6815071533006826,0.274,0.624
TCU071,0.0,624.85,SA(0.8),-0.4852241431240576,0.6815071533006826,0.274,0.624
TCU072,0.0,468.14,SA(0.8),-0.25938568798938894,0.6815071533006826,0.274,0.624
TCU074,0.0,549.43,SA(0.8),-0.3764484577629009,0.6815071533006826,0.274,0.624
TCU075,1.6063613522010625,573.02,SA(0.8),-0.44378796272020127,0.6815071533006826,0.274,0.624
TCU076,3.5054162229935133,614.98,SA(0.8),-0.6104167603160093,0.6815071533006826,0.274,0.624
TCU078,0.0,443.04,SA(0.8),-0.22494352265828665,0.6815071533006826,0.274,0.624
TCU079,0.0,363.99,SA(0.8),-0.13140435975927622,0.6815071533006826,0.274,0.624
TCU081,54.870046821119146,430.47,SA(0.8),-2.1481159881287106,0.6815071533006826,0.274,0.624
TCU082,5.925686184729008,472.81,SA(0.8),-0.5748749542298983,0.6815071533006826,0.274,0.624
TCU083,79.97899565103198,354.63,SA(0.8),-2.3274577903796905,0.6815071533006826,0.274,0.624
TCU084,0.0,665.2,SA(0.8),-0.5417007954839586,0.6815071533006826,0.274,0.624
TCU085,54.44362818084044,999.66,SA(0.8),-2.9599299358108504,0.6815071533006826,0.274,0.624
TCU087,7.054896464891636,538.69,SA(0.8),-0.7590519139903549,0.6815071533006826,0.274,0.624
TCU088,3.997697831489502,665.2,SA(0.8),-0.716031296707216,0.6815071533006826,0.274,0.624
TCU089,0.0,671.52,SA(0.8),-0.5504011852717037,0.6815071533006826,0.274,0.624
TCU092,88.45294085502088,422.28,SA(0.8),-2.576878831739533,0.6815071533006826,0.274,0.624
TCU094,53.92101623044264,589.85,SA(0.8),-2.4213796157391765,0.6815071533006826,0.274,0.624
TCU095,44.56466924675996,446.63,SA(0.8),-1.9938961138394302,0.6815071533006826,0.274,0.624
TCU096,53.85469792017198,454.58,SA(0.8),-2.178869106135809,0.6815071533006826,0.274,0.624
TCU098,47.1372515839405,346.56,SA(0.8),-1.8395232336079124,0.6815071533006826,0.274,0.624
TCU100,12.131987127300425,535.13,SA(0.8),-1.0889591894491846,0.6815071533006826,0.274,0.624
TCU101,2.7227148767639835,389.41,SA(0.8),-0.240789660794122,0.6815071533006826,0.274,0.624
TCU102,1.9561078435847996,714.27,SA(0.8),-0.6568643988834577,0.6815071533006826,0.274,0.624
TCU103,6.53081647788816,494.1,SA(0.8),-0.6520260740257163,0.6815071533006826,0.274,0.624
TCU104,13.594790434615204,410.45,SA(0.8),-0.9677693332065274,0.6815071533006826,0.274,0.624
TCU105,17.906371449005963,575.54,SA(0.8),-1.4458308018600818,0.6815071533006826,0.274,0.624
TCU106,15.667606274650094,451.37,SA(0.8),-1.1392062986091964,0.6815071533006826,0.274,0.624
TCU107,16.69303155356926,409.0,SA(0.8),-1.1157460671277297,0.6815071533006826,0.274,0.624
TCU109,13.733866280340548,535.13,SA(0.8),-1.1784161431619697,0.6815071533006826,0.274,0.624
TCU110,12.33231611318905,212.72,SA(0.8),-0.6734731290856475,0.6243372486084744,0.274,0.5609999999999999
TCU111,22.748356973666922,237.53,SA(0.8),-1.0713455249051944,0.6350225757644266,0.274,0.572867935680194
TCU112,28.176599312968115,190.54,SA(0.8),-1.1464978765697773,0.6243372486084744,0.274,0.5609999999999999
TCU113,31.861769932340707,230.3,SA(0.8),-1.2937638587677573,0.6289226396136023,0.274,0.5660986544927845
TCU115,22.514549191288978,215.34,SA(0.8),-1.0359563869140078,0.6243372486084744,0.274,0.5609999999999999
TCU116,13.140173923202289,493.09,SA(0.8),-1.0783825368638351,0.6815071533006826,0.274,0.624
TCU117,26.01588554922865,198.58,SA(0.8),-1.1073532836886695,0.6243372486084744,0.274,0.5609999999999999
TCU118,27.518780758804855,236.19,SA(0.8),-1.200679724817894,0.6339051472787823,0.274,0.5716290193355605
TCU119,38.703481646934264,221.7,SA(0.8),-1.415511381468519,0.6243372486084744,0.274,0.5609999999999999
TCU120,8.108276773791475,459.34,SA(0.8),-0.7119145806418452,0.6815071533006826,0.274,0.624
TCU122,10.095651275407166,475.46,SA(0.8),-0.8698019567982647,0.6815071533006826,0.274,0.624
TCU123,15.613652840248543,270.22,SA(0.8),-0.8590991249786102,0.6606084767038094,0.274,0.6011052815380409
TCU128,13.266132208120403,599.64,SA(0.8),-1.2535334579371733,0.6815071533006826,0.274,0.624
TCU129,2.5928427595425005,511.18,SA(0.8),-0.4009947542291344,0.6815071533006826,0.274,0.624
TCU136,8.865586783874127,462.1,SA(0.8),-0.7680718552105632,0.6815071533006826,0.274,0.624
TCU138,10.622750936043827,652.85,SA(0.8),-1.175300924408032,0.6815071533006826,0.274,0.624
TCU140,33.69322383417364,223.6,SA(0.8),-1.320955014703099,0.6243372486084744,0.274,0.5609999999999999
TCU141,24.94025634288036,223.04,SA(0.8),-1.113390247838597,0.6243372486084744,0.274,0.5609999999999999
TCU145,36.03324541347518,240.43,SA(0.8),-1.401510278886836,0.6374209760345857,0.274,0.5755254127220482
TCU147,71.69733969170538,537.92,SA(0.8),-2.6009241824339053,0.6815071533006826,0.274,0.624
TTN,80.89836518095754,298.72,SA(0.8),-2.197394076356099,0.6806499061663662,0.274,0.6230636362076374
TTN001,52.32871415831085,484.6,SA(0.8),-2.2099501394813528,0.6815071533006826,0.274,0.624
TTN002,65.48374155510382,667.36,SA(0.8),-2.7245570950159794,0.6815071533006826,0.274,0.624
TTN003,93.04588279899522,506.64,SA(0.8),-2.7973761124074468,0.6815071533006826,0.274,0.624
TTN004,63.800897195982024,463.59,SA(0.8),-2.3520711913691628,0.6815071533006826,0.274,0.624
TTN005,80.42174430564141,407.59,SA(0.8),-2.4536972455050052,0.6815071533006826,0.274,0.624
TTN006,78.75895289383541,283.21,SA(0.8),-2.1320803272134157,0.6699780537882174,0.274,0.6113874324500361
TTN007,79.64699872902655,282.7,SA(0.8),-2.140555085958477,0.6696178791395088,0.274,0.6109927201393596
TTN008,80.39083510685596,292.61,SA(0.8),-2.1755138420874003,0.6765095674070368,0.274,0.6185379493557821
TTN009,81.38728178307964,313.96,SA(0.8),-2.2426366368768442,0.6815071533006826,0.274,0.624
TTN010,81.51829704872269,311.34,SA(0.8),-2.237325208422536,0.6815071533006826,0.274,0.624
TTN012,79.21152525532221,288.3,SA(0.8),-2.150856129197038,0.6735396899453772,0.274,0.6152883177273194
TTN013,78.8943211567126,297.76,SA(0.8),-2.1724572178583763,0.6800046944675749,0.274,0.6223587265379509
TTN014,59.860496924556905,533.97,SA(0.8),-2.4235723491518226,0.6815071533006826,0.274,0.624
TTN015,80.89836518095754,487.91,SA(0.8),-2.624459439182485,0.6815071533006826,0.274,0.624
TTN016,121.70169460957298,826.15,SA(0.8),-3.560720120469867,0.6921545458324156,0.274,0.6356114499570296
TTN018,71.80853811897417,573.04,SA(0.8),-2.663307887497922,0.6815071533006826,0.274,0.624
TTN020,46.28877454659275,453.71,SA(0.8),-2.041149220679812,0.6815071533006826,0.274,0.624
TTN022,49.185819921013895,398.81,SA(0.8),-1.986159507444,0.6815071533006826,0.274,0.624
TTN023,50.33727239662484,527.54,SA(0.8),-2.2524821974330584,0.6815071533006826,0.274,0.624
TTN024,56.57309029774128,671.52,SA(0.8),-2.592655023271654,0.6815071533006826,0.274,0.624
TTN025,62.74114520985054,704.96,SA(0.8),-2.7383636837444523,0.6815071533006826,0.274,0.624
TTN026,67.49118772791799,573.04,SA(0.8),-2.6040594335294505,0.6815071533006826,0.274,0.624
TTN027,73.52976366515371,428.95,SA(0.8),-2.4147530421170744,0.6815071533006826,0.274,0.624
TTN028,76.01025211793088,616.17,SA(0.8),-2.7890903541048075,0.6815071533006826,0.274,0.624
TTN031,51.99314115375424,510.62,SA(0.8),-2.2518440980683327,0.6815071533006826,0.274,0.624
TTN032,53.710344896261404,734.26,SA(0.8),-2.632959331641961,0.6815071533006826,0.274,0.624
TTN033,55.55183906772911,670.8,SA(0.8),-2.5745796314787452,0.6815071533006826,0.274,0.624
TTN036,77.42687254231797,538.69,SA(0.8),-2.6762321263297846,0.6815071533006826,0.274,0.624
TTN040,43.69119446366562,728.01,SA(0.8),-2.434578834595059,0.6815071533006826,0.274,0.624
TTN041,40.552465197967734,418.24,SA(0.8),-1.8562873154537485,0.6815071533006826,0.274,0.624
TTN042,61.854091343505935,845.34,SA(0.8),-2.9087482861125555,0.6815071533006826,0.274,0.624
TTN044,55.35974910869786,419.63,SA(0.8),-2.134188510415878,0.6815071533006826,0.274,0.624
TTN045,57.72674042183177,539.98,SA(0.8),-2.4003611860195577,0.6815071533006826,0.274,0.624
TTN046,62.61498206065394,528.12,SA(0.8),-2.455235315737695,0.6815071533006826,0.274,0.624
TTN047,71.2651253374662,573.04,SA(0.8),-2.6560214511608593,0.6815071533006826,0.274,0.624
TTN048,77.23093425350275,373.54,SA(0.8),-2.339278767019165,0.6815071533006826,0.274,0.624
TTN050,87.16780012668326,573.04,SA(0.8),-2.8520668761613983,0.6815071533006826,0.274,0.624
TTN051,30.788780146750934,665.2,SA(0.8),-2.0345215357517117,0.6815071533006826,0.274,0.624
WGK,10.377089824587822,258.89,SA(0.8),-0.5995210758729776,0.6520848678362527,0.274,0.5917251683518483
WNT,2.5928427595425005,511.18,SA(0.8),-0.4009947542291344,0.6815071533006826,0.274,0.624
WTC,43.046970143373564,207.69,SA(0.8),-1.4608169413132188,0.6243372486084744,0.274,0.5609999999999999
ALS,1.4161941004474747,553.43,SA(1.0),-0.6020122655039379,0.6924081166479781,0.298,0.625
CHK,59.860496924556905,424.57,SA(1.0),-2.4270531402111315,0.6924081166479781,0.298,0.625
CHY002,25.501325041113866,235.13,SA(1.0),-1.2820540312828967,0.6771579510682538,0.298,0.6080615846235935
CHY004,48.07893833473184,271.3,SA(1.0),-1.863709432965277,0.6861044359966619,0.298,0.6180091399763418
CHY006,10.584628168218677,438.19,SA(1.0),-1.0255805938706208,0.6924081166479781,0.298,0.625
CHY008,41.23915234428305,210.73,SA(1.0),-1.5800506667231442,0.6744101126169446,0.298,0.605
CHY010,20.625677664506007,538.69,SA(1.0),-1.7123524827729322,0.6924081166479781,0.298,0.625
CHY012,59.82694761124689,198.4,SA(1.0),-1.823233263832406,0.6744101126169446,0.298,0.605
CHY014,33.88066065244789,347.63,SA(1.0),-1.7547212307687445,0.6924081166479781,0.298,0.625
CHY015,38.846134725395174,228.66,SA(1.0),-1.5823198308465227,0.6754166200841027,0.298,0.6061217787588837
CHY016,67.39311492490651,200.86,SA(1.0),-1.9235450751764078,0.6744101126169446,0.298,0.605
CHY017,59.79653364012802,190.57,SA(1.0),-1.7962554124380943,0.6744101126169446,0.298,0.605
CHY019,52.664018987304125,497.53,SA(1.0),-2.4597022256014767,0.6924081166479781,0.298,0.625
CHY022,65.23494253909143,564.07,SA(1.0),-2.7825328319113387,0.6924081166479781,0.298,0.625
CHY023,82.48037770558093,279.78,SA(1.0),-2.349300475270896,0.6880324436780837,0.298,0.6201488882144637
CHY024,10.382141776489679,427.73,SA(1.0),-0.9939680816109244,0.6924081166479781,0.298,0.625
CHY025,19.821814137857874,277.5,SA(1.0),-1.1799428574616093,0.68751974681354,0.298,0.6195800208678086
CHY026,30.117763879363363,226.01,SA(1.0),-1.3846733845264971,0.6746894546135094,0.298,0.6053113745558353
CHY027,42.57072697901259,210.01,SA(1.0),-1.6018071303506176,0.6744101126169446,0.298,0.605
CHY028,3.8142382458599347,542.61,SA(1.0),-0.7183691889130803,0.6924081166479781,0.298,0.625
CHY029,11.753982902131465,544.74,SA(1.0),-1.2849554447902367,0.6924081166479781,0.298,0.625
CHY032,36.20970428039942,192.71,SA(1.0),-1.4374779460812674,0.6744101126169446,0.298,0.605
CHY033,44.61021757313737,197.63,SA(1.0),-1.6013550625863346,0.6744101126169446,0.298,0.605
CHY034,15.55529098089055,378.75,SA(1.0),-1.1915144538352025,0.6924081166479781,0.298,0.625
CHY035,13.30281463096492,573.04,SA(1.0),-1.4228403487245838,0.6924081166479781,0.298,0.625
CHY036,16.834009871697,233.14,SA(1.0),-0.9852188695791644,0.6766274048386248,0.298,0.6074706947488515
CHY039,32.68412498523498,201.21,SA(1.0),-1.3860728376870457,0.6744101126169446,0.298,0.605
CHY041,20.07183164813607,492.26,SA(1.0),-1.6068355564573302,0.6924081166479781,0.298,0.625
CHY042,28.16777357328532,665.2,SA(1.0),-2.184906481813538,0.6924081166479781,0.298,0.625
CHY044,55.933003322544856,194.47,SA(1.0),-1.7592651212067767,0.6744101126169446,0.298,0.605
CHY046,24.876384312874173,442.15,SA(1.0),-1.6905799216893103,0.6924081166479781,0.298,0.625
CHY047,24.927795876688105,169.52,SA(1.0),-1.1334826217913505,0.6744101126169446,0.298,0.605
CHY050,45.48094043081733,538.93,SA(1.0),-2.4034049286109163,0.6924081166479781,0.298,0.625
CHY052,40.52523944488567,573.04,SA(1.0),-2.3592262784084554,0.6924081166479781,0.298,0.625
CHY054,49.228155688795745,172.1,SA(1.0),-1.5929246361869465,0.6744101126169446,0.298,0.605
CHY055,55.04100932988003,225.77,SA(1.0),-1.8452172002721845,0.6746231870173428,0.298,0.6052375107851765
CHY057,58.30189007907089,411.46,SA(1.0),-2.374038186223761,0.6924081166479781,0.298,0.625
CHY058,60.47926509005612,269.28,SA(1.0),-2.049782455123546,0.6856364737510666,0.298,0.61748957411263
CHY059,74.0105222831666,191.09,SA(1.0),-1.9609480736718865,0.6744101126169446,0.298,0.605
CHY060,69.53930995385498,228.92,SA(1.0),-2.0434938479060536,0.6754875202429915,0.298,0.6062007835725931
CHY061,59.2181211902229,538.69,SA(1.0),-2.645927272185552,0.6924081166479781,0.298,0.625
CHY062,59.70708366780761,602.63,SA(1.0),-2.7659390543788973,0.6924081166479781,0.298,0.625
CHY063,73.64708029924377,246.88,SA(1.0),-2.1491399320211757,0.6802037834097002,0.298,0.6114517045236446
CHY065,84.65037829276163,250.0,SA(1.0),-2.2784912873623604,0.6809887271567238,0.298,0.6123247884207651
CHY066,90.36922111828896,211.97,SA(1.0),-2.2008267233616348,0.6744101126169446,0.298,0.605
CHY067,84.21459469490114,227.97,SA(1.0),-2.1995683040636878,0.675228079146644,0.298,0.6059116757977737
CHY069,86.69064381036402,224.42,SA(1.0),-2.2115118739736035,0.6744101126169446,0.298,0.605
CHY070,84.43554371983527,265.45,SA(1.0),-2.3258788550124683,0.6847396888050623,0.298,0.6164936669787076
CHY071,79.42270364079795,202.95,SA(1.0),-2.0611791223677907,0.6744101126169446,0.298,0.605
CHY074,1.4161941004474747,553.43,SA(1.0),-0.6020122655039379,0.6924081166479781,0.298,0.625
CHY076,42.877573217177414,169.84,SA(1.0),-1.4904837092387089,0.6744101126169446,0.298,0.605
CHY078,77.88051206740859,160.67,SA(1.0),-1.875630188510072,0.6744101126169446,0.298,0.605
CHY079,50.02855021100604,573.04,SA(1.0),-2.5511905646742044,0.6924081166479781,0.298,0.625
CHY080,0.8203047792534108,496.21,SA(1.0),-0.49277925256911526,0.6924081166479781,0.298,0.625
CHY081,43.161132192340126,573.04,SA(1.0),-2.4162611280714925,0.6924081166479781,0.298,0.625
CHY082,36.690687042494744,193.69,SA(1.0),-1.4493903106518098,0.6744101126169446,0.298,0.605
CHY086,28.265165300477857,665.2,SA(1.0),-2.187923131411751,0.6924081166479781,0.298,0.625
CHY087,29.477616972892374,505.2,SA(1.0),-1.9558167361935939,0.6924081166479781,0.298,0.625
CHY088,38.16580800828477,318.52,SA(1.0),-1.7885044969089763,0.6924081166479781,0.298,0.625
CHY090,59.17740188206011,180.33,SA(1.0),-1.7527833547257168,0.6744101126169446,0.298,0.605
CHY092,23.43718943402428,253.72,SA(1.0),-1.2577679356138574,0.6819121920374509,0.298,0.6133516427379333
CHY093,50.52955404993735,190.49,SA(1.0),-1.6710715053551526,0.6744101126169446,0.298,0.605
CHY094,37.568596955239634,221.92,SA(1.0),-1.5396664063274852,0.6744101126169446,0.298,0.605
CHY096,83.07046778565815,293.61,SA(1.0),-2.3967711516777253,0.6910573355968959,0.298,0.6235032005389233
CHY099,65.94429160338161,228.84,SA(1.0),-1.9998514779222392,0.6754657131983278,0.298,0.6061764839603444
CHY100,54.13764361475702,230.11,SA(1.0),-1.845051068974057,0.6758110232618663,0.298,0.6065612410649487
CHY101,10.377089824587822,258.89,SA(1.0),-0.7140130023987541,0.6831738484420301,0.298,0.6147540216989995
CHY102,36.74554656205193,804.36,SA(1.0),-2.6166072868318433,0.6924081166479781,0.298,0.625
CHY104,18.6621650225021,223.24,SA(1.0),-1.0388392416976742,0.6744101126169446,0.298,0.605
CHY107,51.35844504410688,175.68,SA(1.0),-1.6346472041756828,0.6744101126169446,0.298,0.605
CHY109,43.43968322952119,573.04,SA(1.0),-2.422102137311471,0.6924081166479781,0.298,0.625
CHY110,43.43968322952119,573.04,SA(1.0),-2.422102137311471,0.6924081166479781,0.298,0.625
CHY116,82.01615041444819,195.38,SA(1.0),-2.058238198959258,0.6744101126169446,0.298,0.605
ENA,62.873379868223246,665.2,SA(1.0),-2.9152069269828593,0.6924081166479781,0.298,0.625
ESL,39.13327017283541,493.29,SA(1.0),-2.1828694293934507,0.6924081166479781,0.298,0.625
HEN,161.91718007019477,204.23,SA(1.0),-2.6872511418436513,0.7091051512036358,0.298,0.6434486113618797
HSN,54.870046821119146,321.49,SA(1.0),-2.1060213754398576,0.6924081166479781,0.298,0.625
HWA,51.21900426141601,260.38,SA(1.0),-1.8864229079900983,0.6835328847461791,0.298,0.6151529927826357
HWA002,52.86279146401041,789.18,SA(1.0),-2.9295880289750955,0.6924081166479781,0.298,0.625
HWA003,51.681142290885134,1525.85,SA(1.0),-3.2666984548707507,0.6924081166479781,0.298,0.625
HWA005,44.28231958384142,459.32,SA(1.0),-2.2266966585596037,0.6924081166479781,0.298,0.625
HWA006,45.003181958498374,559.11,SA(1.0),-2.429915816605463,0.6924081166479781,0.298,0.625
HWA007,51.95325392386305,358.72,SA(1.0),-2.1492758859482595,0.6924081166479781,0.298,0.625
HWA009,51.693536462196626,373.23,SA(1.0),-2.178856414469216,0.6924081166479781,0.298,0.625
HWA011,48.624839989886404,355.76,SA(1.0),-2.0839977660705458,0.6924081166479781,0.298,0.625
HWA012,52.325257559135075,414.42,SA(1.0),-2.282535264348172,0.6924081166479781,0.298,0.625
HWA013,49.86104964362179,330.55,SA(1.0),-2.045365205016232,0.6924081166479781,0.298,0.625
HWA014,50.84490694090048,277.28,SA(1.0),-1.9260232848504093,0.6874700581063052,0.298,0.6195248831101837
HWA015,46.42594132137962,453.05,SA(1.0),-2.256432330411412,0.6924081166479781,0.298,0.625
HWA016,47.585145300823704,576.55,SA(1.0),-2.5113063413282766,0.6924081166479781,0.298,0.625
HWA017,46.470164794363036,578.11,SA(1.0),-2.4922998569553707,0.6924081166479781,0.298,0.625
HWA019,51.21900426141601,494.82,SA(1.0),-2.428953373781505,0.6924081166479781,0.298,0.625
HWA020,39.13327017283541,626.43,SA(1.0),-2.416552805815222,0.6924081166479781,0.298,0.625
HWA022,57.87400521195273,567.64,SA(1.0),-2.676630446691277,0.6924081166479781,0.298,0.625
HWA023,46.40755022060307,671.52,SA(1.0),-2.6422343733589386,0.6924081166479781,0.298,0.625
HWA024,37.730568431531545,671.52,SA(1.0),-2.453972190578067,0.6924081166479781,0.298,0.625
HWA025,49.13348906562234,494.32,SA(1.0),-2.390031940451195,0.6924081166479781,0.298,0.625
HWA026,47.22466473181171,457.49,SA(1.0),-2.2808705419178934,0.6924081166479781,0.298,0.625
HWA027,46.98782360511372,437.8,SA(1.0),-2.2356938040722505,0.6924081166479781,0.298,0.625
HWA028,49.35236603416438,406.7,SA(1.0),-2.2130495568984836,0.6924081166479781,0.298,0.625
HWA029,49.89682984159387,614.05,SA(1.0),-2.618090552018983,0.6924081166479781,0.298,0.625
HWA030,41.84995449814051,592.18,SA(1.0),-2.4209343465743407,0.6924081166479781,0.298,0.625
HWA031,46.78495170006793,602.29,SA(1.0),-2.5394428733095724,0.6924081166479781,0.298,0.625
HWA032,42.76449413301876,573.04,SA(1.0),-2.407884524148376,0.6924081166479781,0.298,0.625
HWA033,49.52391460805984,395.57,SA(1.0),-2.1915002046540684,0.6924081166479781,0.298,0.625
HWA034,38.72259961355784,379.18,SA(1.0),-1.938770915659073,0.6924081166479781,0.298,0.625
HWA035,43.48814803424615,677.49,SA(1.0),-2.591789774048638,0.6924081166479781,0.298,0.625
HWA036,38.18727859247192,503.04,SA(1.0),-2.179573502902425,0.6924081166479781,0.298,0.625
HWA037,40.93079012119635,469.64,SA(1.0),-2.1769082624872214,0.6924081166479781,0.298,0.625
HWA038,36.825205396811654,642.73,SA(1.0),-2.3877215789272697,0.6924081166479781,0.298,0.625
HWA039,40.700555517327686,459.67,SA(1.0),-2.152012656364612,0.6924081166479781,0.298,0.625
HWA041,43.12948213944211,484.97,SA(1.0),-2.2538886813465346,0.6924081166479781,0.298,0.625
HWA043,53.91152534737503,543.06,SA(1.0),-2.566799627623118,0.6924081166479781,0.298,0.625
HWA044,55.24919369711087,534.41,SA(1.0),-2.5736221972345286,0.6924081166479781,0.298,0.625
HWA045,59.28500884807053,484.45,SA(1.0),-2.5431418156296473,0.6924081166479781,0.298,0.625
HWA046,47.0109436592865,617.52,SA(1.0),-2.568988412338834,0.6924081166479781,0.298,0.625
HWA048,46.686257749108556,345.89,SA(1.0),-2.0251729640426275,0.6924081166479781,0.298,0.625
HWA049,46.005462055816764,508.61,SA(1.0),-2.3576067059298556,0.6924081166479781,0.298,0.625
HWA050,48.71376858358703,313.9,SA(1.0),-1.9841249649475836,0.6924081166479781,0.298,0.625
HWA051,48.90932890375484,440.5,SA(1.0),-2.277421764189352,0.6924081166479781,0.298,0.625
HWA053,35.85961696778292,843.24,SA(1.0),-2.6442235417625346,0.6924081166479781,0.298,0.625
HWA054,37.40217869643352,452.83,SA(1.0),-2.0633926239052527,0.6924081166479781,0.298,0.625
HWA055,42.55353726386162,369.75,SA(1.0),-1.9996935674479124,0.6924081166479781,0.298,0.625
HWA056,35.11011081738172,511.3,SA(1.0),-2.120420166440355,0.6924081166479781,0.298,0.625
HWA057,45.69143972650157,671.52,SA(1.0),-2.627966940547493,0.6924081166479781,0.298,0.625
HWA058,40.62633470498356,529.54,SA(1.0),-2.2842195149126217,0.6924081166479781,0.298,0.625
HWA059,44.12500056155976,208.56,SA(1.0),-1.6245816748994015,0.6744101126169446,0.298,0.605
HWA060,53.13246936736276,573.04,SA(1.0),-2.606719842032824,0.6924081166479781,0.298,0.625
HWA2,51.21900426141601,260.38,SA(1.0),-1.8864229079900983,0.6835328847461791,0.298,0.6151529927826357
ILA001,100.32579879811699,909.09,SA(1.0),-3.693800589773322,0.6924081166479781,0.298,0.625
ILA002,94.59735635282492,219.78,SA(1.0),-2.2686678430619254,0.6744101126169446,0.298,0.605
ILA003,89.71025798681,263.82,SA(1.0),-2.374260228006687,0.6843541807771439,0.298,0.6160654549211113
ILA004,85.68227612519946,124.27,SA(1.0),-1.758728581277035,0.6744101126169446,0.298,0.605
ILA005,83.93724100214038,239.33,SA(1.0),-2.235729382485404,0.6782634308076702,0.298,0.6092924433890438
ILA006,81.73646560218842,279.41,SA(1.0),-2.3401428105731834,0.6879495215208669,0.298,0.6200568878423895
ILA007,80.69578779842172,496.27,SA(1.0),-2.8570192801184287,0.6924081166479781,0.298,0.625
ILA008,81.47670604637591,299.28,SA(1.0),-2.3958047169291525,0.6922573319647215,0.298,0.6248329486021961
ILA010,76.69526258688926,573.04,SA(1.0),-2.9523141523513066,0.6924081166479781,0.298,0.625
ILA012,84.97633852037546,259.21,SA(1.0),-2.3116837395782888,0.6832511270961921,0.298,0.6148399000375763
ILA013,80.79219336584667,199.48,SA(1.0),-2.0618965756986194,0.6744101126169446,0.298,0.605
ILA014,77.22854612692028,300.77,SA(1.0),-2.3520276319822693,0.6924081166479781,0.298,0.625
ILA015,82.13530668263718,782.59,SA(1.0),-3.339690156859869,0.6924081166479781,0.298,0.625
ILA016,79.00488080472547,271.1,SA(1.0),-2.284985491517333,0.6860582554787352,0.298,0.6179578706599064
ILA021,73.37025333724408,573.04,SA(1.0),-2.9099025860335788,0.6924081166479781,0.298,0.625
ILA024,63.905677437896436,671.52,SA(1.0),-2.94030050245432,0.6924081166479781,0.298,0.625
ILA027,79.85541389401519,215.0,SA(1.0),-2.1094935018151846,0.6744101126169446,0.298,0.605
ILA030,82.3256976649756,200.98,SA(1.0),-2.0827072749442417,0.6744101126169446,0.298,0.605
ILA031,79.91880061031861,649.25,SA(1.0),-3.1194145202337413,0.6924081166479781,0.298,0.625
ILA032,80.85387012515656,295.48,SA(1.0),-2.3779409616142715,0.6914555910949695,0.298,0.6239445764300653
ILA035,90.36427205527093,293.01,SA(1.0),-2.4710758870621983,0.6909290265961482,0.298,0.6233609867429152
ILA036,86.82049562802443,181.0,SA(1.0),-2.0454125678441204,0.6744101126169446,0.298,0.605
ILA037,80.78973050748425,210.17,SA(1.0),-2.101586343367585,0.6744101126169446,0.298,0.605
ILA039,82.8521449790845,227.18,SA(1.0),-2.183071867371033,0.6750115271718181,0.298,0.6056703408743325
ILA041,84.73034922213995,196.88,SA(1.0),-2.090163448505485,0.6744101126169446,0.298,0.605
ILA042,82.3771642362468,209.36,SA(1.0),-2.1145263649350285,0.6744101126169446,0.298,0.605
ILA043,73.59360548094307,573.04,SA(1.0),-2.9128047774553,0.6924081166479781,0.298,0.625
ILA044,77.06965074914221,158.13,SA(1.0),-1.8567662889179575,0.6744101126169446,0.298,0.605
ILA046,76.13596032679268,396.93,SA(1.0),-2.5868075819984293,0.6924081166479781,0.298,0.625
ILA048,85.75930654633606,199.59,SA(1.0),-2.110438178058063,0.6744101126169446,0.298,0.605
ILA049,84.760058063251,190.0,SA(1.0),-2.06329681832449,0.6744101126169446,0.298,0.605
ILA050,62.873379868223246,621.06,SA(1.0),-2.845051346209474,0.6924081166479781,0.298,0.625
ILA051,75.56089930762045,520.64,SA(1.0),-2.841772958020706,0.6924081166479781,0.298,0.625
ILA052,81.78471706968831,612.47,SA(1.0),-3.0819403860814947,0.6924081166479781,0.298,0.625
ILA054,113.35010901766988,677.3,SA(1.0),-3.5083408172630093,0.6924081166479781,0.298,0.625
ILA055,87.12024211451396,266.77,SA(1.0),-2.357679605276247,0.685050185468003,0.298,0.6168385174498633
ILA056,88.90801796032743,223.71,SA(1.0),-2.2303314687019973,0.6744101126169446,0.298,0.605
ILA059,83.0273848736504,236.84,SA(1.0),-2.218014164402341,0.6776103517076543,0.298,0.6085653528926626
ILA061,75.00437617019124,497.73,SA(1.0),-2.79013866725965,0.6924081166479781,0.298,0.625
ILA062,69.48117755891323,447.51,SA(1.0),-2.6146287361788616,0.6924081166479781,0.298,0.625
ILA063,56.835893761279905,996.51,SA(1.0),-3.242188004970812,0.6924081166479781,0.298,0.625
ILA064,68.55136664578527,488.61,SA(1.0),-2.6869485077444435,0.6924081166479781,0.298,0.625
ILA066,66.49258937947188,481.17,SA(1.0),-2.643392312161047,0.6924081166479781,0.298,0.625
ILA067,32.41826640052877,665.2,SA(1.0),-2.3086830515395773,0.6924081166479781,0.298,0.625
KAU001,43.56273242838097,573.04,SA(1.0),-2.4246715549499425,0.6924081166479781,0.298,0.625
KAU003,114.10838110057877,913.77,SA(1.0),-3.8284592114598675,0.6924081166479781,0.298,0.625
KAU006,113.9931054858574,218.49,SA(1.0),-2.4256731904812274,0.6744101126169446,0.298,0.605
KAU007,106.54348341055326,290.86,SA(1.0),-2.6161846637219597,0.6904671303499024,0.298,0.6228489849824186
KAU008,107.63866034807238,285.94,SA(1.0),-2.610332474301943,0.6893974348212218,0.298,0.6216629497871663
KAU010,98.9310789023779,215.36,SA(1.0),-2.290227860885013,0.6744101126169446,0.298,0.605
KAU011,102.67230838982609,155.32,SA(1.0),-2.057163002862027,0.6744101126169446,0.298,0.605
KAU012,85.00932588862896,516.18,SA(1.0),-2.9462544934008172,0.6924081166479781,0.298,0.625
KAU015,107.15014713693338,233.21,SA(1.0),-2.4268856994046,0.6766461422870294,0.298,0.6074915652681269
KAU018,77.3976499709515,538.69,SA(1.0),-2.8987771692297355,0.6924081166479781,0.298,0.625
KAU020,72.82165436342768,373.33,SA(1.0),-2.4890438626876388,0.6924081166479781,0.298,0.625
KAU022,97.4169060097908,217.05,SA(1.0),-2.2834848351525343,0.6744101126169446,0.298,0.605
KAU030,100.6366187600612,259.36,SA(1.0),-2.462426353418593,0.6832873193362264,0.298,0.6148801190197047
KAU032,111.57284399475729,194.13,SA(1.0),-2.3064424506891257,0.6744101126169446,0.298,0.605
KAU033,119.83228347776871,182.93,SA(1.0),-2.3169887830483358,0.6774568795719329,0.298,0.6083944638795955
KAU034,107.18385021081565,1010.4,SA(1.0),-3.870862683222335,0.6924081166479781,0.298,0.625
KAU037,135.3796060856888,283.21,SA(1.0),-2.8196094414642765,0.7047062847919755,0.298,0.6385976415751227
KAU038,142.14272144550424,667.59,SA(1.0),-3.7260088245159686,0.7134912075009874,0.298,0.6482790318845867
KAU039,151.63665860072828,464.82,SA(1.0),-3.4208407106943506,0.7203397777080301,0.298,0.6558089625405057
KAU040,140.34113735741815,567.64,SA(1.0),-3.544661126285627,0.7121417231833987,0.298,0.6467935017442743
KAU042,159.2060960059972,806.48,SA(1.0),-4.043500504143584,0.7255084907848867,0.298,0.6614821011947065
KAU043,171.22323673314898,538.49,SA(1.0),-3.700819559166814,0.7332436380030668,0.298,0.6699568886667056
KAU044,120.45367346364368,221.24,SA(1.0),-2.485745432414361,0.6779978788279813,0.298,0.6089968174754627
KAU046,161.91718007019477,204.23,SA(1.0),-2.6872511418436513,0.7091051512036358,0.298,0.6434486113618797
KAU047,53.8243490270436,573.04,SA(1.0),-2.6186949766766334,0.6924081166479781,0.298,0.625
KAU048,92.0610507119136,295.66,SA(1.0),-2.495933094480278,0.6914937955335334,0.298,0.623986914335046
KAU050,36.30659128926287,665.2,SA(1.0),-2.409773375587802,0.6924081166479781,0.298,0.625
KAU051,123.98128979998971,1004.58,SA(1.0),-4.012510593067318,0.6990574602841063,0.298,0.6323585476443446
KAU052,168.15442260432175,573.04,SA(1.0),-3.7456915554439583,0.7313196634088942,0.298,0.6678506195913112
KAU054,28.06783316360731,497.22,SA(1.0),-1.8985991713797779,0.6924081166479781,0.298,0.625
KAU057,113.18799613141104,535.13,SA(1.0),-3.264461843605469,0.6924081166479781,0.298,0.625
KAU058,108.40705481784066,229.66,SA(1.0),-2.424062117012296,0.6756888829218651,0.298,0.6064251532581725
KAU062,112.87287787990353,246.84,SA(1.0),-2.52313358975945,0.6801936571557755,0.298,0.6114404396463721
KAU063,93.6060399190571,227.24,SA(1.0),-2.2870084061605294,0.6750279999711813,0.298,0.6056886995355727
KAU064,101.90256344344134,244.84,SA(1.0),-2.423970407393666,0.6796852870110679,0.298,0.6108748557432346
KAU066,99.84476325858162,214.97,SA(1.0),-2.2965964060972217,0.6744101126169446,0.298,0.605
KAU069,68.38649123490784,500.15,SA(1.0),-2.7075471885472364,0.6924081166479781,0.298,0.625
KAU073,109.35172575598243,216.33,SA(1.0),-2.380586529950861,0.6744101126169446,0.298,0.605
KAU074,104.18030948121277,228.34,SA(1.0),-2.3840276615050655,0.6753292500717964,0.298,0.6060244186520334
KAU075,115.35762848826717,196.3,SA(1.0),-2.3443953998840907,0.6744101126169446,0.298,0.605
KAU077,80.96445465556717,665.2,SA(1.0),-3.1569828960057937,0.6924081166479781,0.298,0.625
KAU078,87.22190963332963,531.85,SA(1.0),-3.0011251356101654,0.6924081166479781,0.298,0.625
KAU081,161.49112221532047,295.0,SA(1.0),-3.0340711962629054,0.7259563747203531,0.298,0.6619733061061585
KAU082,169.01260850918658,573.04,SA(1.0),-3.751170300276158,0.7318611104155641,0.298,0.6684434792401692
KAU083,109.69785905793941,202.14,SA(1.0),-2.3259361565866956,0.6744101126169446,0.298,0.605
KAU085,87.88866850577266,260.75,SA(1.0),-2.346247636695582,0.6836217298021271,0.298,0.6152517122752706
KAU086,97.20452708079277,216.8,SA(1.0),-2.2806733056477455,0.6744101126169446,0.298,0.605
KAU087,112.30367162788814,276.11,SA(1.0),-2.618341146690008,0.687205154425708,0.298,0.6192309135284357
KAU088,109.55444596649576,227.46,SA(1.0),-2.4251288413181546,0.6750883638775119,0.298,0.6057559731796427
NCU,80.12485352707097,466.16,SA(1.0),-2.7886689150202075,0.6924081166479781,0.298,0.625
NSK,54.44362818084044,665.2,SA(1.0),-2.7802395728441254,0.6924081166479781,0.298,0.625
NST,37.69344643353157,491.08,SA(1.0),-2.1452643800749343,0.6924081166479781,0.298,0.625
NSY,13.266132208120403,599.64,SA(1.0),-1.464140242509741,0.6924081166479781,0.298,0.625
PNG,110.99680090093074,465.86,SA(1.0),-3.1050700771365825,0.6924081166479781,0.298,0.625
SGL,92.0610507119136,295.66,SA(1.0),-2.495933094480278,0.6914937955335334,0.298,0.623986914335046
SSD,83.90579878637689,535.13,SA(1.0),-2.9697796701301815,0.6924081166479781,0.298,0.625
STY,36.30659128926287,665.2,SA(1.0),-2.409773375587802,0.6924081166479781,0.298,0.625
TAI1,77.88051206740859,160.67,SA(1.0),-1.875630188510072,0.6744101126169446,0.298,0.605
TAP,97.57479476913649,235.82,SA(1.0),-2.3538040611998854,0.6773408846604704,0.298,0.6082652990534876
TAP003,100.68408621704089,212.39,SA(1.0),-2.293770742541673,0.6744101126169446,0.298,0.605
TAP005,104.72671936962091,179.84,SA(1.0),-2.1904327850564838,0.6744101126169446,0.298,0.605
TAP006,103.44244641268561,184.77,SA(1.0),-2.202295768846312,0.6744101126169446,0.298,0.605
TAP007,101.43266755568051,207.39,SA(1.0),-2.280406675586169,0.6744101126169446,0.298,0.605
TAP008,102.106935450927,194.14,SA(1.0),-2.23182067493903,0.6744101126169446,0.298,0.605
TAP010,99.18240466204462,226.38,SA(1.0),-2.3338385470468372,0.6747914824992683,0.298,0.6054250943374915
TAP012,99.38192577501383,207.99,SA(1.0),-2.2654559273523622,0.6744101126169446,0.298,0.605
TAP013,100.10685750816579,205.11,SA(1.0),-2.2601715190955645,0.6744101126169446,0.298,0.605
TAP014,100.88062892041134,188.98,SA(1.0),-2.1999220502533205,0.6744101126169446,0.298,0.605
TAP017,97.06284759654471,217.83,SA(1.0),-2.283323859021154,0.6744101126169446,0.298,0.605
TAP020,98.24321010771999,218.5,SA(1.0),-2.29620297752494,0.6744101126169446,0.298,0.605
TAP021,98.78987370675111,167.18,SA(1.0),-2.085294199132748,0.6744101126169446,0.298,0.605
TAP024,94.16513508407085,194.98,SA(1.0),-2.168370752472879,0.6744101126169446,0.298,0.605
TAP026,95.11515375612561,194.28,SA(1.0),-2.173743486166532,0.6744101126169446,0.298,0.605
TAP028,93.9908923717751,287.94,SA(1.0),-2.491615459054814,0.6898344281267363,0.298,0.622147521275253
TAP032,92.43134740325831,308.88,SA(1.0),-2.5383811738610556,0.6924081166479781,0.298,0.625
TAP034,89.83433004146535,538.69,SA(1.0),-3.0426944390199213,0.6924081166479781,0.298,0.625
TAP035,86.90121805752756,438.13,SA(1.0),-2.8058816169238003,0.6924081166479781,0.298,0.625
TAP036,85.37932726460579,671.52,SA(1.0),-3.2183366015195127,0.6924081166479781,0.298,0.625
TAP041,110.1973331135058,363.56,SA(1.0),-2.855578753518513,0.6924081166479781,0.298,0.625
TAP042,104.9552728107,375.85,SA(1.0),-2.840083656852489,0.6924081166479781,0.298,0.625
TAP043,89.4118520729743,388.16,SA(1.0),-2.7171117896914407,0.6924081166479781,0.298,0.625
TAP046,115.78653715062438,816.9,SA(1.0),-3.7255991885666577,0.6924081166479781,0.298,0.625
TAP047,83.57706282792414,403.2,SA(1.0),-2.6891252966503054,0.6924081166479781,0.298,0.625
TAP049,106.91325241516951,573.04,SA(1.0),-3.2772028381207616,0.6924081166479781,0.298,0.625
TAP051,101.9565712601721,403.17,SA(1.0),-2.87942255736452,0.6924081166479781,0.298,0.625
TAP052,98.45159727452007,433.88,SA(1.0),-2.9168074850329004,0.6924081166479781,0.298,0.625
TAP053,89.58804931467594,538.69,SA(1.0),-3.040020209759185,0.6924081166479781,0.298,0.625
TAP059,116.80550462432304,456.18,SA(1.0),-3.134973604370927,0.6927827577194253,0.298,0.625415021720243
TAP060,118.66399781657233,631.27,SA(1.0),-3.4818532414980705,0.6944428760784574,0.298,0.6272534640287927
TAP065,119.99410946299658,1023.45,SA(1.0),-3.9986158333642416,0.6956156660139593,0.298,0.6285516325681162
TAP066,113.4447433714641,662.78,SA(1.0),-3.4867071367451272,0.6924081166479781,0.298,0.625
TAP067,94.52727846597533,807.68,SA(1.0),-3.5105521976184875,0.6924081166479781,0.298,0.625
TAP069,121.00337555659135,671.52,SA(1.0),-3.5657887866256424,0.6964972095386505,0.298,0.6295270946473446
TAP072,98.93978998677024,671.52,SA(1.0),-3.363301247676045,0.6924081166479781,0.298,0.625
TAP075,106.57618482473356,856.38,SA(1.0),-3.69149783070706,0.6924081166479781,0.298,0.625
TAP077,116.41922097699462,1022.77,SA(1.0),-3.967124080863102,0.6924345060156922,0.298,0.6250292354131891
TAP078,117.39734495900295,671.52,SA(1.0),-3.5349920669037598,0.6933141766360251,0.298,0.6260036321975213
TAP079,116.753401395702,631.27,SA(1.0),-3.465378634985225,0.6927358493011333,0.298,0.6253630600754753
TAP081,121.29971223615415,671.52,SA(1.0),-3.568284651396939,0.6967546959912556,0.298,0.6298119611327393
TAP083,120.4030055039095,435.22,SA(1.0),-3.118474072654483,0.6959736762651259,0.298,0.6289478182281851
TAP084,121.36524046357977,224.22,SA(1.0),-2.5043077429313976,0.678786670216637,0.298,0.6098748590192823
TAP086,91.22887499302155,887.68,SA(1.0),-3.57469375715084,0.6924081166479781,0.298,0.625
TAP087,101.35539844310355,573.04,SA(1.0),-3.2240774256926943,0.6924081166479781,0.298,0.625
TAP090,102.87317683111068,324.38,SA(1.0),-2.682697220680346,0.6924081166479781,0.298,0.625
TAP094,107.25914541313247,416.34,SA(1.0),-2.960145070762793,0.6924081166479781,0.298,0.625
TAP095,107.12641066652922,206.24,SA(1.0),-2.322432691403466,0.6744101126169446,0.298,0.605
TAP097,96.51825643410405,237.23,SA(1.0),-2.349280520297265,0.6777130834155491,0.298,0.6086797379842794
TAP098,105.37088822706724,538.69,SA(1.0),-3.1996877565948996,0.6924081166479781,0.298,0.625
TAP100,97.58816975352646,236.32,SA(1.0),-2.3557026571273187,0.6774731184630055,0.298,0.6084125460902244
TAP103,113.41800752596221,429.49,SA(1.0),-3.0457665085505057,0.6924081166479781,0.298,0.625
TAW,121.70169460957298,481.92,SA(1.0),-3.231373929512086,0.6971030081106012,0.298,0.6301972738094389
TCU,5.925686184729008,472.81,SA(1.0),-0.758571749441878,0.6924081166479781,0.298,0.625
TCU003,85.87715173895934,517.33,SA(1.0),-2.95829766878538,0.6924081166479781,0.298,0.625
TCU006,72.13607981372333,607.4,SA(1.0),-2.9527735361079834,0.6924081166479781,0.298,0.625
TCU007,88.25765016718297,463.88,SA(1.0),-2.8765205439726493,0.6924081166479781,0.298,0.625
TCU008,84.7584785592634,441.58,SA(1.0),-2.789605393700109,0.6924081166479781,0.298,0.625
TCU009,81.06016716272919,460.1,SA(1.0),-2.7869630413946087,0.6924081166479781,0.298,0.625
TCU010,81.66395774542653,446.15,SA(1.0),-2.7641125593536033,0.6924081166479781,0.298,0.625
TCU011,75.01788257873356,471.07,SA(1.0),-2.7363277429445314,0.6924081166479781,0.298,0.625
TCU014,93.13780925514129,496.47,SA(1.0),-2.995956378789441,0.6924081166479781,0.298,0.625
TCU015,49.226738245658176,426.0,SA(1.0),-2.252584717151949,0.6924081166479781,0.298,0.625
TCU017,53.6114321384972,558.76,SA(1.0),-2.589880138291541,0.6924081166479781,0.298,0.625
TCU018,65.56957606032032,573.04,SA(1.0),-2.8032135212435563,0.6924081166479781,0.298,0.625
TCU025,54.234234021714876,665.2,SA(1.0),-2.776651510831982,0.6924081166479781,0.298,0.625
TCU026,55.62700868478751,569.98,SA(1.0),-2.6438984900789584,0.6924081166479781,0.298,0.625
TCU029,27.888704202439943,406.53,SA(1.0),-1.7157471356120944,0.6924081166479781,0.298,0.625
TCU031,30.150489096699733,489.22,SA(1.0),-1.9455348113302122,0.6924081166479781,0.298,0.625
TCU033,40.407957354293515,423.4,SA(1.0),-2.0711810636168764,0.6924081166479781,0.298,0.625
TCU034,35.21032855799544,393.77,SA(1.0),-1.8881921865413496,0.6924081166479781,0.298,0.625
TCU036,19.69497692844362,478.07,SA(1.0),-1.565200696944547,0.6924081166479781,0.298,0.625
TCU038,25.337701564906876,297.86,SA(1.0),-1.4089716661157712,0.6919589069341713,0.298,0.6245023049481347
TCU039,19.70361874696014,540.66,SA(1.0),-1.677987256369168,0.6924081166479781,0.298,0.625
TCU040,22.119793842654797,362.03,SA(1.0),-1.4336124460697355,0.6924081166479781,0.298,0.625
TCU042,25.981864142619745,578.98,SA(1.0),-1.9768616203494425,0.6924081166479781,0.298,0.625
TCU045,25.36660567229542,704.64,SA(1.0),-2.1523051472256616,0.6924081166479781,0.298,0.625
TCU046,16.246784143589178,465.55,SA(1.0),-1.3881850190853897,0.6924081166479781,0.298,0.625
TCU047,34.3572926348812,520.37,SA(1.0),-2.1179834636371013,0.6924081166479781,0.298,0.625
TCU048,14.285234596515949,551.21,SA(1.0),-1.4402086627492998,0.6924081166479781,0.298,0.625
TCU049,4.526216687379779,487.27,SA(1.0),-0.67819555572269,0.6924081166479781,0.298,0.625
TCU050,10.250155362613157,542.41,SA(1.0),-1.186151886612467,0.6924081166479781,0.298,0.625
TCU051,8.397313881220667,350.06,SA(1.0),-0.7280289300945664,0.6924081166479781,0.298,0.625
TCU052,0.0,579.1,SA(1.0),-0.6168440922617491,0.6924081166479781,0.298,0.625
TCU053,6.715593029398085,454.55,SA(1.0),-0.7865263170625141,0.6924081166479781,0.298,0.625
TCU054,6.044907731784745,460.69,SA(1.0),-0.7468934763841779,0.6924081166479781,0.298,0.625
TCU055,7.10204372503239,359.13,SA(1.0),-0.6531884369237334,0.6924081166479781,0.298,0.625
TCU056,11.23595041250864,403.2,SA(1.0),-1.002784019688888,0.6924081166479781,0.298,0.625
TCU057,12.582859253355823,555.23,SA(1.0),-1.3519357080362178,0.6924081166479781,0.298,0.625
TCU059,17.768696653120717,272.67,SA(1.0),-1.090917113392364,0.6864198795092911,0.298,0.6183593219039798
TCU060,9.270501399529332,375.42,SA(1.0),-0.8292098623831877,0.6924081166479781,0.298,0.625
TCU061,17.663329909143975,379.64,SA(1.0),-1.2904870048937116,0.6924081166479781,0.298,0.625
TCU063,10.251512284681757,476.14,SA(1.0),-1.0718152592586128,0.6924081166479781,0.298,0.625
TCU064,17.05105449248675,645.72,SA(1.0),-1.7320895293201972,0.6924081166479781,0.298,0.625
TCU065,1.288045085418703,305.85,SA(1.0),-0.22773533702155024,0.6924081166479781,0.298,0.625
TCU067,1.288712791017711,433.63,SA(1.0),-0.4039641519035894,0.6924081166479781,0.298,0.625
TCU068,0.0,487.34,SA(1.0),-0.4696796673560177,0.6924081166479781,0.298,0.625
TCU070,19.75113627608807,401.26,SA(1.0),-1.4208324804338388,0.6924081166479781,0.298,0.625
TCU071,0.0,624.85,SA(1.0),-0.6873762878377694,0.6924081166479781,0.298,0.625
TCU072,0.0,468.14,SA(1.0),-0.43856280117201685,0.6924081166479781,0.298,0.625
TCU074,0.0,549.43,SA(1.0),-0.5698877658058514,0.6924081166479781,0.298,0.625
TCU075,1.6063613522010625,573.02,SA(1.0),-0.6402386815173373,0.6924081166479781,0.298,0.625
TCU076,3.5054162229935133,614.98,SA(1.0),-0.8116350758024731,0.6924081166479781,0.298,0.625
TCU078,0.0,443.04,SA(1.0),-0.39818778832611224,0.6924081166479781,0.298,0.625
TCU079,0.0,363.99,SA(1.0),-0.2787339216498682,0.6924081166479781,0.298,0.625
TCU081,54.870046821119146,430.47,SA(1.0),-2.3603506415067814,0.6924081166479781,0.298,0.625
TCU082,5.925686184729008,472.81,SA(1.0),-0.758571749441878,0.6924081166479781,0.298,0.625
TCU083,79.97899565103198,354.63,SA(1.0),-2.528903201383326,0.6924081166479781,0.298,0.625
TCU084,0.0,665.2,SA(1.0),-0.7473818945805177,0.6924081166479781,0.298,0.625
TCU085,54.44362818084044,999.66,SA(1.0),-3.205291595594433,0.6924081166479781,0.298,0.625
TCU087,7.054896464891636,538.69,SA(1.0),-0.9547869265973719,0.6924081166479781,0.298,0.625
TCU088,3.997697831489502,665.2,SA(1.0),-0.9217673736236388,0.6924081166479781,0.298,0.625
TCU089,0.0,671.52,SA(1.0),-0.7565810925463576,0.6924081166479781,0.298,0.625
TCU092,88.45294085502088,422.28,SA(1.0),-2.78721175386275,0.6924081166479781,0.298,0.625
TCU094,53.92101623044264,589.85,SA(1.0),-2.649324369231154,0.6924081166479781,0.298,0.625
TCU095,44.56466924675996,446.63,SA(1.0),-2.2065236331618756,0.6924081166479781,0.298,0.625
TCU096,53.85469792017198,454.58,SA(1.0),-2.3941365700108435,0.6924081166479781,0.298,0.625
TCU098,47.1372515839405,346.56,SA(1.0),-2.0351218244623746,0.6924081166479781,0.298,0.625
TCU100,12.131987127300425,535.13,SA(1.0),-1.2913494923451239,0.6924081166479781,0.298,0.625
TCU101,2.7227148767639835,389.41,SA(1.0),-0.39905984351665413,0.6924081166479781,0.298,0.625
TCU102,1.9561078435847996,714.27,SA(1.0),-0.865871001299129,0.6924081166479781,0.298,0.625
TCU103,6.53081647788816,494.1,SA(1.0),-0.8404003631662575,0.6924081166479781,0.298,0.625
TCU104,13.594790434615204,410.45,SA(1.0),-1.1508569509788225,0.6924081166479781,0.298,0.625
TCU105,17.906371449005963,575.54,SA(1.0),-1.659231794676964,0.6924081166479781,0.298,0.625
TCU106,15.667606274650094,451.37,SA(1.0),-1.333776929315223,0.6924081166479781,0.298,0.625
TCU107,16.69303155356926,409.0,SA(1.0),-1.3031127594307679,0.6924081166479781,0.298,0.625
TCU109,13.733866280340548,535.13,SA(1.0),-1.382895837547445,0.6924081166479781,0.298,0.625
TCU110,12.33231611318905,212.72,SA(1.0),-0.7605790132617969,0.6744101126169446,0.298,0.605
TCU111,22.748356973666922,237.53,SA(1.0),-1.2037594495325763,0.6777919954824433,0.298,0.608767598628633
TCU112,28.176599312968115,190.54,SA(1.0),-1.2580473363728761,0.6744101126169446,0.298,0.605
TCU113,31.861769932340707,230.3,SA(1.0),-1.4364108194211007,0.6758625235250563,0.298,0.6066186204738998
TCU115,22.514549191288978,215.34,SA(1.0),-1.1537996408891131,0.6744101126169446,0.298,0.605
TCU116,13.140173923202289,493.09,SA(1.0),-1.2764307775121453,0.6924081166479781,0.298,0.625
TCU117,26.01588554922865,198.58,SA(1.0),-1.220605325681612,0.6744101126169446,0.298,0.605
TCU118,27.518780758804855,236.19,SA(1.0),-1.34043165449114,0.6774387640127353,0.298,0.6083742918525589
TCU119,38.703481646934264,221.7,SA(1.0),-1.561539846777488,0.6744101126169446,0.298,0.605
TCU120,8.108276773791475,459.34,SA(1.0),-0.8963513594500506,0.6924081166479781,0.298,0.625
TCU122,10.095651275407166,475.46,SA(1.0),-1.060470992151074,0.6924081166479781,0.298,0.625
TCU123,15.613652840248543,270.22,SA(1.0),-0.9949104441565131,0.6858546642530403,0.298,0.6177318354089019
TCU128,13.266132208120403,599.64,SA(1.0),-1.464140242509741,0.6924081166479781,0.298,0.625
TCU129,2.5928427595425005,511.18,SA(1.0),-0.5887061938744191,0.6924081166479781,0.298,0.625
TCU136,8.865586783874127,462.1,SA(1.0),-0.9543020809034134,0.6924081166479781,0.298,0.625
TCU138,10.622750936043827,652.85,SA(1.0),-1.3869919067539924,0.6924081166479781,0.298,0.625
TCU140,33.69322383417364,223.6,SA(1.0),-1.4622702856849237,0.6744101126169446,0.298,0.605
TCU141,24.94025634288036,223.04,SA(1.0),-1.2410742563862747,0.6744101126169446,0.298,0.605
TCU145,36.03324541347518,240.43,SA(1.0),-1.5542241525286098,0.6785498261263784,0.298,0.6096112421339835
TCU147,71.69733969170538,537.92,SA(1.0),-2.8243852779892062,0.6924081166479781,0.298,0.625
TTN,80.89836518095754,298.72,SA(1.0),-2.387788100349518,0.6921398091636166,0.298,0.6247027416532183
TTN001,52.32871415831085,484.6,SA(1.0),-2.428539299570823,0.6924081166479781,0.298,0.625
TTN002,65.48374155510382,667.36,SA(1.0),-2.957010897327,0.6924081166479781,0.298,0.625
TTN003,93.04588279899522,506.64,SA(1.0),-3.0152698265724913,0.6924081166479781,0.298,0.625
TTN004,63.800897195982024,463.59,SA(1.0),-2.5689097913084504,0.6924081166479781,0.298,0.625
TTN005,80.42174430564141,407.59,SA(1.0),-2.663051825237381,0.6924081166479781,0.298,0.625
TTN006,78.75895289383541,283.21,SA(1.0),-2.3186195425683893,0.688796083620184,0.298,0.6209960103015988
TTN007,79.64699872902655,282.7,SA(1.0),-2.3270350113991687,0.6886831144194552,0.298,0.6208707048061459
TTN008,80.39083510685596,292.61,SA(1.0),-2.3644633683732996,0.6908433442447641,0.298,0.6232660156685023
TTN009,81.38728178307964,313.96,SA(1.0),-2.4363757493898173,0.6924081166479781,0.298,0.625
TTN010,81.51829704872269,311.34,SA(1.0),-2.430513727640404,0.6924081166479781,0.298,0.625
TTN012,79.21152525532221,288.3,SA(1.0),-2.3386961133616335,0.6899127711839484,0.298,0.6222343865801014
TTN013,78.8943211567126,297.76,SA(1.0),-2.3625367141932974,0.6919378386018251,0.298,0.6244789608056986
TTN014,59.860496924556905,533.97,SA(1.0),-2.6472738751609524,0.6924081166479781,0.298,0.625
TTN015,80.89836518095754,487.91,SA(1.0),-2.8426265462858447,0.6924081166479781,0.298,0.625
TTN016,121.70169460957298,826.15,SA(1.0),-3.78818302647722,0.6971030081106012,0.298,0.6301972738094389
TTN018,71.80853811897417,573.04,SA(1.0),-2.889386187403286,0.6924081166479781,0.298,0.625
TTN020,46.28877454659275,453.71,SA(1.0),-2.255118927388956,0.6924081166479781,0.298,0.625
TTN022,49.185819921013895,398.81,SA(1.0),-2.192601020796991,0.6924081166479781,0.298,0.625
TTN023,50.33727239662484,527.54,SA(1.0),-2.475156048507644,0.6924081166479781,0.298,0.625
TTN024,56.57309029774128,671.52,SA(1.0),-2.8257206619134227,0.6924081166479781,0.298,0.625
TTN025,62.74114520985054,704.96,SA(1.0),-2.9729500943034926,0.6924081166479781,0.298,0.625
TTN026,67.49118772791799,573.04,SA(1.0),-2.830513095627975,0.6924081166479781,0.298,0.625
TTN027,73.52976366515371,428.95,SA(1.0),-2.6272735414211636,0.6924081166479781,0.298,0.625
TTN028,76.01025211793088,616.17,SA(1.0),-3.0174907174493666,0.6924081166479781,0.298,0.625
TTN031,51.99314115375424,510.62,SA(1.0),-2.473079680680831,0.6924081166479781,0.298,0.625
TTN032,53.710344896261404,734.26,SA(1.0),-2.8691931920818985,0.6924081166479781,0.298,0.625
TTN033,55.55183906772911,670.8,SA(1.0),-2.8076073846150873,0.6924081166479781,0.298,0.625
TTN036,77.42687254231797,538.69,SA(1.0),-2.8991386923296423,0.6924081166479781,0.298,0.625
TTN040,43.69119446366562,728.01,SA(1.0),-2.6698130731491028,0.6924081166479781,0.298,0.625
TTN041,40.552465197967734,418.24,SA(1.0),-2.063459684314972,0.6924081166479781,0.298,0.625
TTN042,61.854091343505935,845.34,SA(1.0),-3.1490291652171156,0.6924081166479781,0.298,0.625
TTN044,55.35974910869786,419.63,SA(1.0),-2.3449506049690503,0.6924081166479781,0.298,0.625
TTN045,57.72674042183177,539.98,SA(1.0),-2.6245530448436916,0.6924081166479781,0.298,0.625
TTN046,62.61498206065394,528.12,SA(1.0),-2.6784065644483595,0.6924081166479781,0.298,0.625
TTN047,71.2651253374662,573.04,SA(1.0),-2.8821535374934206,0.6924081166479781,0.298,0.625
TTN048,77.23093425350275,373.54,SA(1.0),-2.5439063577385745,0.6924081166479781,0.298,0.625
TTN050,87.16780012668326,573.04,SA(1.0),-3.075965181847531,0.6924081166479781,0.298,0.625
TTN051,30.788780146750934,665.2,SA(1.0),-2.263044219214364,0.6924081166479781,0.298,0.625
WGK,10.377089824587822,258.89,SA(1.0),-0.7140130023987541,0.6831738484420301,0.298,0.6147540216989995
WNT,2.5928427595425005,511.18,SA(1.0),-0.5887061938744191,0.6924081166479781,0.298,0.625
WTC,43.046970143373564,207.69,SA(1.0),-1.6036575003856322,0.6744101126169446,0.298,0.605
ALS,1.4161941004474747,553.43,SA(2.0),-1.4215441446818193,0.7001178472228801,0.329,0.618
CHK,59.860496924556905,424.57,SA(2.0),-3.1617216835444117,0.7001178472228801,0.329,0.618
CHY002,25.501325041113866,235.13,SA(2.0),-1.831982665088238,0.6941444756132391,0.329,0.6112246338494374
CHY004,48.07893833473184,271.3,SA(2.0),-2.518702950799446,0.697650728046723,0.329,0.6152036559905367
CHY006,10.584628168218677,438.19,SA(2.0),-1.7590250152799518,0.7001178472228801,0.329,0.618
CHY008,41.23915234428305,210.73,SA(2.0),-2.1349625411251694,0.6930663748877159,0.329,0.61
CHY010,20.625677664506007,538.69,SA(2.0),-2.4669246727943936,0.7001178472228801,0.329,0.618
CHY012,59.82694761124689,198.4,SA(2.0),-2.3995207452891405,0.6930663748877159,0.329,0.61
CHY014,33.88066065244789,347.63,SA(2.0),-2.4571242117857848,0.7001178472228801,0.329,0.618
CHY015,38.846134725395174,228.66,SA(2.0),-2.163584104048332,0.6934613394965495,0.329,0.6104487115035535
CHY016,67.39311492490651,200.86,SA(2.0),-2.5163861502895792,0.6930663748877159,0.329,0.61
CHY017,59.79653364012802,190.57,SA(2.0),-2.3589024002827177,0.6930663748877159,0.329,0.61
CHY019,52.664018987304125,497.53,SA(2.0),-3.2067658853151237,0.7001178472228801,0.329,0.618
CHY022,65.23494253909143,564.07,SA(2.0),-3.527609034318063,0.7001178472228801,0.329,0.618
CHY023,82.48037770558093,279.78,SA(2.0),-3.0285985215859235,0.6984055953805924,0.329,0.6160595552857855
CHY024,10.382141776489679,427.73,SA(2.0),-1.7229711611518463,0.7001178472228801,0.329,0.618
CHY025,19.821814137857874,277.5,SA(2.0),-1.7848614027565661,0.6982048857640939,0.329,0.6158320083471234
CHY026,30.117763879363363,226.01,SA(2.0),-1.9337543811571698,0.6931759995094362,0.329,0.6101245498223341
CHY027,42.57072697901259,210.01,SA(2.0),-2.159126458543362,0.6930663748877159,0.329,0.61
CHY028,3.8142382458599347,542.61,SA(2.0),-1.514792191873689,0.7001178472228801,0.329,0.618
CHY029,11.753982902131465,544.74,SA(2.0),-2.0434367112835243,0.7001178472228801,0.329,0.618
CHY032,36.20970428039942,192.71,SA(2.0),-1.9350546255862944,0.6930663748877159,0.329,0.61
CHY033,44.61021757313737,197.63,SA(2.0),-2.1397259776140913,0.6930663748877159,0.329,0.61
CHY034,15.55529098089055,378.75,SA(2.0),-1.8939311425411889,0.7001178472228801,0.329,0.618
CHY035,13.30281463096492,573.04,SA(2.0),-2.1825819024466107,0.7001178472228801,0.329,0.618
CHY036,16.834009871697,233.14,SA(2.0),-1.4884472595522678,0.6939363628825386,0.329,0.6109882778995406
CHY039,32.68412498523498,201.21,SA(2.0),-1.889839126534004,0.6930663748877159,0.329,0.61
CHY041,20.07183164813607,492.26,SA(2.0),-2.3546926884845134,0.7001178472228801,0.329,0.618
CHY042,28.16777357328532,665.2,SA(2.0),-2.9450588873090546,0.7001178472228801,0.329,0.618
CHY044,55.933003322544856,194.47,SA(2.0),-2.3206849860276364,0.6930663748877159,0.329,0.61
CHY046,24.876384312874173,442.15,SA(2.0),-2.428336263397795,0.7001178472228801,0.329,0.618
CHY047,24.927795876688105,169.52,SA(2.0),-1.4960091437184404,0.6930663748877159,0.329,0.61
CHY050,45.48094043081733,538.93,SA(2.0),-3.1560116665144644,0.7001178472228801,0.329,0.618
CHY052,40.52523944488567,573.04,SA(2.0),-3.1149881929626217,0.7001178472228801,0.329,0.618
CHY054,49.228155688795745,172.1,SA(2.0),-2.0881567906897245,0.6930663748877159,0.329,0.61
CHY055,55.04100932988003,225.77,SA(2.0),-2.45511982964931,0.6931499940770294,0.329,0.6100950043140706
CHY057,58.30189007907089,411.46,SA(2.0),-3.1063958228198754,0.7001178472228801,0.329,0.618
CHY058,60.47926509005612,269.28,SA(2.0),-2.7139887567250476,0.6974674691201058,0.329,0.614995829645052
CHY059,74.0105222831666,191.09,SA(2.0),-2.548762147567163,0.6930663748877159,0.329,0.61
CHY060,69.53930995385498,228.92,SA(2.0),-2.675059160331714,0.693489158591838,0.329,0.6104803134290372
CHY061,59.2181211902229,538.69,SA(2.0),-3.3931388133757463,0.7001178472228801,0.329,0.618
CHY062,59.70708366780761,602.63,SA(2.0),-3.514867149690472,0.7001178472228801,0.329,0.618
CHY063,73.64708029924377,246.88,SA(2.0),-2.801721411508156,0.6953388323156849,0.329,0.6125806818094578
CHY065,84.65037829276163,250.0,SA(2.0),-2.9381890493567226,0.6956465202625532,0.329,0.6129299153683061
CHY066,90.36922111828896,211.97,SA(2.0),-2.8296481765813333,0.6930663748877159,0.329,0.61
CHY067,84.21459469490114,227.97,SA(2.0),-2.840535460830365,0.6933873598312528,0.329,0.6103646703191095
CHY069,86.69064381036402,224.42,SA(2.0),-2.8504236646107817,0.6930663748877159,0.329,0.61
CHY070,84.43554371983527,265.45,SA(2.0),-2.996448375146099,0.697116235778875,0.329,0.6145974667914831
CHY071,79.42270364079795,202.95,SA(2.0),-2.671525710905774,0.6930663748877159,0.329,0.61
CHY074,1.4161941004474747,553.43,SA(2.0),-1.4215441446818193,0.7001178472228801,0.329,0.618
CHY076,42.877573217177414,169.84,SA(2.0),-1.9558286972540744,0.6930663748877159,0.329,0.61
CHY078,77.88051206740859,160.67,SA(2.0),-2.4191003040475767,0.6930663748877159,0.329,0.61
CHY079,50.02855021100604,573.04,SA(2.0),-3.3038637223712444,0.7001178472228801,0.329,0.618
CHY080,0.8203047792534108,496.21,SA(2.0),-1.302258758459368,0.7001178472228801,0.329,0.618
CHY081,43.161132192340126,573.04,SA(2.0),-3.171305828883341,0.7001178472228801,0.329,0.618
CHY082,36.690687042494744,193.69,SA(2.0),-1.9513394210075012,0.6930663748877159,0.329,0.61
CHY086,28.265165300477857,665.2,SA(2.0),-2.948064832036558,0.7001178472228801,0.329,0.618
CHY087,29.477616972892374,505.2,SA(2.0),-2.7072308122996485,0.7001178472228801,0.329,0.618
CHY088,38.16580800828477,318.52,SA(2.0),-2.4747768831725723,0.7001178472228801,0.329,0.618
CHY090,59.17740188206011,180.33,SA(2.0),-2.2947019138439337,0.6930663748877159,0.329,0.61
CHY092,23.43718943402428,253.72,SA(2.0),-1.8354671660897834,0.6960084494070018,0.329,0.6133406570951733
CHY093,50.52955404993735,190.49,SA(2.0),-2.211530824070459,0.6930663748877159,0.329,0.61
CHY094,37.568596955239634,221.92,SA(2.0),-2.105267667148851,0.6930663748877159,0.329,0.61
CHY096,83.07046778565815,293.61,SA(2.0),-3.083688634801203,0.6995894087333111,0.329,0.6174012802155693
CHY099,65.94429160338161,228.84,SA(2.0),-2.6277983321997986,0.6934806022023756,0.329,0.6104705935841378
CHY100,54.13764361475702,230.11,SA(2.0),-2.4595239885421454,0.6936160866325701,0.329,0.6106244964259795
CHY101,10.377089824587822,258.89,SA(2.0),-1.2438109293574926,0.6965028249328215,0.329,0.6139016086795998
CHY102,36.74554656205193,804.36,SA(2.0),-3.3742707271075925,0.7001178472228801,0.329,0.618
CHY104,18.6621650225021,223.24,SA(2.0),-1.5274843833351592,0.6930663748877159,0.329,0.61
CHY107,51.35844504410688,175.68,SA(2.0),-2.1453262181498136,0.6930663748877159,0.329,0.61
CHY109,43.43968322952119,573.04,SA(2.0),-3.1770644532208605,0.7001178472228801,0.329,0.618
CHY110,43.43968322952119,573.04,SA(2.0),-3.1770644532208605,0.7001178472228801,0.329,0.618
CHY116,82.01615041444819,195.38,SA(2.0),-2.661603972651302,0.6930663748877159,0.329,0.61
ENA,62.873379868223246,665.2,SA(2.0),-3.6627765977125453,0.7001178472228801,0.329,0.618
ESL,39.13327017283541,493.29,SA(2.0),-2.932616608914146,0.7001178472228801,0.329,0.618
HEN,161.91718007019477,204.23,SA(2.0),-3.311630510534463,0.7260677536297729,0.329,0.6472506337277583
HSN,54.870046821119146,321.49,SA(2.0),-2.8046312335203876,0.7001178472228801,0.329,0.618
HWA,51.21900426141601,260.38,SA(2.0),-2.5336204599219534,0.6966434911774583,0.329,0.6140611971130543
HWA002,52.86279146401041,789.18,SA(2.0),-3.681384069384727,0.7001178472228801,0.329,0.618
HWA003,51.681142290885134,1525.85,SA(2.0),-3.9167837047545078,0.7001178472228801,0.329,0.618
HWA005,44.28231958384142,459.32,SA(2.0),-2.970909354129303,0.7001178472228801,0.329,0.618
HWA006,45.003181958498374,559.11,SA(2.0),-3.18378694218396,0.7001178472228801,0.329,0.618
HWA007,51.95325392386305,358.72,SA(2.0),-2.8655602034445806,0.7001178472228801,0.329,0.618
HWA009,51.693536462196626,373.23,SA(2.0),-2.900783368160938,0.7001178472228801,0.329,0.618
HWA011,48.624839989886404,355.76,SA(2.0),-2.798358217396603,0.7001178472228801,0.329,0.618
HWA012,52.325257559135075,414.42,SA(2.0),-3.0166626904888876,0.7001178472228801,0.329,0.618
HWA013,49.86104964362179,330.55,SA(2.0),-2.7473220653589445,0.7001178472228801,0.329,0.618
HWA014,50.84490694090048,277.28,SA(2.0),-2.5896638275262838,0.6981854327572783,0.329,0.6158099532440735
HWA015,46.42594132137962,453.05,SA(2.0),-2.9992864860485513,0.7001178472228801,0.329,0.618
HWA016,47.585145300823704,576.55,SA(2.0),-3.265027907869584,0.7001178472228801,0.329,0.618
HWA017,46.470164794363036,578.11,SA(2.0),-3.2464724893104524,0.7001178472228801,0.329,0.618
HWA019,51.21900426141601,494.82,SA(2.0),-3.1762357250818827,0.7001178472228801,0.329,0.618
HWA020,39.13327017283541,626.43,SA(2.0),-3.1742081732035285,0.7001178472228801,0.329,0.618
HWA022,57.87400521195273,567.64,SA(2.0),-3.4256591307096103,0.7001178472228801,0.329,0.618
HWA023,46.40755022060307,671.52,SA(2.0),-3.39784003325054,0.7001178472228801,0.329,0.618
HWA024,37.730568431531545,671.52,SA(2.0),-3.212418582684105,0.7001178472228801,0.329,0.618
HWA025,49.13348906562234,494.32,SA(2.0),-3.137897256046673,0.7001178472228801,0.329,0.618
HWA026,47.22466473181171,457.49,SA(2.0),-3.02434152486975,0.7001178472228801,0.329,0.618
HWA027,46.98782360511372,437.8,SA(2.0),-2.975618198224305,0.7001178472228801,0.329,0.618
HWA028,49.35236603416438,406.7,SA(2.0),-2.9454942483898963,0.7001178472228801,0.329,0.618
HWA029,49.89682984159387,614.05,SA(2.0),-3.3718391741813925,0.7001178472228801,0.329,0.618
HWA030,41.84995449814051,592.18,SA(2.0),-3.177039675185852,0.7001178472228801,0.329,0.618
HWA031,46.78495170006793,602.29,SA(2.0),-3.2941900900636973,0.7001178472228801,0.329,0.618
HWA032,42.76449413301876,573.04,SA(2.0),-3.16304439796667,0.7001178472228801,0.329,0.618
HWA033,49.52391460805984,395.57,SA(2.0),-2.9207710190577427,0.7001178472228801,0.329,0.618
HWA034,38.72259961355784,379.18,SA(2.0),-2.6602757643090444,0.7001178472228801,0.329,0.618
HWA035,43.48814803424615,677.49,SA(2.0),-3.3484814665513567,0.7001178472228801,0.329,0.618
HWA036,38.18727859247192,503.04,SA(2.0),-2.930582494281782,0.7001178472228801,0.329,0.618
HWA037,40.93079012119635,469.64,SA(2.0),-2.9231484523846785,0.7001178472228801,0.329,0.618
HWA038,36.825205396811654,642.73,SA(2.0),-3.146185058620195,0.7001178472228801,0.329,0.618
HWA039,40.700555517327686,459.67,SA(2.0),-2.8965972015602555,0.7001178472228801,0.329,0.618
HWA041,43.12948213944211,484.97,SA(2.0),-3.002042907382771,0.7001178472228801,0.329,0.618
HWA043,53.91152534737503,543.06,SA(2.0),-3.3166108728452364,0.7001178472228801,0.329,0.618
HWA044,55.24919369711087,534.41,SA(2.0),-3.322404896021854,0.7001178472228801,0.329,0.618
HWA045,59.28500884807053,484.45,SA(2.0),-3.2864318870555564,0.7001178472228801,0.329,0.618
HWA046,47.0109436592865,617.52,SA(2.0),-3.323943894451175,0.7001178472228801,0.329,0.618
HWA048,46.686257749108556,345.89,SA(2.0),-2.7341806041667573,0.7001178472228801,0.329,0.618
HWA049,46.005462055816764,508.61,SA(2.0),-3.107730135965001,0.7001178472228801,0.329,0.618
HWA050,48.71376858358703,313.9,SA(2.0),-2.675202940261163,0.7001178472228801,0.329,0.618
HWA051,48.90932890375484,440.5,SA(2.0),-3.017615968356787,0.7001178472228801,0.329,0.618
HWA053,35.85961696778292,843.24,SA(2.0),-3.401600051640169,0.7001178472228801,0.329,0.618
HWA054,37.40217869643352,452.83,SA(2.0),-2.806685103016813,0.7001178472228801,0.329,0.618
HWA055,42.55353726386162,369.75,SA(2.0),-2.7185294517308844,0.7001178472228801,0.329,0.618
HWA056,35.11011081738172,511.3,SA(2.0),-2.8726035497429643,0.7001178472228801,0.329,0.618
HWA057,45.69143972650157,671.52,SA(2.0),-3.383848871886338,0.7001178472228801,0.329,0.618
HWA058,40.62633470498356,529.54,SA(2.0),-3.037371090295529,0.7001178472228801,0.329,0.618
HWA059,44.12500056155976,208.56,SA(2.0),-2.1834076493537156,0.6930663748877159,0.329,0.61
HWA060,53.13246936736276,573.04,SA(2.0),-3.358106799258906,0.7001178472228801,0.329,0.618
HWA2,51.21900426141601,260.38,SA(2.0),-2.5336204599219534,0.6966434911774583,0.329,0.6140611971130543
ILA001,100.32579879811699,909.09,SA(2.0),-4.412240583112983,0.7001178472228801,0.329,0.618
ILA002,94.59735635282492,219.78,SA(2.0),-2.9068305920599578,0.6930663748877159,0.329,0.61
ILA003,89.71025798681,263.82,SA(2.0),-3.0443242218986932,0.6969652309034648,0.329,0.6144261819684446
ILA004,85.68227612519946,124.27,SA(2.0),-2.2430473544023886,0.6930663748877159,0.329,0.61
ILA005,83.93724100214038,239.33,SA(2.0),-2.886653886732648,0.6945780448481603,0.329,0.6117169773556175
ILA006,81.73646560218842,279.41,SA(2.0),-3.019168072477884,0.6983731343963095,0.329,0.6160227551369558
ILA007,80.69578779842172,496.27,SA(2.0),-3.5899222643776425,0.7001178472228801,0.329,0.618
ILA008,81.47670604637591,299.28,SA(2.0),-3.0856625317109154,0.7000588648491731,0.329,0.6179331794408784
ILA010,76.69526258688926,573.04,SA(2.0),-3.690660603753729,0.7001178472228801,0.329,0.618
ILA012,84.97633852037546,259.21,SA(2.0),-2.9781295801465992,0.6965331025870752,0.329,0.6139359600150305
ILA013,80.79219336584667,199.48,SA(2.0),-2.6692552476920435,0.6930663748877159,0.329,0.61
ILA014,77.22854612692028,300.77,SA(2.0),-3.0427492868670027,0.7001178472228801,0.329,0.618
ILA015,82.13530668263718,782.59,SA(2.0),-4.073615500890444,0.7001178472228801,0.329,0.618
ILA016,79.00488080472547,271.1,SA(2.0),-2.9583817212711123,0.6976326439523602,0.329,0.6151831482639626
ILA021,73.37025333724408,573.04,SA(2.0),-3.6503764203074396,0.7001178472228801,0.329,0.618
ILA024,63.905677437896436,671.52,SA(2.0),-3.687259876915325,0.7001178472228801,0.329,0.618
ILA027,79.85541389401519,215.0,SA(2.0),-2.7343970134034645,0.6930663748877159,0.329,0.61
ILA030,82.3256976649756,200.98,SA(2.0),-2.693408711319595,0.6930663748877159,0.329,0.61
ILA031,79.91880061031861,649.25,SA(2.0),-3.85613534836655,0.7001178472228801,0.329,0.618
ILA032,80.85387012515656,295.48,SA(2.0),-3.0658938624432333,0.6997452227875872,0.329,0.6175778305720261
ILA035,90.36427205527093,293.01,SA(2.0),-3.1570020427385748,0.699539206666796,0.329,0.6173443946971661
ILA036,86.82049562802443,181.0,SA(2.0),-2.63468961621275,0.6930663748877159,0.329,0.61
ILA037,80.78973050748425,210.17,SA(2.0),-2.7218073558768143,0.6930663748877159,0.329,0.61
ILA039,82.8521449790845,227.18,SA(2.0),-2.822558919034785,0.6933023858633232,0.329,0.610268136349733
ILA041,84.73034922213995,196.88,SA(2.0),-2.6980605085621168,0.6930663748877159,0.329,0.61
ILA042,82.3771642362468,209.36,SA(2.0),-2.7351296710147457,0.6930663748877159,0.329,0.61
ILA043,73.59360548094307,573.04,SA(2.0),-3.6531381927495765,0.7001178472228801,0.329,0.618
ILA044,77.06965074914221,158.13,SA(2.0),-2.3938948062899374,0.6930663748877159,0.329,0.61
ILA046,76.13596032679268,396.93,SA(2.0),-3.3102501696013964,0.7001178472228801,0.329,0.618
ILA048,85.75930654633606,199.59,SA(2.0),-2.722519341417495,0.6930663748877159,0.329,0.61
ILA049,84.760058063251,190.0,SA(2.0),-2.6624879230538934,0.6930663748877159,0.329,0.61
ILA050,62.873379868223246,621.06,SA(2.0),-3.592482431166265,0.7001178472228801,0.329,0.618
ILA051,75.56089930762045,520.64,SA(2.0),-3.5791570673604416,0.7001178472228801,0.329,0.618
ILA052,81.78471706968831,612.47,SA(2.0),-3.817308659493169,0.7001178472228801,0.329,0.618
ILA054,113.35010901766988,677.3,SA(2.0),-4.2188988115415995,0.7001178472228801,0.329,0.618
ILA055,87.12024211451396,266.77,SA(2.0),-3.029400761183446,0.6972378508047301,0.329,0.6147354069799453
ILA056,88.90801796032743,223.71,SA(2.0),-2.8696493909161003,0.6930663748877159,0.329,0.61
ILA059,83.0273848736504,236.84,SA(2.0),-2.8664184624490527,0.6943219181980496,0.329,0.611426141157065
ILA061,75.00437617019124,497.73,SA(2.0),-3.5265779845138674,0.7001178472228801,0.329,0.618
ILA062,69.48117755891323,447.51,SA(2.0),-3.3492598571853964,0.7001178472228801,0.329,0.618
ILA063,56.835893761279905,996.51,SA(2.0),-3.9894633616429163,0.7001178472228801,0.329,0.618
ILA064,68.55136664578527,488.61,SA(2.0),-3.4262861323149125,0.7001178472228801,0.329,0.618
ILA066,66.49258937947188,481.17,SA(2.0),-3.3831239800541826,0.7001178472228801,0.329,0.618
ILA067,32.41826640052877,665.2,SA(2.0),-3.068245278137953,0.7001178472228801,0.329,0.618
KAU001,43.56273242838097,573.04,SA(2.0),-3.1795970855863582,0.7001178472228801,0.329,0.618
KAU003,114.10838110057877,913.77,SA(2.0),-4.535448028011851,0.7001178472228801,0.329,0.618
KAU006,113.9931054858574,218.49,SA(2.0),-3.066871137608149,0.6930663748877159,0.329,0.61
KAU007,106.54348341055326,290.86,SA(2.0),-3.297332437467239,0.6993584763723141,0.329,0.6171395939929674
KAU008,107.63866034807238,285.94,SA(2.0),-3.2891696121940885,0.6989398716051579,0.329,0.6166651799148665
KAU010,98.9310789023779,215.36,SA(2.0),-2.926064961753446,0.6930663748877159,0.329,0.61
KAU011,102.67230838982609,155.32,SA(2.0),-2.6274362106873195,0.6930663748877159,0.329,0.61
KAU012,85.00932588862896,516.18,SA(2.0),-3.677375610857731,0.7001178472228801,0.329,0.618
KAU015,107.15014713693338,233.21,SA(2.0),-3.0779298118169263,0.6939437132177534,0.329,0.6109966261072507
KAU018,77.3976499709515,538.69,SA(2.0),-3.6357532330434235,0.7001178472228801,0.329,0.618
KAU020,72.82165436342768,373.33,SA(2.0),-3.208140795630918,0.7001178472228801,0.329,0.618
KAU022,97.4169060097908,217.05,SA(2.0),-2.920276201517569,0.6930663748877159,0.329,0.61
KAU030,100.6366187600612,259.36,SA(2.0),-3.1297810477375516,0.6965472825027106,0.329,0.6139520476078819
KAU032,111.57284399475729,194.13,SA(2.0),-2.9275434374718357,0.6930663748877159,0.329,0.61
KAU033,119.83228347776871,182.93,SA(2.0),-2.930460522321554,0.6930663748877159,0.329,0.61
KAU034,107.18385021081565,1010.4,SA(2.0),-4.581636439944889,0.7001178472228801,0.329,0.618
KAU037,135.3796060856888,283.21,SA(2.0),-3.4856670590479597,0.7044290438067187,0.329,0.6228798260968547
KAU038,142.14272144550424,667.59,SA(2.0),-4.411253099373524,0.7132699770912789,0.329,0.632861011770984
KAU039,151.63665860072828,464.82,SA(2.0),-4.0969292189389535,0.7231490935794149,0.329,0.6439748531928319
KAU040,140.34113735741815,567.64,SA(2.0),-4.2321387493257,0.7113252952637105,0.329,0.63066843561574
KAU042,159.2060960059972,806.48,SA(2.0),-4.7110296232142765,0.7306155706722599,0.329,0.6523481525295769
KAU043,171.22323673314898,538.49,SA(2.0),-4.3596556876099,0.7418053962708037,0.329,0.6648565604222343
KAU044,120.45367346364368,221.24,SA(2.0),-3.1287948512927755,0.6930663748877159,0.329,0.61
KAU046,161.91718007019477,204.23,SA(2.0),-3.311630510534463,0.7260677536297729,0.329,0.6472506337277583
KAU047,53.8243490270436,573.04,SA(2.0),-3.3697787025430377,0.7001178472228801,0.329,0.618
KAU048,92.0610507119136,295.66,SA(2.0),-3.1827988958454396,0.6997601693880962,0.329,0.6175947657340184
KAU050,36.30659128926287,665.2,SA(2.0),-3.168546524573654,0.7001178472228801,0.329,0.618
KAU051,123.98128979998971,1004.58,SA(2.0),-4.709947231032354,0.7001178472228801,0.329,0.618
KAU052,168.15442260432175,573.04,SA(2.0),-4.407350486519004,0.7390204006295091,0.329,0.6617478013160302
KAU054,28.06783316360731,497.22,SA(2.0),-2.6487633024875668,0.7001178472228801,0.329,0.618
KAU057,113.18799613141104,535.13,SA(2.0),-3.9750269999594483,0.7001178472228801,0.329,0.618
KAU058,108.40705481784066,229.66,SA(2.0),-3.0727520654562572,0.6935681651862906,0.329,0.610570061303269
KAU062,112.87287787990353,246.84,SA(2.0),-3.182170326389171,0.6953348626593404,0.329,0.6125761758585488
KAU063,93.6060399190571,227.24,SA(2.0),-2.931242419672567,0.6933088498371325,0.329,0.610275479814229
KAU064,101.90256344344134,244.84,SA(2.0),-3.08250669278915,0.695135563635971,0.329,0.6123499422972938
KAU066,99.84476325858162,214.97,SA(2.0),-2.9323991783119823,0.6930663748877159,0.329,0.61
KAU069,68.38649123490784,500.15,SA(2.0),-3.4478415364041424,0.7001178472228801,0.329,0.618
KAU073,109.35172575598243,216.33,SA(2.0),-3.01972599132494,0.6930663748877159,0.329,0.61
KAU074,104.18030948121277,228.34,SA(2.0),-3.0314331275426243,0.6934270575998346,0.329,0.6104097674608133
KAU075,115.35762848826717,196.3,SA(2.0),-2.968488832213808,0.6930663748877159,0.329,0.61
KAU077,80.96445465556717,665.2,SA(2.0),-3.8929207541055706,0.7001178472228801,0.329,0.618
KAU078,87.22190963332963,531.85,SA(2.0),-3.731318676844943,0.7001178472228801,0.329,0.618
KAU081,161.49112221532047,295.0,SA(2.0),-3.6866988374155207,0.7323859685536767,0.329,0.6543303500024334
KAU082,169.01260850918658,573.04,SA(2.0),-4.41201101172455,0.7398040432247897,0.329,0.6626228356853893
KAU083,109.69785905793941,202.14,SA(2.0),-2.9535900914655278,0.6930663748877159,0.329,0.61
KAU085,87.88866850577266,260.75,SA(2.0),-3.0141758432691645,0.6966782982173796,0.329,0.6141006849101083
KAU086,97.20452708079277,216.8,SA(2.0),-2.9171693103035308,0.6930663748877159,0.329,0.61
KAU087,112.30367162788814,276.11,SA(2.0),-3.2916736914324325,0.6980817207360849,0.329,0.6156923654113743
KAU088,109.55444596649576,227.46,SA(2.0),-3.0723631621306637,0.6933325366308273,0.329,0.6103023892718571
NCU,80.12485352707097,466.16,SA(2.0),-3.5196971181157366,0.7001178472228801,0.329,0.618
NSK,54.44362818084044,665.2,SA(2.0),-3.532295688394073,0.7001178472228801,0.329,0.618
NST,37.69344643353157,491.08,SA(2.0),-2.8948530093230875,0.7001178472228801,0.329,0.618
NSY,13.266132208120403,599.64,SA(2.0),-2.225798918523494,0.7001178472228801,0.329,0.618
PNG,110.99680090093074,465.86,SA(2.0),-3.8149972968788215,0.7001178472228801,0.329,0.618
SGL,92.0610507119136,295.66,SA(2.0),-3.1827988958454396,0.6997601693880962,0.329,0.6175947657340184
SSD,83.90579878637689,535.13,SA(2.0),-3.702355310718864,0.7001178472228801,0.329,0.618
STY,36.30659128926287,665.2,SA(2.0),-3.168546524573654,0.7001178472228801,0.329,0.618
TAI1,77.88051206740859,160.67,SA(2.0),-2.4191003040475767,0.6930663748877159,0.329,0.61
TAP,97.57479476913649,235.82,SA(2.0),-3.005736213700808,0.6942162284811321,0.329,0.611306119621395
TAP003,100.68408621704089,212.39,SA(2.0),-2.9275992836406326,0.6930663748877159,0.329,0.61
TAP005,104.72671936962091,179.84,SA(2.0),-2.7937352151658565,0.6930663748877159,0.329,0.61
TAP006,103.44244641268561,184.77,SA(2.0),-2.8102673248874876,0.6930663748877159,0.329,0.61
TAP007,101.43266755568051,207.39,SA(2.0),-2.910024558540073,0.6930663748877159,0.329,0.61
TAP008,102.106935450927,194.14,SA(2.0),-2.848945226193085,0.6930663748877159,0.329,0.61
TAP010,99.18240466204462,226.38,SA(2.0),-2.9788950069073215,0.6932160377180603,0.329,0.6101700377349966
TAP012,99.38192577501383,207.99,SA(2.0),-2.8948163674399607,0.6930663748877159,0.329,0.61
TAP013,100.10685750816579,205.11,SA(2.0),-2.8871353173004506,0.6930663748877159,0.329,0.61
TAP014,100.88062892041134,188.98,SA(2.0),-2.8109222047210682,0.6930663748877159,0.329,0.61
TAP017,97.06284759654471,217.83,SA(2.0),-2.9206733896719363,0.6930663748877159,0.329,0.61
TAP020,98.24321010771999,218.5,SA(2.0),-2.9345293000800288,0.6930663748877159,0.329,0.61
TAP021,98.78987370675111,167.18,SA(2.0),-2.6681463357019024,0.6930663748877159,0.329,0.61
TAP024,94.16513508407085,194.98,SA(2.0),-2.781608319931502,0.6930663748877159,0.329,0.61
TAP026,95.11515375612561,194.28,SA(2.0),-2.786852263867863,0.6930663748877159,0.329,0.61
TAP028,93.9908923717751,287.94,SA(2.0),-3.174592893760617,0.6991108899023567,0.329,0.6168590085101012
TAP032,92.43134740325831,308.88,SA(2.0),-3.230727886511281,0.7001178472228801,0.329,0.618
TAP034,89.83433004146535,538.69,SA(2.0),-3.7712515804026285,0.7001178472228801,0.329,0.618
TAP035,86.90121805752756,438.13,SA(2.0),-3.5301106408275498,0.7001178472228801,0.329,0.618
TAP036,85.37932726460579,671.52,SA(2.0),-3.9510775181608153,0.7001178472228801,0.329,0.618
TAP041,110.1973331135058,363.56,SA(2.0),-3.554963924126028,0.7001178472228801,0.329,0.618
TAP042,104.9552728107,375.85,SA(2.0),-3.5447852033357625,0.7001178472228801,0.329,0.618
TAP043,89.4118520729743,388.16,SA(2.0),-3.4326767558998954,0.7001178472228801,0.329,0.618
TAP046,115.78653715062438,816.9,SA(2.0),-4.4323682803628595,0.7001178472228801,0.329,0.618
TAP047,83.57706282792414,403.2,SA(2.0),-3.410325299834677,0.7001178472228801,0.329,0.618
TAP049,106.91325241516951,573.04,SA(2.0),-3.9933216060880334,0.7001178472228801,0.329,0.618
TAP051,101.9565712601721,403.17,SA(2.0),-3.5901065531706218,0.7001178472228801,0.329,0.618
TAP052,98.45159727452007,433.88,SA(2.0),-3.633305457981648,0.7001178472228801,0.329,0.618
TAP053,89.58804931467594,538.69,SA(2.0),-3.7687529025673254,0.7001178472228801,0.329,0.618
TAP059,116.80550462432304,456.18,SA(2.0),-3.8398861666125694,0.7001178472228801,0.329,0.618
TAP060,118.66399781657233,631.27,SA(2.0),-4.188232595269279,0.7001178472228801,0.329,0.618
TAP065,119.99410946299658,1023.45,SA(2.0),-4.685056394797338,0.7001178472228801,0.329,0.618
TAP066,113.4447433714641,662.78,SA(2.0),-4.197309459393175,0.7001178472228801,0.329,0.618
TAP067,94.52727846597533,807.68,SA(2.0),-4.234853168882729,0.7001178472228801,0.329,0.618
TAP069,121.00337555659135,671.52,SA(2.0),-4.269855538023148,0.7001178472228801,0.329,0.618
TAP072,98.93978998677024,671.52,SA(2.0),-4.0857093207038755,0.7001178472228801,0.329,0.618
TAP075,106.57618482473356,856.38,SA(2.0),-4.405496144919955,0.7001178472228801,0.329,0.618
TAP077,116.41922097699462,1022.77,SA(2.0),-4.657342831636141,0.7001178472228801,0.329,0.618
TAP078,117.39734495900295,671.52,SA(2.0),-4.242163071533806,0.7001178472228801,0.329,0.618
TAP079,116.753401395702,631.27,SA(2.0),-4.173386557820498,0.7001178472228801,0.329,0.618
TAP081,121.29971223615415,671.52,SA(2.0),-4.272094669182421,0.7001178472228801,0.329,0.618
TAP083,120.4030055039095,435.22,SA(2.0),-3.819265655462737,0.7001178472228801,0.329,0.618
TAP084,121.36524046357977,224.22,SA(2.0),-3.1491628959758087,0.6930663748877159,0.329,0.61
TAP086,91.22887499302155,887.68,SA(2.0),-4.300517988765675,0.7001178472228801,0.329,0.618
TAP087,101.35539844310355,573.04,SA(2.0),-3.9446071411961636,0.7001178472228801,0.329,0.618
TAP090,102.87317683111068,324.38,SA(2.0),-3.3767181736720633,0.7001178472228801,0.329,0.618
TAP094,107.25914541313247,416.34,SA(2.0),-3.6688912173138135,0.7001178472228801,0.329,0.618
TAP095,107.12641066652922,206.24,SA(2.0),-2.9529071141173073,0.6930663748877159,0.329,0.61
TAP097,96.51825643410405,237.23,SA(2.0),-3.0020722815156375,0.6943622099537026,0.329,0.6114718951937118
TAP098,105.37088822706724,538.69,SA(2.0),-3.916571786349995,0.7001178472228801,0.329,0.618
TAP100,97.58816975352646,236.32,SA(2.0),-3.0080041979063177,0.6942680935829908,0.329,0.6113650184360898
TAP103,113.41800752596221,429.49,SA(2.0),-3.751377593254033,0.7001178472228801,0.329,0.618
TAW,121.70169460957298,481.92,SA(2.0),-3.9335847375394075,0.7001178472228801,0.329,0.618
TCU,5.925686184729008,472.81,SA(2.0),-1.520588408561678,0.7001178472228801,0.329,0.618
TCU003,85.87715173895934,517.33,SA(2.0),-3.6888819824763717,0.7001178472228801,0.329,0.618
TCU006,72.13607981372333,607.4,SA(2.0),-3.6945371114797787,0.7001178472228801,0.329,0.618
TCU007,88.25765016718297,463.88,SA(2.0),-3.6023598549633027,0.7001178472228801,0.329,0.618
TCU008,84.7584785592634,441.58,SA(2.0),-3.5154810055630836,0.7001178472228801,0.329,0.618
TCU009,81.06016716272919,460.1,SA(2.0),-3.516890507136287,0.7001178472228801,0.329,0.618
TCU010,81.66395774542653,446.15,SA(2.0),-3.4922758369895295,0.7001178472228801,0.329,0.618
TCU011,75.01788257873356,471.07,SA(2.0),-3.4707035175677925,0.7001178472228801,0.329,0.618
TCU014,93.13780925514129,496.47,SA(2.0),-3.720588239833935,0.7001178472228801,0.329,0.618
TCU015,49.226738245658176,426.0,SA(2.0),-2.989757185327898,0.7001178472228801,0.329,0.618
TCU017,53.6114321384972,558.76,SA(2.0),-3.340536514613097,0.7001178472228801,0.329,0.618
TCU018,65.56957606032032,573.04,SA(2.0),-3.5483462811305433,0.7001178472228801,0.329,0.618
TCU025,54.234234021714876,665.2,SA(2.0),-3.528809686468191,0.7001178472228801,0.329,0.618
TCU026,55.62700868478751,569.98,SA(2.0),-3.3940676152986398,0.7001178472228801,0.329,0.618
TCU029,27.888704202439943,406.53,SA(2.0),-2.4430997134222583,0.7001178472228801,0.329,0.618
TCU031,30.150489096699733,489.22,SA(2.0),-2.694729631702938,0.7001178472228801,0.329,0.618
TCU033,40.407957354293515,423.4,SA(2.0),-2.807888826696866,0.7001178472228801,0.329,0.618
TCU034,35.21032855799544,393.77,SA(2.0),-2.6141921893777784,0.7001178472228801,0.329,0.618
TCU036,19.69497692844362,478.07,SA(2.0),-2.310109776904668,0.7001178472228801,0.329,0.618
TCU038,25.337701564906876,297.86,SA(2.0),-2.0563213112951537,0.6999421256064076,0.329,0.6178009219792538
TCU039,19.70361874696014,540.66,SA(2.0),-2.432736299344246,0.7001178472228801,0.329,0.618
TCU040,22.119793842654797,362.03,SA(2.0),-2.132833286371975,0.7001178472228801,0.329,0.618
TCU042,25.981864142619745,578.98,SA(2.0),-2.7347452122492317,0.7001178472228801,0.329,0.618
TCU045,25.36660567229542,704.64,SA(2.0),-2.912877132649411,0.7001178472228801,0.329,0.618
TCU046,16.246784143589178,465.55,SA(2.0),-2.12928450157102,0.7001178472228801,0.329,0.618
TCU047,34.3572926348812,520.37,SA(2.0),-2.871156602047525,0.7001178472228801,0.329,0.618
TCU048,14.285234596515949,551.21,SA(2.0),-2.1971483871490225,0.7001178472228801,0.329,0.618
TCU049,4.526216687379779,487.27,SA(2.0),-1.4552035889512087,0.7001178472228801,0.329,0.618
TCU050,10.250155362613157,542.41,SA(2.0),-1.9469033659086865,0.7001178472228801,0.329,0.618
TCU051,8.397313881220667,350.06,SA(2.0),-1.4021608675245445,0.7001178472228801,0.329,0.618
TCU052,0.0,579.1,SA(2.0),-1.4449009587400559,0.7001178472228801,0.329,0.618
TCU053,6.715593029398085,454.55,SA(2.0),-1.537322359744332,0.7001178472228801,0.329,0.618
TCU054,6.044907731784745,460.69,SA(2.0),-1.5037521446161048,0.7001178472228801,0.329,0.618
TCU055,7.10204372503239,359.13,SA(2.0),-1.3386614125500773,0.7001178472228801,0.329,0.618
TCU056,11.23595041250864,403.2,SA(2.0),-1.7182847599990938,0.7001178472228801,0.329,0.618
TCU057,12.582859253355823,555.23,SA(2.0),-2.1106603580926433,0.7001178472228801,0.329,0.618
TCU059,17.768696653120717,272.67,SA(2.0),-1.6806893954973132,0.6977742504035381,0.329,0.6153437287615919
TCU060,9.270501399529332,375.42,SA(2.0),-1.526411912112261,0.7001178472228801,0.329,0.618
TCU061,17.663329909143975,379.64,SA(2.0),-1.9957514602136583,0.7001178472228801,0.329,0.618
TCU063,10.251512284681757,476.14,SA(2.0),-1.8190342380693316,0.7001178472228801,0.329,0.618
TCU064,17.05105449248675,645.72,SA(2.0),-2.493342759031071,0.7001178472228801,0.329,0.618
TCU065,1.288045085418703,305.85,SA(2.0),-0.8581887796075303,0.7001178472228801,0.329,0.618
TCU067,1.288712791017711,433.63,SA(2.0),-1.1837685098610145,0.7001178472228801,0.329,0.618
TCU068,0.0,487.34,SA(2.0),-1.277879986400681,0.7001178472228801,0.329,0.618
TCU070,19.75113627608807,401.26,SA(2.0),-2.140022979287076,0.7001178472228801,0.329,0.618
TCU071,0.0,624.85,SA(2.0),-1.5195489610864792,0.7001178472228801,0.329,0.618
TCU072,0.0,468.14,SA(2.0),-1.2394288667902966,0.7001178472228801,0.329,0.618
TCU074,0.0,549.43,SA(2.0),-1.3936359518815373,0.7001178472228801,0.329,0.618
TCU075,1.6063613522010625,573.02,SA(2.0),-1.4612879366152147,0.7001178472228801,0.329,0.618
TCU076,3.5054162229935133,614.98,SA(2.0),-1.6193183025429372,0.7001178472228801,0.329,0.618
TCU078,0.0,443.04,SA(2.0),-1.1869872987304428,0.7001178472228801,0.329,0.618
TCU079,0.0,363.99,SA(2.0),-1.0023593199308714,0.7001178472228801,0.329,0.618
TCU081,54.870046821119146,430.47,SA(2.0),-3.097455851601629,0.7001178472228801,0.329,0.618
TCU082,5.925686184729008,472.81,SA(2.0),-1.520588408561678,0.7001178472228801,0.329,0.618
TCU083,79.97899565103198,354.63,SA(2.0),-3.2405231747119605,0.7001178472228801,0.329,0.618
TCU084,0.0,665.2,SA(2.0),-1.5814441134239003,0.7001178472228801,0.329,0.618
TCU085,54.44362818084044,999.66,SA(2.0),-3.9537584456755646,0.7001178472228801,0.329,0.618
TCU087,7.054896464891636,538.69,SA(2.0),-1.726203533868314,0.7001178472228801,0.329,0.618
TCU088,3.997697831489502,665.2,SA(2.0),-1.7269149794195648,0.7001178472228801,0.329,0.618
TCU089,0.0,671.52,SA(2.0),-1.5908325500310359,0.7001178472228801,0.329,0.618
TCU092,88.45294085502088,422.28,SA(2.0),-3.508623050998026,0.7001178472228801,0.329,0.618
TCU094,53.92101623044264,589.85,SA(2.0),-3.400835880360758,0.7001178472228801,0.329,0.618
TCU095,44.56466924675996,446.63,SA(2.0),-2.948432136697684,0.7001178472228801,0.329,0.618
TCU096,53.85469792017198,454.58,SA(2.0),-3.1356362346766082,0.7001178472228801,0.329,0.618
TCU098,47.1372515839405,346.56,SA(2.0),-2.7446343599735763,0.7001178472228801,0.329,0.618
TCU100,12.131987127300425,535.13,SA(2.0),-2.04807968836436,0.7001178472228801,0.329,0.618
TCU101,2.7227148767639835,389.41,SA(2.0),-1.1368892988212616,0.7001178472228801,0.329,0.618
TCU102,1.9561078435847996,714.27,SA(2.0),-1.6916503178270217,0.7001178472228801,0.329,0.618
TCU103,6.53081647788816,494.1,SA(2.0),-1.6053077720671411,0.7001178472228801,0.329,0.618
TCU104,13.594790434615204,410.45,SA(2.0),-1.8704501319301166,0.7001178472228801,0.329,0.618
TCU105,17.906371449005963,575.54,SA(2.0),-2.4171652651168123,0.7001178472228801,0.329,0.618
TCU106,15.667606274650094,451.37,SA(2.0),-2.0705945675823267,0.7001178472228801,0.329,0.618
TCU107,16.69303155356926,409.0,SA(2.0),-2.02364003307214,0.7001178472228801,0.329,0.618
TCU109,13.733866280340548,535.13,SA(2.0),-2.138227434519993,0.7001178472228801,0.329,0.618
TCU110,12.33231611318905,212.72,SA(2.0),-1.1729895370703378,0.6930663748877159,0.329,0.61
TCU111,22.748356973666922,237.53,SA(2.0),-1.7470767482690692,0.6943931590235327,0.329,0.6115070394514532
TCU112,28.176599312968115,190.54,SA(2.0),-1.7112903174489935,0.6930663748877159,0.329,0.61
TCU113,31.861769932340707,230.3,SA(2.0),-2.0000601542901117,0.693636292288993,0.329,0.61064744818956
TCU115,22.514549191288978,215.34,SA(2.0),-1.643897863829612,0.6930663748877159,0.329,0.61
TCU116,13.140173923202289,493.09,SA(2.0),-2.0248247234011276,0.7001178472228801,0.329,0.618
TCU117,26.01588554922865,198.58,SA(2.0),-1.6848036772828572,0.6930663748877159,0.329,0.61
TCU118,27.518780758804855,236.19,SA(2.0),-1.900265701868647,0.6942546191127069,0.329,0.6113497167410236
TCU119,38.703481646934264,221.7,SA(2.0),-2.1300025348905285,0.6930663748877159,0.329,0.61
TCU120,8.108276773791475,459.34,SA(2.0),-1.643322362275585,0.7001178472228801,0.329,0.618
TCU122,10.095651275407166,475.46,SA(2.0),-1.8077673320338243,0.7001178472228801,0.329,0.618
TCU123,15.613652840248543,270.22,SA(2.0),-1.5718787182404255,0.6975529167172945,0.329,0.6150927341635607
TCU128,13.266132208120403,599.64,SA(2.0),-2.225798918523494,0.7001178472228801,0.329,0.618
TCU129,2.5928427595425005,511.18,SA(2.0),-1.390045625983923,0.7001178472228801,0.329,0.618
TCU136,8.865586783874127,462.1,SA(2.0),-1.7000302390439814,0.7001178472228801,0.329,0.618
TCU138,10.622750936043827,652.85,SA(2.0),-2.15479727341888,0.7001178472228801,0.329,0.618
TCU140,33.69322383417364,223.6,SA(2.0),-2.01901337541028,0.6930663748877159,0.329,0.61
TCU141,24.94025634288036,223.04,SA(2.0),-1.7622760047161516,0.6930663748877159,0.329,0.61
TCU145,36.03324541347518,240.43,SA(2.0),-2.1478999943651083,0.6946903542802555,0.329,0.6118444968535934
TCU147,71.69733969170538,537.92,SA(2.0),-3.5648432754249515,0.7001178472228801,0.329,0.618
TTN,80.89836518095754,298.72,SA(2.0),-3.07739430742662,0.700012892460814,0.329,0.6178810966612873
TTN001,52.32871415831085,484.6,SA(2.0),-3.17439550036717,0.7001178472228801,0.329,0.618
TTN002,65.48374155510382,667.36,SA(2.0),-3.7030508157102657,0.7001178472228801,0.329,0.618
TTN003,93.04588279899522,506.64,SA(2.0),-3.7404311022921037,0.7001178472228801,0.329,0.618
TTN004,63.800897195982024,463.59,SA(2.0),-3.3080515594808273,0.7001178472228801,0.329,0.618
TTN005,80.42174430564141,407.59,SA(2.0),-3.386552184925114,0.7001178472228801,0.329,0.618
TTN006,78.75895289383541,283.21,SA(2.0),-2.999643954699971,0.6987045102205017,0.329,0.6163984041206395
TTN007,79.64699872902655,282.7,SA(2.0),-3.007842022328216,0.6986602927237,0.329,0.6163482819224584
TTN008,80.39083510685596,292.61,SA(2.0),-3.0509055306193362,0.6995056820489547,0.329,0.6173064062674009
TTN009,81.38728178307964,313.96,SA(2.0),-3.133044011118446,0.7001178472228801,0.329,0.618
TTN010,81.51829704872269,311.34,SA(2.0),-3.1260198541819917,0.7001178472228801,0.329,0.618
TTN012,79.21152525532221,288.3,SA(2.0),-3.0227231605175096,0.6991415482604479,0.329,0.6168937546320405
TTN013,78.8943211567126,297.76,SA(2.0),-3.051697727854325,0.699933883777198,0.329,0.6177915843222794
TTN014,59.860496924556905,533.97,SA(2.0),-3.39393982053966,0.7001178472228801,0.329,0.618
TTN015,80.89836518095754,487.91,SA(2.0),-3.5748718911380375,0.7001178472228801,0.329,0.618
TTN016,121.70169460957298,826.15,SA(2.0),-4.489724908788938,0.7001178472228801,0.329,0.618
TTN018,71.80853811897417,573.04,SA(2.0),-3.6308314703485403,0.7001178472228801,0.329,0.618
TTN020,46.28877454659275,453.71,SA(2.0),-2.998107265426132,0.7001178472228801,0.329,0.618
TTN022,49.185819921013895,398.81,SA(2.0),-2.9228348000430278,0.7001178472228801,0.329,0.618
TTN023,50.33727239662484,527.54,SA(2.0),-3.2254393825267558,0.7001178472228801,0.329,0.618
TTN024,56.57309029774128,671.52,SA(2.0),-3.5767061788006513,0.7001178472228801,0.329,0.618
TTN025,62.74114520985054,704.96,SA(2.0),-3.7204139519349657,0.7001178472228801,0.329,0.618
TTN026,67.49118772791799,573.04,SA(2.0),-3.574544666087542,0.7001178472228801,0.329,0.618
TTN027,73.52976366515371,428.95,SA(2.0),-3.357451405351835,0.7001178472228801,0.329,0.618
TTN028,76.01025211793088,616.17,SA(2.0),-3.7568103634701444,0.7001178472228801,0.329,0.618
TTN031,51.99314115375424,510.62,SA(2.0),-3.2215231078608935,0.7001178472228801,0.329,0.618
TTN032,53.710344896261404,734.26,SA(2.0),-3.621249988860123,0.7001178472228801,0.329,0.618
TTN033,55.55183906772911,670.8,SA(2.0),-3.5591120390917297,0.7001178472228801,0.329,0.618
TTN036,77.42687254231797,538.69,SA(2.0),-3.6360961376386536,0.7001178472228801,0.329,0.618
TTN040,43.69119446366562,728.01,SA(2.0),-3.426219388921165,0.7001178472228801,0.329,0.618
TTN041,40.552465197967734,418.24,SA(2.0),-2.7987971751300127,0.7001178472228801,0.329,0.618
TTN042,61.854091343505935,845.34,SA(2.0),-3.895323977247466,0.7001178472228801,0.329,0.618
TTN044,55.35974910869786,419.63,SA(2.0),-3.0797380673236314,0.7001178472228801,0.329,0.618
TTN045,57.72674042183177,539.98,SA(2.0),-3.3725283413593776,0.7001178472228801,0.329,0.618
TTN046,62.61498206065394,528.12,SA(2.0),-3.423410058956568,0.7001178472228801,0.329,0.618
TTN047,71.2651253374662,573.04,SA(2.0),-3.6239325047577653,0.7001178472228801,0.329,0.618
TTN048,77.23093425350275,373.54,SA(2.0),-3.2616220845427337,0.7001178472228801,0.329,0.618
TTN050,87.16780012668326,573.04,SA(2.0),-3.8071422738600322,0.7001178472228801,0.329,0.618
TTN051,30.788780146750934,665.2,SA(2.0),-3.0228643039537206,0.7001178472228801,0.329,0.618
WGK,10.377089824587822,258.89,SA(2.0),-1.2438109293574926,0.6965028249328215,0.329,0.6139016086795998
WNT,2.5928427595425005,511.18,SA(2.0),-1.390045625983923,0.7001178472228801,0.329,0.618
WTC,43.046970143373564,207.69,SA(2.0),-2.1578152147396086,0.6930663748877159,0.329,0.61
ALS,1.4161941004474747,553.43,SA(3.0),-1.879967781608607,0.7081645289055362,0.344,0.619
CHK,59.860496924556905,424.57,SA(3.0),-3.5747465593836316,0.7081645289055362,0.344,0.619
CHY002,25.501325041113866,235.13,SA(3.0),-2.227934547029775,0.7081645289055362,0.344,0.619
CHY004,48.07893833473184,271.3,SA(3.0),-2.927275048321116,0.7081645289055362,0.344,0.619
CHY006,10.584628168218677,438.19,SA(3.0),-2.178841295271635,0.7081645289055362,0.344,0.619
CHY008,41.23915234428305,210.73,SA(3.0),-2.5363915538752675,0.7081645289055362,0.344,0.619
CHY010,20.625677664506007,538.69,SA(3.0),-2.881465959073953,0.7081645289055362,0.344,0.619
CHY012,59.82694761124689,198.4,SA(3.0),-2.8083781320514527,0.7081645289055362,0.344,0.619
CHY014,33.88066065244789,347.63,SA(3.0),-2.8661082781543867,0.7081645289055362,0.344,0.619
CHY015,38.846134725395174,228.66,SA(3.0),-2.565603835622567,0.7081645289055362,0.344,0.619
CHY016,67.39311492490651,200.86,SA(3.0),-2.9281261974203368,0.7081645289055362,0.344,0.619
CHY017,59.79653364012802,190.57,SA(3.0),-2.767350920780765,0.7081645289055362,0.344,0.619
CHY019,52.664018987304125,497.53,SA(3.0),-3.6187794032814833,0.7081645289055362,0.344,0.619
CHY022,65.23494253909143,564.07,SA(3.0),-3.9383071852990237,0.7081645289055362,0.344,0.619
CHY023,82.48037770558093,279.78,SA(3.0),-3.44489814885252,0.7081645289055362,0.344,0.619
CHY024,10.382141776489679,427.73,SA(3.0),-2.1424220478921354,0.7081645289055362,0.344,0.619
CHY025,19.821814137857874,277.5,SA(3.0),-2.184438219326835,0.7081645289055362,0.344,0.619
CHY026,30.117763879363363,226.01,SA(3.0),-2.330987955443891,0.7081645289055362,0.344,0.619
CHY027,42.57072697901259,210.01,SA(3.0),-2.5611571587752135,0.7081645289055362,0.344,0.619
CHY028,3.8142382458599347,542.61,SA(3.0),-1.9625810526341556,0.7081645289055362,0.344,0.619
CHY029,11.753982902131465,544.74,SA(3.0),-2.4653953362366083,0.7081645289055362,0.344,0.619
CHY032,36.20970428039942,192.71,SA(3.0),-2.3315624348776485,0.7081645289055362,0.344,0.619
CHY033,44.61021757313737,197.63,SA(3.0),-2.541624035425974,0.7081645289055362,0.344,0.619
CHY034,15.55529098089055,378.75,SA(3.0),-2.3047046006823177,0.7081645289055362,0.344,0.619
CHY035,13.30281463096492,573.04,SA(3.0),-2.6026804517081046,0.7081645289055362,0.344,0.619
CHY036,16.834009871697,233.14,SA(3.0),-1.8795159020123426,0.7081645289055362,0.344,0.619
CHY039,32.68412498523498,201.21,SA(3.0),-2.285235595348812,0.7081645289055362,0.344,0.619
CHY041,20.07183164813607,492.26,SA(3.0),-2.7688981423747556,0.7081645289055362,0.344,0.619
CHY042,28.16777357328532,665.2,SA(3.0),-3.356248768449888,0.7081645289055362,0.344,0.619
CHY044,55.933003322544856,194.47,SA(3.0),-2.7277169123435154,0.7081645289055362,0.344,0.619
CHY046,24.876384312874173,442.15,SA(3.0),-2.8403753971377776,0.7081645289055362,0.344,0.619
CHY047,24.927795876688105,169.52,SA(3.0),-1.8798743904591464,0.7081645289055362,0.344,0.619
CHY050,45.48094043081733,538.93,SA(3.0),-3.5675025307758643,0.7081645289055362,0.344,0.619
CHY052,40.52523944488567,573.04,SA(3.0),-3.526174430088459,0.7081645289055362,0.344,0.619
CHY054,49.228155688795745,172.1,SA(3.0),-2.490209626614684,0.7081645289055362,0.344,0.619
CHY055,55.04100932988003,225.77,SA(3.0),-2.8635848425898303,0.7081645289055362,0.344,0.619
CHY057,58.30189007907089,411.46,SA(3.0),-3.5193921573029234,0.7081645289055362,0.344,0.619
CHY058,60.47926509005612,269.28,SA(3.0),-3.1257984233128258,0.7081645289055362,0.344,0.619
CHY059,74.0105222831666,191.09,SA(3.0),-2.9624768330342244,0.7081645289055362,0.344,0.619
CHY060,69.53930995385498,228.92,SA(3.0),-3.088211546529816,0.7081645289055362,0.344,0.619
CHY061,59.2181211902229,538.69,SA(3.0),-3.804460540177947,0.7081645289055362,0.344,0.619
CHY062,59.70708366780761,602.63,SA(3.0),-3.9247051133006563,0.7081645289055362,0.344,0.619
CHY063,73.64708029924377,246.88,SA(3.0),-3.2162127562308775,0.7081645289055362,0.344,0.619
CHY065,84.65037829276163,250.0,SA(3.0),-3.3550127502491343,0.7081645289055362,0.344,0.619
CHY066,90.36922111828896,211.97,SA(3.0),-3.247922993412006,0.7081645289055362,0.344,0.619
CHY067,84.21459469490114,227.97,SA(3.0),-3.2573333788935503,0.7081645289055362,0.344,0.619
CHY069,86.69064381036402,224.42,SA(3.0),-3.2677836865037824,0.7081645289055362,0.344,0.619
CHY070,84.43554371983527,265.45,SA(3.0),-3.4131552054485215,0.7081645289055362,0.344,0.619
CHY071,79.42270364079795,202.95,SA(3.0),-3.0870437169732563,0.7081645289055362,0.344,0.619
CHY074,1.4161941004474747,553.43,SA(3.0),-1.879967781608607,0.7081645289055362,0.344,0.619
CHY076,42.877573217177414,169.84,SA(3.0),-2.353824319185677,0.7081645289055362,0.344,0.619
CHY078,77.88051206740859,160.67,SA(3.0),-2.833716613982743,0.7081645289055362,0.344,0.619
CHY079,50.02855021100604,573.04,SA(3.0),-3.7146425796649405,0.7081645289055362,0.344,0.619
CHY080,0.8203047792534108,496.21,SA(3.0),-1.759110112557766,0.7081645289055362,0.344,0.619
CHY081,43.161132192340126,573.04,SA(3.0),-3.582350129235114,0.7081645289055362,0.344,0.619
CHY082,36.690687042494744,193.69,SA(3.0),-2.3482763733259353,0.7081645289055362,0.344,0.619
CHY086,28.265165300477857,665.2,SA(3.0),-3.3592324871262726,0.7081645289055362,0.344,0.619
CHY087,29.477616972892374,505.2,SA(3.0),-3.1197233722920235,0.7081645289055362,0.344,0.619
CHY088,38.16580800828477,318.52,SA(3.0),-2.8831703595907476,0.7081645289055362,0.344,0.619
CHY090,59.17740188206011,180.33,SA(3.0),-2.702334758168127,0.7081645289055362,0.344,0.619
CHY092,23.43718943402428,253.72,SA(3.0),-2.2330651475462315,0.7081645289055362,0.344,0.619
CHY093,50.52955404993735,190.49,SA(3.0),-2.6158021041262938,0.7081645289055362,0.344,0.619
CHY094,37.568596955239634,221.92,SA(3.0),-2.505980908537891,0.7081645289055362,0.344,0.619
CHY096,83.07046778565815,293.61,SA(3.0),-3.4999889296854616,0.7081645289055362,0.344,0.619
CHY099,65.94429160338161,228.84,SA(3.0),-3.0399240498002236,0.7081645289055362,0.344,0.619
CHY100,54.13764361475702,230.11,SA(3.0),-2.867897817865411,0.7081645289055362,0.344,0.619
CHY101,10.377089824587822,258.89,SA(3.0),-1.640132721381589,0.7081645289055362,0.344,0.619
CHY102,36.74554656205193,804.36,SA(3.0),-3.780128413982647,0.7081645289055362,0.344,0.619
CHY104,18.6621650225021,223.24,SA(3.0),-1.9175076686812556,0.7081645289055362,0.344,0.619
CHY107,51.35844504410688,175.68,SA(3.0),-2.5488437628510416,0.7081645289055362,0.344,0.619
CHY109,43.43968322952119,573.04,SA(3.0),-3.588095316764557,0.7081645289055362,0.344,0.619
CHY110,43.43968322952119,573.04,SA(3.0),-3.588095316764557,0.7081645289055362,0.344,0.619
CHY116,82.01615041444819,195.38,SA(3.0),-3.0778113990390707,0.7081645289055362,0.344,0.619
ENA,62.873379868223246,665.2,SA(3.0),-4.070835071633755,0.7081645289055362,0.344,0.619
ESL,39.13327017283541,493.29,SA(3.0),-3.344642716503356,0.7081645289055362,0.344,0.619
HEN,161.91718007019477,204.23,SA(3.0),-3.7410323448393337,0.7499259734509717,0.344,0.6663729928924097
HSN,54.870046821119146,321.49,SA(3.0),-3.2165376388155464,0.7081645289055362,0.344,0.619
HWA,51.21900426141601,260.38,SA(3.0),-2.9425842425565802,0.7081645289055362,0.344,0.619
HWA002,52.86279146401041,789.18,SA(3.0),-4.086209772857422,0.7081645289055362,0.344,0.619
HWA003,51.681142290885134,1525.85,SA(3.0),-4.223598089162644,0.7081645289055362,0.344,0.619
HWA005,44.28231958384142,459.32,SA(3.0),-3.383047837386496,0.7081645289055362,0.344,0.619
HWA006,45.003181958498374,559.11,SA(3.0),-3.5949840672942326,0.7081645289055362,0.344,0.619
HWA007,51.95325392386305,358.72,SA(3.0),-3.2776710948885137,0.7081645289055362,0.344,0.619
HWA009,51.693536462196626,373.23,SA(3.0),-3.313045998481725,0.7081645289055362,0.344,0.619
HWA011,48.624839989886404,355.76,SA(3.0),-3.2099560835533363,0.7081645289055362,0.344,0.619
HWA012,52.325257559135075,414.42,SA(3.0),-3.42922001064307,0.7081645289055362,0.344,0.619
HWA013,49.86104964362179,330.55,SA(3.0),-3.158545956436366,0.7081645289055362,0.344,0.619
HWA014,50.84490694090048,277.28,SA(3.0),-2.9992919036401666,0.7081645289055362,0.344,0.619
HWA015,46.42594132137962,453.05,SA(3.0),-3.411503261851705,0.7081645289055362,0.344,0.619
HWA016,47.585145300823704,576.55,SA(3.0),-3.6758206207694597,0.7081645289055362,0.344,0.619
HWA017,46.470164794363036,578.11,SA(3.0),-3.6572789748342727,0.7081645289055362,0.344,0.619
HWA019,51.21900426141601,494.82,SA(3.0),-3.5882678283982474,0.7081645289055362,0.344,0.619
HWA020,39.13327017283541,626.43,SA(3.0),-3.5845420564788646,0.7081645289055362,0.344,0.619
HWA022,57.87400521195273,567.64,SA(3.0),-3.8363710073232964,0.7081645289055362,0.344,0.619
HWA023,46.40755022060307,671.52,SA(3.0),-3.806568936917669,0.7081645289055362,0.344,0.619
HWA024,37.730568431531545,671.52,SA(3.0),-3.621929004536086,0.7081645289055362,0.344,0.619
HWA025,49.13348906562234,494.32,SA(3.0),-3.549914409016643,0.7081645289055362,0.344,0.619
HWA026,47.22466473181171,457.49,SA(3.0),-3.436576007997959,0.7081645289055362,0.344,0.619
HWA027,46.98782360511372,437.8,SA(3.0),-3.3878644985657926,0.7081645289055362,0.344,0.619
HWA028,49.35236603416438,406.7,SA(3.0),-3.357798286992588,0.7081645289055362,0.344,0.619
HWA029,49.89682984159387,614.05,SA(3.0),-3.781744323476088,0.7081645289055362,0.344,0.619
HWA030,41.84995449814051,592.18,SA(3.0),-3.587821667730518,0.7081645289055362,0.344,0.619
HWA031,46.78495170006793,602.29,SA(3.0),-3.7045003982970277,0.7081645289055362,0.344,0.619
HWA032,42.76449413301876,573.04,SA(3.0),-3.5741083111453307,0.7081645289055362,0.344,0.619
HWA033,49.52391460805984,395.57,SA(3.0),-3.3330160049084405,0.7081645289055362,0.344,0.619
HWA034,38.72259961355784,379.18,SA(3.0),-3.0711059193922634,0.7081645289055362,0.344,0.619
HWA035,43.48814803424615,677.49,SA(3.0),-3.7572877422167976,0.7081645289055362,0.344,0.619
HWA036,38.18727859247192,503.04,SA(3.0),-3.3425920108283402,0.7081645289055362,0.344,0.619
HWA037,40.93079012119635,469.64,SA(3.0),-3.335211343743481,0.7081645289055362,0.344,0.619
HWA038,36.825205396811654,642.73,SA(3.0),-3.5564207864245025,0.7081645289055362,0.344,0.619
HWA039,40.700555517327686,459.67,SA(3.0),-3.3086453243506715,0.7081645289055362,0.344,0.619
HWA041,43.12948213944211,484.97,SA(3.0),-3.4140875906324455,0.7081645289055362,0.344,0.619
HWA043,53.91152534737503,543.06,SA(3.0),-3.727888592525232,0.7081645289055362,0.344,0.619
HWA044,55.24919369711087,534.41,SA(3.0),-3.7338324722587988,0.7081645289055362,0.344,0.619
HWA045,59.28500884807053,484.45,SA(3.0),-3.6987396352201443,0.7081645289055362,0.344,0.619
HWA046,47.0109436592865,617.52,SA(3.0),-3.733913927182272,0.7081645289055362,0.344,0.619
HWA048,46.686257749108556,345.89,SA(3.0),-3.1452596390157983,0.7081645289055362,0.344,0.619
HWA049,46.005462055816764,508.61,SA(3.0),-3.519590536380101,0.7081645289055362,0.344,0.619
HWA050,48.71376858358703,313.9,SA(3.0),-3.0857153579386924,0.7081645289055362,0.344,0.619
HWA051,48.90932890375484,440.5,SA(3.0),-3.4299579924908823,0.7081645289055362,0.344,0.619
HWA053,35.85961696778292,843.24,SA(3.0),-3.806265104329317,0.7081645289055362,0.344,0.619
HWA054,37.40217869643352,452.83,SA(3.0),-3.218635599973534,0.7081645289055362,0.344,0.619
HWA055,42.55353726386162,369.75,SA(3.0),-3.1295963024732774,0.7081645289055362,0.344,0.619
HWA056,35.11011081738172,511.3,SA(3.0),-3.284696601681896,0.7081645289055362,0.344,0.619
HWA057,45.69143972650157,671.52,SA(3.0),-3.7926296170508476,0.7081645289055362,0.344,0.619
HWA058,40.62633470498356,529.54,SA(3.0),-3.4491165287526178,0.7081645289055362,0.344,0.619
HWA059,44.12500056155976,208.56,SA(3.0),-2.5860720858608555,0.7081645289055362,0.344,0.619
HWA060,53.13246936736276,573.04,SA(3.0),-3.768800009289151,0.7081645289055362,0.344,0.619
HWA2,51.21900426141601,260.38,SA(3.0),-2.9425842425565802,0.7081645289055362,0.344,0.619
ILA001,100.32579879811699,909.09,SA(3.0),-4.811267619928046,0.7081645289055362,0.344,0.619
ILA002,94.59735635282492,219.78,SA(3.0),-3.3259153174309333,0.7081645289055362,0.344,0.619
ILA003,89.71025798681,263.82,SA(3.0),-3.461934481933706,0.7081645289055362,0.344,0.619
ILA004,85.68227612519946,124.27,SA(3.0),-2.660908210176091,0.7081645289055362,0.344,0.619
ILA005,83.93724100214038,239.33,SA(3.0),-3.3033697761271905,0.7081645289055362,0.344,0.619
ILA006,81.73646560218842,279.41,SA(3.0),-3.435348095529954,0.7081645289055362,0.344,0.619
ILA007,80.69578779842172,496.27,SA(3.0),-4.002388729987159,0.7081645289055362,0.344,0.619
ILA008,81.47670604637591,299.28,SA(3.0),-3.5016913768824676,0.7081645289055362,0.344,0.619
ILA010,76.69526258688926,573.04,SA(3.0),-4.101020194719557,0.7081645289055362,0.344,0.619
ILA012,84.97633852037546,259.21,SA(3.0),-3.394967897638484,0.7081645289055362,0.344,0.619
ILA013,80.79219336584667,199.48,SA(3.0),-3.085135408444581,0.7081645289055362,0.344,0.619
ILA014,77.22854612692028,300.77,SA(3.0),-3.458147689249314,0.7081645289055362,0.344,0.619
ILA015,82.13530668263718,782.59,SA(3.0),-4.477339094346288,0.7081645289055362,0.344,0.619
ILA016,79.00488080472547,271.1,SA(3.0),-3.374108581002898,0.7081645289055362,0.344,0.619
ILA021,73.37025333724408,573.04,SA(3.0),-4.060763831161503,0.7081645289055362,0.344,0.619
ILA024,63.905677437896436,671.52,SA(3.0),-4.095101109110094,0.7081645289055362,0.344,0.619
ILA027,79.85541389401519,215.0,SA(3.0),-3.1501164404445685,0.7081645289055362,0.344,0.619
ILA030,82.3256976649756,200.98,SA(3.0),-3.1097203128321453,0.7081645289055362,0.344,0.619
ILA031,79.91880061031861,649.25,SA(3.0),-4.264183455194317,0.7081645289055362,0.344,0.619
ILA032,80.85387012515656,295.48,SA(3.0),-3.4818556385766497,0.7081645289055362,0.344,0.619
ILA035,90.36427205527093,293.01,SA(3.0),-3.574321384005401,0.7081645289055362,0.344,0.619
ILA036,86.82049562802443,181.0,SA(3.0),-3.0522853694880316,0.7081645289055362,0.344,0.619
ILA037,80.78973050748425,210.17,SA(3.0),-3.137743794677138,0.7081645289055362,0.344,0.619
ILA039,82.8521449790845,227.18,SA(3.0),-3.23904872561051,0.7081645289055362,0.344,0.619
ILA041,84.73034922213995,196.88,SA(3.0),-3.115021380408043,0.7081645289055362,0.344,0.619
ILA042,82.3771642362468,209.36,SA(3.0),-3.1514774512081605,0.7081645289055362,0.344,0.619
ILA043,73.59360548094307,573.04,SA(3.0),-4.063523617405764,0.7081645289055362,0.344,0.619
ILA044,77.06965074914221,158.13,SA(3.0),-2.8081781407090274,0.7081645289055362,0.344,0.619
ILA046,76.13596032679268,396.93,SA(3.0),-3.7246493979707687,0.7081645289055362,0.344,0.619
ILA048,85.75930654633606,199.59,SA(3.0),-3.139748593623457,0.7081645289055362,0.344,0.619
ILA049,84.760058063251,190.0,SA(3.0),-3.0794652504282807,0.7081645289055362,0.344,0.619
ILA050,62.873379868223246,621.06,SA(3.0),-4.001756358071918,0.7081645289055362,0.344,0.619
ILA051,75.56089930762045,520.64,SA(3.0),-3.9909347932227783,0.7081645289055362,0.344,0.619
ILA052,81.78471706968831,612.47,SA(3.0),-4.226447726772302,0.7081645289055362,0.344,0.619
ILA054,113.35010901766988,677.3,SA(3.0),-4.6254329071707545,0.7081645289055362,0.344,0.619
ILA055,87.12024211451396,266.77,SA(3.0),-3.446554130952567,0.7081645289055362,0.344,0.619
ILA056,88.90801796032743,223.71,SA(3.0),-3.2874972642241973,0.7081645289055362,0.344,0.619
ILA059,83.0273848736504,236.84,SA(3.0),-3.2829455095936373,0.7081645289055362,0.344,0.619
ILA061,75.00437617019124,497.73,SA(3.0),-3.9389171763937894,0.7081645289055362,0.344,0.619
ILA062,69.48117755891323,447.51,SA(3.0),-3.7624849120891284,0.7081645289055362,0.344,0.619
ILA063,56.835893761279905,996.51,SA(3.0),-4.309393800376931,0.7081645289055362,0.344,0.619
ILA064,68.55136664578527,488.61,SA(3.0),-3.8387125250975656,0.7081645289055362,0.344,0.619
ILA066,66.49258937947188,481.17,SA(3.0),-3.795651519137558,0.7081645289055362,0.344,0.619
ILA067,32.41826640052877,665.2,SA(3.0),-3.4786153276448424,0.7081645289055362,0.344,0.619
KAU001,43.56273242838097,573.04,SA(3.0),-3.59062209981787,0.7081645289055362,0.344,0.619
KAU003,114.10838110057877,913.77,SA(3.0),-4.93402947610116,0.7081645289055362,0.344,0.619
KAU006,113.9931054858574,218.49,SA(3.0),-3.48947934162801,0.7081645289055362,0.344,0.619
KAU007,106.54348341055326,290.86,SA(3.0),-3.7166303602100226,0.7081645289055362,0.344,0.619
KAU008,107.63866034807238,285.94,SA(3.0),-3.708728915743502,0.7081645289055362,0.344,0.619
KAU010,98.9310789023779,215.36,SA(3.0),-3.3460996148130944,0.7081645289055362,0.344,0.619
KAU011,102.67230838982609,155.32,SA(3.0),-3.050021216652265,0.7081645289055362,0.344,0.619
KAU012,85.00932588862896,516.18,SA(3.0),-4.089352135390257,0.7081645289055362,0.344,0.619
KAU015,107.15014713693338,233.21,SA(3.0),-3.498961889271753,0.7081645289055362,0.344,0.619
KAU018,77.3976499709515,538.69,SA(3.0),-4.047063381527023,0.7081645289055362,0.344,0.619
KAU020,72.82165436342768,373.33,SA(3.0),-3.6225763839843825,0.7081645289055362,0.344,0.619
KAU022,97.4169060097908,217.05,SA(3.0),-3.3399764142330013,0.7081645289055362,0.344,0.619
KAU030,100.6366187600612,259.36,SA(3.0),-3.549149039390696,0.7081645289055362,0.344,0.619
KAU032,111.57284399475729,194.13,SA(3.0),-3.35066413161329,0.7081645289055362,0.344,0.619
KAU033,119.83228347776871,182.93,SA(3.0),-3.3556318363708506,0.7081645289055362,0.344,0.619
KAU034,107.18385021081565,1010.4,SA(3.0),-4.886374421220916,0.7081645289055362,0.344,0.619
KAU037,135.3796060856888,283.21,SA(3.0),-3.907914178315063,0.715392707473028,0.344,0.6272565072644439
KAU038,142.14272144550424,667.59,SA(3.0),-4.8177562288770766,0.7247512406259237,0.344,0.6379093672214068
KAU039,151.63665860072828,464.82,SA(3.0),-4.51149740030523,0.7372176560231086,0.344,0.6520382445472095
KAU040,140.34113735741815,567.64,SA(3.0),-4.642427803372265,0.7222990534574286,0.344,0.6351219746044828
KAU042,159.2060960059972,806.48,SA(3.0),-5.11237646421416,0.7466491150498944,0.344,0.662683107529376
KAU043,171.22323673314898,538.49,SA(3.0),-4.771083678834723,0.7607978951731171,0.344,0.6785848784786214
KAU044,120.45367346364368,221.24,SA(3.0),-3.5522646688178523,0.7081645289055362,0.344,0.619
KAU046,161.91718007019477,204.23,SA(3.0),-3.7410323448393337,0.7499259734509717,0.344,0.6663729928924097
KAU047,53.8243490270436,573.04,SA(3.0),-3.780454964641698,0.7081645289055362,0.344,0.619
KAU048,92.0610507119136,295.66,SA(3.0),-3.600295752111612,0.7081645289055362,0.344,0.619
KAU050,36.30659128926287,665.2,SA(3.0),-3.5783669295654756,0.7081645289055362,0.344,0.619
KAU051,123.98128979998971,1004.58,SA(3.0),-5.0194189076492055,0.7081645289055362,0.344,0.619
KAU052,168.15442260432175,573.04,SA(3.0),-4.817325524790655,0.7572749525927521,0.344,0.6746327547817071
KAU054,28.06783316360731,497.22,SA(3.0),-3.0613637790123835,0.7081645289055362,0.344,0.619
KAU057,113.18799613141104,535.13,SA(3.0),-4.386549044601699,0.7081645289055362,0.344,0.619
KAU058,108.40705481784066,229.66,SA(3.0),-3.494090567646428,0.7081645289055362,0.344,0.619
KAU062,112.87287787990353,246.84,SA(3.0),-3.6035988199745623,0.7081645289055362,0.344,0.619
KAU063,93.6060399190571,227.24,SA(3.0),-3.3500175258601974,0.7081645289055362,0.344,0.619
KAU064,101.90256344344134,244.84,SA(3.0),-3.502403389533665,0.7081645289055362,0.344,0.619
KAU066,99.84476325858162,214.97,SA(3.0),-3.3526217454583076,0.7081645289055362,0.344,0.619
KAU069,68.38649123490784,500.15,SA(3.0),-3.8600234910930116,0.7081645289055362,0.344,0.619
KAU073,109.35172575598243,216.33,SA(3.0),-3.441647558750447,0.7081645289055362,0.344,0.619
KAU074,104.18030948121277,228.34,SA(3.0),-3.452116851503079,0.7081645289055362,0.344,0.619
KAU075,115.35762848826717,196.3,SA(3.0),-3.3922190215557855,0.7081645289055362,0.344,0.619
KAU077,80.96445465556717,665.2,SA(3.0),-4.300453308905647,0.7081645289055362,0.344,0.619
KAU078,87.22190963332963,531.85,SA(3.0),-4.142854434197926,0.7081645289055362,0.344,0.619
KAU081,161.49112221532047,295.0,SA(3.0),-4.10999165063454,0.7494143994037349,0.344,0.6657972229092434
KAU082,169.01260850918658,573.04,SA(3.0),-4.821982715635907,0.7582661409327971,0.344,0.6757451742225885
KAU083,109.69785905793941,202.14,SA(3.0),-3.376059594943147,0.7081645289055362,0.344,0.619
KAU085,87.88866850577266,260.75,SA(3.0),-3.4315138167367536,0.7081645289055362,0.344,0.619
KAU086,97.20452708079277,216.8,SA(3.0),-3.3368318620735975,0.7081645289055362,0.344,0.619
KAU087,112.30367162788814,276.11,SA(3.0),-3.712052846073737,0.7081645289055362,0.344,0.619
KAU088,109.55444596649576,227.46,SA(3.0),-3.4939534497823868,0.7081645289055362,0.344,0.619
NCU,80.12485352707097,466.16,SA(3.0),-3.932903591947868,0.7081645289055362,0.344,0.619
NSK,54.44362818084044,665.2,SA(3.0),-3.9407121652735615,0.7081645289055362,0.344,0.619
NST,37.69344643353157,491.08,SA(3.0),-3.3069064725185937,0.7081645289055362,0.344,0.619
NSY,13.266132208120403,599.64,SA(3.0),-2.6460417147597575,0.7081645289055362,0.344,0.619
PNG,110.99680090093074,465.86,SA(3.0),-4.228937984416845,0.7081645289055362,0.344,0.619
SGL,92.0610507119136,295.66,SA(3.0),-3.600295752111612,0.7081645289055362,0.344,0.619
SSD,83.90579878637689,535.13,SA(3.0),-4.113782244904436,0.7081645289055362,0.344,0.619
STY,36.30659128926287,665.2,SA(3.0),-3.5783669295654756,0.7081645289055362,0.344,0.619
TAI1,77.88051206740859,160.67,SA(3.0),-2.833716613982743,0.7081645289055362,0.344,0.619
TAP,97.57479476913649,235.82,SA(3.0),-3.4251072819575823,0.7081645289055362,0.344,0.619
TAP003,100.68408621704089,212.39,SA(3.0),-3.348045407351794,0.7081645289055362,0.344,0.619
TAP005,104.72671936962091,179.84,SA(3.0),-3.2159504387619986,0.7081645289055362,0.344,0.619
TAP006,103.44244641268561,184.77,SA(3.0),-3.2320335447259882,0.7081645289055362,0.344,0.619
TAP007,101.43266755568051,207.39,SA(3.0),-3.3307401633341946,0.7081645289055362,0.344,0.619
TAP008,102.106935450927,194.14,SA(3.0),-3.2701457975487016,0.7081645289055362,0.344,0.619
TAP010,99.18240466204462,226.38,SA(3.0),-3.3987448794136164,0.7081645289055362,0.344,0.619
TAP012,99.38192577501383,207.99,SA(3.0),-3.3151015128680825,0.7081645289055362,0.344,0.619
TAP013,100.10685750816579,205.11,SA(3.0),-3.3076356349800555,0.7081645289055362,0.344,0.619
TAP014,100.88062892041134,188.98,SA(3.0),-3.231990258109554,0.7081645289055362,0.344,0.619
TAP017,97.06284759654471,217.83,SA(3.0),-3.3402882384900368,0.7081645289055362,0.344,0.619
TAP020,98.24321010771999,218.5,SA(3.0),-3.3543639899656084,0.7081645289055362,0.344,0.619
TAP021,98.78987370675111,167.18,SA(3.0),-3.089292708951789,0.7081645289055362,0.344,0.619
TAP024,94.16513508407085,194.98,SA(3.0),-3.200985398053202,0.7081645289055362,0.344,0.619
TAP026,95.11515375612561,194.28,SA(3.0),-3.206467429377056,0.7081645289055362,0.344,0.619
TAP028,93.9908923717751,287.94,SA(3.0),-3.592471026366632,0.7081645289055362,0.344,0.619
TAP032,92.43134740325831,308.88,SA(3.0),-3.6480387987474217,0.7081645289055362,0.344,0.619
TAP034,89.83433004146535,538.69,SA(3.0),-4.182590544051239,0.7081645289055362,0.344,0.619
TAP035,86.90121805752756,438.13,SA(3.0),-3.9442256052690423,0.7081645289055362,0.344,0.619
TAP036,85.37932726460579,671.52,SA(3.0),-4.3583119467927265,0.7081645289055362,0.344,0.619
TAP041,110.1973331135058,363.56,SA(3.0),-3.972332169041464,0.7081645289055362,0.344,0.619
TAP042,104.9552728107,375.85,SA(3.0),-3.9614656306387293,0.7081645289055362,0.344,0.619
TAP043,89.4118520729743,388.16,SA(3.0),-3.8481087713281403,0.7081645289055362,0.344,0.619
TAP046,115.78653715062438,816.9,SA(3.0),-4.834054050147446,0.7081645289055362,0.344,0.619
TAP047,83.57706282792414,403.2,SA(3.0),-3.8250811516504024,0.7081645289055362,0.344,0.619
TAP049,106.91325241516951,573.04,SA(3.0),-4.403521972500075,0.7081645289055362,0.344,0.619
TAP051,101.9565712601721,403.17,SA(3.0),-4.005811159997153,0.7081645289055362,0.344,0.619
TAP052,98.45159727452007,433.88,SA(3.0),-4.047954514947484,0.7081645289055362,0.344,0.619
TAP053,89.58804931467594,538.69,SA(3.0),-4.180091224252978,0.7081645289055362,0.344,0.619
TAP059,116.80550462432304,456.18,SA(3.0),-4.2542848439505265,0.7081645289055362,0.344,0.619
TAP060,118.66399781657233,631.27,SA(3.0),-4.596302014801787,0.7081645289055362,0.344,0.619
TAP065,119.99410946299658,1023.45,SA(3.0),-4.989534768604943,0.7081645289055362,0.344,0.619
TAP066,113.4447433714641,662.78,SA(3.0),-4.604341475946542,0.7081645289055362,0.344,0.619
TAP067,94.52727846597533,807.68,SA(3.0),-4.637336543382574,0.7081645289055362,0.344,0.619
TAP069,121.00337555659135,671.52,SA(3.0),-4.676479039196803,0.7081645289055362,0.344,0.619
TAP072,98.93978998677024,671.52,SA(3.0),-4.492675266881179,0.7081645289055362,0.344,0.619
TAP075,106.57618482473356,856.38,SA(3.0),-4.806052229322527,0.7081645289055362,0.344,0.619
TAP077,116.41922097699462,1022.77,SA(3.0),-4.96188986111539,0.7081645289055362,0.344,0.619
TAP078,117.39734495900295,671.52,SA(3.0),-4.648836823661715,0.7081645289055362,0.344,0.619
TAP079,116.753401395702,631.27,SA(3.0),-4.581476234521783,0.7081645289055362,0.344,0.619
TAP081,121.29971223615415,671.52,SA(3.0),-4.678714121481973,0.7081645289055362,0.344,0.619
TAP083,120.4030055039095,435.22,SA(3.0),-4.2345170754941,0.7081645289055362,0.344,0.619
TAP084,121.36524046357977,224.22,SA(3.0),-3.5726308122681285,0.7081645289055362,0.344,0.619
TAP086,91.22887499302155,887.68,SA(3.0),-4.700444854599431,0.7081645289055362,0.344,0.619
TAP087,101.35539844310355,573.04,SA(3.0),-4.354829954047314,0.7081645289055362,0.344,0.619
TAP090,102.87317683111068,324.38,SA(3.0),-3.79472896940593,0.7081645289055362,0.344,0.619
TAP094,107.25914541313247,416.34,SA(3.0),-4.084401428560513,0.7081645289055362,0.344,0.619
TAP095,107.12641066652922,206.24,SA(3.0),-3.3747590180939024,0.7081645289055362,0.344,0.619
TAP097,96.51825643410405,237.23,SA(3.0),-3.4212303773594144,0.7081645289055362,0.344,0.619
TAP098,105.37088822706724,538.69,SA(3.0),-4.3279502977121265,0.7081645289055362,0.344,0.619
TAP100,97.58816975352646,236.32,SA(3.0),-3.427368040853289,0.7081645289055362,0.344,0.619
TAP103,113.41800752596221,429.49,SA(3.0),-4.166646376822225,0.7081645289055362,0.344,0.619
TAW,121.70169460957298,481.92,SA(3.0),-4.347111835311239,0.7081645289055362,0.344,0.619
TCU,5.925686184729008,472.81,SA(3.0),-1.9553159467470156,0.7081645289055362,0.344,0.619
TCU003,85.87715173895934,517.33,SA(3.0),-4.100833206982598,0.7081645289055362,0.344,0.619
TCU006,72.13607981372333,607.4,SA(3.0),-4.103980799455304,0.7081645289055362,0.344,0.619
TCU007,88.25765016718297,463.88,SA(3.0),-4.015846707959545,0.7081645289055362,0.344,0.619
TCU008,84.7584785592634,441.58,SA(3.0),-3.9294302970211143,0.7081645289055362,0.344,0.619
TCU009,81.06016716272919,460.1,SA(3.0),-3.9302690340423077,0.7081645289055362,0.344,0.619
TCU010,81.66395774542653,446.15,SA(3.0),-3.9060023493038707,0.7081645289055362,0.344,0.619
TCU011,75.01788257873356,471.07,SA(3.0),-3.8836558371370677,0.7081645289055362,0.344,0.619
TCU014,93.13780925514129,496.47,SA(3.0),-4.133236321597122,0.7081645289055362,0.344,0.619
TCU015,49.226738245658176,426.0,SA(3.0),-3.402116948729738,0.7081645289055362,0.344,0.619
TCU017,53.6114321384972,558.76,SA(3.0),-3.7515132169515555,0.7081645289055362,0.344,0.619
TCU018,65.56957606032032,573.04,SA(3.0),-3.9588166815691457,0.7081645289055362,0.344,0.619
TCU025,54.234234021714876,665.2,SA(3.0),-3.9372365107556746,0.7081645289055362,0.344,0.619
TCU026,55.62700868478751,569.98,SA(3.0),-3.8047698322823083,0.7081645289055362,0.344,0.619
TCU029,27.888704202439943,406.53,SA(3.0),-2.8539240271330852,0.7081645289055362,0.344,0.619
TCU031,30.150489096699733,489.22,SA(3.0),-3.1070879728548286,0.7081645289055362,0.344,0.619
TCU033,40.407957354293515,423.4,SA(3.0),-3.2196872887996912,0.7081645289055362,0.344,0.619
TCU034,35.21032855799544,393.77,SA(3.0),-3.0250534030622207,0.7081645289055362,0.344,0.619
TCU036,19.69497692844362,478.07,SA(3.0),-2.7241490031318167,0.7081645289055362,0.344,0.619
TCU038,25.337701564906876,297.86,SA(3.0),-2.4598627682169796,0.7081645289055362,0.344,0.619
TCU039,19.70361874696014,540.66,SA(3.0),-2.8476730501944245,0.7081645289055362,0.344,0.619
TCU040,22.119793842654797,362.03,SA(3.0),-2.5412709828469455,0.7081645289055362,0.344,0.619
TCU042,25.981864142619745,578.98,SA(3.0),-3.147629512489847,0.7081645289055362,0.344,0.619
TCU045,25.36660567229542,704.64,SA(3.0),-3.3240325507736035,0.7081645289055362,0.344,0.619
TCU046,16.246784143589178,465.55,SA(3.0),-2.5445701875533886,0.7081645289055362,0.344,0.619
TCU047,34.3572926348812,520.37,SA(3.0),-3.2832589115364366,0.7081645289055362,0.344,0.619
TCU048,14.285234596515949,551.21,SA(3.0),-2.615932999787048,0.7081645289055362,0.344,0.619
TCU049,4.526216687379779,487.27,SA(3.0),-1.8969069855058378,0.7081645289055362,0.344,0.619
TCU050,10.250155362613157,542.41,SA(3.0),-2.3715465664717774,0.7081645289055362,0.344,0.619
TCU051,8.397313881220667,350.06,SA(3.0),-1.8174091602888107,0.7081645289055362,0.344,0.619
TCU052,0.0,579.1,SA(3.0),-1.9063536468255207,0.7081645289055362,0.344,0.619
TCU053,6.715593029398085,454.55,SA(3.0),-1.9678816645727553,0.7081645289055362,0.344,0.619
TCU054,6.044907731784745,460.69,SA(3.0),-1.9372090431070181,0.7081645289055362,0.344,0.619
TCU055,7.10204372503239,359.13,SA(3.0),-1.7582760590135385,0.7081645289055362,0.344,0.619
TCU056,11.23595041250864,403.2,SA(3.0),-2.1345796459577744,0.7081645289055362,0.344,0.619
TCU057,12.582859253355823,555.23,SA(3.0),-2.5315413932509636,0.7081645289055362,0.344,0.619
TCU059,17.768696653120717,272.67,SA(3.0),-2.079038834618408,0.7081645289055362,0.344,0.619
TCU060,9.270501399529332,375.42,SA(3.0),-1.943117361953088,0.7081645289055362,0.344,0.619
TCU061,17.663329909143975,379.64,SA(3.0),-2.405887842403715,0.7081645289055362,0.344,0.619
TCU063,10.251512284681757,476.14,SA(3.0),-2.2415205506725053,0.7081645289055362,0.344,0.619
TCU064,17.05105449248675,645.72,SA(3.0),-2.9095479343784674,0.7081645289055362,0.344,0.619
TCU065,1.288045085418703,305.85,SA(3.0),-1.286590165449122,0.7081645289055362,0.344,0.619
TCU067,1.288712791017711,433.63,SA(3.0),-1.634186459595219,0.7081645289055362,0.344,0.619
TCU068,0.0,487.34,SA(3.0),-1.7348256342363324,0.7081645289055362,0.344,0.619
TCU070,19.75113627608807,401.26,SA(3.0),-2.551092725078714,0.7081645289055362,0.344,0.619
TCU071,0.0,624.85,SA(3.0),-1.981960290641898,0.7081645289055362,0.344,0.619
TCU072,0.0,468.14,SA(3.0),-1.6948557062491765,0.7081645289055362,0.344,0.619
TCU074,0.0,549.43,SA(3.0),-1.8540610488791223,0.7081645289055362,0.344,0.619
TCU075,1.6063613522010625,573.02,SA(3.0),-1.9197837675582283,0.7081645289055362,0.344,0.619
TCU076,3.5054162229935133,614.98,SA(3.0),-2.070380688574727,0.7081645289055362,0.344,0.619
TCU078,0.0,443.04,SA(3.0),-1.640049971755682,0.7081645289055362,0.344,0.619
TCU079,0.0,363.99,SA(3.0),-1.4445006394244602,0.7081645289055362,0.344,0.619
TCU081,54.870046821119146,430.47,SA(3.0),-3.510148856967312,0.7081645289055362,0.344,0.619
TCU082,5.925686184729008,472.81,SA(3.0),-1.9553159467470156,0.7081645289055362,0.344,0.619
TCU083,79.97899565103198,354.63,SA(3.0),-3.6558288354018567,0.7081645289055362,0.344,0.619
TCU084,0.0,665.2,SA(3.0),-2.04419279386257,0.7081645289055362,0.344,0.619
TCU085,54.44362818084044,999.66,SA(3.0),-4.270556171958034,0.7081645289055362,0.344,0.619
TCU087,7.054896464891636,538.69,SA(3.0),-2.159606969129902,0.7081645289055362,0.344,0.619
TCU088,3.997697831489502,665.2,SA(3.0),-2.1757571736234973,0.7081645289055362,0.344,0.619
TCU089,0.0,671.52,SA(3.0),-2.0535980319109726,0.7081645289055362,0.344,0.619
TCU092,88.45294085502088,422.28,SA(3.0),-3.9231956277982825,0.7081645289055362,0.344,0.619
TCU094,53.92101623044264,589.85,SA(3.0),-3.811140293981528,0.7081645289055362,0.344,0.619
TCU095,44.56466924675996,446.63,SA(3.0),-3.360577832034246,0.7081645289055362,0.344,0.619
TCU096,53.85469792017198,454.58,SA(3.0),-3.5481318985516763,0.7081645289055362,0.344,0.619
TCU098,47.1372515839405,346.56,SA(3.0),-3.1558026314680463,0.7081645289055362,0.344,0.619
TCU100,12.131987127300425,535.13,SA(3.0),-2.469289636026254,0.7081645289055362,0.344,0.619
TCU101,2.7227148767639835,389.41,SA(3.0),-1.5770442864888947,0.7081645289055362,0.344,0.619
TCU102,1.9561078435847996,714.27,SA(3.0),-2.150124192143849,0.7081645289055362,0.344,0.619
TCU103,6.53081647788816,494.1,SA(3.0),-2.0388908277655133,0.7081645289055362,0.344,0.619
TCU104,13.594790434615204,410.45,SA(3.0),-2.284807713862387,0.7081645289055362,0.344,0.619
TCU105,17.906371449005963,575.54,SA(3.0),-2.8331633465231882,0.7081645289055362,0.344,0.619
TCU106,15.667606274650094,451.37,SA(3.0),-2.4856943090952957,0.7081645289055362,0.344,0.619
TCU107,16.69303155356926,409.0,SA(3.0),-2.4360449756255784,0.7081645289055362,0.344,0.619
TCU109,13.733866280340548,535.13,SA(3.0),-2.5573886901892333,0.7081645289055362,0.344,0.619
TCU110,12.33231611318905,212.72,SA(3.0),-1.557680866432817,0.7081645289055362,0.344,0.619
TCU111,22.748356973666922,237.53,SA(3.0),-2.1419114715218037,0.7081645289055362,0.344,0.619
TCU112,28.176599312968115,190.54,SA(3.0),-2.101889444187818,0.7081645289055362,0.344,0.619
TCU113,31.861769932340707,230.3,SA(3.0),-2.398783607804538,0.7081645289055362,0.344,0.619
TCU115,22.514549191288978,215.34,SA(3.0),-2.034820708809162,0.7081645289055362,0.344,0.619
TCU116,13.140173923202289,493.09,SA(3.0),-2.443670002918938,0.7081645289055362,0.344,0.619
TCU117,26.01588554922865,198.58,SA(3.0),-2.075183885419152,0.7081645289055362,0.344,0.619
TCU118,27.518780758804855,236.19,SA(3.0),-2.297451979280657,0.7081645289055362,0.344,0.619
TCU119,38.703481646934264,221.7,SA(3.0),-2.531260629450884,0.7081645289055362,0.344,0.619
TCU120,8.108276773791475,459.34,SA(3.0),-2.0698528017464115,0.7081645289055362,0.344,0.619
TCU122,10.095651275407166,475.46,SA(3.0),-2.23052226182065,0.7081645289055362,0.344,0.619
TCU123,15.613652840248543,270.22,SA(3.0),-1.969460279480123,0.7081645289055362,0.344,0.619
TCU128,13.266132208120403,599.64,SA(3.0),-2.6460417147597575,0.7081645289055362,0.344,0.619
TCU129,2.5928427595425005,511.18,SA(3.0),-1.8421388779682042,0.7081645289055362,0.344,0.619
TCU136,8.865586783874127,462.1,SA(3.0),-2.1247666566865906,0.7081645289055362,0.344,0.619
TCU138,10.622750936043827,652.85,SA(3.0),-2.5792950396258387,0.7081645289055362,0.344,0.619
TCU140,33.69322383417364,223.6,SA(3.0),-2.417899201401344,0.7081645289055362,0.344,0.619
TCU141,24.94025634288036,223.04,SA(3.0),-2.1560497007217467,0.7081645289055362,0.344,0.619
TCU145,36.03324541347518,240.43,SA(3.0),-2.5497797911758617,0.7081645289055362,0.344,0.619
TCU147,71.69733969170538,537.92,SA(3.0),-3.9761654402586997,0.7081645289055362,0.344,0.619
TTN,80.89836518095754,298.72,SA(3.0),-3.493343507560639,0.7081645289055362,0.344,0.619
TTN001,52.32871415831085,484.6,SA(3.0),-3.5865618408480495,0.7081645289055362,0.344,0.619
TTN002,65.48374155510382,667.36,SA(3.0),-4.110955037948703,0.7081645289055362,0.344,0.619
TTN003,93.04588279899522,506.64,SA(3.0),-4.1527695470798065,0.7081645289055362,0.344,0.619
TTN004,63.800897195982024,463.59,SA(3.0),-3.7208044536134888,0.7081645289055362,0.344,0.619
TTN005,80.42174430564141,407.59,SA(3.0),-3.8010377921147356,0.7081645289055362,0.344,0.619
TTN006,78.75895289383541,283.21,SA(3.0),-3.415319734941769,0.7081645289055362,0.344,0.619
TTN007,79.64699872902655,282.7,SA(3.0),-3.423666393864875,0.7081645289055362,0.344,0.619
TTN008,80.39083510685596,292.61,SA(3.0),-3.4668125250640776,0.7081645289055362,0.344,0.619
TTN009,81.38728178307964,313.96,SA(3.0),-3.548946328552007,0.7081645289055362,0.344,0.619
TTN010,81.51829704872269,311.34,SA(3.0),-3.5419617894532207,0.7081645289055362,0.344,0.619
TTN012,79.21152525532221,288.3,SA(3.0),-3.438462105146596,0.7081645289055362,0.344,0.619
TTN013,78.8943211567126,297.76,SA(3.0),-3.4673561241264648,0.7081645289055362,0.344,0.619
TTN014,59.860496924556905,533.97,SA(3.0),-3.8053566421595684,0.7081645289055362,0.344,0.619
TTN015,80.89836518095754,487.91,SA(3.0),-3.98755774167524,0.7081645289055362,0.344,0.619
TTN016,121.70169460957298,826.15,SA(3.0),-4.890982446655536,0.7081645289055362,0.344,0.619
TTN018,71.80853811897417,573.04,SA(3.0),-4.041233293946437,0.7081645289055362,0.344,0.619
TTN020,46.28877454659275,453.71,SA(3.0),-3.4103179982895835,0.7081645289055362,0.344,0.619
TTN022,49.185819921013895,398.81,SA(3.0),-3.3350736522419138,0.7081645289055362,0.344,0.619
TTN023,50.33727239662484,527.54,SA(3.0),-3.637020794418893,0.7081645289055362,0.344,0.619
TTN024,56.57309029774128,671.52,SA(3.0),-3.9848506325442377,0.7081645289055362,0.344,0.619
TTN025,62.74114520985054,704.96,SA(3.0),-4.127339187197394,0.7081645289055362,0.344,0.619
TTN026,67.49118772791799,573.04,SA(3.0),-3.984991813933152,0.7081645289055362,0.344,0.619
TTN027,73.52976366515371,428.95,SA(3.0),-3.7711771731258965,0.7081645289055362,0.344,0.619
TTN028,76.01025211793088,616.17,SA(3.0),-4.165931713109097,0.7081645289055362,0.344,0.619
TTN031,51.99314115375424,510.62,SA(3.0),-3.633352005588333,0.7081645289055362,0.344,0.619
TTN032,53.710344896261404,734.26,SA(3.0),-4.027807113461393,0.7081645289055362,0.344,0.619
TTN033,55.55183906772911,670.8,SA(3.0),-3.967324509601413,0.7081645289055362,0.344,0.619
TTN036,77.42687254231797,538.69,SA(3.0),-4.047406338218277,0.7081645289055362,0.344,0.619
TTN040,43.69119446366562,728.01,SA(3.0),-3.8337106315568037,0.7081645289055362,0.344,0.619
TTN041,40.552465197967734,418.24,SA(3.0),-3.2105438597999747,0.7081645289055362,0.344,0.619
TTN042,61.854091343505935,845.34,SA(3.0),-4.297699094238376,0.7081645289055362,0.344,0.619
TTN044,55.35974910869786,419.63,SA(3.0),-3.492501728353905,0.7081645289055362,0.344,0.619
TTN045,57.72674042183177,539.98,SA(3.0),-3.7838320605815268,0.7081645289055362,0.344,0.619
TTN046,62.61498206065394,528.12,SA(3.0),-3.834948150584644,0.7081645289055362,0.344,0.619
TTN047,71.2651253374662,573.04,SA(3.0),-4.034339570037194,0.7081645289055362,0.344,0.619
TTN048,77.23093425350275,373.54,SA(3.0),-3.676436485129223,0.7081645289055362,0.344,0.619
TTN050,87.16780012668326,573.04,SA(3.0),-4.2174328629207665,0.7081645289055362,0.344,0.619
TTN051,30.788780146750934,665.2,SA(3.0),-3.4335158141304074,0.7081645289055362,0.344,0.619
WGK,10.377089824587822,258.89,SA(3.0),-1.640132721381589,0.7081645289055362,0.344,0.619
WNT,2.5928427595425005,511.18,SA(3.0),-1.8421388779682042,0.7081645289055362,0.344,0.619
WTC,43.046970143373564,207.69,SA(3.0),-2.559864318519752,0.7081645289055362,0.344,0.619
