station,rrup,Vs30,imt,mean_log,sigma,tau,phi
ALS,21.15138156147171,553.43,PGA,-1.1406119360275144,0.5586485109711214,0.25354219410841083,0.4977996731788241
CHK,63.02404599943716,424.57,PGA,-2.170382093849235,0.5542349249467322,0.25039150447034814,0.4944496400239215
CHY002,25.505683407066318,235.13,PGA,-1.3452221234456152,0.49501769253152383,0.20642475422112744,0.449923701047168
CHY004,48.07893833473184,271.3,PGA,-1.825253552245091,0.5232607694791996,0.22783242003951348,0.47105649475928346
CHY006,10.589594525139994,438.19,PGA,-0.8349894997698966,0.5457520714652023,0.24429419962950266,0.48802219983924916
CHY008,41.23915234428305,210.73,PGA,-1.6718394051209797,0.49599600991860404,0.2071824747648714,0.4506522650619648
CHY010,20.724953105809405,538.69,PGA,-1.3279807280303897,0.5582933744567815,0.25328920597928145,0.49752996904380065
CHY012,59.82694761124689,198.4,PGA,-1.9337277894898648,0.5021539445847794,0.2119232031662438,0.4552440444660562
CHY014,37.42185396368311,347.63,PGA,-1.6530165132556525,0.538016324400479,0.2386830765234643,0.48217419497801367
CHY015,38.851553931384295,228.66,PGA,-1.6375285062427256,0.5025245669097754,0.21220699327044562,0.4555207265920777
CHY016,67.39311492490651,200.86,PGA,-2.0273991995555507,0.5071707711126531,0.2157504393006394,0.4589923082281273
CHY017,59.79653364012802,190.57,PGA,-1.9259342289801002,0.49859963486597697,0.20919285285022396,0.4525924725455231
CHY019,52.664018987304125,497.53,PGA,-2.083950955784106,0.5589318672692312,0.2537439825849536,0.49801488286094037
CHY022,67.37194759211643,564.07,PGA,-2.3545747793968244,0.5629071130371462,0.256568835142523,0.5010357779055538
CHY023,82.48037770558093,279.78,PGA,-2.283692567401282,0.5363835696563257,0.23749222450355115,0.48094155268350147
CHY024,11.325693557566668,427.73,PGA,-0.8672480474304947,0.544321452567311,0.24326026194250108,0.4869397177111898
CHY025,20.997755926782464,277.5,PGA,-1.2161225590615898,0.5098497430321692,0.21778192654739584,0.4609965216129875
CHY026,30.210404768019664,226.01,PGA,-1.4590695118628751,0.49468087173064756,0.20616358460738052,0.44967292695694816
CHY027,42.57072697901259,210.01,PGA,-1.6940835815949153,0.4966141746985422,0.20766059474943874,0.45111275297848047
CHY028,3.81905953609022,542.61,PGA,-0.4913592057846828,0.5562104975233795,0.2518035721346161,0.4959486653026223
CHY029,11.759168799911324,544.74,PGA,-0.9493812638552632,0.5575246299440166,0.25274126159665855,0.4969462422443117
CHY032,36.21575834030445,192.71,PGA,-1.5754830007703617,0.48253825693230745,0.19664116429440956,0.4406534033775395
CHY033,44.61021757313737,197.63,PGA,-1.7204484581214263,0.4920372630219725,0.20410837462760062,0.4477057511458087
CHY034,15.559574786944564,378.75,PGA,-1.0393211454857059,0.5366638723486279,0.23769683010334047,0.4811531241123226
CHY035,13.44254351914465,573.04,PGA,-1.042120563526243,0.5595649885915295,0.25419464176340595,0.49849579793235194
CHY036,16.839316616786387,233.14,PGA,-1.0908563768114243,0.48550149242306034,0.1989849191882255,0.44285065324629963
CHY039,32.69010874984208,201.21,PGA,-1.5089039087056189,0.4840166504183292,0.1978121691380353,0.4417493221535087
CHY041,21.610943270708972,492.26,PGA,-1.311826981002028,0.5546883351920127,0.2507158439401201,0.4947936082807456
CHY042,30.629771574103184,665.2,PGA,-1.7150898101226524,0.5643628152487021,0.2576004843674748,0.5021427861565703
CHY044,55.933003322544856,194.47,PGA,-1.8802823648937332,0.49809716224490763,0.20880556079928908,0.4522178908620536
CHY046,24.881430138705287,442.15,PGA,-1.4112749006223164,0.5500971190302851,0.24742435919888198,0.49131255514228644
CHY047,24.93307771977854,169.52,PGA,-1.3475343090917715,0.45537442306656234,0.17444834116711772,0.4206348076981331
CHY050,45.48094043081733,538.93,PGA,-1.990081493444676,0.560704212315222,0.255004821228146,0.4993613469807559
CHY052,40.52523944488567,573.04,PGA,-1.9118444198259892,0.5619209652022066,0.2558691145729855,0.5002860854965046
CHY054,49.228155688795745,172.1,PGA,-1.7724181071326104,0.4819428816021161,0.19616862271778465,0.4402122358453463
CHY055,55.04100932988003,225.77,PGA,-1.8946817152548292,0.5108865054204654,0.21856589342125063,0.46177264065090057
CHY057,58.30189007907089,411.46,PGA,-2.101081280671565,0.5524129243754904,0.2490865984009188,0.4930678508219134
CHY058,60.47926509005612,269.28,PGA,-2.006593125503435,0.5274382276992347,0.23092517079007116,0.4741989556442382
CHY059,74.0105222831666,191.09,PGA,-2.0903296527875153,0.5063811399732201,0.21515005265316048,0.45840191291476984
CHY060,69.53930995385498,228.92,PGA,-2.0823913756705013,0.5185375518628522,0.2243145504549691,0.4675084760152539
CHY061,62.41616207975734,538.69,PGA,-2.2588788459362097,0.5616788661166748,0.25569722853459637,0.5001020655444646
CHY062,59.70708366780761,602.63,PGA,-2.2806949317105967,0.5638400106171039,0.2572301449115328,0.5017451645222778
CHY063,73.64708029924377,246.88,PGA,-2.1469144702829865,0.5255625632392709,0.22953865096190548,0.4727874951743342
CHY065,85.87815923556157,250.0,PGA,-2.283413490467591,0.5301551106681793,0.2329275543779689,0.4762448905543112
CHY066,90.36922111828896,211.97,PGA,-2.2855264422335777,0.5207280008438053,0.22594884669864593,0.46915324739187075
CHY067,84.21459469490114,227.97,PGA,-2.2439410582388137,0.5236140365969401,0.22809462467199448,0.4713220783255158
CHY069,86.69064381036402,224.42,PGA,-2.2650721938555627,0.5233678261800017,0.22791189365019265,0.4711369760623377
CHY070,84.43554371983527,265.45,PGA,-2.2894945675959324,0.5336572829158946,0.23549853747621335,0.4788846776163754
CHY071,79.42270364079795,202.95,PGA,-2.162819268628229,0.5134569364111053,0.22050434648493153,0.46369802536772914
CHY074,21.15138156147171,553.43,PGA,-1.1406119360275144,0.5586485109711214,0.25354219410841083,0.4977996731788241
CHY076,42.877573217177414,169.84,PGA,-1.678863845526366,0.47527139252667516,0.19083459683219228,0.43527583577099654
CHY078,77.88051206740859,160.67,PGA,-2.0897481162853655,0.4946706995009221,0.2061556947179549,0.4496653538800704
CHY079,50.68613779255426,573.04,PGA,-2.1069140637932904,0.5624856846191197,0.2562698945541085,0.5007153747855821
CHY080,4.988369897004964,496.21,PGA,-0.41451809691419256,0.5515659277023653,0.24847912151448825,0.4924257291953367
CHY081,43.161132192340126,573.04,PGA,-1.9674266437847083,0.5620821988048664,0.2559835645902541,0.5004086458815241
CHY082,36.69569501183828,193.69,PGA,-1.5845614437835445,0.4835177365859808,0.19741736625655612,0.44137941172369455
CHY086,31.247850964812436,665.2,PGA,-1.7286527661147497,0.5643825294003734,0.25761444558769436,0.5021577808985023
CHY087,29.89661912611536,505.2,PGA,-1.5979695756964603,0.5570802972070376,0.25242435356949317,0.49660890372737454
CHY088,38.170938955225544,318.52,PGA,-1.6748664984871025,0.5321479981066283,0.234391938720603,0.4777467016648981
CHY090,59.17740188206011,180.33,PGA,-1.9085037201213364,0.4933159249265057,0.20510363573261525,0.448656996374019
CHY092,24.650496063812138,253.72,PGA,-1.322767587112657,0.5028539248711502,0.21245904401100157,0.4557666336802769
CHY093,50.52955404993735,190.49,PGA,-1.8038186537882042,0.4926743488994317,0.20460453997314865,0.44817964733559146
CHY094,37.57279552970941,221.92,PGA,-1.610577632177837,0.49857475630413434,0.20917368483265963,0.4525739245662018
CHY096,83.07046778565815,293.61,PGA,-2.3061093845341736,0.5393858684792576,0.23968016528412717,0.48320858175791587
CHY099,65.94429160338161,228.84,PGA,-2.038681256434825,0.5170195216364587,0.22317900263671234,0.4663692941599768
CHY100,54.13764361475702,230.11,PGA,-1.8855838692696254,0.5120846811860509,0.21947039970651785,0.4626699302505844
CHY101,10.40266620061039,258.89,PGA,-0.8330067393220132,0.492344647254089,0.20434783709676205,0.4479343848753169
CHY102,42.67253817797281,804.36,PGA,-2.083700971184306,0.5667043906814968,0.2592568782122676,0.5039243370956754
CHY104,18.66688688746901,223.24,PGA,-1.1542835614945421,0.48199526198495174,0.19621021856796447,0.4402510450929718
CHY107,51.35844504410688,175.68,PGA,-1.8041261487283098,0.4855518448408233,0.19902462990020306,0.44288801148982815
CHY109,43.43968322952119,573.04,PGA,-1.972747684639247,0.5620976313517414,0.2559945182633475,0.5004203770734709
CHY110,43.43968322952119,573.04,PGA,-1.972747684639247,0.5620976313517414,0.2559945182633475,0.5004203770734709
CHY116,82.01615041444819,195.38,PGA,-2.180238181903324,0.5117300899847135,0.21920288607933752,0.46240434657370155
ENA,65.88362730496057,665.2,PGA,-2.4075430808797686,0.5653799653114429,0.2583204623168983,0.5029165377316123
ESL,43.897780904479816,493.29,PGA,-1.8952887270919754,0.5577125403813731,0.25287523995479094,0.4970889163081909
HEN,162.89527803630148,204.23,PGA,-2.940466886444553,0.5389774189700625,0.23938296550955382,0.48290004554098154
HSN,54.870046821119146,321.49,PGA,-1.9734235443624701,0.5382059534645222,0.2388212317554251,0.48231739301778964
HWA,54.910390623144146,260.38,PGA,-1.904269629395553,0.5222788612038823,0.2271029634452698,0.47031845897731955
HWA002,56.44202545573511,789.18,PGA,-2.34430155567097,0.5667304604691301,0.25927529848669906,0.5039441778790438
HWA003,55.34036308551032,1525.85,PGA,-2.508970336939212,0.567756630960837,0.26,0.5047252638812525
HWA005,48.52595230785456,459.32,PGA,-1.960483125746768,0.5556039739861505,0.25137036101181215,0.49548836264234725
HWA006,49.18260421653337,559.11,PGA,-2.052595912985044,0.5617966595643156,0.25578086495999813,0.5001915991077206
HWA007,55.59377109620273,358.72,PGA,-1.9985936823482338,0.5448371845486539,0.2436331848190878,0.4873298974224875
HWA009,55.351901573503156,373.23,PGA,-2.0072815106088435,0.5469922184488117,0.24518913474393886,0.4889609138234581
HWA011,52.50669252247871,355.76,PGA,-1.945441680885746,0.5436613512480462,0.24278262733169478,0.48644039789759524
HWA012,55.940482597974515,414.42,PGA,-2.0524531098779346,0.5522697685987912,0.24898396391652403,0.49295931172925156
HWA013,53.649974548577966,330.55,PGA,-1.943102147829157,0.5393690036755997,0.23966789680198167,0.4831958416299997
HWA014,54.562707264600675,277.28,PGA,-1.9129444544178957,0.5271183515427211,0.23068895418866342,0.47395818691996083
HWA015,50.48367897862757,453.05,PGA,-1.9915502154584883,0.555304843281021,0.25115660527046213,0.4952613740242385
HWA016,51.54840213276211,576.55,PGA,-2.109895853398986,0.5626168791552847,0.25636297086647514,0.5008151154657245
HWA017,50.52422325112912,578.11,PGA,-2.09235634914615,0.5626217479466076,0.25636642481075955,0.5008188170309151
HWA019,54.910390623144146,494.82,PGA,-2.10341017985452,0.55887057321937,0.2537003377629846,0.4979683285405756
HWA020,43.897780904479816,626.43,PGA,-1.9964988016578538,0.5638660438490165,0.2572485905767335,0.5017649629579821
HWA022,61.14643046699228,567.64,PGA,-2.2627616448396948,0.5627535820310782,0.25645994222781926,0.5009190474730553
HWA023,50.46681972096665,671.52,PGA,-2.160100307313728,0.5651367487886909,0.25814836912216127,0.5027315032410644
HWA024,42.66088086872478,671.52,PGA,-2.001519435390644,0.564912327607582,0.2579895389002649,0.5025607781164829
HWA025,52.97661131498272,494.32,PGA,-2.069873216903711,0.5586715900725344,0.2535586317664416,0.497817201200304
HWA026,51.216871807519986,457.49,PGA,-2.008422960305885,0.5557750413076099,0.2514925740028931,0.4956181814278758
HWA027,50.999260902587345,437.8,PGA,-1.9881767176875433,0.5539684242902075,0.2502007954092132,0.4942474856660097
HWA028,53.17903686421587,406.7,PGA,-1.999995478190563,0.550974296443763,0.24805446804856976,0.4919772923853709
HWA029,53.68312510210313,614.05,PGA,-2.1763189320189125,0.5639089684525594,0.25727900347723565,0.5017976076776276
HWA030,46.3240822341362,592.18,PGA,-2.0218406589144284,0.5629086295803499,0.25656991067876056,0.5010369309644953
HWA031,50.812995101814906,602.29,PGA,-2.1160454730608174,0.5634501584231508,0.25695386144919075,0.5014486953950762
HWA032,47.149347167648216,573.04,PGA,-2.0238928463066075,0.5622458615286189,0.2560997201430088,0.5005330579979023
HWA033,53.337780221409545,395.57,PGA,-1.9932162514009706,0.5496444726264427,0.24709897183005466,0.4909695962168433
HWA034,43.827097965114945,379.18,PGA,-1.802132155108314,0.5453679424330033,0.24401674565746972,0.4877315044902732
HWA035,47.804623815661444,677.49,PGA,-2.1132961571061415,0.5651795422324096,0.25817865151033365,0.502764058841065
HWA036,43.05936412870529,503.04,PGA,-1.8850221816761845,0.5582944921514704,0.2532900023338613,0.4975308178237613
HWA037,45.498025716459686,469.64,PGA,-1.9096360743897525,0.5560931752215916,0.2517197956626183,0.49585962126351996
HWA038,41.859772602007936,642.73,PGA,-1.9632695167477916,0.5642193883828753,0.2574989038494113,0.5020336968207388
HWA039,45.291665715542166,459.67,PGA,-1.8974782629266012,0.555218463727585,0.25109486689958993,0.4951958302335519
HWA041,47.47960397850945,484.97,PGA,-1.9612218454008643,0.5575022071493343,0.25272527262970607,0.49692921784759236
HWA043,57.422369838378636,543.06,PGA,-2.1842711371957204,0.5615899921479247,0.25563411919637835,0.5000345151920995
HWA044,58.67615362772547,534.41,PGA,-2.19746359024983,0.5612750839281745,0.25541045805422036,0.4997951758021606
HWA045,62.479427036765046,484.45,PGA,-2.2145569505290754,0.5588394304593519,0.2536781613179083,0.49794467514624363
HWA046,51.02049634079368,617.52,PGA,-2.1312406926145293,0.5639044381670013,0.25727579374391535,0.5017941623194512
HWA048,50.7224249000127,345.89,PGA,-1.9067517329279917,0.5414975674549547,0.2412144244664863,0.4848043079314942
HWA049,50.09848662493223,508.61,PGA,-2.029844228051336,0.5593072632071686,0.2540112263726211,0.49830002162649967
HWA050,52.588798916808756,313.9,PGA,-1.9118450912240934,0.5355778004370052,0.23690367006698032,0.48033345857824217
HWA051,52.76943285780981,440.5,PGA,-2.021547001465239,0.5544602429195681,0.2505527012583639,0.49462056656649805
HWA053,41.01531883433213,843.24,PGA,-2.074754888102562,0.5669714128592165,0.2594455277303092,0.5041275643528307
HWA054,42.366722327932806,452.83,PGA,-1.8306317663623852,0.5541770538147927,0.2503500961832323,0.49440574057740266
HWA055,46.95869477154732,369.75,PGA,-1.8579529676861661,0.5446473187969598,0.2434959193293168,0.48718624687350115
HWA056,40.36324611604254,511.3,PGA,-1.8310739907915534,0.5585575710580296,0.2534774200934606,0.4977306075469029
HWA057,49.81118228871056,671.52,PGA,-2.147802725680721,0.5651194017151748,0.25813609326590603,0.5027183063588719
HWA058,45.22518970943778,529.54,PGA,-1.9514286710077429,0.5600942476853717,0.25457114962175265,0.49889788140510466
HWA059,48.38288493912992,208.56,PGA,-1.7648348421627107,0.4989929100314627,0.20949575079670904,0.45288569712433024
HWA060,56.69388929890098,573.04,PGA,-2.196068753857405,0.5627413000370787,0.2564512304257948,0.5009097096089447
HWA2,54.910390623144146,260.38,PGA,-1.904269629395553,0.5222788612038823,0.2271029634452698,0.47031845897731955
ILA001,102.14533163111949,909.09,PGA,-3.0143614733513227,0.5674937324150967,0.25981440371645087,0.5045251351041715
ILA002,96.5430887001664,219.78,PGA,-2.353346550514275,0.525058734120058,0.2291656289813133,0.4724084977742852
ILA003,91.77508445604383,263.82,PGA,-2.360665985240816,0.5350384222177479,0.23650937189976148,0.47992648421694484
ILA004,87.85445904337864,124.27,PGA,-2.115369808751995,0.4810554643634496,0.19546325900418296,0.4395548591170365
ILA005,86.15882510967322,239.33,PGA,-2.2711372443912845,0.5273124222958274,0.23083227994024494,0.4741042598891951
ILA006,84.0230749317769,279.41,PGA,-2.294381603031013,0.5365473649494626,0.23761179450427608,0.48106518263814263
ILA007,83.01426463964907,496.27,PGA,-2.498679567714194,0.5608522628607651,0.2551100418666678,0.4994738504614908
ILA008,83.77120048773067,299.28,PGA,-2.3135351840873764,0.5405011236776126,0.2404909290011866,0.4840512139897059
ILA010,79.14352703450395,573.04,PGA,-2.5158624540986763,0.5636270999962922,0.25707927088380994,0.5015832496526166
ILA012,87.16828457720456,259.21,PGA,-2.3058043875482612,0.5327543883318693,0.2348367903129024,0.47820384795858556
ILA013,83.10768677806287,199.48,PGA,-2.1888777518545397,0.5133988510302496,0.22046062348449091,0.4636544982333396
ILA014,79.65880504821489,300.77,PGA,-2.2677144247688323,0.5398837559712928,0.240042248931277,0.4835847275190619
ILA015,84.4098971671404,782.59,PGA,-2.732837397900037,0.5669070457753842,0.2594000572057442,0.5040785741047027
ILA016,81.37675877808526,271.1,PGA,-2.2552602985616153,0.5340066823235793,0.23575441987439508,0.47914819239555057
ILA021,75.9361246011624,573.04,PGA,-2.474887291389718,0.5635172025101048,0.25700138230671843,0.5014996779831972
ILA024,66.86639827014352,671.52,PGA,-2.426300318652379,0.5655062871754413,0.2584098281032622,0.5030126455414368
ILA027,82.20017425265452,215.0,PGA,-2.1989026630644513,0.5184947777187778,0.22428258691457473,0.46747636916591956
ILA030,84.59458810632478,200.98,PGA,-2.2063455138451795,0.5145661454083162,0.2213385770488425,0.4645293879943077
ILA031,82.26156099466952,649.25,PGA,-2.614005991314438,0.5654288830455754,0.25835507022797133,0.5029537548022353
ILA032,83.16745823634133,295.48,PGA,-2.302514169454976,0.5396404518144347,0.23986533499197032,0.4834009084638516
ILA035,92.41248666952322,293.01,PGA,-2.40193545737264,0.5411494834327257,0.2409617839736484,0.484541207828336
ILA036,88.96142770127999,181.0,PGA,-2.222937991774866,0.5088645149449237,0.21703578763142978,0.4602592328865738
ILA037,83.10530005645415,210.17,PGA,-2.2025276772601785,0.5172062081152373,0.223318783154305,0.46650935982402614
ILA039,85.105398122443,227.18,PGA,-2.245007002442705,0.5234407822910063,0.22796604610336432,0.47119182334737025
ILA041,86.92925202295595,196.88,PGA,-2.2249185274121626,0.5140407012169783,0.22094356134901477,0.4641355246111387
ILA042,84.64451794546719,209.36,PGA,-2.2177346303771497,0.5175313124194603,0.223562114958931,0.46675329681717165
ILA043,76.15127489591175,573.04,PGA,-2.4776727262911353,0.5635247124893858,0.257006705185866,0.5015053888800701
ILA044,79.50525087467304,158.13,PGA,-2.0950307238872243,0.4939335178990367,0.20558354136975293,0.4491166080451592
ILA046,78.60335463818913,396.93,PGA,-2.3525640478832264,0.553367738327164,0.2497707449318951,0.4937918881446787
ILA048,87.92935080981664,199.59,PGA,-2.238802432451367,0.5154236843928358,0.22198260701628833,0.4651723300190347
ILA049,86.95811873375148,190.0,PGA,-2.215751938697837,0.5114882701707005,0.21902036940879602,0.4622232450951056
ILA050,65.88362730496057,621.06,PGA,-2.3748889490410385,0.5644850464967853,0.2576870420824118,0.5022357574499203
ILA051,78.04823034364469,520.64,PGA,-2.4584179742191727,0.5617081872778996,0.2557180482426367,0.5001243519945819
ILA052,84.06986671281122,612.47,PGA,-2.6081274765224487,0.5647646491266002,0.2578850030756343,0.5024484392370742
ILA054,114.92568764400566,677.3,PGA,-3.002673152052867,0.5662854295744288,0.25896078717982507,0.5036054988296899
ILA055,89.2530675683504,266.77,PGA,-2.337248889296842,0.5350658234577553,0.23652940911246786,0.4799471575678229
ILA056,90.99352301582981,223.71,PGA,-2.302285441103015,0.5243936106068996,0.2286728064830295,0.47190826059787894
ILA059,85.27547272039952,236.84,PGA,-2.2586330847530594,0.5263319998041983,0.23010784301888318,0.4733664062849028
ILA061,77.51126528132811,497.73,PGA,-2.4318000470982515,0.5606120128062643,0.25493928644179337,0.49929128685692103
ILA062,72.19750000793086,447.51,PGA,-2.3183125019736277,0.5571194435296374,0.2524522794261483,0.4966386221099954
ILA063,60.16791606248126,996.51,PGA,-2.5234703983298394,0.5676015100556114,0.2598904962273417,0.5046071780980889
ILA064,71.3059446511398,488.61,PGA,-2.3429409333117293,0.5597341183063272,0.25431498027903376,0.49862428140017034
ILA066,69.33530918828765,481.17,PGA,-2.3097191808007143,0.5591593542966611,0.2539059424099017,0.4981876713713403
ILA067,38.0530901443823,665.2,PGA,-1.8881953558236524,0.5646168208438507,0.25778034614542195,0.5023359906685598
KAU001,47.872270820263516,573.04,PGA,-2.038125644378817,0.5622870610672763,0.25612895751880255,0.5005643776418838
KAU003,115.67129144447121,913.77,PGA,-3.162602451291316,0.5675294342088929,0.2598396105462037,0.5045523119406582
KAU006,115.55793209386754,218.49,PGA,-2.5357455252255128,0.5304324945820591,0.233131598706978,0.4764538686933654
KAU007,108.23991364360973,290.86,PGA,-2.5638015104413805,0.5438312172805583,0.2429055729456807,0.48656888055113473
KAU008,109.31472860629879,285.94,PGA,-2.5684282598526242,0.5432016527042879,0.24244978705021622,0.4860927239323529
KAU010,100.62762664372208,215.36,PGA,-2.387973475017307,0.5250990246091919,0.22919546817520015,0.47243880345868666
KAU011,104.19724162361148,155.32,PGA,-2.3242996394939466,0.5053096833877693,0.21433419780591545,0.45760105744670476
KAU012,87.20034181709256,516.18,PGA,-2.566255034969752,0.5619564574298784,0.25589430994140555,0.5003130641775714
KAU015,108.83525214819949,233.21,PGA,-2.493184878602192,0.5322762145440864,0.2344860271844144,0.4778433546934103
KAU018,79.82224640898121,538.69,PGA,-2.4960282900884168,0.5625116139298943,0.2562882911314383,0.50073508728163
KAU020,75.40786468933833,373.33,PGA,-2.289928827156257,0.5503386155934792,0.24759789483319364,0.4914955485937975
KAU022,99.29885279683903,217.05,PGA,-2.37694932913829,0.5251528075388273,0.22923529740413007,0.4724792584759173
KAU030,102.44967456859456,259.36,PGA,-2.4653934041511647,0.5366620481160802,0.23769549873753112,0.48115174713188175
KAU032,113.1787121371236,194.13,PGA,-2.4746138351817586,0.5228568455650807,0.2275324635262735,0.4707528640337004
KAU033,121.30415327080891,182.93,PGA,-2.529554553732516,0.5221394841200595,0.22699934193685986,0.4702137169813259
KAU034,108.86832940689311,1010.4,PGA,-3.1421644533829367,0.567668182370539,0.2599375638877203,0.5046579318270831
KAU037,136.63858595740618,283.21,PGA,-2.829586451173724,0.5474156647057357,0.24549442557043577,0.48928151097202127
KAU038,143.3217590914785,667.59,PGA,-3.2831899444218045,0.566486613118974,0.25910298387611225,0.5037585995191558
KAU039,152.7137646620572,464.82,PGA,-3.198035973438477,0.5627215387150256,0.2564372132024406,0.5008946853568843
KAU040,141.54082737203709,567.64,PGA,-3.185319492198965,0.5651106543544805,0.2581299030169252,0.5027116517780564
KAU042,160.2092768679782,806.48,PGA,-3.5435384018254377,0.56736379984956,0.25972265910304676,0.5044262302142644
KAU043,172.12019900001243,538.49,PGA,-3.4535091667050377,0.5651876408652191,0.2581843822919212,0.5027702200084359
KAU044,121.91611938734569,221.24,PGA,-2.5996893889151953,0.5328402222325743,0.234899731407096,0.47826856327144623
KAU046,162.89527803630148,204.23,PGA,-2.940466886444553,0.5389774189700625,0.23938296550955382,0.48290004554098154
KAU047,57.34078848787392,573.04,PGA,-2.206696327283861,0.5627715910948907,0.2564727161348129,0.5009327396187103
KAU048,94.06716422546164,295.66,PGA,-2.4227509071505207,0.5419655524355782,0.2415539285533684,0.48515807694733437
KAU050,41.405707951930495,665.2,PGA,-1.9687861694671716,0.5647362500427507,0.2578648987500695,0.5024268365692309
KAU051,125.39181021164151,1004.58,PGA,-3.3123589290899256,0.5676729996346195,0.25994096454383253,0.5046615989613126
KAU052,169.07733558731505,573.04,PGA,-3.455435060057505,0.5657001882643414,0.2585469812012504,0.5031601748092068
KAU054,35.06562470884893,497.22,PGA,-1.6828938586899242,0.5569098110133333,0.2523027204908089,0.49647948078026677
KAU057,114.76630263975981,535.13,PGA,-2.8865842887007003,0.5636613566978252,0.257103548206683,0.5016093006852712
KAU058,110.06905598566512,229.66,PGA,-2.5000353616417463,0.5317353228549224,0.23408900456174017,0.47743564122813675
KAU062,114.45650676026153,246.84,PGA,-2.5669253541197583,0.5367989321963943,0.23779539166841002,0.4812550730210089
KAU063,93.6060399190571,227.24,PGA,-2.3388050824967683,0.5264263197684999,0.23017757674042774,0.47343738055936324
KAU064,102.44159350370471,244.84,PGA,-2.448932408800249,0.5334546215865145,0.2353500679526053,0.4787318443624943
KAU066,101.67439153000315,214.97,PGA,-2.3973300189266697,0.5253107644848872,0.22935225682587893,0.47259807614142135
KAU069,71.14795101360905,500.15,PGA,-2.35080630464193,0.5603524246308117,0.254754740309253,0.49909404131846197
KAU073,110.99667430146175,216.33,PGA,-2.48921750513183,0.5285543515296659,0.2317486186427251,0.47503924077715354
KAU074,105.92197691458655,228.34,PGA,-2.457912421573268,0.530252536760489,0.23299922946181353,0.4763182883441857
KAU075,116.89998968320606,196.3,PGA,-2.512668329104919,0.5247319997592597,0.2289235900510462,0.47216274894308663
KAU077,83.2746332190764,665.2,PGA,-2.6382647752579103,0.5657004539012213,0.25854716907794817,0.5031603769235279
KAU078,89.35199696595875,531.85,PGA,-2.60505429522412,0.5626540139576005,0.256389314055539,0.5008433478251757
KAU081,162.4731162832657,295.0,PGA,-3.0867546300614537,0.5523860413989201,0.2490673260449786,0.49304746812976724
KAU082,169.92818795624305,573.04,PGA,-3.4634961230440813,0.5657138219069278,0.2585566237899569,0.5031705482148988
KAU083,111.33662490367176,202.14,PGA,-2.4704248946046308,0.5246602408935537,0.22887041828795684,0.4721087798454689
KAU085,88.81470945306066,260.75,PGA,-2.328354841904288,0.5336372889820319,0.23548389159194075,0.47886959915284627
KAU086,99.09116222127146,216.8,PGA,-2.374558436706944,0.525013090945639,0.229131823653206,0.4723741663698915
KAU087,113.8969815243451,276.11,PGA,-2.60126348876978,0.5423670058224827,0.24184502015408593,0.48546158986217913
KAU088,111.19576926643339,227.46,PGA,-2.507681367236002,0.5314949814734435,0.2339125038755226,0.4772544980009509
NCU,80.12485352707097,466.16,PGA,-2.443585801776397,0.5590580600629618,0.2538338304097182,0.4981107317262825
NSK,57.92066683550797,665.2,PGA,-2.285229986878571,0.5652034984744886,0.25819560337577024,0.5027822839810718
NST,37.88427385619578,491.08,PGA,-1.7919681024645016,0.5570224506396126,0.2523830854343558,0.4965649894054094
NSY,13.269189808642082,599.64,PGA,-1.0573024851468351,0.5609791997151791,0.25520024440875144,0.49957031313599515
PNG,110.99680090093074,465.86,PGA,-2.788877909972852,0.560901679437183,0.2551451591223824,0.49951140304488206
SGL,94.06716422546164,295.66,PGA,-2.4227509071505207,0.5419655524355782,0.2415539285533684,0.48515807694733437
SSD,86.12829009110234,535.13,PGA,-2.569873114394304,0.5626426888687818,0.2563812802132347,0.5008347377066766
STY,41.405707951930495,665.2,PGA,-1.9687861694671716,0.5647362500427507,0.2578648987500695,0.5024268365692309
TAI1,77.88051206740859,160.67,PGA,-2.0897481162853655,0.4946706995009221,0.2061556947179549,0.4496653538800704
TAP,99.45326800656716,235.82,PGA,-2.4042556401536475,0.530344475883759,0.23306685971356556,0.4763875544172792
TAP003,102.49615603578604,212.39,PGA,-2.4016063067812103,0.5248213841374728,0.2289898148351132,0.4722299757001385
TAP005,106.45776496285161,179.84,PGA,-2.3883016206533134,0.5157169054402969,0.22220263942127366,0.4653922147942911
TAP006,105.19861667361013,184.77,PGA,-2.3847731505228396,0.5169567749686562,0.22313201307485153,0.4663222189936463
TAP007,103.22929751249532,207.39,PGA,-2.401344285963121,0.5235718776345833,0.22806333966944664,0.4712903819818751
TAP008,103.88983230695109,194.14,PGA,-2.387446778000927,0.5196275516606299,0.2251284222554968,0.4683267939564971
TAP010,101.02607768818412,226.38,PGA,-2.4070630264964943,0.5283115747088822,0.23156960526592732,0.4748564392407051
TAP012,101.22135041662736,207.99,PGA,-2.382775929488255,0.5230820642490213,0.22769973254823128,0.47092215676954635
TAP013,101.93097443003171,205.11,PGA,-2.3854055090399178,0.5224370356314769,0.2272205362896599,0.4704373327953942
TAP014,102.68862503887601,188.98,PGA,-2.3679081800912796,0.5174549238783711,0.22350495026738995,0.46669597753992087
TAP017,98.95262064237038,217.83,PGA,-2.374623318684268,0.5252685582717044,0.229321007578482,0.4725663273996833
TAP020,100.10708960480885,218.5,PGA,-2.3869681998440866,0.525831013202503,0.22973730285672359,0.47298945667074754
TAP021,100.64194987891956,167.18,PGA,-2.312683746069813,0.508542632453247,0.21679177475204472,0.46001840769944957
TAP024,96.12094949935707,194.98,PGA,-2.3139155666774514,0.5170209672139405,0.22318008514763946,0.4663703787038055
TAP026,97.04891677159061,194.28,PGA,-2.3219198981280926,0.5171347430243228,0.22326527842117327,0.4664557405524648
TAP028,95.95079486383781,287.94,PGA,-2.4336917250642838,0.5409399862857482,0.2408096809099408,0.4843828716448157
TAP032,94.42845888739913,308.88,PGA,-2.441836672118864,0.5442916589977455,0.24323871171183722,0.48691717897326625
TAP034,91.89598828035317,538.69,PGA,-2.6403722533592076,0.5629922185232635,0.25662918967544535,0.5011004860547138
TAP035,89.039962013356,438.13,PGA,-2.516383748224956,0.5578404266161509,0.25296640685017735,0.4971860200896639
TAP036,87.5599551150271,671.52,PGA,-2.6946389647131586,0.5658590140735912,0.2586593051374995,0.5032810225650501
TAP041,111.82723819014045,363.56,PGA,-2.685989622552503,0.5537285497913864,0.25002909427535386,0.4940655410670917
TAP042,106.68190483381903,375.85,PGA,-2.6462434440741314,0.5543679956805192,0.25048671043957005,0.4945505864196292
TAP043,91.48433103527901,388.16,PGA,-2.4948521570631477,0.5539445796566926,0.25018372947004835,0.4942293990036282
TAP046,117.32193358845494,816.9,PGA,-3.1224106914223766,0.5672529230983384,0.259644360672679,0.5043418332187855
TAP047,85.80907617073753,403.2,PGA,-2.44497593348634,0.5547582549816426,0.25076584614823116,0.49484665491022445
TAP049,108.6027661355923,573.04,PGA,-2.8540394513356087,0.5644792334217482,0.2576829258036871,0.5022313358539628
TAP051,103.74251653105222,403.17,PGA,-2.6441217423665706,0.5564481777616684,0.25197326148681315,0.4961290658991665
TAP052,100.31096345926947,433.88,PGA,-2.6382289890861395,0.5583978356602738,0.25336363038849924,0.49760929821139605
TAP053,91.65600419476041,538.69,PGA,-2.637611767867441,0.562983245134737,0.2566228262276353,0.5010936632620495
TAP059,118.32453599408895,456.18,PGA,-2.8498028701456013,0.5607894017508228,0.2550653679111029,0.4994260818263494
TAP060,120.15382017573265,631.27,PGA,-3.022257090232054,0.5657819974573237,0.25860484001460426,0.5032224213683448
TAP065,121.46351678308714,1023.45,PGA,-3.2815721230946644,0.5676887001712281,0.2599520479310575,0.5046735509996018
TAP066,115.01873277372866,662.78,PGA,-2.992881566743474,0.5661222066212687,0.2588454008031821,0.5034812919193467
TAP067,96.47463981057544,807.68,PGA,-2.890429288353784,0.5671206411022617,0.25955093551512126,0.5042411461170793
TAP069,122.45755568413036,671.52,PGA,-3.076633529725678,0.5663080622391123,0.2589767853416467,0.5036227218971807
TAP072,100.78864973474847,671.52,PGA,-2.8461948212689885,0.5660455665204621,0.25879121573581915,0.5034229732893083
TAP075,108.27200165265872,856.38,PGA,-3.0505465746169214,0.5673635466674379,0.25972248032152834,0.5044260374947821
TAP077,117.94442647334881,1022.77,PGA,-3.244648099593149,0.5676862084428583,0.25995028897102623,0.5046716541674481
TAP078,118.90698625816037,671.52,PGA,-3.0399665894112493,0.5662681122711135,0.2589485460072571,0.503592320727608
TAP079,118.27326344912967,631.27,PGA,-3.002784956856781,0.5657533430202137,0.2585845749436925,0.5032006187791679
TAP081,122.7494636646256,671.52,PGA,-3.0796326537730163,0.566311298530592,0.25897907292334316,0.503625184667299
TAP083,121.86621664827865,435.22,PGA,-2.864804482765015,0.5598967611966525,0.25443068390837503,0.49874784238572695
TAP084,122.81401514518838,224.22,PGA,-2.6127421800024746,0.5337796513599261,0.23558816647977435,0.47897696397699796
TAP086,93.25545980723025,887.68,PGA,-2.901797786868195,0.5674169794615003,0.25976021028885243,0.5044667102316106
TAP087,103.15361263828753,573.04,PGA,-2.7952436638869167,0.5643388256027702,0.257583494953578,0.5021245395419485
TAP090,104.64066341996687,324.38,PGA,-2.567316737660758,0.5482776613422906,0.24611545436445234,0.4899342578856379
TAP094,108.94222775860766,416.34,PGA,-2.7125750841196954,0.5578494589623939,0.2529728453316498,0.49719287845809373
TAP095,108.81195663904354,206.24,PGA,-2.4530221014451246,0.5250522421344119,0.22916082085819914,0.47240361467072783
TAP097,98.42016825129102,237.23,PGA,-2.395743201895497,0.5304132458352179,0.23311744160050787,0.4764393663196662
TAP098,107.08953823454839,538.69,PGA,-2.8085814407538865,0.563521456391086,0.2570043973524024,0.5015029128077514
TAP100,99.46634920648815,236.32,PGA,-2.405056672612477,0.5304765468169884,0.23316399703030827,0.4764870588082397
TAP103,114.99244567347492,429.49,PGA,-2.788831033188294,0.5591323383318892,0.25388671030059023,0.4981671507649119
TAW,123.14546871727185,481.92,PGA,-2.9239309472177832,0.5621569307954243,0.25603660610630385,0.5004654545269802
TCU,8.966003941063503,472.81,PGA,-0.7654849850599033,0.5501039986042464,0.24742930338246674,0.49131776795476056
TCU003,85.87715173895934,517.33,PGA,-2.55956769055647,0.561973808254313,0.25590662669226716,0.50032625313773
TCU006,72.13607981372333,607.4,PGA,-2.461305918708062,0.564355567887936,0.25759535184469,0.502137273774936
TCU007,89.06974444890936,463.88,PGA,-2.544473187432775,0.5595056749350729,0.25415243426333206,0.4984507402367601
TCU008,84.7584785592634,441.58,PGA,-2.4760352604331546,0.5577877858441235,0.25292888200969155,0.49714604964961484
TCU009,81.06016716272919,460.1,PGA,-2.4491829059654386,0.5587450076461202,0.25361091948880826,0.49787296078970206
TCU010,81.66395774542653,446.15,PGA,-2.4444196536370115,0.5578687739671244,0.25298661334826467,0.49720754462714883
TCU011,76.57844520726454,471.07,PGA,-2.399315221272417,0.5590831086977205,0.25385166338039145,0.4981297576235689
TCU014,93.21256831945598,496.47,PGA,-2.623240627922886,0.5614173223495169,0.25551149050789385,0.4999032786975255
TCU015,49.226738245658176,426.0,PGA,-1.9698055185635954,0.5527080611562575,0.24929814506150505,0.49329163355565037
TCU017,53.6114321384972,558.76,PGA,-2.153312688825506,0.5621039497391702,0.2559990028635295,0.5004251800671647
TCU018,65.56957606032032,573.04,PGA,-2.3473699334168483,0.5631677750436425,0.2567536736491253,0.5012339712302879
TCU025,54.44992612807512,665.2,PGA,-2.2421018262156815,0.5651404934213241,0.25815101902739024,0.5027343519987646
TCU026,55.62700868478751,569.98,PGA,-2.192274380749858,0.562626507958101,0.2563698015700124,0.5008224358992711
TCU029,27.893894423621465,406.53,PGA,-1.479439595620932,0.5459532699868408,0.24443947624286516,0.48817447235946093
TCU031,30.15523078028506,489.22,PGA,-1.6006882875827873,0.5558806546920151,0.2515680148774137,0.49569833180217654
TCU033,40.407957354293515,423.4,PGA,-1.7986762636024798,0.5509889204629156,0.24806496795322688,0.4919883760285945
TCU034,35.21698353563212,393.77,PGA,-1.6611217642037885,0.545915831899347,0.24441244632940656,0.488146137542469
TCU036,19.699612049739354,478.07,PGA,-1.2542750561092606,0.5530608940606414,0.24955095958940676,0.49355918703551893
TCU038,25.342828155086934,297.86,PGA,-1.3507468484691234,0.5200586370212656,0.22544996073145057,0.46865051066504126
TCU039,19.708438206066337,540.66,PGA,-1.2952608485759731,0.5583109134142427,0.2533017023363506,0.4975432881980751
TCU040,22.125103547818437,362.03,PGA,-1.2760126960230505,0.535783364491892,0.23705387402841846,0.48048857892188274
TCU042,25.987540319450044,578.98,PGA,-1.5409689629348549,0.5611355513020664,0.2553113335783805,0.49968913324336256
TCU045,25.372624034032317,704.64,PGA,-1.6068248299577033,0.5650696312402331,0.25810087146753075,0.5026804435202091
TCU046,16.252239941167144,465.55,PGA,-1.1092429687229541,0.55094121117928,0.24803071253610545,0.4919522170033628
TCU047,34.3639015403997,520.37,PGA,-1.734348953713289,0.5586908303110139,0.2535723349707412,0.49783181377961
TCU048,15.724490368129416,551.21,PGA,-1.138850192228252,0.5585027781300512,0.2534383896882388,0.4976889950674192
TCU049,7.973343563390163,487.27,PGA,-0.7176246507947899,0.5515947035663424,0.24849976898886875,0.4924475421960394
TCU050,12.061398269660884,542.41,PGA,-0.9629987354800129,0.5573972805523809,0.25265044798185665,0.4968495541929737
TCU051,11.684106742389506,350.06,PGA,-0.8642699226439357,0.5278102299031899,0.23119975691918337,0.47447898919864595
TCU052,4.409004259240465,579.1,PGA,-0.5085211296774805,0.5588447225115672,0.2536819297844418,0.4979486945257234
TCU053,8.360955408325248,454.55,PGA,-0.724758624805559,0.547530967497034,0.2455775302332121,0.4893688149165146
TCU054,10.227617412004046,460.69,PGA,-0.8263387985461041,0.5488636576296249,0.24653730069070592,0.4903780929392243
TCU055,9.165535239523313,359.13,PGA,-0.7440095293555635,0.5289383427473863,0.2320316432246104,0.47532839907882485
TCU056,13.309665432524499,403.2,PGA,-0.9509551843949418,0.5406988802951386,0.24063458257321477,0.48420065760202274
TCU057,14.550574484923569,555.23,PGA,-1.0889944721467328,0.5586167937613218,0.25351960348857133,0.4977755848966245
TCU059,17.77385436882762,272.67,PGA,-1.109658272972545,0.5053555858809262,0.21436917818118306,0.4576353609883947
TCU060,9.40150493354199,375.42,PGA,-0.7572493977478255,0.5331727737321903,0.235143524465428,0.47851930948630905
TCU061,17.668321986901795,379.64,PGA,-1.1238304349280903,0.5377247683379507,0.23847060080251925,0.4819540424532076
TCU063,10.256304917085805,476.14,PGA,-0.8351370379417544,0.5508103196718495,0.24793672295344935,0.4918530163251106
TCU064,17.156230171822553,645.72,PGA,-1.2620855204758188,0.563145782863835,0.2567380805705599,0.5012172490470238
TCU065,1.5301625387352142,305.85,PGA,-0.33914447674808806,0.5062733791355396,0.21506806068264048,0.45832135417796743
TCU067,1.4845734764737275,433.63,PGA,-0.2955917437047323,0.5422035568245013,0.24172652049716134,0.4853380124423345
TCU068,0.649001480476048,487.34,PGA,-0.2085445763881139,0.5499215602790694,0.2472981768521282,0.4911795335571094
TCU070,20.340829249903962,401.26,PGA,-1.2334046938189465,0.542821900453112,0.24217469882627046,0.485805548403817
TCU071,10.01426691522794,624.85,PGA,-0.6975294808819078,0.5615431703757893,0.25560086884180944,0.49999892804185575
TCU072,12.748228787930415,468.14,PGA,-0.7366047527205302,0.5493949626332224,0.24691954154489576,0.49078056702564976
TCU074,22.222133630574767,549.43,PGA,-1.1611590422446132,0.5584544376026074,0.2534039536815042,0.4976522833632199
TCU075,2.71684542140007,573.02,PGA,-0.4322982592976226,0.558324046481046,0.2533110593874246,0.49755326154190765
TCU076,4.3340083071477284,614.98,PGA,-0.5644050730088688,0.5609096798048251,0.25515084431734303,0.49951748271997287
TCU078,17.667409336015933,443.04,PGA,-0.9356629895718553,0.5470647516342999,0.24524143898482337,0.48901582702950563
TCU079,21.222776888973897,363.99,PGA,-1.0311175138329176,0.5332817675483725,0.23522340577529266,0.47860149704633026
TCU081,54.870046821119146,430.47,PGA,-2.067953833989851,0.5539305370123974,0.2501736787512942,0.49421874741341726
TCU082,8.966003941063503,472.81,PGA,-0.7654849850599033,0.5501039986042464,0.24742930338246674,0.49131776795476056
TCU083,79.97899565103198,354.63,PGA,-2.3345008228379442,0.5487259338536056,0.24643818068164017,0.4902737741158859
TCU084,19.942894152069616,665.2,PGA,-1.1528281455304783,0.5635989444603017,0.25705931677366434,0.5015618385170697
TCU085,57.92066683550797,999.66,PGA,-2.48889889846724,0.5676039560382781,0.25989222303419424,0.5046090400663151
TCU087,7.308530515924621,538.69,PGA,-0.7057885718259365,0.5564120745208598,0.25194748864377015,0.49610166260425315
TCU088,20.395798012081535,665.2,PGA,-1.2128537701823847,0.563674126680865,0.2571125979349633,0.5016190118731244
TCU089,15.126942233893988,671.52,PGA,-0.9591614465614611,0.56356230119554,0.2570333464983074,0.5015339730433956
TCU092,88.45294085502088,422.28,PGA,-2.499945543011883,0.5566638044540855,0.2521271697939845,0.4962927376468163
TCU094,53.92101623044264,589.85,PGA,-2.180458207931601,0.56323656761696,0.2568024473503023,0.5012862796205673
TCU095,44.56466924675996,446.63,PGA,-1.8985655303292202,0.5540989978720373,0.2502942411434475,0.4943465305767015
TCU096,53.85469792017198,454.58,PGA,-2.0721043236096373,0.5559734149046611,0.25163426774412095,0.49576872972952873
TCU098,47.1372515839405,346.56,PGA,-1.8676510423041344,0.5410278519272445,0.24087347930059108,0.4844492785944015
TCU100,13.491602319643608,535.13,PGA,-1.0275235426702019,0.5570614029133792,0.25241087452245725,0.4965945600171539
TCU101,2.7276625208825007,389.41,PGA,-0.3771521990362392,0.5335409068320811,0.23541328500509906,0.4787969136349016
TCU102,1.9961663796457592,714.27,PGA,-0.4608204696966102,0.5643338495291391,0.25757997085941453,0.5021207547357909
TCU103,6.545253590327707,494.1,PGA,-0.6385755537985931,0.5520579623854556,0.24883208218686284,0.49279873042422845
TCU104,13.599900519557263,410.45,PGA,-0.9667875683763397,0.5421309407155716,0.2416738670261384,0.4852831120879676
TCU105,17.911571028764843,575.54,PGA,-1.247216882848632,0.5602035183283327,0.2546488582532307,0.4989809023778051
TCU106,15.67278608418154,451.37,PGA,-1.0768543014082868,0.5490363729184199,0.24666158298069946,0.49050892170160343
TCU107,16.73758483873565,409.0,PGA,-1.0998023486245976,0.5429548164367144,0.24227099530029567,0.4859060583364137
TCU109,13.739015155167076,535.13,PGA,-1.0391038684124068,0.5570977695477993,0.25243681797233664,0.49662216801823733
TCU110,12.337401625868438,212.72,PGA,-0.9524318905295198,0.4681494054421997,0.1850565334512618,0.4300208660552265
TCU111,22.753679890361862,237.53,PGA,-1.2703678460195913,0.49368370317915555,0.2053894835653363,0.44893068376470885
TCU112,28.530660346449324,190.54,PGA,-1.4209848067590076,0.4736038024429353,0.189489721419874,0.4340440152388067
TCU113,31.866925843887017,230.3,PGA,-1.49687228295107,0.4980902103261158,0.20880020015496453,0.4522127088417142
TCU115,22.519806127058114,215.34,PGA,-1.2688003240823784,0.48170855415467057,0.19598248797793447,0.44003862961308515
TCU116,15.552380292106827,493.09,PGA,-1.0953376129128978,0.5537670056838514,0.2500566237666602,0.49409470903307356
TCU117,26.02127503510998,198.58,PGA,-1.3623207639697799,0.4757348786365418,0.19120754337562065,0.43561835373131985
TCU118,27.553377287252555,236.19,PGA,-1.3972826526166748,0.4973048738159924,0.20819421946093827,0.45162739565286647
TCU119,38.709117009183,221.7,PGA,-1.6317610963346323,0.4993026092989546,0.20973413902862245,0.4531166368372132
TCU120,8.190427877741287,459.34,PGA,-0.7173474814722842,0.5481531876145288,0.24602581331955334,0.4898399904789534
TCU122,14.73072540652075,475.46,PGA,-1.0490744469157804,0.5517408957465435,0.24860465604501975,0.49255836307176387
TCU123,16.255745645165277,270.22,PGA,-1.056504799691592,0.5030348509931034,0.21259744600158084,0.45590172983578237
TCU128,13.269189808642082,599.64,PGA,-1.0573024851468351,0.5609791997151791,0.25520024440875144,0.49957031313599515
TCU129,6.355595224258387,511.18,PGA,-0.6353727368343657,0.5538026772115908,0.2500821590092356,0.49412176538987324
TCU136,8.87050666409296,462.1,PGA,-0.7555616871334205,0.548703046457114,0.2464217071355436,0.4902564384520842
TCU138,10.62709176562196,652.85,PGA,-0.9580364455860366,0.5629657439065898,0.2566104151293199,0.5010803564893141
TCU140,33.698793168228846,223.6,PGA,-1.5342934337221252,0.4963913580114918,0.20748831539717066,0.45094675881099006
TCU141,27.08308313875785,223.04,PGA,-1.3851860183909324,0.4904156403396289,0.20284288992418098,0.4465000137703636
TCU145,36.03895088690123,240.43,PGA,-1.5880624572811795,0.5056441185928509,0.21458899903311413,0.4578509977727549
TCU147,72.40184826834715,537.92,PGA,-2.406068775685315,0.5621731025348013,0.2560480835852673,0.5004777478628958
TTN,83.21058040106071,298.72,PGA,-2.3065430908529057,0.5402736018969503,0.24032561238422545,0.4838792875695872
TTN001,55.943705673847546,484.6,PGA,-2.1121592822012163,0.5582990989328838,0.25329328464412404,0.4975343162269921
TTN002,68.37147822691496,667.36,PGA,-2.444724050689078,0.5654669220359493,0.25838198060136297,0.5029826955446154
TTN003,95.02819768257147,506.64,PGA,-2.6480038584127548,0.5619207960718368,0.255868994507894,0.5002859569361567
TTN004,66.76657920094912,463.59,PGA,-2.2586473402187397,0.5578085380077453,0.25294367537863394,0.4971618068197582
TTN005,82.74873732730376,407.59,PGA,-2.4131272271164126,0.5548412186111433,0.25082517172730295,0.4949095989146578
TTN006,81.1387708588908,283.21,PGA,-2.2659145083372456,0.5366539770388854,0.23768960824927682,0.48114565487174243
TTN007,81.9983553609081,282.7,PGA,-2.275172266178516,0.5367565432033994,0.2377644595146899,0.48122307557238986
TTN008,82.7187919705734,292.61,PGA,-2.2942632272228396,0.5389743044077021,0.23938069871108125,0.4828976929913425
TTN009,83.68450130501424,313.96,PGA,-2.3284520071271113,0.5431220270277662,0.24239211704575428,0.48603250697543576
TTN010,83.81152591090317,311.34,PGA,-2.3270860899512007,0.5426952558685537,0.2420829322362861,0.48570978440022883
TTN012,81.57676615324058,288.3,PGA,-2.276498986280319,0.5378334327538371,0.2385498002340297,0.4820360922131046
TTN013,81.26976308172648,297.76,PGA,-2.2832292929366176,0.5396606603176275,0.23988003114734185,0.48341617572357676
TTN014,63.02404599943716,533.97,PGA,-2.26411499365483,0.5615056097156593,0.2555741941181376,0.4999703801656843
TTN015,83.21058040106071,487.91,PGA,-2.49361611477088,0.5604436171295601,0.2548195762662024,0.49916333151863035
TTN016,123.14546871727185,826.15,PGA,-3.18854888984472,0.5673089444173999,0.2596839225862031,0.5043844751439395
TTN018,74.43304938901571,573.04,PGA,-2.455270524121435,0.5634641549752841,0.2569637824659773,0.5014593387731341
TTN020,50.35796250220993,453.71,PGA,-1.9898141993190077,0.5553468961771321,0.25118665987229816,0.49529328381856
TTN022,53.02499720160041,398.81,PGA,-1.9906760668275254,0.5499962714664584,0.24735187824759505,0.4912361417428416
TTN023,54.09146602124198,527.54,PGA,-2.116160362641651,0.5606514052937878,0.25496728709740646,0.4993212200258344
TTN024,59.92050910835589,671.52,PGA,-2.3218204738919734,0.5653629374314397,0.2583084151888858,0.502903582870228
TTN025,65.75784285873038,704.96,PGA,-2.433864576648466,0.5659787354926817,0.25874396247682163,0.5033721197202802
TTN026,70.29054746653149,573.04,PGA,-2.399663981973637,0.5633123447984192,0.25685616928862753,0.5013439000333654
TTN027,76.08977283968429,428.95,PGA,-2.3516030468997764,0.5560224726166461,0.25166930404193993,0.4958059614988251
TTN028,78.48198120220177,616.17,PGA,-2.5415779794730105,0.5647087113452625,0.2578454029791875,0.5024058885320986
TTN031,55.63093116970684,510.62,PGA,-2.1284738714896756,0.5598637301557899,0.25440718727048767,0.4987227480364959
TTN032,57.234125398309374,734.26,PGA,-2.3217868623555464,0.5662118472240508,0.2589087722292515,0.5035495046165902
TTN033,58.96031847975615,670.8,PGA,-2.306031497152751,0.5653290511079009,0.2582844402160327,0.5028778022232143
TTN036,79.85049273122117,538.69,PGA,-2.4963795214443185,0.562512810184171,0.2562891398500497,0.5007359967250355
TTN040,47.98883144575936,728.01,PGA,-2.1514319498584626,0.5659844172824313,0.25874797993725757,0.5033764431168009
TTN041,45.1590519289211,418.24,PGA,-1.8616210168160423,0.5509671689441248,0.24804935051251384,0.4919718904212148
TTN042,64.91469915710697,845.34,PGA,-2.511994265586055,0.567146846063235,0.25956944390646697,0.5042610918855055
TTN044,58.77993734254324,419.63,PGA,-2.1020595638983663,0.553213073896325,0.24965997137893384,0.4936745930477795
TTN045,61.00750348291904,539.98,PGA,-2.238453918993975,0.5616574947338497,0.25568205324236176,0.5000858216751146
TTN046,65.63785661871987,528.12,PGA,-2.2976531394569126,0.5613889928491508,0.2554913691084418,0.4998817476196524
TTN047,73.91058687727796,573.04,PGA,-2.448385423320835,0.563445471878209,0.2569505395083382,0.5014451316210294
TTN048,79.66111305108983,373.54,PGA,-2.3425305059925297,0.5509555378522789,0.24804099931817625,0.49196307518688276
TTN050,89.29934402229367,573.04,PGA,-2.6390042098551603,0.5639493563017474,0.2573076178701269,0.5018283234923633
TTN051,36.67924057370646,665.2,PGA,-1.8528578632354746,0.5645646195782398,0.25774338598457663,0.5022962837417058
WGK,10.40266620061039,258.89,PGA,-0.8330067393220132,0.492344647254089,0.20434783709676205,0.4479343848753169
WNT,6.355595224258387,511.18,PGA,-0.6353727368343657,0.5538026772115908,0.2500821590092356,0.49412176538987324
WTC,43.046970143373564,207.69,PGA,-1.7007741028249113,0.4958465141434524,0.20706677095253742,0.45054091707136024
ALS,21.15138156147171,553.43,PGV,3.250488822924874,0.5413529430446037,0.25523783616947227,0.4774061750025648
CHK,63.02404599943716,424.57,PGV,2.4781915530297027,0.5374845748043156,0.25248096505068657,0.4744923923938611
CHY002,25.505683407066318,235.13,PGV,3.481172325717016,0.49623596780905677,0.22236361122625656,0.44362659991236936
CHY004,48.07893833473184,271.3,PGV,2.9422192861557908,0.5152928605265273,0.23645472896464093,0.45783828286838285
CHY006,10.589594525139994,438.19,PGV,3.8414570216354385,0.5343829265575213,0.25026306185278785,0.4721583548643918
CHY008,41.23915234428305,210.73,PGV,3.1683511471516677,0.49343302613064266,0.22026165491959637,0.4415438309483263
CHY010,20.724953105809405,538.69,PGV,3.214369952528487,0.5409333571165522,0.25493929932083514,0.4770899815581806
CHY012,59.82694761124689,198.4,PGV,2.9440002560597063,0.4947143212867543,0.22122351219899772,0.4424956692856483
CHY014,37.42185396368311,347.63,PGV,3.008376607907812,0.5278412178975173,0.24556266890281675,0.46724225724227886
CHY015,38.851553931384295,228.66,PGV,3.177888752839171,0.4996129472540914,0.2248855133770309,0.4461385467958006
CHY016,67.39311492490651,200.86,PGV,2.8631282797518036,0.49772611453868293,0.22347783973796573,0.4447346852223539
CHY017,59.79653364012802,190.57,PGV,2.9625939095790077,0.49137801336531073,0.21871539865354134,0.44001809782173956
CHY019,52.664018987304125,497.53,PGV,2.4954599782014264,0.5406674374361892,0.2547500354181486,0.4768896070981916
CHY022,67.37194759211643,564.07,PGV,2.2231296182804745,0.5427226601225258,0.25621157752660634,0.47843862025530337
CHY023,82.48037770558093,279.78,PGV,2.557704309538626,0.5221263587312669,0.24143015120982306,0.462955091308837
CHY024,11.325693557566668,427.73,PGV,3.812360735845416,0.533505434311896,0.24963436092373031,0.47149839266589816
CHY025,20.997755926782464,277.5,PGV,3.5694364324167855,0.5089112107609293,0.23177287013901277,0.4530694837502072
CHY026,30.210404768019664,226.01,PGV,3.3685109553705006,0.49486703628891976,0.2213380411767905,0.44260914488225434
CHY027,42.57072697901259,210.01,PGV,3.1473546199161824,0.49366795041771483,0.22043813777117763,0.44171831825904917
CHY028,3.81905953609022,542.61,PGV,4.180212798487265,0.5402491155846373,0.25445220553444076,0.4765744243962757
CHY029,11.759168799911324,544.74,PGV,3.6358942751422685,0.5407216197240847,0.2547886026126154,0.4769304330987365
CHY032,36.21575834030445,192.71,PGV,3.2931434781592053,0.48273581171000596,0.2121624648658092,0.4336138286648416
CHY033,44.61021757313737,197.63,PGV,3.139488429539326,0.4890776374882823,0.21697919587764386,0.4383114920321058
CHY034,15.559574786944564,378.75,PGV,3.657367670580038,0.528492189655009,0.24603181922261186,0.4677310535514593
CHY035,13.44254351914465,573.04,PGV,3.509607072541904,0.5416903733237464,0.255477833579097,0.47766048308537196
CHY036,16.839316616786387,233.14,PGV,3.7801974644596017,0.49056072629923025,0.218099204276119,0.4394116103169692
CHY039,32.69010874984208,201.21,PGV,3.3509160723592464,0.48503498590914,0.21391397530181377,0.43531568858295777
CHY041,21.610943270708972,492.26,PGV,3.247742984743904,0.5390407090908502,0.25359119954130116,0.47566415628294995
CHY042,30.629771574103184,665.2,PGV,2.7320004634266275,0.5437266032207243,0.2569244992663991,0.47919559756602215
CHY044,55.933003322544856,194.47,PGV,2.9961550906911922,0.49184947323885353,0.21907053310445518,0.44036803454686346
CHY046,24.881430138705287,442.15,PGV,3.1925770782088687,0.5362574153022105,0.25160426134608194,0.47356869738096075
CHY047,24.93307771977854,169.52,PGV,3.5839323995514145,0.46158541782653184,0.19574002358727693,0.41802744062578745
CHY050,45.48094043081733,538.93,PGV,2.55111526230184,0.5417807590371869,0.25554210755222845,0.47772860719311727
CHY052,40.52523944488567,573.04,PGV,2.6005810388381154,0.542484592734903,0.25604242320624987,0.47825914614717535
CHY054,49.228155688795745,172.1,PGV,3.128979590727152,0.47842099409969124,0.20885870392022618,0.4304238485401338
CHY055,55.04100932988003,225.77,PGV,2.938314503277484,0.5036675251469797,0.22789874521171938,0.44915825475950816
CHY057,58.30189007907089,411.46,PGV,2.55217793872761,0.5363920074271532,0.25170046737792895,0.47366999097838497
CHY058,60.47926509005612,269.28,PGV,2.7846413578261284,0.5171037299210579,0.23777693459514834,0.45919320211954895
CHY059,74.0105222831666,191.09,PGV,2.8297000372017225,0.4954482493711194,0.22177370496196144,0.44304107212802724
CHY060,69.53930995385498,228.92,PGV,2.778086032797639,0.5078992908459998,0.23102719680530068,0.4523141872395276
CHY061,62.41616207975734,538.69,PGV,2.3143107720020994,0.5421043634889832,0.2557721805617568,0.47797252281326763
CHY062,59.70708366780761,602.63,PGV,2.258614729441203,0.5432800064194568,0.25660744311033057,0.47885883673114304
CHY063,73.64708029924377,246.88,PGV,2.7020897044292487,0.513660361264353,0.23526039803045629,0.4566174677481983
CHY065,85.87815923556157,250.0,PGV,2.5980672369534044,0.5161064584468315,0.23704911557836594,0.4584469361377012
CHY066,90.36922111828896,211.97,PGV,2.6559516583892506,0.5061725284772376,0.2297526267972407,0.45102589622416106
CHY067,84.21459469490114,227.97,PGV,2.6598336903245583,0.5100965400703871,0.23264516495895002,0.45395452130472597
CHY069,86.69064381036402,224.42,PGV,2.6504696031545634,0.5094337981286422,0.23215760080851228,0.45345963774365816
CHY070,84.43554371983527,265.45,PGV,2.5732594813185097,0.5194493837099928,0.2394855880913442,0.4609493630901711
CHY071,79.42270364079795,202.95,PGV,2.756845844891509,0.5011684750662009,0.22604339669001483,0.44729657187711797
CHY074,21.15138156147171,553.43,PGV,3.2418408388392415,0.5413529430446037,0.25523783616947227,0.4774061750025648
CHY076,42.877573217177414,169.84,PGV,3.2231672223468752,0.4740293435155445,0.20547277333897493,0.427182347399993
CHY078,77.88051206740859,160.67,PGV,2.88249039295676,0.4826193259019514,0.2120735634985809,0.4335276431775341
CHY079,50.68613779255426,573.04,PGV,2.422046875134889,0.542667340995986,0.2561722749018018,0.478396915286135
CHY080,4.988369897004964,496.21,PGV,4.190195234516226,0.538022472674971,0.25286491994811783,0.47489737140030786
CHY081,43.161132192340126,573.04,PGV,2.5488987209965535,0.5425369888557701,0.2560796555068038,0.4782986455262054
CHY082,36.69569501183828,193.69,PGV,3.282179722510052,0.4834833014404103,0.2127325701386313,0.43416696831280355
CHY086,31.247850964812436,665.2,PGV,2.715983134866635,0.5437335147076873,0.25692940496689937,0.4792008095566302
CHY087,29.89661912611536,505.2,PGV,2.94920588160938,0.5401067729161148,0.25435083584695356,0.4764671850755471
CHY088,38.170938955225544,318.52,PGV,3.032854168915885,0.5233349386838406,0.24230620440355252,0.46386114447619237
CHY090,59.17740188206011,180.33,PGV,2.993581989011506,0.48649797631589403,0.21502534619217512,0.43639933713789647
CHY092,24.650496063812138,253.72,PGV,3.480476964382054,0.5027729579322054,0.2272352808037036,0.44849166590468686
CHY093,50.52955404993735,190.49,PGV,3.0711131623991137,0.4881557121086187,0.21628176631874352,0.43762792052417887
CHY094,37.57279552970941,221.92,PGV,3.214496694411766,0.49650997106476624,0.22256865934817965,0.4438303090626968
CHY096,83.07046778565815,293.61,PGV,2.5239804912893153,0.5246745468074174,0.24327590166930638,0.46486580400644095
CHY099,65.94429160338161,228.84,PGV,2.812560609621034,0.5071668788652515,0.23048691459433132,0.4517676673011318
CHY100,54.13764361475702,230.11,PGV,2.940403183895552,0.5048919057405414,0.22880560187054216,0.4500709200059195
CHY101,10.40266620061039,258.89,PGV,4.055133019903514,0.4976137564021465,0.22339390361708805,0.444651115356044
CHY102,42.67253817797281,804.36,PGV,2.307038902988139,0.5446330212130436,0.2575675986457313,0.4798792138898277
CHY104,18.66688688746901,223.24,PGV,3.7202395417680236,0.4871673993129888,0.2155330777096507,0.43689537347789204
CHY107,51.35844504410688,175.68,PGV,3.0937806413868234,0.4812372816703744,0.21101758203549104,0.4325053772398513
CHY109,43.43968322952119,573.04,PGV,2.543779373197041,0.542542204197108,0.25608336139077714,0.47830257719759056
CHY110,43.43968322952119,573.04,PGV,2.543779373197041,0.542542204197108,0.25608336139077714,0.47830257719759056
CHY116,82.01615041444819,195.38,PGV,2.7566570981450904,0.4988914781553429,0.2243476750411287,0.44560164685474746
ENA,65.88362730496057,665.2,PGV,2.1144031201073235,0.5440101060904886,0.25712570093208137,0.4794093964961164
ESL,43.897780904479816,493.29,PGV,2.6529648612053602,0.54020225496485,0.25441883513721963,0.4765391196916881
HEN,162.89527803630148,204.23,PGV,2.2965566078442716,0.5127764639009016,0.234612794430025,0.455956728890415
HSN,54.870046821119146,321.49,PGV,2.752093933323542,0.5263244676173228,0.24446832134693372,0.466103727801517
HWA,54.910390623144146,260.38,PGV,2.874957151984006,0.5138395103382226,0.235391573407437,0.45675140892327376
HWA002,56.44202545573511,789.18,PGV,2.097022439494803,0.5446208756325843,0.2575589849546061,0.4798700526642144
HWA003,55.34036308551032,1525.85,PGV,1.8286589649774325,0.5449607656189572,0.2578,0.4801264375807689
HWA005,48.52595230785456,459.32,PGV,2.6221539662372257,0.5388382190768595,0.2534468255638062,0.47551165385251204
HWA006,49.18260421653337,559.11,PGV,2.469535897762662,0.5423448818163042,0.2559431367587712,0.478153826271862
HWA007,55.59377109620273,358.72,PGV,2.681817305341072,0.5313449018937055,0.2480840403101619,0.4698741466731464
HWA009,55.351901573503156,373.23,PGV,2.65983059737746,0.5328893276793744,0.24919260760416787,0.4710351153258224
HWA011,52.50669252247871,355.76,PGV,2.7298097920872406,0.530715095485386,0.24763147686427486,0.4694008566695213
HWA012,55.940482597974515,414.42,PGV,2.5828443216009234,0.5364591844330839,0.2517484805670296,0.4737205495804478
HWA013,53.649974548577966,330.55,PGV,2.758530381471191,0.5274941998402957,0.24531244578486291,0.4669817285592687
HWA014,54.562707264600675,277.28,PGV,2.8461893676261596,0.517861215995614,0.23832920576287378,0.45976018608932817
HWA015,50.48367897862757,453.05,PGV,2.600526500407623,0.5385950820602787,0.25327343355851484,0.47532854981896355
HWA016,51.54840213276211,576.55,PGV,2.4093573177775265,0.5427430154997896,0.2562260389189155,0.47845396628487397
HWA017,50.52422325112912,578.11,PGV,2.423177592755912,0.5427565698974913,0.2562356684319736,0.4784641850652043
HWA019,54.910390623144146,494.82,PGV,2.472889734016509,0.5406215738122113,0.2547173879431685,0.47685504962263076
HWA020,43.897780904479816,626.43,PGV,2.4766604388520155,0.5434273474150054,0.2567120606011895,0.4789699362803475
HWA022,61.14643046699228,567.64,PGV,2.290422410452245,0.5427107181556347,0.25620309327890717,0.47842961718033755
HWA023,50.46681972096665,671.52,PGV,2.3100851445879114,0.5439696911493765,0.2570970217093164,0.4793789172641486
HWA024,42.66088086872478,671.52,PGV,2.447415896210304,0.5439092467382294,0.25705412719364545,0.4793333332661742
HWA025,52.97661131498272,494.32,PGV,2.5012394532303617,0.5405468791061808,0.2546642143765326,0.4767987693224632
HWA026,51.216871807519986,457.49,PGV,2.582458332500013,0.5388607795825229,0.2534629124331324,0.47552864455592847
HWA027,50.999260902587345,437.8,PGV,2.616248049394569,0.5377464586933226,0.25266792433168855,0.4746895552370259
HWA028,53.17903686421587,406.7,PGV,2.633839512118008,0.5357219466628147,0.25122138467592325,0.4731657426501917
HWA029,53.68312510210313,614.05,PGV,2.330011381021016,0.5433733724087526,0.25667373803109583,0.47892923699436574
HWA030,46.3240822341362,592.18,PGV,2.47488211978505,0.5429445702313822,0.2563692178599831,0.4786059239892469
HWA031,50.812995101814906,602.29,PGV,2.38779465707268,0.5431708304934768,0.2565299150018048,0.4787765176030881
HWA032,47.149347167648216,573.04,PGV,2.485153538292504,0.5426022200498649,0.2561260057769539,0.4783478215355285
HWA033,53.337780221409545,395.57,PGV,2.64995959622242,0.5348247352105754,0.25057939958574627,0.4724907003278572
HWA034,43.827097965114945,379.18,PGV,2.8316325782568734,0.5324889719962208,0.24890540333157937,0.47073411336967685
HWA035,47.804623815661444,677.49,PGV,2.3467435987788225,0.5440011359883201,0.25711933566657863,0.4794026315978668
HWA036,43.05936412870529,503.04,PGV,2.654924110761652,0.5405497809559211,0.254666280211512,0.4768009557611288
HWA037,45.498025716459686,469.64,PGV,2.658357754576673,0.5392207680764977,0.25371955687217834,0.4757997721579883
HWA038,41.859772602007936,642.73,PGV,2.496889786206833,0.5436050187707429,0.2568381947850739,0.47910391162281707
HWA039,45.291665715542166,459.67,PGV,2.677001003830754,0.5387062271119857,0.25335270113674285,0.4754122505320478
HWA041,47.47960397850945,484.97,PGV,2.6013003491530537,0.5399937778007633,0.25427035634773537,0.4763820587997996
HWA043,57.422369838378636,543.06,PGV,2.370679514359933,0.5421242383880677,0.2557863087461769,0.4779875041314866
HWA044,58.67615362772547,534.41,PGV,2.3662667351070974,0.5419317531512149,0.25564946848519543,0.47784241579916953
HWA045,62.479427036765046,484.45,PGV,2.3913394565349932,0.5404388683490319,0.25458731718226413,0.47671738834693184
HWA046,51.02049634079368,617.52,PGV,2.3656261689180544,0.543391493225447,0.25668660413044053,0.47894290074054074
HWA048,50.7224249000127,345.89,PGV,2.7733604003501258,0.529293730096263,0.24660904888959612,0.46833303292100215
HWA049,50.09848662493223,508.61,PGV,2.5243842760244712,0.540971374029232,0.25496635334653717,0.4771186290433899
HWA050,52.588798916808756,313.9,PGV,2.8037925513212003,0.5247381776221123,0.2433219272739063,0.46491353471574404
HWA051,52.76943285780981,440.5,PGV,2.5855933478946396,0.5379941986442471,0.25284474272792823,0.4748760826254713
HWA053,41.01531883433213,843.24,PGV,2.3029367455279695,0.5447279983249185,0.2576349534601503,0.47995085468687154
HWA054,42.366722327932806,452.83,PGV,2.7420555920758436,0.5381783316776549,0.2529761358759719,0.47501472752390084
HWA055,46.95869477154732,369.75,PGV,2.791881873040433,0.5317849189784309,0.24840005433640305,0.4702048628614642
HWA056,40.36324611604254,511.3,PGV,2.6799692144591294,0.5407550109053564,0.25481236962180914,0.47695559343294286
HWA057,49.81118228871056,671.52,PGV,2.320505476027864,0.543965066890615,0.257093740177873,0.4793754298654276
HWA058,45.22518970943778,529.54,PGV,2.57738736491888,0.5414970660161287,0.25534035298638136,0.4775147920649849
HWA059,48.38288493912992,208.56,PGV,3.069031074043644,0.49505341159270183,0.22147778138578286,0.44274763995080135
HWA060,56.69388929890098,573.04,PGV,2.34024959654559,0.5427523462039526,0.25623266778698134,0.47846100078131937
HWA2,54.910390623144146,260.38,PGV,2.874957151984006,0.5138395103382226,0.235391573407437,0.45675140892327376
ILA001,102.14533163111949,909.09,PGV,1.5612042449195414,0.5448721265867448,0.2577371535418609,0.48005957340240685
ILA002,96.5430887001664,219.78,PGV,2.5971101270897585,0.5094611077320825,0.23217769955363263,0.4534800283602175
ILA003,91.77508445604383,263.82,PGV,2.5253010789745653,0.5198661215321269,0.23978868539031087,0.4612614992340491
ILA004,87.85445904337864,124.27,PGV,2.9381606606965773,0.4647910839673717,0.19826790512809345,0.4203814809570965
ILA005,86.15882510967322,239.33,PGV,2.6213281325757682,0.5134524386679318,0.23510811993226763,0.45646202330091024
ILA006,84.0230749317769,279.41,PGV,2.5485272221364506,0.522185193551913,0.2414728249288738,0.46299919134456197
ILA007,83.01426463964907,496.27,PGV,2.1722430765440177,0.5412751748738099,0.25518251274360076,0.47734756742287426
ILA008,83.77120048773067,299.28,PGV,2.5090900916616405,0.5256499113042037,0.2439810625740944,0.4655975411869494
ILA010,79.14352703450395,573.04,PGV,2.097853327462621,0.543005567320314,0.25641254323030643,0.47865191299630505
ILA012,87.16828457720456,259.21,PGV,2.568665606614857,0.5183718008946693,0.23870119912509888,0.4601424360988916
ILA013,83.10768677806287,199.48,PGV,2.7408463060261736,0.500560005164355,0.22559075118688418,0.4468435204286579
ILA014,79.65880504821489,300.77,PGV,2.5393485016578943,0.5255298062007145,0.2438942694274019,0.4655074248020481
ILA015,84.4098971671404,782.59,PGV,1.8107260891842403,0.54464974383571,0.25757945823528905,0.47989182755650206
ILA016,81.37675877808526,271.1,PGV,2.5871231467183087,0.5202577771139366,0.24007341249159272,0.46155488434440395
ILA021,75.9361246011624,573.04,PGV,2.1268501710513976,0.5429753321044815,0.256391067890489,0.4786291169370565
ILA024,66.86639827014352,671.52,PGV,2.0962977915303935,0.5440653293827558,0.25716488672000204,0.4794510440854781
ILA027,82.20017425265452,215.0,PGV,2.7087838266887854,0.5057384148337283,0.22943176761861736,0.4507021280690041
ILA030,84.59458810632478,200.98,PGV,2.7261790076613828,0.5013897121687727,0.2262078882427118,0.4474613220888008
ILA031,82.26156099466952,649.25,PGV,1.9752682190312472,0.5439560822075967,0.257087364300938,0.47936865405180024
ILA032,83.16745823634133,295.48,PGV,2.5216498784671724,0.5249722148779533,0.24349118483800666,0.4650890982382275
ILA035,92.41248666952322,293.01,PGV,2.457689467975784,0.5253487129711438,0.2437633827193689,0.46537155420765436
ILA036,88.96142770127999,181.0,PGV,2.7492293708935813,0.4945586808168219,0.2211067646201419,0.4423800260076039
ILA037,83.10530005645415,210.17,PGV,2.7138986848812348,0.504305655871515,0.22837156134345463,0.449633878298279
ILA039,85.105398122443,227.18,PGV,2.657694184055969,0.5099506687462392,0.2325378841164126,0.4538455871829079
ILA041,86.92925202295595,196.88,PGV,2.7202340103014704,0.5003434926795756,0.22542959949390978,0.446682332691603
ILA042,84.64451794546719,209.36,PGV,2.7045922030189775,0.5043082797605979,0.22837350469975123,0.44963583418834197
ILA043,76.15127489591175,573.04,PGV,2.1248600616864355,0.542977408712664,0.2563925428741521,0.4786306826049134
ILA044,79.50525087467304,158.13,PGV,2.880627385164405,0.4816882124999309,0.2113623724424705,0.43283886329310695
ILA046,78.60335463818913,396.93,PGV,2.368835181275969,0.5362548943072397,0.2516024592261441,0.47356680012414865
ILA048,87.92935080981664,199.59,PGV,2.706209181309106,0.5015127986531356,0.22629938366852642,0.44755298699053003
ILA049,86.95811873375148,190.0,PGV,2.7382546932781597,0.4977516843853316,0.22349693970171733,0.4447537040344934
ILA050,65.88362730496057,621.06,PGV,2.1672128280077585,0.543572346793569,0.25681500153110554,0.47907927442882176
ILA051,78.04823034364469,520.64,PGV,2.1795877733623943,0.5418931722903229,0.25562203788448,0.4778133358568542
ILA052,84.06986671281122,612.47,PGV,2.005073237468748,0.5435951813629492,0.25683121145841253,0.4790964934351135
ILA054,114.92568764400566,677.3,PGV,1.7059167624153129,0.5442687305779277,0.2573092005907688,0.47960444782784106
ILA055,89.2530675683504,266.77,PGV,2.5367130298125105,0.5202166762444221,0.240043538637798,0.4615240944967423
ILA056,90.99352301582981,223.71,PGV,2.624253338217856,0.5098178602096858,0.23244019392114348,0.45374641248023545
ILA059,85.27547272039952,236.84,PGV,2.63364804831931,0.5126706252015681,0.23453520478915862,0.4558776235560089
ILA061,77.51126528132811,497.73,PGV,2.2176550512440096,0.5412262079205464,0.25514767611309463,0.47731066561951235
ILA062,72.19750000793086,447.51,PGV,2.3442639575296726,0.5390981808673083,0.25363217142552463,0.47570744185099145
ILA063,60.16791606248126,996.51,PGV,1.8647334477741517,0.5449194429825456,0.2577707022399707,0.48009526597032814
ILA064,71.3059446511398,488.61,PGV,2.2898474703127594,0.5408004160738427,0.2548446866852214,0.4769898066981649
ILA066,69.33530918828765,481.17,PGV,2.320916722897039,0.5404843483899741,0.25461969720683564,0.476751655108647
ILA067,38.0530901443823,665.2,PGV,2.5521073732379973,0.5438059995309623,0.25698085204371834,0.4792554713394032
KAU001,47.872270820263516,573.04,PGV,2.472855589910398,0.542614872055513,0.25613499538109513,0.4783573596349774
KAU003,115.67129144447121,913.77,PGV,1.470745720407881,0.5448803722974098,0.2577430000946522,0.48006579342541383
KAU006,115.55793209386754,218.49,PGV,2.487421461512998,0.5115444891105532,0.23370904231081835,0.4550360951414041
KAU007,108.23991364360973,290.86,PGV,2.3586029926497574,0.5261908084739622,0.24437180161745287,0.4660034221942176
KAU008,109.31472860629879,285.94,PGV,2.3627695065399337,0.5254795928409741,0.24385797980416912,0.4654697500140534
KAU010,100.62762664372208,215.36,PGV,2.5824303118947,0.5087230963035652,0.2316343199873739,0.45292905682531925
KAU011,104.19724162361148,155.32,PGV,2.7341088737334784,0.48639998649357474,0.21495098273427773,0.4363267375287904
KAU012,87.20034181709256,516.18,PGV,2.109227076594098,0.5419046242697706,0.2556301802290668,0.4778219676417317
KAU015,108.83525214819949,233.21,PGV,2.488145913620915,0.5146610362860385,0.23599275618481289,0.457365719418623
KAU018,79.82224640898121,538.69,PGV,2.138494282375756,0.5423507445617572,0.2559473034159379,0.4781582457730937
KAU020,75.40786468933833,373.33,PGV,2.4387141609715104,0.5341770158934871,0.2501155812774718,0.4720034748930384
KAU022,99.29885279683903,217.05,PGV,2.586498127836645,0.5090399064434256,0.23186763894004778,0.45316555955224475
KAU030,102.44967456859456,259.36,PGV,2.4645951211093333,0.5199979867494585,0.23988456300140046,0.4613602742511726
KAU032,113.1787121371236,194.13,PGV,2.566792160726811,0.5037325654829213,0.22794695361635006,0.449206727314976
KAU033,121.30415327080891,182.93,PGV,2.5563880858776424,0.5010162197922989,0.22593016631706886,0.44718319785397437
KAU034,108.86832940689311,1010.4,PGV,1.433401073238306,0.5449331399757831,0.25778041353453807,0.4801055982196301
KAU037,136.63858595740618,283.21,PGV,2.217972372605405,0.5268423431124855,0.24484216831199052,0.46649240841897605
KAU038,143.3217590914785,667.59,PGV,1.5628090441419575,0.5442784015979774,0.25731606154117226,0.47961174184853805
KAU039,152.7137646620572,464.82,PGV,1.7917247156627039,0.5412372101694682,0.2551555035987391,0.4773189569410615
KAU040,141.54082737203709,567.64,PGV,1.697634978397506,0.543346477916066,0.2566546420691472,0.4789089577029772
KAU042,160.2092768679782,806.48,PGV,1.3289679754319337,0.5447699324197168,0.2576646899498404,0.4799824859530141
KAU043,172.12019900001243,538.49,PGV,1.5872332066725612,0.543085474939036,0.25646929677059943,0.47871216080621193
KAU044,121.91611938734569,221.24,PGV,2.445769500481482,0.5130197490285354,0.23479110858311886,0.45613857348793857
KAU046,162.89527803630148,204.23,PGV,2.2965566078442716,0.5127764639009016,0.234612794430025,0.455956728890415
KAU047,57.34078848787392,573.04,PGV,2.3316142533210216,0.542761349279121,0.25623906384108075,0.47846778829210485
KAU048,94.06716422546164,295.66,PGV,2.4405173972001637,0.525908666703329,0.244168012922672,0.4657916993453909
KAU050,41.405707951930495,665.2,PGV,2.479823039468869,0.5438388685508209,0.25700418013769905,0.4792802586570682
KAU051,125.39181021164151,1004.58,PGV,1.3386134833563224,0.5449326744286571,0.2577800834593298,0.4801052470361783
KAU052,169.07733558731505,573.04,PGV,1.5537978385968514,0.5435495542596346,0.25679882110287383,0.4790620872246328
KAU054,35.06562470884893,497.22,PGV,2.839868691830417,0.5399894274445691,0.2542672576829446,0.47637878145684515
KAU057,114.76630263975981,535.13,PGV,1.8929288807529554,0.5426265065189937,0.2561432618995796,0.4783661306577326
KAU058,110.06905598566512,229.66,PGV,2.489809338402715,0.5138948882454134,0.2354321163237454,0.4567928138314879
KAU062,114.45650676026153,246.84,PGV,2.42235144182364,0.5184581370397126,0.2387640793731912,0.4602070775898191
KAU063,93.6060399190571,227.24,PGV,2.5962075629953856,0.511230188714658,0.23347826680169717,0.45480128054404195
KAU064,102.44159350370471,244.84,PGV,2.4976368725523828,0.5168023034457526,0.23755703751134297,0.4589676184391118
KAU066,101.67439153000315,214.97,PGV,2.5771129314047574,0.5087492125751875,0.2316535570473383,0.4529485520488931
KAU069,71.14795101360905,500.15,PGV,2.274361050431845,0.5411846641747481,0.25511811932757106,0.4772793583727439
KAU073,110.99667430146175,216.33,PGV,2.5186276578112183,0.5103778601693423,0.23285200836818726,0.45416462031948107
KAU074,105.92197691458655,228.34,PGV,2.5175087785783647,0.5130666025403864,0.23482544369944203,0.45617359594094764
KAU075,116.89998968320606,196.3,PGV,2.540492735554813,0.5049961673663371,0.22888276036159633,0.450148654406459
KAU077,83.2746332190764,665.2,PGV,1.9479696552537455,0.5440888643093551,0.25718158621668064,0.4794687935377191
KAU078,89.35199696595875,531.85,PGV,2.0701244706387905,0.5423097408121735,0.2559181615455803,0.47812733614686487
KAU081,162.4731162832657,295.0,PGV,2.0657862573355796,0.5298599924126168,0.24701655566969308,0.46875839489504584
KAU082,169.92818795624305,573.04,PGV,1.549782152857345,0.5435533108788436,0.25680148795170316,0.4790649199775997
KAU083,111.33662490367176,202.14,PGV,2.554685696254868,0.5061151402964267,0.22971022035242397,0.45098309270183573
KAU085,88.81470945306066,260.75,PGV,2.5522073060563497,0.5189099541938743,0.23909304717531144,0.4605453890268722
KAU086,99.09116222127146,216.8,PGV,2.5884279594185298,0.5089364156814187,0.2317914316777085,0.45308829979094356
KAU087,113.8969815243451,276.11,PGV,2.357426552375734,0.5241614127642057,0.24290462582349134,0.46448092467238916
KAU088,111.19576926643339,227.46,PGV,2.4888632763698615,0.5134517193349382,0.23510759304389495,0.45646148553970073
NCU,80.12485352707097,466.16,PGV,2.2399541872439057,0.5401484874786641,0.25438054439423385,0.4764986119173714
NSK,57.92066683550797,665.2,PGV,2.2103125599338873,0.5439646728894708,0.2570934605806013,0.4793751327284716
NST,37.88427385619578,491.08,PGV,2.7678789875142726,0.5398851293902518,0.2541929645980568,0.47630020962159986
NSY,13.269189808642082,599.64,PGV,3.4842931306005824,0.5423495197085219,0.25594643291379665,0.47815732244395015
PNG,110.99680090093074,465.86,PGV,2.0176185808077713,0.5407088202988697,0.25477949210262657,0.47692078876153327
SGL,94.06716422546164,295.66,PGV,2.4405173972001637,0.525908666703329,0.244168012922672,0.4657916993453909
SSD,86.12829009110234,535.13,PGV,2.090803271667638,0.5423463095887799,0.25594415147973654,0.47815490256598486
STY,41.405707951930495,665.2,PGV,2.479823039468869,0.5438388685508209,0.25700418013769905,0.4792802586570682
TAI1,77.88051206740859,160.67,PGV,2.88249039295676,0.4826193259019514,0.2120735634985809,0.4335276431775341
TAP,99.45326800656716,235.82,PGV,2.53898344801764,0.5142388028369521,0.23568384241763998,0.457049967472309
TAP003,102.49615603578604,212.39,PGV,2.578779571124418,0.5080832935140165,0.23116285488023514,0.45245150864116873
TAP005,106.45776496285161,179.84,PGV,2.645452418276693,0.4974376727729221,0.22326233662005293,0.4445201540320696
TAP006,105.19861667361013,184.77,PGV,2.638267587942366,0.4991115092858172,0.22451175724289532,0.44576537501388963
TAP007,103.22929751249532,207.39,PGV,2.5874691194456756,0.506632654110596,0.23009252321884718,0.4513691138856657
TAP008,103.88983230695109,194.14,PGV,2.61941628755859,0.502307840102755,0.22689002250815948,0.44814515942375377
TAP010,101.02607768818412,226.38,PGV,2.5522392064798223,0.5119352628687345,0.23399584855012937,0.4553280753805822
TAP012,101.22135041662736,207.99,PGV,2.5980365328977064,0.5065294393992626,0.2300162949884953,0.4512921193837721
TAP013,101.93097443003171,205.11,PGV,2.6013319433915245,0.5057101991860108,0.22941090706140516,0.45068108600430307
TAP014,102.68862503887601,188.98,PGV,2.640899381303621,0.5002535450768586,0.22536263752162608,0.4466153725200922
TAP017,98.95262064237038,217.83,PGV,2.5866870685462096,0.5092230991166087,0.23200251271004294,0.45330232601449316
TAP020,100.10708960480885,218.5,PGV,2.5777637542598644,0.5095799150811058,0.23226512916963044,0.4535687374873646
TAP021,100.64194987891956,167.18,PGV,2.7168722037935353,0.49108075003284496,0.21849135911658749,0.4397974864005113
TAP024,96.12094949935707,194.98,PGV,2.664378671772175,0.5013147442866583,0.22615215429441826,0.44740549387238343
TAP026,97.04891677159061,194.28,PGV,2.6604491825968273,0.5012225839725136,0.2260836314420925,0.44733686442997245
TAP028,95.95079486383781,287.94,PGV,2.4438835696592447,0.5247916206021456,0.2433605813735542,0.4649536240183014
TAP032,94.42845888739913,308.88,PGV,2.4106449623707125,0.5279307814540244,0.24562723549989715,0.4673095025647722
TAP034,91.89598828035317,538.69,PGV,2.041236331646415,0.5424860427348955,0.25604345359010566,0.4782602392378215
TAP035,89.039962013356,438.13,PGV,2.214573972484993,0.5390918683807941,0.25362767133594066,0.4757026874918866
TAP036,87.5599551150271,671.52,PGV,1.9058331291455748,0.5441505737356491,0.2572253711805127,0.479515333767215
TAP041,111.82723819014045,363.56,PGV,2.1903498213857056,0.5349003913535302,0.25063355600788245,0.47254761587908084
TAP042,106.68190483381903,375.85,PGV,2.1995185512251836,0.5357138671674548,0.25121560604910786,0.4731596630661672
TAP043,91.48433103527901,388.16,PGV,2.2810762986191033,0.536107131322388,0.25149682388412165,0.4734555985844071
TAP046,117.32193358845494,816.9,PGV,1.5480503823057103,0.5447602707170196,0.2576578387020689,0.4799751980124172
TAP047,85.80907617073753,403.2,PGV,2.298188010619464,0.5369691672646736,0.252112876419572,0.474104402148268
TAP049,108.6027661355923,573.04,PGV,1.879328067315566,0.5432307737958625,0.2565724829658191,0.4788217148204601
TAP051,103.74251653105222,403.17,PGV,2.1696731100799473,0.5375327513051302,0.25251536187569085,0.4745286616659229
TAP052,100.31096345926947,433.88,PGV,2.1404466457745284,0.5391515734174633,0.2536702331946639,0.475747655705723
TAP053,91.65600419476041,538.69,PGV,2.043032444783339,0.5424835559315828,0.2560416864430456,0.47825836454742315
TAP059,118.32453599408895,456.18,PGV,1.990485449967082,0.5404623606742097,0.25460404298027683,0.4767350884963649
TAP060,120.15382017573265,631.27,PGV,1.7341315158951915,0.5439519196734606,0.25708441038857666,0.47936551487523676
TAP065,121.46351678308714,1023.45,PGV,1.3465768490864403,0.5449387068468934,0.257784360462714,0.48010979756800837
TAP066,115.01873277372866,662.78,PGV,1.7270897491496768,0.5441767414872793,0.2572439373506773,0.4795350692827731
TAP067,96.47463981057544,807.68,PGV,1.692805175209541,0.5447248415317776,0.25763271485485595,0.47994847350349673
TAP069,122.45755568413036,671.52,PGV,1.6726453978456062,0.5442526737628437,0.2572978092054852,0.479592337591065
TAP072,100.78864973474847,671.52,PGV,1.8087147501138419,0.5441935343600465,0.2572558517548424,0.47954773440938037
TAP075,108.27200165265872,856.38,PGV,1.5676149440590283,0.5448167474241681,0.25769788626166634,0.4800177993471899
TAP077,117.94442647334881,1022.77,PGV,1.367463719749577,0.5449382120503222,0.2577840096512876,0.4801094243198178
TAP078,118.90698625816037,671.52,PGV,1.6934950522700372,0.5442437086589905,0.2572914489075734,0.47958557602781765
TAP079,118.27326344912967,631.27,PGV,1.745270607045471,0.543945134407728,0.25707959524933227,0.47936039777215717
TAP081,122.7494636646256,671.52,PGV,1.670952014047572,0.5442534001918305,0.2572983245686363,0.47959288547114787
TAP083,121.86621664827865,435.22,PGV,2.0041261311363274,0.5396576371842181,0.25403089289892666,0.4761288384715078
TAP084,122.81401514518838,224.22,PGV,2.4332026809232037,0.5138973824082723,0.2354339422726823,0.45679467868180923
TAP086,93.25545980723025,887.68,PGV,1.643619622296115,0.5448473716371812,0.2577196009848585,0.48004089997431465
TAP087,103.15361263828753,573.04,PGV,1.9149284124627994,0.5431945196598328,0.2565467378408445,0.47879437913544626
TAP090,104.64066341996687,324.38,PGV,2.3112424950428885,0.5305956649630519,0.24754562431299676,0.4693111159572846
TAP094,108.94222775860766,416.34,PGV,2.113589225633489,0.5384433711620048,0.25316522116531676,0.4752143040151682
TAP095,108.81195663904354,206.24,PGV,2.5578462150881762,0.50706300326139,0.2304102487738775,0.451690166526149
TAP097,98.42016825129102,237.23,PGV,2.5421896961449226,0.514473783347915,0.23585577713062264,0.457225684040636
TAP098,107.08953823454839,538.69,PGV,1.9360048679318362,0.542630708881011,0.2561462477396441,0.4783692987531801
TAP100,99.46634920648815,236.32,PGV,2.537693182446951,0.5143677659767171,0.23577821025627543,0.4571464035122954
TAP103,114.99244567347492,429.49,PGV,2.0541301725351584,0.5392564281124584,0.253744974961959,0.4758266311821584
TAW,123.14546871727185,481.92,PGV,1.9219541899931538,0.5414038120394257,0.25527402162826296,0.4774445115116048
TCU,8.966003941063503,472.81,PGV,3.8964294675379154,0.5369151739597472,0.2520743053678923,0.4740637600592564
TCU003,85.87715173895934,517.33,PGV,2.1153933170603842,0.5419212220630846,0.2556419810866485,0.47783447806582635
TCU006,72.13607981372333,607.4,PGV,2.115720410511961,0.5434537433734655,0.256730801188989,0.4789898400879629
TCU007,89.06974444890936,463.88,PGV,2.1720709201844413,0.540243215520784,0.25444800406092444,0.47656997927444833
TCU008,84.7584785592634,441.58,PGV,2.2404693099904045,0.5391600354875117,0.25367626534405846,0.47575402916631787
TCU009,81.06016716272919,460.1,PGV,2.241500613476611,0.5399170752977368,0.2542157209340614,0.47632427549731016
TCU010,81.66395774542653,446.15,PGV,2.258221067763701,0.5393025392180123,0.2537778411788776,0.4758613623037534
TCU011,76.57844520726454,471.07,PGV,2.2652372978226567,0.5402623484836606,0.25446162868174754,0.4765843941189354
TCU014,93.21256831945598,496.47,PGV,2.090738126308609,0.5414431410888482,0.2553019970070504,0.47747415150599554
TCU015,49.226738245658176,426.0,PGV,2.6545095213091563,0.5369198229126814,0.2520776265074613,0.4740672594167941
TCU017,53.6114321384972,558.76,PGV,2.395194872285118,0.5424246817901714,0.2559998486986778,0.4782139823148449
TCU018,65.56957606032032,573.04,PGV,2.227073532347248,0.5428705812247648,0.2563166612193637,0.478550140675637
TCU025,54.44992612807512,665.2,PGV,2.252684657604303,0.5439446603950377,0.25707925886681826,0.47936004029618523
TCU026,55.62700868478751,569.98,PGV,2.353315000001343,0.5426843969283485,0.25618439285966854,0.4784097736507985
TCU029,27.893894423621465,406.53,PGV,3.1490661670214695,0.5335764117628649,0.24968523486438607,0.47155176882337174
TCU031,30.15523078028506,489.22,PGV,2.961761491631396,0.5394227980013648,0.2538635501968537,0.4759519438820171
TCU033,40.407957354293515,423.4,PGV,2.814877317297095,0.5361664019554683,0.2515391981245485,0.4735002031601802
TCU034,35.21698353563212,393.77,PGV,2.974102640281583,0.5331531154148366,0.2493817787923169,0.4712334590019325
TCU036,19.699612049739354,478.07,PGV,3.335998235442534,0.5381561346678566,0.25296029782903895,0.4749980136831018
TCU038,25.342828155086934,297.86,PGV,3.394018437774529,0.5159116913493005,0.2369068758974879,0.4583012169124015
TCU039,19.708438206066337,540.66,PGV,3.2518967262059815,0.5409560905180992,0.2549554772378897,0.4771071121823965
TCU040,22.125103547818437,362.03,PGV,3.4074805381212867,0.5273678599075224,0.24522132378081296,0.46688688354528224
TCU042,25.987540319450044,578.98,PGV,2.9693291439729057,0.5422620776183155,0.2558842853245576,0.4780914068950333
TCU045,25.372624034032317,704.64,PGV,2.8395328320718045,0.5440370052302081,0.25714478848907213,0.47942968286576076
TCU046,16.252239941167144,465.55,PGV,3.505542545244326,0.5370929591242847,0.252201301644121,0.47419758560107794
TCU047,34.3639015403997,520.37,PGV,2.807215927796873,0.5408752694309691,0.254897960431748,0.47704621039240885
TCU048,15.724490368129416,551.21,PGV,3.418057819814516,0.5411280520866055,0.25507784013280177,0.47723669622968945
TCU049,7.973343563390163,487.27,PGV,3.9427839748749935,0.5377609328290437,0.25267825605845057,0.4747004526987766
TCU050,12.061398269660884,542.41,PGV,3.621632258319172,0.5406519820046998,0.25473903381118734,0.47687796164066226
TCU051,11.684106742389506,350.06,PGV,3.891911990662417,0.5230660762052375,0.24211141547074896,0.46365955460390734
TCU052,4.409004259240465,579.1,PGV,4.101996853873802,0.5415207397009782,0.25535719110438737,0.4775326339398932
TCU053,8.360955408325248,454.55,PGV,3.9587310321550655,0.5355108772255406,0.2510704082983134,0.47300692352626955
TCU054,10.227617412004046,460.69,PGV,3.8338182226433313,0.5361747325926041,0.2515451537343235,0.47350647250436395
TCU055,9.165535239523313,359.13,PGV,4.026255524952133,0.5240793473998914,0.2428452288762101,0.4644193764079586
TCU056,13.309665432524499,403.2,PGV,3.7363667844986392,0.5311971484993091,0.24797789433039943,0.46976310465729254
TCU057,14.550574484923569,555.23,PGV,3.471599826429585,0.5412060438371935,0.2551333302836259,0.4772954699809044
TCU059,17.77385436882762,272.67,PGV,3.6988694256288666,0.5060693159757486,0.22967635674214398,0.4509489147628781
TCU060,9.40150493354199,375.42,PGV,3.9924131633044064,0.526790467842281,0.2448047294611015,0.4664534718950714
TCU061,17.668321986901795,379.64,PGV,3.560291029850424,0.5290049350224613,0.246401128057558,0.4681161238091263
TCU063,10.256304917085805,476.14,PGV,3.8120758296138497,0.5372516874754706,0.25231466666492075,0.47431707188442057
TCU064,17.156230171822553,645.72,PGV,3.235274033016054,0.5432776351802368,0.25660575932710183,0.4788570487809403
TCU065,1.5301625387352142,305.85,PGV,4.616184562675905,0.509704233522043,0.23235660095739522,0.45366156511414885
TCU067,1.4845734764737275,433.63,PGV,4.507206166623598,0.5328478261873618,0.24916284091959393,0.471003911424814
TCU068,0.649001480476048,487.34,PGV,4.534368983280754,0.5371898152736542,0.2522704791329867,0.4742704955948198
TCU070,20.340829249903962,401.26,PGV,3.4183498246675543,0.5320516070730549,0.2485915175577229,0.47040532521153366
TCU071,10.01426691522794,624.85,PGV,3.7080759652835136,0.5427468924554574,0.2562287932547466,0.4784568891522748
TCU072,12.748228787930415,468.14,PGV,3.754889020257367,0.5368202934456624,0.2520065209284372,0.47399234262235945
TCU074,22.222133630574767,549.43,PGV,3.2193976505834714,0.5412648819930953,0.2551751901977366,0.4773398106030423
TCU075,2.71684542140007,573.02,PGV,4.235882189274218,0.5412809342274121,0.2551866100234354,0.47735190773982156
TCU076,4.3340083071477284,614.98,PGV,4.053574521436364,0.5424296685299895,0.25600339251573123,0.4782177415382984
TCU078,17.667409336015933,443.04,PGV,3.547302792048544,0.535421781638155,0.2510066695070144,0.4729398863656697
TCU079,21.222776888973897,363.99,PGV,3.5135460599510946,0.5271011986181797,0.24502895622611362,0.4666867088266636
TCU081,54.870046821119146,430.47,PGV,2.565018817531424,0.5375070082168509,0.252496982149453,0.47450928113963026
TCU082,8.966003941063503,472.81,PGV,3.8964294675379154,0.5369151739597472,0.2520743053678923,0.4740637600592564
TCU083,79.97899565103198,354.63,PGV,2.4301180941322946,0.5326280659320473,0.2490051986145065,0.47083868541302276
TCU084,19.942894152069616,665.2,PGV,3.169577554759864,0.5435526299313719,0.2568010045432754,0.4790644064954894
TCU085,57.92066683550797,999.66,PGV,1.8910604806750966,0.5449204972767172,0.2577714497485903,0.4800960612698409
TCU087,7.308530515924621,538.69,PGV,3.923703086712584,0.540267981110433,0.25446563963938634,0.4765886377748226
TCU088,20.395798012081535,665.2,PGV,3.1364363646986417,0.5435647029675138,0.25680957521417697,0.4790735104245229
TCU089,15.126942233893988,671.52,PGV,3.381857204736118,0.5435562600438407,0.25680358157695465,0.4790671438557395
TCU092,88.45294085502088,422.28,PGV,2.243332675535173,0.5382418500752272,0.25302145575842394,0.47506255598425273
TCU094,53.92101623044264,589.85,PGV,2.350898904237539,0.5430177511845038,0.25642119696285404,0.47866109916057814
TCU095,44.56466924675996,446.63,PGV,2.7010266950045945,0.5379654229390466,0.2528242069328584,0.474854416286464
TCU096,53.85469792017198,454.58,PGV,2.5412611021883045,0.5388395078782472,0.2534477445587513,0.475512624468114
TCU098,47.1372515839405,346.56,PGV,2.820136736542241,0.5290352929959196,0.24642298748919214,0.4681389243292849
TCU100,13.491602319643608,535.13,PGV,3.5523649332789806,0.5404525633786249,0.2545970676585871,0.47672770676999193
TCU101,2.7276625208825007,389.41,PGV,4.448897697364015,0.5276082308349992,0.24539467971211743,0.46706733605961476
TCU102,1.9961663796457592,714.27,PGV,4.14161917611991,0.5438586295440784,0.2570182047455569,0.4792951610009578
TCU103,6.545253590327707,494.1,PGV,4.032580489873096,0.538057290146708,0.2528897660144228,0.47492358724871647
TCU104,13.599900519557263,410.45,PGV,3.7115557704902837,0.5320543083656198,0.24859345663155324,0.47040735577836595
TCU105,17.911571028764843,575.54,PGV,3.2851569103035954,0.5419217786213852,0.2556423767906071,0.4778348975671565
TCU106,15.67278608418154,451.37,PGV,3.5524725443522236,0.5360333075395282,0.2514440417547323,0.4734000429423415
TCU107,16.73758483873565,409.0,PGV,3.560858900136516,0.5323596113291998,0.24881257882882787,0.47063686255023096
TCU109,13.739015155167076,535.13,PGV,3.5392505464900825,0.5404654536975719,0.25460624508811375,0.4767374189243525
TCU110,12.337401625868438,212.72,PGV,3.987830945910782,0.4774321457881574,0.20809840333302546,0.42969350514306104
TCU111,22.753679890361862,237.53,PGV,3.5625373685407142,0.49578030566951753,0.22202245196058276,0.4432878774737371
TCU112,28.530660346449324,190.54,PGV,3.463952716418886,0.47699158896368943,0.20775928264017074,0.42936820611096355
TCU113,31.866925843887017,230.3,PGV,3.3218366447741543,0.4973582877041349,0.22320301118372748,0.4444611143244208
TCU115,22.519806127058114,215.34,PGV,3.5980701188615996,0.4858508360985004,0.21453403899524542,0.4359199250435777
TCU116,15.552380292106827,493.09,PGV,3.5020871563640688,0.5386760279490908,0.25333116422107677,0.4753895080051761
TCU117,26.02127503510998,198.58,PGV,3.5172531713160478,0.4796582617366816,0.20980832902028587,0.4313380497080804
TCU118,27.553377287252555,236.19,PGV,3.4217778083529726,0.4976588757315631,0.22342761111229334,0.4446846738837051
TCU119,38.709117009183,221.7,PGV,3.19323685995937,0.4968853939721984,0.22284948117293252,0.44410944989254797
TCU120,8.190427877741287,459.34,PGV,3.96380688945213,0.5358678242047442,0.251325711524227,0.4732755135698102
TCU122,14.73072540652075,475.46,PGV,3.566292700289255,0.5375964251681448,0.25256082097392357,0.47457659873043295
TCU123,16.255745645165277,270.22,PGV,3.7649391034103887,0.5045883650961996,0.22858091008606896,0.44984462399219594
TCU128,13.269189808642082,599.64,PGV,3.4842931306005824,0.5423495197085219,0.25594643291379665,0.47815732244395015
TCU129,6.355595224258387,511.18,PGV,4.024916464945398,0.5389738572345361,0.25354353772370763,0.4756138068441883
TCU136,8.87050666409296,462.1,PGV,3.916224538770529,0.536144430914092,0.2515234906962066,0.4734836685971237
TCU138,10.62709176562196,652.85,PGV,3.5732719122192256,0.5432535083227715,0.2565886269786029,0.4788388568299725
TCU140,33.698793168228846,223.6,PGV,3.291414593481556,0.49551295838212844,0.22182218799256045,0.44308916578810875
TCU141,27.08308313875785,223.04,PGV,3.4539887509614338,0.4920221728298098,0.21920056287121334,0.44049623357426165
TCU145,36.03895088690123,240.43,PGV,3.2125849064196816,0.50279990026513,0.22725527388529976,0.44851173919747306
TCU147,72.40184826834715,537.92,PGV,2.2059187574276073,0.542240156379187,0.2558687044790455,0.4780748824800777
TTN,83.21058040106071,298.72,PGV,2.5146670503382285,0.5255106085209383,0.24388039532870948,0.46549302083098876
TTN001,55.943705673847546,484.6,PGV,2.4736758848674993,0.5402610457235085,0.25446070099149526,0.47658341261228954
TTN002,68.37147822691496,667.36,PGV,2.081324362426743,0.5440401617768073,0.257147028335009,0.4794320634298552
TTN003,95.02819768257147,506.64,PGV,2.06413041877191,0.5417545750259876,0.25552348846143447,0.477708872019442
TTN004,66.76657920094912,463.59,PGV,2.3747330302198515,0.5396947492698335,0.2540573349624569,0.47615679449232096
TTN005,82.74873732730376,407.59,PGV,2.3154073718005925,0.5371538153583609,0.2522447677015235,0.4742433958646642
TTN006,81.1387708588908,283.21,PGV,2.563358422538795,0.5226090233184919,0.24178015392315247,0.46331689848612767
TTN007,81.9983553609081,282.7,PGV,2.557517921506909,0.5226009789621053,0.24177432208702856,0.46331086798337534
TTN008,82.7187919705734,292.61,PGV,2.5311247694423664,0.5244453081204623,0.2431100622209766,0.46469385498032945
TTN009,83.68450130501424,313.96,PGV,2.480153103646301,0.5278774746850253,0.24558880723893792,0.46726947903623595
TTN010,83.81152591090317,311.34,PGV,2.484376301398158,0.5275081287677508,0.24532249121376223,0.46699218539578097
TTN012,81.57676615324058,288.3,PGV,2.549196976815459,0.523582506666166,0.2424855156707258,0.46404678209931366
TTN013,81.26976308172648,297.76,PGV,2.5322055784135276,0.5251811503536731,0.24364225296085562,0.4652458417427992
TTN014,63.02404599943716,533.97,PGV,2.31370549843464,0.5419980057047148,0.2556965710682664,0.477892353707212
TTN015,83.21058040106071,487.91,PGV,2.183095750942127,0.5410083169257293,0.2549926421400189,0.4771464674890328
TTN016,123.14546871727185,826.15,PGV,1.505254916525376,0.5447802581919747,0.2576720120315143,0.47999027482996554
TTN018,74.43304938901571,573.04,PGV,2.1409446963573586,0.542960619465217,0.25638061764190034,0.4786180243028984
TTN020,50.35796250220993,453.71,PGV,2.6014711473841565,0.5386248601116109,0.2532946718059532,0.47535097471759413
TTN022,53.02499720160041,398.81,PGV,2.6490583141531774,0.535076836513175,0.2507598438465086,0.4726803588970263
TTN023,54.09146602124198,527.54,PGV,2.437806955709207,0.5416546351342824,0.2554524183765483,0.4776335475110866
TTN024,59.92050910835589,671.52,PGV,2.177365095300287,0.5440289488888809,0.25713907178062584,0.47942360704593867
TTN025,65.75784285873038,704.96,PGV,2.070782261327473,0.5442861275727249,0.257321542566463,0.47961756890185797
TTN026,70.29054746653149,573.04,PGV,2.1816549716371627,0.5429180807652603,0.2563504020021117,0.4785859523797051
TTN027,76.08977283968429,428.95,PGV,2.33747162662201,0.5382347217676129,0.2530163699043639,0.4750571884275385
TTN028,78.48198120220177,616.17,PGV,2.048382423788464,0.5436032268400606,0.256836922743593,0.4791025603631523
TTN031,55.63093116970684,510.62,PGV,2.4401195542692813,0.5411828333741672,0.2551168167564309,0.4772779786947616
TTN032,57.234125398309374,734.26,PGV,2.1427614443550933,0.5444112006451749,0.2574102675294684,0.47971190266484787
TTN033,58.96031847975615,670.8,PGV,2.1903659326329645,0.5440176589537933,0.2571310604712829,0.4794150925810317
TTN036,79.85049273122117,538.69,PGV,2.138248291163219,0.5423510881513852,0.2559475476046124,0.4781585047807644
TTN040,47.98883144575936,728.01,PGV,2.2879344703632585,0.544342595275313,0.2573616011715107,0.4796601581051938
TTN041,45.1590519289211,418.24,PGV,2.7435328996267243,0.5360794141270029,0.2514770072401968,0.47343474004371994
TTN042,64.91469915710697,845.34,PGV,1.937736355014887,0.5447669307354674,0.25766256142028326,0.47998022174385513
TTN044,58.77993734254324,419.63,PGV,2.5373812702521743,0.5369679380985866,0.252111998366008,0.4741034769180093
TTN045,61.00750348291904,539.98,PGV,2.3294483849724426,0.5421120233725901,0.25577762566441986,0.4779782966773654
TTN046,65.63785661871987,528.12,PGV,2.292157326147194,0.5418928253910262,0.2556217912381059,0.4778130743863038
TTN047,73.91058687727796,573.04,PGV,2.145924488283304,0.5429554191536076,0.25637692387556915,0.478614103524301
TTN048,79.66111305108983,373.54,PGV,2.400810015621596,0.5344120278908188,0.2502839028410596,0.47218024475090475
TTN050,89.29934402229367,573.04,PGV,2.0141950710783965,0.5430924439279412,0.256474246221668,0.4787174152635887
TTN051,36.67924057370646,665.2,PGV,2.5840935583071363,0.5437916161778565,0.25697064353945487,0.4792446245752201
WGK,10.40266620061039,258.89,PGV,4.055133019903514,0.4976137564021465,0.22339390361708805,0.444651115356044
WNT,6.355595224258387,511.18,PGV,4.024916464945398,0.5389738572345361,0.25354353772370763,0.4756138068441883
WTC,43.046970143373564,207.69,PGV,3.144094138667903,0.4928762013425192,0.21984312025329458,0.4411303121835168
ALS,21.15138156147171,553.43,SA(0.02),-1.1295827260263156,0.5611680992791998,0.2577765840137535,0.49845849213633636
CHK,63.02404599943716,424.57,SA(0.02),-2.1655277182039905,0.5568896832085812,0.25470135175663017,0.49523059343855097
CHY002,25.505683407066318,235.13,SA(0.02),-1.3433009698896687,0.49770742937093015,0.21049916924030324,0.451001978931536
CHY004,48.07893833473184,271.3,SA(0.02),-1.8235264636365358,0.5262476475918146,0.2322457238732745,0.4722271808552505
CHY006,10.589594525139994,438.19,SA(0.02),-0.8262548725953117,0.5487852817957523,0.24883834310383593,0.48912653221531627
CHY008,41.23915234428305,210.73,SA(0.02),-1.6718394051209797,0.4985228208555197,0.21113391096414783,0.4516054412368477
CHY010,20.724953105809405,538.69,SA(0.02),-1.3191227628127389,0.5608333264777176,0.2575364363936143,0.4982057848095905
CHY012,59.82694761124689,198.4,SA(0.02),-1.9337277894898648,0.5046510472601103,0.21587717920448865,0.456146602529756
CHY014,37.42185396368311,347.63,SA(0.02),-1.6473209240773068,0.5410803157332622,0.24321575003471857,0.4833363290805441
CHY015,38.851553931384295,228.66,SA(0.02),-1.6374291406498074,0.5052452020016207,0.2163345680694053,0.45658741638801476
CHY016,67.39311492490651,200.86,SA(0.02),-2.0273991995555507,0.5097289212187722,0.21977256917043972,0.45991693920432813
CHY017,59.79653364012802,190.57,SA(0.02),-1.9259342289801002,0.5009976652499626,0.21305517007558,0.4534381491339025
CHY019,52.664018987304125,497.53,SA(0.02),-2.077133666144812,0.5613973427810357,0.25794098431301926,0.4986315524445264
CHY022,67.37194759211643,564.07,SA(0.02),-2.347589508504344,0.565116521230454,0.2606029583773094,0.5014407050216452
CHY023,82.48037770558093,279.78,SA(0.02),-2.283692567401282,0.5392533138538665,0.24187521078237595,0.48196526732883765
CHY024,11.325693557566668,427.73,SA(0.02),-0.8585625235247056,0.5473867015498337,0.24782136175246358,0.4880745575142812
CHY025,20.997755926782464,277.5,SA(0.02),-1.211110903812573,0.5128937866712006,0.22218522688343367,0.4622702254749705
CHY026,30.210404768019664,226.01,SA(0.02),-1.4583455440004727,0.49730505254177193,0.21018561656223203,0.4507042510049455
CHY027,42.57072697901259,210.01,SA(0.02),-1.6940835815949153,0.4991425350568249,0.21161574658511875,0.45206420572765593
CHY028,3.81905953609022,542.61,SA(0.02),-0.48299432970519773,0.5588740287556836,0.2561293194962906,0.4967272407589257
CHY029,11.759168799911324,544.74,SA(0.02),-0.9405638799727407,0.5601155501281957,0.25702127098946165,0.49766403904077
CHY032,36.21575834030445,192.71,SA(0.02),-1.5754830007703617,0.484714555542515,0.2002610364347019,0.4414110529210578
CHY033,44.61021757313737,197.63,SA(0.02),-1.7204484581214263,0.4944087213149752,0.20792226485450188,0.44856249897877465
CHY034,15.559574786944564,378.75,SA(0.02),-1.0312221103589287,0.5398400952564241,0.2423060678441785,0.48240553265106456
CHY035,13.44254351914465,573.04,SA(0.02),-1.033070254144987,0.5620376643017141,0.25839998706695105,0.4991149995517324
CHY036,16.839316616786387,233.14,SA(0.02),-1.0882421306071413,0.488030918915052,0.20289731619034887,0.443854544755175
CHY039,32.69010874984208,201.21,SA(0.02),-1.5089039087056189,0.4862917950858656,0.20151689138044948,0.4425727651541536
CHY041,21.610943270708972,492.26,SA(0.02),-1.3031495162823277,0.557403141635069,0.25507112379264363,0.4956177802619703
CHY042,30.629771574103184,665.2,SA(0.02),-1.704840210214964,0.5664723904664559,0.2615710068474993,0.5024654988529723
CHY044,55.933003322544856,194.47,SA(0.02),-1.8802823648937332,0.5005203644191532,0.21268524658609764,0.45308456283887305
CHY046,24.881430138705287,442.15,SA(0.02),-1.4033922805155146,0.5529739600361361,0.2518748932555629,0.4922796345833789
CHY047,24.93307771977854,169.52,SA(0.02),-1.3475343090917715,0.4566825550600786,0.17722928530406773,0.42089040916467924
CHY050,45.48094043081733,538.93,SA(0.02),-1.9822135496867814,0.563076041531913,0.25914370863507263,0.4998991566527286
CHY052,40.52523944488567,573.04,SA(0.02),-1.9032310977580607,0.5642173685279921,0.25996028821042305,0.5007613079124682
CHY054,49.228155688795745,172.1,SA(0.02),-1.7724181071326104,0.48391878604320177,0.19962597574341936,0.44082520492142213
CHY055,55.04100932988003,225.77,SA(0.02),-1.8946817152548292,0.5136338633202309,0.2227477735591266,0.4628208885991617
CHY057,58.30189007907089,411.46,SA(0.02),-2.096205743656908,0.5551361116683535,0.25343701667455654,0.4939086768395138
CHY058,60.47926509005612,269.28,SA(0.02),-2.006206252803626,0.530380714055998,0.23532291946991882,0.4753176047809552
CHY059,74.0105222831666,191.09,SA(0.02),-2.0903296527875153,0.508863128001586,0.21911054870825877,0.45927361178748793
CHY060,69.53930995385498,228.92,SA(0.02),-2.0823913756705013,0.5213155286689292,0.22855161553232084,0.46854459709715074
CHY061,62.41616207975734,538.69,SA(0.02),-2.2519442621078163,0.5639754833502635,0.2597873042079377,0.5005785676520078
CHY062,59.70708366780761,602.63,SA(0.02),-2.2726352205682323,0.5659818941279333,0.26122095419256824,0.5020947296789394
CHY063,73.64708029924377,246.88,SA(0.02),-2.1469144702829865,0.5284128170742652,0.23385980787837723,0.47384564523423595
CHY065,85.87815923556157,250.0,SA(0.02),-2.283413490467591,0.5329845859292643,0.23725326958807028,0.4772666496917208
CHY066,90.36922111828896,211.97,SA(0.02),-2.2855264422335777,0.5234091385481985,0.23012269812191755,0.4701070836786615
CHY067,84.21459469490114,227.97,SA(0.02),-2.2439410582388137,0.5263774720843862,0.2323426337115549,0.4723241934073747
CHY069,86.69064381036402,224.42,SA(0.02),-2.2650721938555627,0.526113361875169,0.23214546647615292,0.47212683882423157
CHY070,84.43554371983527,265.45,SA(0.02),-2.2894945675959324,0.5365128475311554,0.23985897783583335,0.4799101023291112
CHY071,79.42270364079795,202.95,SA(0.02),-2.162819268628229,0.5160668788428543,0.22459288820971257,0.4646321749558728
CHY074,21.15138156147171,553.43,SA(0.02),-1.1295827260263156,0.5611680992791998,0.2577765840137535,0.49845849213633636
CHY076,42.877573217177414,169.84,SA(0.02),-1.678863845526366,0.4770888018449069,0.19413410050168606,0.4358046303886755
CHY078,77.88051206740859,160.67,SA(0.02),-2.0897481162853655,0.49676575500366055,0.20976503199838456,0.4503052816646431
CHY079,50.68613779255426,573.04,SA(0.02),-2.0987778645003417,0.5647351959706858,0.2603304746185477,0.5011525571649121
CHY080,4.988369897004964,496.21,SA(0.02),-0.40443115323773166,0.5544253950651197,0.25292392676942815,0.4933730900248279
CHY081,43.161132192340126,573.04,SA(0.02),-1.958933800180871,0.5643653905168065,0.2600661258317244,0.5008731418314074
CHY082,36.69569501183828,193.69,SA(0.02),-1.5845614437835445,0.485720262565972,0.20106225189113874,0.4421517209416029
CHY086,31.247850964812436,665.2,SA(0.02),-1.7183766976868335,0.566490118618819,0.26158365580524207,0.5024789005603403
CHY087,29.89661912611536,505.2,SA(0.02),-1.5896890761836555,0.5596711605870874,0.25670213512532614,0.4973286858959537
CHY088,38.170938955225544,318.52,SA(0.02),-1.6703128521191397,0.5352344702307373,0.23891616455991646,0.4789519855216773
CHY090,59.17740188206011,180.33,SA(0.02),-1.9085037201213364,0.4955593968757421,0.20882281819334905,0.4494131133307491
CHY092,24.650496063812138,253.72,SA(0.02),-1.3194645743580897,0.5057355221172599,0.21671170070190374,0.45695126338604863
CHY093,50.52955404993735,190.49,SA(0.02),-1.8038186537882042,0.49499500445246064,0.20838133241905685,0.44899585157565775
CHY094,37.57279552970941,221.92,SA(0.02),-1.610577632177837,0.5012129199139768,0.2132219045506427,0.45359763062486463
CHY096,83.07046778565815,293.61,SA(0.02),-2.3061093845341736,0.5422480447276197,0.24407105963833242,0.4842130314829912
CHY099,65.94429160338161,228.84,SA(0.02),-2.038681256434825,0.5197970815641415,0.22740932767844751,0.4674120277522127
CHY100,54.13764361475702,230.11,SA(0.02),-1.8855838692696254,0.5148634673922643,0.22368107521807143,0.46373609590420356
CHY101,10.40266620061039,258.89,SA(0.02),-0.8277583041004598,0.49512211021494484,0.20848079625253746,0.4490898146446966
CHY102,42.67253817797281,804.36,SA(0.02),-2.0715298006513305,0.568566488569589,0.2630636521237733,0.5040489726759246
CHY104,18.66688688746901,223.24,SA(0.02),-1.1527479514392343,0.4843963251534579,0.20000719072402495,0.4411767485723358
CHY107,51.35844504410688,175.68,SA(0.02),-1.8041261487283098,0.4876281021213341,0.2025779807941861,0.443557581014917
CHY109,43.43968322952119,573.04,SA(0.02),-1.964264345150183,0.5643795440064122,0.2600762449562286,0.5008838353374498
CHY110,43.43968322952119,573.04,SA(0.02),-1.964264345150183,0.5643795440064122,0.2600762449562286,0.5008838353374498
CHY116,82.01615041444819,195.38,SA(0.02),-2.180238181903324,0.5142814730580333,0.22323953451474954,0.46330286396738213
ENA,65.88362730496057,665.2,SA(0.02),-2.3987242810923917,0.5673842456194743,0.2622213322049892,0.503154901709027
ESL,43.897780904479816,493.29,SA(0.02),-1.8877084818868062,0.5602523338342008,0.2571194726481987,0.4977672692652471
HEN,162.89527803630148,204.23,SA(0.02),-2.940466886444553,0.5415293008136918,0.24354474881696428,0.483673380457771
HSN,54.870046821119146,321.49,SA(0.02),-1.9704587884447788,0.5411856353159925,0.24329293955665268,0.48341538808177936
HWA,54.910390623144146,260.38,SA(0.02),-1.9035662954973342,0.5252142176119041,0.2314737099851386,0.47145508372208755
HWA002,56.44202545573511,789.18,SA(0.02),-2.332955436322175,0.5685883834535574,0.2630792427795169,0.5040655332562282
HWA003,55.34036308551032,1525.85,SA(0.02),-2.4926124105840555,0.5694605183856032,0.2637,0.5047252638812525
HWA005,48.52595230785456,459.32,SA(0.02),-1.9537730248600922,0.5582319537192805,0.25566758924219185,0.4962428820288819
HWA006,49.18260421653337,559.11,SA(0.02),-2.044434620561351,0.5640954258209445,0.2598730860963806,0.5006691807519771
HWA007,55.59377109620273,358.72,SA(0.02),-1.9944604286635936,0.5477446430898695,0.24808178950995913,0.4883437516209098
HWA009,55.351901573503156,373.23,SA(0.02),-2.00278357974255,0.5498615452363748,0.2496198876734089,0.4899363536293756
HWA011,52.50669252247871,355.76,SA(0.02),-1.941067271619288,0.54659758240822,0.24724685591958317,0.48748118869592466
HWA012,55.940482597974515,414.42,SA(0.02),-2.047160909874674,0.5550038048458766,0.25334152894551043,0.49380896418043185
HWA013,53.649974548577966,330.55,SA(0.02),-1.9395170842406129,0.5423491534862774,0.24414506291799049,0.48428895562468915
HWA014,54.562707264600675,277.28,SA(0.02),-1.911382435285776,0.5300985584926106,0.23511336553595644,0.4751065007577768
HWA015,50.48367897862757,453.05,SA(0.02),-1.9851031537692223,0.5579416260596926,0.2554587088122718,0.496023896785327
HWA016,51.54840213276211,576.55,SA(0.02),-2.101620912751962,0.5648567226800773,0.2604173249938221,0.5012443855046556
HWA017,50.52422325112912,578.11,SA(0.02),-2.0839942031706724,0.5648618894258328,0.2604210172366444,0.5012482896800279
HWA019,54.910390623144146,494.82,SA(0.02),-2.0966423611995175,0.5613373372211138,0.25789795540400456,0.49858625207372537
HWA020,43.897780904479816,626.43,SA(0.02),-1.9870503248320897,0.5660131905000659,0.26124329443018696,0.5021183853787138
HWA022,61.14643046699228,567.64,SA(0.02),-2.2552557800899513,0.5649776945300536,0.26050376862592456,0.5013357974932424
HWA023,50.46681972096665,671.52,SA(0.02),-2.1503082742423,0.5671683292400378,0.2620673943172147,0.5029916445913605
HWA024,42.66088086872478,671.52,SA(0.02),-1.9913589630587092,0.5669674589888978,0.26192415500656335,0.5028397722698805
HWA025,52.97661131498272,494.32,SA(0.02),-2.062966180677495,0.5611509935091032,0.25776431522511073,0.498445579088413
HWA026,51.216871807519986,457.49,SA(0.02),-2.001964960942219,0.5583913135092671,0.2557822165866599,0.4963630895630935
HWA027,50.999260902587345,437.8,SA(0.02),-1.9820259699121223,0.5566554108879337,0.25453257319256467,0.495053952266605
HWA028,53.17903686421587,406.7,SA(0.02),-1.9945974384771619,0.553753341036389,0.2524383957632738,0.49286673559231814
HWA029,53.68312510210313,614.05,SA(0.02),-2.1675938069691667,0.5660481448793439,0.261268245058895,0.5021448062513361
HWA030,46.3240822341362,592.18,SA(0.02),-2.0130196345555413,0.5651301890065925,0.2606127230898472,0.501451033591837
HWA031,50.812995101814906,602.29,SA(0.02),-2.1073336253931525,0.5656275831902586,0.26096798986025954,0.5018269334481246
HWA032,47.149347167648216,573.04,SA(0.02),-2.0153994558709543,0.5645151393542496,0.26017318259431904,0.5009862848610638
HWA033,53.337780221409545,395.57,SA(0.02),-1.9880501563346373,0.5524591067276075,0.25150239162931537,0.491891869836248
HWA034,43.827097965114945,379.18,SA(0.02),-1.7963282992132399,0.5483063359026384,0.24849025294389418,0.48876623470004193
HWA035,47.804623815661444,677.49,SA(0.02),-2.103282513774565,0.567207723713206,0.2620954830349981,0.503021430569879
HWA036,43.05936412870529,503.04,SA(0.02),-1.8772437583752746,0.560806072553284,0.25751688237874065,0.4981852128501739
HWA037,45.498025716459686,469.64,SA(0.02),-1.9025209780976422,0.5587055387565295,0.25600818388679786,0.4966001297021653
HWA038,41.859772602007936,642.73,SA(0.02),-1.9534873630890242,0.5663373896340006,0.26147467727319457,0.5023634461645597
HWA039,45.291665715542166,459.67,SA(0.02),-1.8904935980736743,0.5578680716443202,0.2554057791658492,0.49596841968903405
HWA041,47.47960397850945,484.97,SA(0.02),-1.9540372890349813,0.5600470878401504,0.2569721145079234,0.4976123721970344
HWA043,57.422369838378636,543.06,SA(0.02),-2.1769095187554157,0.5638961311314673,0.25973054659859635,0.5005186209009924
HWA044,58.67615362772547,534.41,SA(0.02),-2.1903307924828552,0.5636003889781861,0.25951897461215095,0.5002952131218331
HWA045,62.479427036765046,484.45,SA(0.02),-2.2085535551478737,0.5612990105229136,0.25787047066725854,0.4985573182411912
HWA046,51.02049634079368,617.52,SA(0.02),-2.122308158023001,0.5660451708927823,0.26126612224365836,0.5021425583027203
HWA048,50.7224249000127,345.89,SA(0.02),-1.9024386553722215,0.5444688835770218,0.24569455486133354,0.48588121068333123
HWA049,50.09848662493223,508.61,SA(0.02),-2.0225016419544097,0.5617563042294891,0.2581983353148602,0.4989025606089924
HWA050,52.588798916808756,313.9,SA(0.02),-1.9086598312541656,0.5385839555466262,0.24138335461481464,0.48146313803566404
HWA051,52.76943285780981,440.5,SA(0.02),-2.015503429740999,0.5571256788732354,0.254871330609624,0.4954085454382506
HWA053,41.01531883433213,843.24,SA(0.02),-2.06199792058102,0.5687988102489275,0.2632290645682752,0.5042246980336309
HWA054,42.366722327932806,452.83,SA(0.02),-1.823497227389113,0.5568734935580651,0.2546896894393106,0.49521838608928076
HWA055,46.95869477154732,369.75,SA(0.02),-1.8526873078809185,0.547587593966603,0.2479675378947558,0.4882256376067792
HWA056,40.36324611604254,511.3,SA(0.02),-1.8229863832678088,0.5610589362012387,0.25769828526353145,0.4983760865686687
HWA057,49.81118228871056,671.52,SA(0.02),-2.1379778619317245,0.5671528211978967,0.2620563366120444,0.5029799191162687
HWA058,45.22518970943778,529.54,SA(0.02),-1.9434356628076241,0.562503901246283,0.2587340166479765,0.4994670635252066
HWA059,48.38288493912992,208.56,SA(0.02),-1.7648348421627107,0.5015303776731727,0.21346769753466316,0.4538328567195689
HWA060,56.69388929890098,573.04,SA(0.02),-2.188177461447686,0.5649689542540395,0.2604975233718198,0.50132919283446
HWA2,54.910390623144146,260.38,SA(0.02),-1.9035662954973342,0.5252142176119041,0.2314737099851386,0.47145508372208755
ILA001,102.14533163111949,909.09,SA(0.02),-3.003935715589068,0.5692444297761318,0.26354624281592126,0.5045617888116032
ILA002,96.5430887001664,219.78,SA(0.02),-2.353346550514275,0.5277752276918335,0.23338497181773823,0.4733689321182794
ILA003,91.77508445604383,263.82,SA(0.02),-2.360665985240816,0.537868599062529,0.24085726533834295,0.48092661351938376
ILA004,87.85445904337864,124.27,SA(0.02),-2.115369808751995,0.48253544569638035,0.19851967248812855,0.4398072259395139
ILA005,86.15882510967322,239.33,SA(0.02),-2.2711372443912845,0.5301147960091318,0.2351254270062171,0.4751186488898826
ILA006,84.0230749317769,279.41,SA(0.02),-2.294381603031013,0.5394127186914044,0.24199228678264492,0.4820848620562134
ILA007,83.01426463964907,496.27,SA(0.02),-2.494130548774841,0.5631834896798895,0.25922062311905675,0.49998031121013775
ILA008,83.77120048773067,299.28,SA(0.02),-2.3135351840873764,0.5433576430518908,0.24488272295740382,0.48504636918533195
ILA010,79.14352703450395,573.04,SA(0.02),-2.509560047893471,0.5657773213297858,0.26107490768784375,0.5019401058960038
ILA012,87.16828457720456,259.21,SA(0.02),-2.3058043875482612,0.5355956563748734,0.23918269068566517,0.47922264930196784
ILA013,83.10768677806287,199.48,SA(0.02),-2.1888777518545397,0.5159854384805083,0.2245312314269893,0.4645715217679643
ILA014,79.65880504821489,300.77,SA(0.02),-2.2677144247688323,0.5427583982853851,0.24444450827914974,0.4845962869043482
ILA015,84.4098971671404,782.59,SA(0.02),-2.7232373834147987,0.5687409698555637,0.26318788575812585,0.5041809472624039
ILA016,81.37675877808526,271.1,SA(0.02),-2.2552602985616153,0.5368795007656623,0.24012911813505447,0.48018496953368683
ILA021,75.9361246011624,573.04,SA(0.02),-2.4683444596823545,0.5656772403816854,0.2610034484027001,0.5018644639817987
ILA024,66.86639827014352,671.52,SA(0.02),-2.417437160543723,0.5674979922520189,0.26230241524431214,0.5032409106651337
ILA027,82.20017425265452,215.0,SA(0.02),-2.1989026630644513,0.5211914915247098,0.2284583951539846,0.4684520600033876
ILA030,84.59458810632478,200.98,SA(0.02),-2.2063455138451795,0.517167703458977,0.22542559583449528,0.46545218255336945
ILA031,82.26156099466952,649.25,SA(0.02),-2.6065633380898805,0.5674247603374636,0.2622502136880346,0.5031855364223103
ILA032,83.16745823634133,295.48,SA(0.02),-2.302514169454976,0.5425031887989608,0.24425778748174376,0.48440462746712504
ILA035,92.41248666952322,293.01,SA(0.02),-2.40193545737264,0.5439722364519066,0.2453318496065802,0.4855080613121716
ILA036,88.96142770127999,181.0,SA(0.02),-2.222937991774866,0.511295770653331,0.22096844440378433,0.4610816756993876
ILA037,83.10530005645415,210.17,SA(0.02),-2.2025276772601785,0.5198725245156044,0.22746613801116133,0.46746828534619866
ILA039,85.105398122443,227.18,SA(0.02),-2.245007002442705,0.5262001738996464,0.23221028215024977,0.47219170669942884
ILA041,86.92925202295595,196.88,SA(0.02),-2.2249185274121626,0.5166138992623417,0.2250068396704704,0.4650396144551001
ILA042,84.64451794546719,209.36,SA(0.02),-2.2177346303771497,0.5201935028099036,0.22770777590334157,0.4677076535174412
ILA043,76.15127489591175,573.04,SA(0.02),-2.471145897063339,0.5656840814786739,0.26100833326805606,0.5018696344699511
ILA044,79.50525087467304,158.13,SA(0.02),-2.0950307238872243,0.4959935574061521,0.20916213973116154,0.4497341529075726
ILA046,78.60335463818913,396.93,SA(0.02),-2.349730949057402,0.5560228100525659,0.2540766192546108,0.4945770282240162
ILA048,87.92935080981664,199.59,SA(0.02),-2.238802432451367,0.5180201632903247,0.22606953649995298,0.4660873890613552
ILA049,86.95811873375148,190.0,SA(0.02),-2.215751938697837,0.5140015783235187,0.22302705412188842,0.4630945428838268
ILA050,65.88362730496057,621.06,SA(0.02),-2.366809214717564,0.5665710046683503,0.2616413649033953,0.5025400476602757
ILA051,78.04823034364469,520.64,SA(0.02),-2.4529956325376663,0.5639917391997588,0.25979893085100164,0.5005908483125168
ILA052,84.06986671281122,612.47,SA(0.02),-2.6014779172886433,0.5668205578208271,0.2618193832412642,0.5027287094720945
ILA054,114.92568764400566,677.3,SA(0.02),-2.9972195969069513,0.5681892403508958,0.26279497470085383,0.503763649068197
ILA055,89.2530675683504,266.77,SA(0.02),-2.337248889296842,0.5379069443789651,0.24088547673844224,0.4809553699748122
ILA056,90.99352301582981,223.71,SA(0.02),-2.302285441103015,0.5271322431146004,0.2329057197384715,0.47288828220218637
ILA059,85.27547272039952,236.84,SA(0.02),-2.2586330847530594,0.5291281543816975,0.2343920807933996,0.4743806027028528
ILA061,77.51126528132811,497.73,SA(0.02),-2.426766905902331,0.5629615141487736,0.25906171765377173,0.499812657761843
ILA062,72.19750000793086,447.51,SA(0.02),-2.31380751096514,0.5596474919001387,0.25668513357052747,0.4973108257357729
ILA063,60.16791606248126,996.51,SA(0.02),-2.509155228404969,0.5693342129301935,0.26361013154609986,0.5046297103412469
ILA064,71.3059446511398,488.61,SA(0.02),-2.337572634453352,0.5621376976793051,0.2584716677453913,0.4991905328881006
ILA066,69.33530918828765,481.17,SA(0.02),-2.3043280550928382,0.5615950400017672,0.2580827312035287,0.49878080637602085
ILA067,38.0530901443823,665.2,SA(0.02),-1.8779273586667102,0.5667008472249604,0.2617339932083339,0.502638206909013
KAU001,47.872270820263516,573.04,SA(0.02),-2.029676551869787,0.564552925939958,0.26020019408389844,0.5010148352953925
KAU003,115.67129144447121,913.77,SA(0.02),-3.1531091606204544,0.5692743341660816,0.26356752306021464,0.5045844114993435
KAU006,115.55793209386754,218.49,SA(0.02),-2.5357455252255128,0.5331181285975378,0.2373521003807122,0.47736665099711895
KAU007,108.23991364360973,290.86,SA(0.02),-2.5638015104413805,0.5465859285370407,0.24723836771585334,0.48747242671139823
KAU008,109.31472860629879,285.94,SA(0.02),-2.5684282598526242,0.5459570085026696,0.2467801239497754,0.48699961556095456
KAU010,100.62762664372208,215.36,SA(0.02),-2.387973475017307,0.527792802475516,0.2333980656561921,0.47338207115701675
KAU011,104.19724162361148,155.32,SA(0.02),-2.3242996394939466,0.507515320071465,0.2180782145651916,0.4582725089281484
KAU012,87.20034181709256,516.18,SA(0.02),-2.5616633606885713,0.5642181565754214,0.2599608517150134,0.5007619032883508
KAU015,108.83525214819949,233.21,SA(0.02),-2.493184878602192,0.5350132896891718,0.23875289321785761,0.47878625306511463
KAU018,79.82224640898121,538.69,SA(0.02),-2.4904097556818874,0.5647416189341355,0.2603350651161397,0.5011574104284239
KAU020,75.40786468933833,373.33,SA(0.02),-2.287369127350538,0.553082536346079,0.2519534232639578,0.49236141655960886
KAU022,99.29885279683903,217.05,SA(0.02),-2.37694932913829,0.5278550819906183,0.23344446370511626,0.47342863237108185
KAU030,102.44967456859456,259.36,SA(0.02),-2.4653934041511647,0.5394520950275259,0.24202120361345217,0.48211440533454586
KAU032,113.1787121371236,194.13,SA(0.02),-2.4746138351817586,0.5254396446050782,0.23164220292325716,0.47162348324439
KAU033,121.30415327080891,182.93,SA(0.02),-2.529554553732516,0.5246584287825744,0.2310580763571094,0.4710399476082171
KAU034,108.86832940689311,1010.4,SA(0.02),-3.1306875811960464,0.5693892522029032,0.26364929422860983,0.5046713486784614
KAU037,136.63858595740618,283.21,SA(0.02),-2.829586451173724,0.5500575976748935,0.2497621552438552,0.49008389747860454
KAU038,143.3217590914785,667.59,SA(0.02),-3.280292699823383,0.5683651061835697,0.26292023889887833,0.503896657961151
KAU039,152.7137646620572,464.82,SA(0.02),-3.198035973438477,0.5648942217182155,0.2604441220110614,0.5012727212212088
KAU040,141.54082737203709,567.64,SA(0.02),-3.184344532356353,0.5671199788062863,0.2620329184468704,0.502955087469506
KAU042,160.2092768679782,806.48,SA(0.02),-3.539466436401026,0.5691333500707154,0.2634671921977637,0.5044777584771624
KAU043,172.12019900001243,538.49,SA(0.02),-3.4535091667050377,0.5671810859173649,0.2620764900925886,0.5030012898225517
KAU044,121.91611938734569,221.24,SA(0.02),-2.5996893889151953,0.535520819370972,0.2391274766734805,0.4791665659032684
KAU046,162.89527803630148,204.23,SA(0.02),-2.940466886444553,0.5415293008136918,0.24354474881696428,0.483673380457771
KAU047,57.34078848787392,573.04,SA(0.02),-2.1988475911020555,0.5649966607813867,0.26051732053920396,0.501350129543407
KAU048,94.06716422546164,295.66,SA(0.02),-2.4227509071505207,0.5447781764501393,0.24592033051728593,0.48611362105438677
KAU050,41.405707951930495,665.2,SA(0.02),-1.9586621281750372,0.5668081818271867,0.2618105558519052,0.5027193529502894
KAU051,125.39181021164151,1004.58,SA(0.02),-3.302223207606939,0.5693932333360213,0.2636521268880519,0.5046743605100772
KAU052,169.07733558731505,573.04,SA(0.02),-3.455435060057505,0.56765111945496,0.2624115563784848,0.5033567010555146
KAU054,35.06562470884893,497.22,SA(0.02),-1.674520700550932,0.5595020850945942,0.2565806768564622,0.4972011056796618
KAU057,114.76630263975981,535.13,SA(0.02),-2.88395197845598,0.5657930835584928,0.2610861615228543,0.5019520192846021
KAU058,110.06905598566512,229.66,SA(0.02),-2.5000353616417463,0.5344616220491603,0.2383454697772359,0.478372932428339
KAU062,114.45650676026153,246.84,SA(0.02),-2.5669253541197583,0.5395402020333541,0.24208590195637172,0.48218051151426944
KAU063,93.6060399190571,227.24,SA(0.02),-2.3388050824967683,0.5291752641966196,0.23442711740000788,0.47441583749394906
KAU064,102.44159350370471,244.84,SA(0.02),-2.448932408800249,0.5362290033638902,0.23964976684595662,0.4796973350971523
KAU066,101.67439153000315,214.97,SA(0.02),-2.3973300189266697,0.5280019720208369,0.23355388149338982,0.4735384534515272
KAU069,71.14795101360905,500.15,SA(0.02),-2.3452124172661355,0.562722173394918,0.2588903419344809,0.49963189978557987
KAU073,110.99667430146175,216.33,SA(0.02),-2.48921750513183,0.5312402090880823,0.23596079542949935,0.4759607786070481
KAU074,105.92197691458655,228.34,SA(0.02),-2.457912421573268,0.5329842723404442,0.2372530374913912,0.477266414870543
KAU075,116.89998968320606,196.3,SA(0.02),-2.512668329104919,0.5273267892091253,0.23305076805502337,0.4730337008359648
KAU077,83.2746332190764,665.2,SA(0.02),-2.6306116513267703,0.5676696102910445,0.26242473460858606,0.5033706836056302
KAU078,89.35199696595875,531.85,SA(0.02),-2.600333015767437,0.5648688660238887,0.26042600280067696,0.5012535614520617
KAU081,162.4731162832657,295.0,SA(0.02),-3.0867546300614537,0.5549003300663762,0.253266840495573,0.4937309832420517
KAU082,169.92818795624305,573.04,SA(0.02),-3.4634961230440813,0.5676633304144632,0.2624202590307339,0.5033659348302013
KAU083,111.33662490367176,202.14,SA(0.02),-2.4704248946046308,0.5272860249344662,0.2330203783577928,0.4730032297576641
KAU085,88.81470945306066,260.75,SA(0.02),-2.328354841904288,0.5364741441764206,0.23983045526000948,0.479881089541565
KAU086,99.09116222127146,216.8,SA(0.02),-2.374558436706944,0.5277144712571166,0.23333970381378782,0.4733235107178513
KAU087,113.8969815243451,276.11,SA(0.02),-2.60126348876978,0.545111402271833,0.24616348814121977,0.4863640385481966
KAU088,111.19576926643339,227.46,SA(0.02),-2.507681367236002,0.5342135306788243,0.23816215674486954,0.4781870799749479
NCU,80.12485352707097,466.16,SA(0.02),-2.4394610910368417,0.5614869187160603,0.2580052128096531,0.49869917791420243
NSK,57.92066683550797,665.2,SA(0.02),-2.2759371548595753,0.5672267144488299,0.26210902327204194,0.5030357894859874
NST,37.88427385619578,491.08,SA(0.02),-1.784305795678535,0.5596036459002817,0.25665363728898644,0.49727774027320104
NSY,13.269189808642082,599.64,SA(0.02),-1.0481974545236081,0.5633606260055636,0.25934740463082995,0.5001141056245395
PNG,110.99680090093074,465.86,SA(0.02),-2.787485901648045,0.5632072283470904,0.2592376148429788,0.49999824110984126
SGL,94.06716422546164,295.66,SA(0.02),-2.4227509071505207,0.5447781764501393,0.24592033051728593,0.48611362105438677
SSD,86.12829009110234,535.13,SA(0.02),-2.5648254798622636,0.5648601460360159,0.2604197713832362,0.5012469723125839
STY,41.405707951930495,665.2,SA(0.02),-1.9586621281750372,0.5668081818271867,0.2618105558519052,0.5027193529502894
TAI1,77.88051206740859,160.67,SA(0.02),-2.0897481162853655,0.49676575500366055,0.20976503199838456,0.4503052816646431
TAP,99.45326800656716,235.82,SA(0.02),-2.4042556401536475,0.5331092094732002,0.23734550012406597,0.47735997192474927
TAP003,102.49615603578604,212.39,SA(0.02),-2.4016063067812103,0.5275004935878811,0.23318024629522976,0.4731635483351968
TAP005,106.45776496285161,179.84,SA(0.02),-2.3883016206533134,0.5181910299237692,0.2261985144470472,0.46621473116516354
TAP006,105.19861667361013,184.77,SA(0.02),-2.3847731505228396,0.5194683388123219,0.2271617071010447,0.4671669014981396
TAP007,103.22929751249532,207.39,SA(0.02),-2.401344285963121,0.5262266041025293,0.23223001402367582,0.4722114562903397
TAP008,103.88983230695109,194.14,SA(0.02),-2.387446778000927,0.5222051031092962,0.2292197141520966,0.46920836774019903
TAP010,101.02607768818412,226.38,SA(0.02),-2.4070630264964943,0.5310465392035048,0.23581712345018965,0.47581583736535876
TAP012,101.22135041662736,207.99,SA(0.02),-2.382775929488255,0.525740411925466,0.23186692994234917,0.47184818271417384
TAP013,101.93097443003171,205.11,SA(0.02),-2.3854055090399178,0.5250800097279517,0.23137337386504406,0.4713548328830547
TAP014,102.68862503887601,188.98,SA(0.02),-2.3679081800912796,0.5199945162833627,0.22755798813394013,0.4675592572083264
TAP017,98.95262064237038,217.83,SA(0.02),-2.374623318684268,0.5279744835179261,0.23353340700294506,0.4735179015196972
TAP020,100.10708960480885,218.5,SA(0.02),-2.3869681998440866,0.5285385689037819,0.2339534136570834,0.47393967871138987
TAP021,100.64194987891956,167.18,SA(0.02),-2.312683746069813,0.5108730352515056,0.22064607506660772,0.460767368315929
TAP024,96.12094949935707,194.98,SA(0.02),-2.3139155666774514,0.5195953644825866,0.22725740070530398,0.46726161474752115
TAP026,97.04891677159061,194.28,SA(0.02),-2.3219198981280926,0.5197053114386575,0.22734021457800366,0.46734359691043087
TAP028,95.95079486383781,287.94,SA(0.02),-2.4336917250642838,0.5437513940494513,0.2451705007985361,0.48534215154766497
TAP032,94.42845888739913,308.88,SA(0.02),-2.441836672118864,0.5470849701785447,0.2476017505165245,0.4878476583283063
TAP034,91.89598828035317,538.69,SA(0.02),-2.6357261226850452,0.5651825048302913,0.26065009805100275,0.5014905683582144
TAP035,89.039962013356,438.13,SA(0.02),-2.5135711316970277,0.5603160934934523,0.25716524324541995,0.49781538977244083
TAP036,87.5599551150271,671.52,SA(0.02),-2.687182128254473,0.5678114243812901,0.2625257963358139,0.5034779239610772
TAP041,111.82723819014045,363.56,SA(0.02),-2.685989622552503,0.5563138571618124,0.25428643177163457,0.49479644126357986
TAP042,106.68190483381903,375.85,SA(0.02),-2.6462434440741314,0.5569440363675311,0.25474050397327735,0.49527157729956445
TAP043,91.48433103527901,388.16,SA(0.02),-2.493458741893446,0.556559155734535,0.2544632155202531,0.4949813792245437
TAP046,117.32193358845494,816.9,SA(0.02),-3.114638980419188,0.5690393462632182,0.2634002872798316,0.5044066477125108
TAP047,85.80907617073753,403.2,SA(0.02),-2.44267010987152,0.5573562562544462,0.2550373669465564,0.49558242285914406
TAP049,108.6027661355923,573.04,SA(0.02),-2.8500974641463968,0.5665511038354558,0.2616271668378794,0.502525003188456
TAP051,103.74251653105222,403.17,SA(0.02),-2.64351750970947,0.5589602088535953,0.2561912705086496,0.49679225839058605
TAP052,100.31096345926947,433.88,SA(0.02),-2.636547134203397,0.5608360717755175,0.257538406047072,0.49820785703893405
TAP053,91.65600419476041,538.69,SA(0.02),-2.6329459128311927,0.5651742821900191,0.2606442238382685,0.5014843545204076
TAP059,118.32453599408895,456.18,SA(0.02),-2.8492622365331943,0.5630952893712854,0.2591574873929781,0.4999136941915974
TAP060,120.15382017573265,631.27,SA(0.02),-3.0181194635830333,0.5677361333944817,0.2624721430226072,0.5034209881389896
TAP065,121.46351678308714,1023.45,SA(0.02),-3.27085433120448,0.5694060091893843,0.2636612171030301,0.5046840257990439
TAP066,115.01873277372866,662.78,SA(0.02),-2.9877108123909437,0.5680431971724824,0.2626909364095837,0.5036531999125905
TAP067,96.47463981057544,807.68,SA(0.02),-2.881248109095405,0.5689259411147982,0.26331956602115164,0.5043208627687251
TAP069,122.45755568413036,671.52,SA(0.02),-3.071904027400736,0.568208454005542,0.26280866105555295,0.5037781802316924
TAP072,100.78864973474847,671.52,SA(0.02),-2.839731621694955,0.5679766658602585,0.26264353601665685,0.5036028851688629
TAP075,108.27200165265872,856.38,SA(0.02),-3.0414209085174355,0.5691341969157448,0.2634677948920702,0.5044783990951842
TAP077,117.94442647334881,1022.77,SA(0.02),-3.233670637437261,0.5694039735062156,0.26365976869066515,0.5046824857458915
TAP078,118.90698625816037,671.52,SA(0.02),-3.0349458218878036,0.5681732369611209,0.26278357490528176,0.5037515458625196
TAP079,118.27326344912967,631.27,SA(0.02),-2.9984909083694355,0.5677106143159472,0.26245395692909756,0.5034016906003093
TAP081,122.7494636646256,671.52,SA(0.02),-3.0749272050347285,0.5682113058979726,0.2628106925067665,0.5037803371057601
TAP083,121.86621664827865,435.22,SA(0.02),-2.864804482765015,0.5622440218690086,0.2585478484084805,0.49927081850513116
TAP084,122.81401514518838,224.22,SA(0.02),-2.6127421800024746,0.5364648734978211,0.23982362300213253,0.47987414011088814
TAP086,93.25545980723025,887.68,SA(0.02),-2.891081746637138,0.5691797379683928,0.26350020546445474,0.5045128500186675
TAP087,103.15361263828753,573.04,SA(0.02),-2.7908479922954834,0.5664238997650982,0.2615364078454802,0.5024288423213625
TAP090,104.64066341996687,324.38,SA(0.02),-2.567316737660758,0.5509929403620639,0.25044048030174915,0.49078792380728165
TAP094,108.94222775860766,416.34,SA(0.02),-2.712131314191731,0.5603007747196286,0.257154246757411,0.4978038283561553
TAP095,108.81195663904354,206.24,SA(0.02),-2.4530221014451246,0.5276989799010104,0.2333281610450676,0.4733119295474117
TAP097,98.42016825129102,237.23,SA(0.02),-2.395743201895497,0.5331837299700212,0.23740064391979857,0.4774157770447155
TAP098,107.08953823454839,538.69,SA(0.02),-2.8052114571514726,0.565666800160709,0.26099599353100217,0.5018565733004008
TAP100,99.46634920648815,236.32,SA(0.02),-2.405056672612477,0.5332424653124608,0.23744410339712538,0.47745976225693215
TAP103,114.99244567347492,429.49,SA(0.02),-2.788630519214075,0.5615218987930118,0.25803029296199426,0.49872558660856464
TAW,123.14546871727185,481.92,SA(0.02),-2.923227636864311,0.5643826778705447,0.2600784855127534,0.500886203097789
TCU,8.966003941063503,472.81,SA(0.02),-0.7567227503196408,0.5530139764811359,0.25190383701194363,0.4923097755297354
TCU003,85.87715173895934,517.33,SA(0.02),-2.554913351626913,0.5642348867767173,0.2599728147823312,0.5007745431130527
TCU006,72.13607981372333,607.4,SA(0.02),-2.453964530807815,0.5664501357639569,0.2615551279108765,0.5024486753595139
TCU007,89.06974444890936,463.88,SA(0.02),-2.5411377289354053,0.5619034734495372,0.2583038190534431,0.4990136777053921
TCU008,84.7584785592634,441.58,SA(0.02),-2.472824232479259,0.560270342782447,0.25713240087448475,0.49778086084348805
TCU009,81.06016716272919,460.1,SA(0.02),-2.4452591075850982,0.5611880808930338,0.25779091518083713,0.49847357621706767
TCU010,81.66395774542653,446.15,SA(0.02),-2.4408465286617167,0.5603514277768196,0.25719060709779973,0.497842057516423
TCU011,76.57844520726454,471.07,SA(0.02),-2.394748621335599,0.5615147727957217,0.2580251838075992,0.49872020671804107
TCU014,93.21256831945598,496.47,SA(0.02),-2.6195972434367314,0.5637075205869533,0.25959562295450916,0.5003761398279805
TCU015,49.226738245658176,426.0,SA(0.02),-1.9639487730406757,0.5554408559586206,0.2536569047421742,0.494138360324985
TCU017,53.6114321384972,558.76,SA(0.02),-2.1456309676841747,0.5643780292743034,0.26007516199587216,0.5008826908971474
TCU018,65.56957606032032,573.04,SA(0.02),-2.340204723672741,0.5653587683845637,0.2607760085663,0.5016237737044963
TCU025,54.44992612807512,665.2,SA(0.02),-2.2327420395202457,0.5671705022396568,0.26206894371883965,0.5029932875783495
TCU026,55.62700868478751,569.98,SA(0.02),-2.1845082312961113,0.5648627035910566,0.26042159905101897,0.5012489048924778
TCU029,27.893894423621465,406.53,SA(0.02),-1.4721606294865999,0.5489318861287239,0.2489448561624054,0.4892368283348235
TCU031,30.15523078028506,489.22,SA(0.02),-1.5926595488759667,0.5585276079434289,0.25588023824524114,0.4964659026666054
TCU033,40.407957354293515,423.4,SA(0.02),-1.7921658274069188,0.5537972952732381,0.2524701613902366,0.4928998497256231
TCU034,35.21698353563212,393.77,SA(0.02),-1.6546465538205117,0.5488700465495473,0.24889992968360647,0.48919030346358866
TCU036,19.699612049739354,478.07,SA(0.02),-1.2458343831930472,0.55584576144383,0.2539489559082071,0.49444356433085734
TCU038,25.342828155086934,297.86,SA(0.02),-1.345437022871348,0.5231887516277509,0.22995752554926702,0.4699425563545641
TCU039,19.708438206066337,540.66,SA(0.02),-1.2864267511198342,0.5608510825746176,0.25754917566526664,0.4982191876466242
TCU040,22.125103547818437,362.03,SA(0.02),-1.2687923443303517,0.538939218487962,0.24164445662607004,0.48172963143895
TCU042,25.987540319450044,578.98,SA(0.02),-1.5318862851396413,0.5634973549778791,0.2594452503305623,0.5002173838922213
TCU045,25.372624034032317,704.64,SA(0.02),-1.596308553581074,0.5671143487288942,0.26202890386372646,0.502950830672514
TCU046,16.252239941167144,465.55,SA(0.02),-1.1007132499777401,0.5538104603681786,0.2524796754872356,0.4929097680905443
TCU047,34.3639015403997,520.37,SA(0.02),-1.7261798899342977,0.5611918164554579,0.2577935943605416,0.4984763961946933
TCU048,15.724490368129416,551.21,SA(0.02),-1.1299425660213085,0.5610363174658869,0.25768206058802823,0.4983590123262457
TCU049,7.973343563390163,487.27,SA(0.02),-0.7088851443857261,0.5544535786991797,0.2529442807605846,0.4933943268450074
TCU050,12.061398269660884,542.41,SA(0.02),-0.9541805227916595,0.559994721016257,0.2569345124098198,0.49757285285554287
TCU051,11.684106742389506,350.06,SA(0.02),-0.8560690809080764,0.5310522109557528,0.23582133147962736,0.47582008194292214
TCU052,4.409004259240465,579.1,SA(0.02),-0.4994610687394039,0.5613641700631399,0.25791719707175975,0.49860650906834825
TCU053,8.360955408325248,454.55,SA(0.02),-0.7159535324004475,0.5505209611294146,0.2500982795283687,0.49043264493690103
TCU054,10.227617412004046,460.69,SA(0.02),-0.8175916543275569,0.5518114826275764,0.25103353807025935,0.4914041871245825
TCU055,9.165535239523313,359.13,SA(0.02),-0.7354297843088378,0.5321880534764188,0.23666343900910797,0.47667026433311516
TCU056,13.309665432524499,403.2,SA(0.02),-0.9424837897081273,0.5438286531227159,0.2452269513707158,0.4854001918815976
TCU057,14.550574484923569,555.23,SA(0.02),-1.0800809851062476,0.5611448963303302,0.2577599420887067,0.4984409763773475
TCU059,17.77385436882762,272.67,SA(0.02),-1.1044841594088135,0.5083526417202688,0.2187198003831295,0.4588943857407062
TCU060,9.40150493354199,375.42,SA(0.02),-0.7485720836258528,0.5364016455251228,0.23977702352783517,0.4798267440547593
TCU061,17.668321986901795,379.64,SA(0.02),-1.1159306132419917,0.54088082310919,0.24306951439701838,0.48318658505599316
TCU063,10.256304917085805,476.14,SA(0.02),-0.8263966146420227,0.5536944256511415,0.25239581543326317,0.4928223506994438
TCU064,17.156230171822553,645.72,SA(0.02),-1.25246097925986,0.565364463143923,0.2607800761500474,0.5016280774330637
TCU065,1.5301625387352142,305.85,SA(0.02),-0.33069467906563643,0.5093801799043867,0.21950601230083772,0.45965778383837885
TCU067,1.4845734764737275,433.63,SA(0.02),-0.2866068364006379,0.5453282395135606,0.2463216669094072,0.48652700358965717
TCU068,0.649001480476048,487.34,SA(0.02),-0.1993578921235175,0.5528424020724183,0.25177972915266655,0.49218054565069036
TCU070,20.340829249903962,401.26,SA(0.02),-1.2255424861269044,0.5458912400258896,0.2467321850675179,0.48695017690602754
TCU071,10.01426691522794,624.85,SA(0.02),-0.6866022980928135,0.5638847384398382,0.25972239747919185,0.5005100143783593
TCU072,12.748228787930415,468.14,SA(0.02),-0.7255229756460699,0.5523187876361577,0.2514008338615853,0.49178619735569506
TCU074,22.222133630574767,549.43,SA(0.02),-1.1500160342678187,0.5609839638409144,0.25764450532907895,0.49831949245478907
TCU075,2.71684542140007,573.02,SA(0.02),-0.42416532658107853,0.5608752149904013,0.25756648932074033,0.4982374036235314
TCU076,4.3340083071477284,614.98,SA(0.02),-0.5560646052449001,0.5632988641199104,0.2593032024025325,0.5000674549923965
TCU078,17.667409336015933,443.04,SA(0.02),-0.9248305540170276,0.5500471435950919,0.24975456989357062,0.4900760298100664
TCU079,21.222776888973897,363.99,SA(0.02),-1.0210754302133713,0.5364637376256733,0.2398227858875499,0.479873288646536
TCU081,54.870046821119146,430.47,SA(0.02),-2.062470204754437,0.5566098094711585,0.2544997154688314,0.4950195701442551
TCU082,8.966003941063503,472.81,SA(0.02),-0.7567227503196408,0.5530139764811359,0.25190383701194363,0.4923097755297354
TCU083,79.97899565103198,354.63,SA(0.02),-2.332965030117654,0.5514929551416337,0.25080281767569906,0.4911643576408838
TCU084,19.942894152069616,665.2,SA(0.02),-1.1408705612621406,0.5657782596532299,0.2610755776319948,0.5019408150971166
TCU085,57.92066683550797,999.66,SA(0.02),-2.4744382849814235,0.5693362192389525,0.2636115591521205,0.5046312281445656
TCU087,7.308530515924621,538.69,SA(0.02),-0.6971509990222753,0.559063863461294,0.25626577597290445,0.4968704614819375
TCU088,20.395798012081535,665.2,SA(0.02),-1.2012473511025452,0.5658470958731047,0.26112472365646233,0.5019928431794249
TCU089,15.126942233893988,671.52,SA(0.02),-0.9474150381992728,0.5657458784166881,0.2610524577258543,0.5019163408983225
TCU092,88.45294085502088,422.28,SA(0.02),-2.4974934844897807,0.5591881072877928,0.256355070338278,0.49696420116942086
TCU094,53.92101623044264,589.85,SA(0.02),-2.172284590278322,0.5654285711940037,0.2608258649214112,0.5016765265691532
TCU095,44.56466924675996,446.63,SA(0.02),-1.8919870411635809,0.5567924486182119,0.2546313052718451,0.495157277250189
TCU096,53.85469792017198,454.58,SA(0.02),-2.066117585547874,0.5585757629620949,0.25591486761733745,0.49650222909981695
TCU098,47.1372515839405,346.56,SA(0.02),-1.8632298184143137,0.5440156699866909,0.24536357763311667,0.48554069238545366
TCU100,13.491602319643608,535.13,SA(0.02),-1.0187053918427287,0.5596750787807085,0.2567049495803188,0.49733164253761125
TCU101,2.7276625208825007,389.41,SA(0.02),-0.36793435907839617,0.5367819271977491,0.2400572402075162,0.4801118190485216
TCU102,1.9961663796457592,714.27,SA(0.02),-0.4526315450146814,0.5664516042446163,0.2615561756959274,0.5024497854578311
TCU103,6.545253590327707,494.1,SA(0.02),-0.629875126152439,0.5549009036461687,0.2532672545297483,0.4937314154986477
TCU104,13.599900519557263,410.45,SA(0.02),-0.9583066571875887,0.5452349095033507,0.24625358913213583,0.48645685973235936
TCU105,17.911571028764843,575.54,SA(0.02),-1.2381382541229429,0.5626329959107801,0.2588264776017033,0.4995645529657152
TCU106,15.67278608418154,451.37,SA(0.02),-1.06835101778492,0.5519684326316804,0.25114719334637053,0.4915223676457814
TCU107,16.73758483873565,409.0,SA(0.02),-1.0915773683511458,0.5460337215415464,0.24683603589439074,0.48705728250838637
TCU109,13.739015155167076,535.13,SA(0.02),-1.0302835029542996,0.5597093175927748,0.2567295429888081,0.49735747903990285
TCU110,12.337401625868438,212.72,SA(0.02),-0.9516454236276857,0.4701543966583913,0.1884779904946981,0.43072172431431466
TCU111,22.753679890361862,237.53,SA(0.02),-1.2679791159534308,0.4963713980572737,0.2094572379580227,0.4500135889907423
TCU112,28.530660346449324,190.54,SA(0.02),-1.4209848067590076,0.47557939656348813,0.1929100683316329,0.4346969840842886
TCU113,31.866925843887017,230.3,SA(0.02),-1.4959638223229759,0.5007824530642415,0.21288840964120226,0.4532787115423345
TCU115,22.519806127058114,215.34,SA(0.02),-1.2683715030388676,0.48405052004040017,0.19973117285630101,0.440922175152065
TCU116,15.552380292106827,493.09,SA(0.02),-1.0866806911206748,0.5565306827775789,0.2544426977047603,0.4949599119702546
TCU117,26.02127503510998,198.58,SA(0.02),-1.3623207639697799,0.4778254520921262,0.19473008312625295,0.43634545648223194
TCU118,27.553377287252555,236.19,SA(0.02),-1.3954897407486233,0.5000280872422378,0.21230341107679648,0.4527199461878036
TCU119,38.709117009183,221.7,SA(0.02),-1.6317610963346323,0.5019463217582353,0.21378955132900634,0.45414109885493076
TCU120,8.190427877741287,459.34,SA(0.02),-0.7085483074446841,0.5511254811304876,0.25053654542919607,0.49088770136938226
TCU122,14.73072540652075,475.46,SA(0.02),-1.0404511044866556,0.5545846856128811,0.2530389571794445,0.49349312018089714
TCU123,16.255745645165277,270.22,SA(0.02),-1.0512706371642366,0.5060017286727447,0.21691633336795355,0.45714883105834236
TCU128,13.269189808642082,599.64,SA(0.02),-1.0481974545236081,0.5633606260055636,0.25934740463082995,0.5001141056245395
TCU129,6.355595224258387,511.18,SA(0.02),-0.6267304519663365,0.5565755886322766,0.25447505690814687,0.49499376892336805
TCU136,8.87050666409296,462.1,SA(0.02),-0.7467816480696223,0.5516578789173942,0.25092228748256884,0.4912885313297608
TCU138,10.62709176562196,652.85,SA(0.02),-0.9487857148488632,0.5652010450617613,0.26066334292666987,0.5015045792345274
TCU140,33.698793168228846,223.6,SA(0.02),-1.534102253307642,0.4990184816690091,0.21151933348911664,0.4519723626590048
TCU141,27.08308313875785,223.04,SA(0.02),-1.3844215386219547,0.4929614578281313,0.20678701963708232,0.4474931590691073
TCU145,36.03895088690123,240.43,SA(0.02),-1.5868374209718945,0.5084636192860733,0.2188047734033567,0.45897682215270813
TCU147,72.40184826834715,537.92,SA(0.02),-2.3999475165928366,0.5644301586083516,0.2601124310324161,0.5009220769431663
TTN,83.21058040106071,298.72,SA(0.02),-2.3065430908529057,0.5431333058181211,0.24471870529245002,0.4848778641770602
TTN001,55.943705673847546,484.6,SA(0.02),-2.105637941874501,0.5607936724908358,0.25750798546453707,0.4981758530155337
TTN002,68.37147822691496,667.36,SA(0.02),-2.4360254815300113,0.567462169929229,0.2622768806452824,0.5032138235181637
TTN003,95.02819768257147,506.64,SA(0.02),-2.6442624394477856,0.5641795423715426,0.2599332395650643,0.5007327301063652
TTN004,66.76657920094912,463.59,SA(0.02),-2.253370254551385,0.5603129504231558,0.2571629870254767,0.4978130176241239
TTN005,82.74873732730376,407.59,SA(0.02),-2.410431309912208,0.5574413596685314,0.2550986390605158,0.49564660174218245
TTN006,81.1387708588908,283.21,SA(0.02),-2.2659145083372456,0.5395312515008835,0.24207932974830007,0.4821737959021866
TTN007,81.9983553609081,282.7,SA(0.02),-2.275172266178516,0.5396302287036548,0.24215200299304004,0.48224805979621893
TTN008,82.7187919705734,292.61,SA(0.02),-2.2942632272228396,0.5418411661866895,0.24377317064118612,0.4839075228285823
TTN009,83.68450130501424,313.96,SA(0.02),-2.3284520071271113,0.5459599567272609,0.24678227283856957,0.4870018317853255
TTN010,83.81152591090317,311.34,SA(0.02),-2.3270860899512007,0.545536564874075,0.2464735999997893,0.48668358110557797
TTN012,81.57676615324058,288.3,SA(0.02),-2.276498986280319,0.5407076271356877,0.24294252758223378,0.48305658709374977
TTN013,81.26976308172648,297.76,SA(0.02),-2.2832292929366176,0.5425303622390247,0.2442776711965889,0.4844250337317206
TTN014,63.02404599943716,533.97,SA(0.02),-2.257303682794589,0.5638129031700811,0.2596710120732109,0.5004557475641075
TTN015,83.21058040106071,487.91,SA(0.02),-2.4892489145854935,0.5627976982453545,0.2589444245471642,0.49968893738625747
TTN016,123.14546871727185,826.15,SA(0.02),-3.181076768914769,0.5690872749936106,0.2634344001273228,0.5044429039933171
TTN018,74.43304938901571,573.04,SA(0.02),-2.448616413171058,0.5656289095235022,0.26096893697270485,0.5018279358745213
TTN020,50.35796250220993,453.71,SA(0.02),-1.983345910080157,0.5579822037289377,0.25548790673470023,0.4960545022379324
TTN022,53.02499720160041,398.81,SA(0.02),-1.9854162604026335,0.5528025680285731,0.25175091206979033,0.492150543524046
TTN023,54.09146602124198,527.54,SA(0.02),-2.1088120713966254,0.5630191261714749,0.25910296367553537,0.4998561699623656
TTN024,59.92050910835589,671.52,SA(0.02),-2.3125399301512273,0.5673702668558472,0.26221136698834874,0.5031443319110102
TTN025,65.75784285873038,704.96,SA(0.02),-2.4243776883039625,0.5679222168736063,0.26260474147147234,0.5035617084085453
TTN026,70.29054746653149,573.04,SA(0.02),-2.3927080324419947,0.5654905203057401,0.26087010898030066,0.5017233448786917
TTN027,76.08977283968429,428.95,SA(0.02),-2.347823063713662,0.5585898298047796,0.25592498308378053,0.4965128407150204
TTN028,78.48198120220177,616.17,SA(0.02),-2.534451803186731,0.5667711930734246,0.26178417236471896,0.5026913888233936
TTN031,55.63093116970684,510.62,SA(0.02),-2.121505663130323,0.5622758920293283,0.25857068162664504,0.4992948841721783
TTN032,57.234125398309374,734.26,SA(0.02),-2.3113502928543217,0.568131048946437,0.2627535220193334,0.50371963972374
TTN033,58.96031847975615,670.8,SA(0.02),-2.2967075213555033,0.5673399078967148,0.2621897241573789,0.503121376646362
TTN036,79.85049273122117,538.69,SA(0.02),-2.4907631816386435,0.5647427174683701,0.26033585023663974,0.5011582404940831
TTN040,47.98883144575936,728.01,SA(0.02),-2.140656116004279,0.5679300821963161,0.262610345586519,0.5035676564816722
TTN041,45.1590519289211,418.24,SA(0.02),-1.855271102257523,0.5537662262266849,0.25244770801387756,0.49287644296302496
TTN042,64.91469915710697,845.34,SA(0.02),-2.500190622969342,0.5689494842358481,0.263336324617293,0.5043386716773693
TTN044,58.77993734254324,419.63,SA(0.02),-2.096923233011792,0.5559108489245691,0.25399589086814833,0.4944926282303213
TTN045,61.00750348291904,539.98,SA(0.02),-2.231395981643997,0.5639565418832071,0.259773756501621,0.5005642581786099
TTN046,65.63785661871987,528.12,SA(0.02),-2.2911352072120166,0.5637016571814433,0.2595914281331368,0.5003717105801485
TTN047,73.91058687727796,573.04,SA(0.02),-2.4416928468696435,0.5656118842756409,0.2609567794347858,0.5018150684274691
TTN048,79.66111305108983,373.54,SA(0.02),-2.340375965217186,0.553675083980327,0.2523818359133186,0.4928077794857189
TTN050,89.29934402229367,573.04,SA(0.02),-2.633487318785226,0.566070430073065,0.26128415191356136,0.5021616510267544
TTN051,36.67924057370646,665.2,SA(0.02),-1.8425324246770758,0.5666538829661633,0.2617004907380141,0.5026027021695295
WGK,10.40266620061039,258.89,SA(0.02),-0.8277583041004598,0.49512211021494484,0.20848079625253746,0.4490898146446966
WNT,6.355595224258387,511.18,SA(0.02),-0.6267304519663365,0.5565755886322766,0.25447505690814687,0.49499376892336805
WTC,43.046970143373564,207.69,SA(0.02),-1.7007741028249113,0.49834800088287007,0.21099789568925906,0.4514760436597468
ALS,21.15138156147171,553.43,SA(0.04),-0.9287832725479543,0.5807219534392025,0.26579702728706334,0.5163234717612627
CHK,63.02404599943716,424.57,SA(0.04),-2.0261480576390967,0.5755260344753238,0.2620559459806168,0.5124030615980897
CHY002,25.505683407066318,235.13,SA(0.04),-1.3090603698364198,0.5057717134618332,0.2094784639592239,0.46035182119266443
CHY004,48.07893833473184,271.3,SA(0.04),-1.7542585306862433,0.53880943970656,0.2349995311532364,0.48486166344087905
CHY006,10.589594525139994,438.19,SA(0.04),-0.6819973156880391,0.5655468210720266,0.25481450932540606,0.5048888715964409
CHY008,41.23915234428305,210.73,SA(0.04),-1.6510136715485129,0.5068107268295059,0.21030227153758602,0.4611182792034854
CHY010,20.724953105809405,538.69,SA(0.04),-1.1299958004238737,0.5803140320504736,0.2655040201182882,0.5160154950151262
CHY012,59.82694761124689,198.4,SA(0.04),-1.925300521235973,0.5143242932056048,0.2162150201553347,0.4666696300817884
CHY014,37.42185396368311,347.63,SA(0.04),-1.5323087994389346,0.5561623048658401,0.24793211199824458,0.4978415181498762
CHY015,38.851553931384295,228.66,SA(0.04),-1.600412250131515,0.5144183449230879,0.21628855285847232,0.4667392157252237
CHY016,67.39311492490651,200.86,SA(0.04),-2.018837013917241,0.5203855229451505,0.2209307594207423,0.47115888194182637
CHY017,59.79653364012802,190.57,SA(0.04),-1.9251991893393787,0.5101898401405552,0.21297097238540538,0.4636130260291013
CHY019,52.664018987304125,497.53,SA(0.04),-1.9074302094008597,0.5810663902182012,0.26604434269704036,0.5165835436404362
CHY022,67.37194759211643,564.07,SA(0.04),-2.168141249378721,0.5858449118424127,0.26946696922988866,0.520194014984508
CHY023,82.48037770558093,279.78,SA(0.04),-2.224092376066471,0.5548196437823631,0.24694133477956823,0.4968347957863595
CHY024,11.325693557566668,427.73,SA(0.04),-0.7180684840508642,0.5638500142598564,0.2535754881511688,0.5036132547796341
CHY025,20.997755926782464,277.5,SA(0.04),-1.1474716389618869,0.5231754623068767,0.2230860703275366,0.473228453905544
CHY026,30.210404768019664,226.01,SA(0.04),-1.4280272861904193,0.5053027650867631,0.20910613939173248,0.4600059856925927
CHY027,42.57072697901259,210.01,SA(0.04),-1.6736974725022473,0.5075415351043118,0.21088079119429054,0.461657558977768
CHY028,3.81905953609022,542.61,SA(0.04),-0.3090504937147585,0.5779536776755492,0.2638062746509849,0.5142340935735997
CHY029,11.759168799911324,544.74,SA(0.04),-0.7548951277281616,0.5794491348100562,0.26488238119052376,0.5153626140563173
CHY032,36.21575834030445,192.71,SA(0.04),-1.5752524415616649,0.4911600719475555,0.19771987487111528,0.4496054574362709
CHY033,44.61021757313737,197.63,SA(0.04),-1.7121218070949755,0.5022345656889365,0.2066622020354301,0.45774479049206207
CHY034,15.559574786944564,378.75,SA(0.04),-0.9098634424348926,0.5547597220630944,0.2468970805762216,0.49678987592991514
CHY035,13.44254351914465,573.04,SA(0.04),-0.8373069298247736,0.5818613881262864,0.2666148563718722,0.5171839067044284
CHY036,16.839316616786387,233.14,SA(0.04),-1.067286509279892,0.4950013515115004,0.20084395955193307,0.4524246256667661
CHY039,32.69010874984208,201.21,SA(0.04),-1.5014706587157158,0.49288964268377283,0.1991295737264599,0.45087427597109114
CHY041,21.610943270708972,492.26,SA(0.04),-1.12861554039916,0.5760179359977756,0.2624109533502062,0.5127739795981983
CHY042,30.629771574103184,665.2,SA(0.04),-1.4817139512812894,0.5875499213685362,0.2706844223361868,0.5214833205431387
CHY044,55.933003322544856,194.47,SA(0.04),-1.8750352000719852,0.5095012368215609,0.21242842506839657,0.46310438838955187
CHY046,24.881430138705287,442.15,SA(0.04),-1.247141172957797,0.5705446219721747,0.25845070435304546,0.5086495837811984
CHY047,24.93307771977854,169.52,SA(0.04),-1.3475343090917715,0.46014088917160717,0.17144604094226742,0.42700807127367
CHY050,45.48094043081733,538.93,SA(0.04),-1.796716729525524,0.5831686232874942,0.2675520096921331,0.5181713667279696
CHY052,40.52523944488567,573.04,SA(0.04),-1.7061281560282433,0.5846201783022437,0.26859124458678657,0.5192682314656542
CHY054,49.228155688795745,172.1,SA(0.04),-1.7724181071326104,0.4906050380277882,0.19726641186668215,0.449198470709209
CHY055,55.04100932988003,225.77,SA(0.04),-1.8604540294216236,0.5243986372986587,0.22402807205360836,0.4741364294510952
CHY057,58.30189007907089,411.46,SA(0.04),-1.9595254058282017,0.5733397736640637,0.2604759527479087,0.5107551018885951
CHY058,60.47926509005612,269.28,SA(0.04),-1.9410955088517743,0.5438998887815207,0.2388229255171971,0.48866215247751477
CHY059,74.0105222831666,191.09,SA(0.04),-2.0903296527875153,0.5196945907301423,0.22039553096439873,0.4706466589333137
CHY060,69.53930995385498,228.92,SA(0.04),-2.050672851010875,0.5336867190638033,0.23112525132949002,0.4810432748755219
CHY061,62.41616207975734,538.69,SA(0.04),-2.075678690094971,0.5843676806319615,0.2684105736152771,0.519077402839592
CHY062,59.70708366780761,602.63,SA(0.04),-2.0785178113298186,0.586941826196089,0.27025043873985954,0.5210234233691547
CHY063,73.64708029924377,246.88,SA(0.04),-2.103623450378906,0.5419873527949187,0.23738944950702404,0.4872335578061058
CHY065,85.87815923556157,250.0,SA(0.04),-2.245352565379111,0.5476537825471441,0.24162626931880596,0.49146862719126894
CHY066,90.36922111828896,211.97,SA(0.04),-2.2789604556970717,0.5368896603773613,0.23355081730577051,0.48342995682510714
CHY067,84.21459469490114,227.97,SA(0.04),-2.22094991951241,0.5400246552297655,0.23591461942870579,0.4857683816345358
CHY069,86.69064381036402,224.42,SA(0.04),-2.246345843258327,0.539817809170887,0.23575896450668743,0.4856140213716966
CHY070,84.43554371983527,265.45,SA(0.04),-2.240286409888979,0.5516919079672284,0.24462714619497716,0.4944911734915216
CHY071,79.42270364079795,202.95,SA(0.04),-2.157619880116508,0.5280907731804131,0.22686091529398714,0.4768794290281988
CHY074,21.15138156147171,553.43,SA(0.04),-0.9287832725479543,0.5807219534392025,0.26579702728706334,0.5163234717612627
CHY076,42.877573217177414,169.84,SA(0.04),-1.678863845526366,0.48279602967291513,0.19082847754243046,0.4434822413882753
CHY078,77.88051206740859,160.67,SA(0.04),-2.0897481162853655,0.5063221920679004,0.20991511674579857,0.46075786042350014
CHY079,50.68613779255426,573.04,SA(0.04),-1.9063996460007475,0.5853065521775729,0.2690821497750827,0.519787030132936
CHY080,4.988369897004964,496.21,SA(0.04),-0.24337961689726045,0.572465533280887,0.2598431495243317,0.5100963874012893
CHY081,43.161132192340126,573.04,SA(0.04),-1.7629269229479312,0.5848149906783288,0.26873060998138715,0.5194154720270906
CHY082,36.69569501183828,193.69,SA(0.04),-1.583001529160249,0.4922941923682399,0.19864481822504287,0.4504373519501211
CHY086,31.247850964812436,665.2,SA(0.04),-1.4952304516672796,0.5875730522771428,0.2707009254643251,0.5215008156417744
CHY087,29.89661912611536,505.2,SA(0.04),-1.4100526470247392,0.5788383817745711,0.26444308647392595,0.5149016665651296
CHY088,38.170938955225544,318.52,SA(0.04),-1.571640580033673,0.5492337808635954,0.2428022111199467,0.492650821898213
CHY090,59.17740188206011,180.33,SA(0.04),-1.9085037201213364,0.5040373462684514,0.20809986125951296,0.45907308152092113
CHY092,24.650496063812138,253.72,SA(0.04),-1.2705479929547139,0.5149218388857468,0.21668200470671514,0.4671117735593464
CHY093,50.52955404993735,190.49,SA(0.04),-1.8023518264047904,0.5030725049086718,0.20733103053905094,0.4583620719155336
CHY094,37.57279552970941,221.92,SA(0.04),-1.5799966692368588,0.5098033503044687,0.21266653904403177,0.4633275290253042
CHY096,83.07046778565815,293.61,SA(0.04),-2.2387257929284177,0.5583331620343731,0.2495307335612012,0.4994700519908179
CHY099,65.94429160338161,228.84,SA(0.04),-2.0054476600970474,0.5318193442607191,0.22970605589914034,0.47965293996092867
CHY100,54.13764361475702,230.11,SA(0.04),-1.8475021358189399,0.5257827419553103,0.22509189081195383,0.4751643215023028
CHY101,10.40266620061039,258.89,SA(0.04),-0.7964424827463936,0.50319386963408,0.2074278152017813,0.4584514935278706
CHY102,42.67253817797281,804.36,SA(0.04),-1.8251665341821943,0.5903681104412605,0.27269250120554206,0.5236156086407755
CHY104,18.66688688746901,223.24,SA(0.04),-1.1380820586513294,0.49087954469027867,0.1974907500061259,0.449399745279582
CHY107,51.35844504410688,175.68,SA(0.04),-1.8041261487283098,0.49482823278806015,0.20070368976311467,0.4522974783034127
CHY109,43.43968322952119,573.04,SA(0.04),-1.7683469609849625,0.5848335882405867,0.268743913002975,0.5194295285774669
CHY110,43.43968322952119,573.04,SA(0.04),-1.7683469609849625,0.5848335882405867,0.268743913002975,0.5194295285774669
CHY116,82.01615041444819,195.38,SA(0.04),-2.180238181903324,0.5261873999879833,0.22540248903154306,0.475464928090915
ENA,65.88362730496057,665.2,SA(0.04),-2.1944456571609527,0.5887908058356649,0.2715692500967887,0.5224220089529914
ESL,43.897780904479816,493.29,SA(0.04),-1.7143950373791843,0.5795863357349728,0.2649810288069609,0.5154661724527586
HEN,162.89527803630148,204.23,SA(0.04),-2.940466886444553,0.5600676371742446,0.25080511865901683,0.5007719547502413
HSN,54.870046821119146,321.49,SA(0.04),-1.873173951984439,0.5565003774412008,0.24818133563281586,0.49809506596202163
HWA,54.910390623144146,260.38,SA(0.04),-1.8424413501671035,0.537725040173807,0.23418168161555813,0.48405284714133395
HWA002,56.44202545573511,789.18,SA(0.04),-2.0981104611156454,0.5904034989177123,0.2727176838471285,0.5236423936727571
HWA003,55.34036308551032,1525.85,SA(0.04),-2.2090119148512457,0.5916441160021791,0.2736,0.5245815475214507
HWA005,48.52595230785456,459.32,SA(0.04),-1.793977286880379,0.5770819078202579,0.26317822188382584,0.513576432344336
HWA006,49.18260421653337,559.11,SA(0.04),-1.8543358020900533,0.584477583395791,0.2684892182609477,0.5191604618707101
HWA007,55.59377109620273,358.72,SA(0.04),-1.8785240298140184,0.5643347593192588,0.2539296892533653,0.5039776120936477
HWA009,55.351901573503156,373.23,SA(0.04),-1.8801306538356837,0.5668851558290833,0.25579014769016434,0.5058954242173059
HWA011,52.50669252247871,355.76,SA(0.04),-1.8252423078207076,0.5629166577860876,0.25289295160712777,0.5029118398293027
HWA012,55.940482597974515,414.42,SA(0.04),-1.9076381182650555,0.5731491077275863,0.26033799149979225,0.5106114274776686
HWA013,53.649974548577966,330.55,SA(0.04),-1.8366321716959226,0.5578478267575219,0.24917368274808496,0.49910587418286995
HWA014,54.562707264600675,277.28,SA(0.04),-1.8391750464959586,0.5434097598628896,0.23845590684815413,0.48829596312427953
HWA015,50.48367897862757,453.05,SA(0.04),-1.828455838292955,0.5767322273811216,0.26292614556563665,0.5133126767166261
HWA016,51.54840213276211,576.55,SA(0.04),-1.9082794079364318,0.5854630939133437,0.2691940660299749,0.5199053655703452
HWA017,50.52422325112912,578.11,SA(0.04),-1.8896465194661518,0.5854673087417245,0.2691970791041952,0.5199085517733357
HWA019,54.910390623144146,494.82,SA(0.04),-1.928489555989245,0.5809967003466197,0.26599431011150426,0.5165309214383633
HWA020,43.897780904479816,626.43,SA(0.04),-1.7771223428908016,0.5869520961492595,0.2702577702220387,0.5210311898616254
HWA022,61.14643046699228,567.64,SA(0.04),-2.0703735120688305,0.5856457391874463,0.2693246234850402,0.5200434395442862
HWA023,50.46681972096665,671.52,SA(0.04),-1.9340708205792134,0.5884830840230005,0.27134992043078227,0.5221892002554533
HWA024,42.66088086872478,671.52,SA(0.04),-1.7706356604061952,0.5882086546677542,0.2711542672400771,0.5219815942957626
HWA025,52.97661131498272,494.32,SA(0.04),-1.8938652919747425,0.5807532339832253,0.26581949105102853,0.5163470896202932
HWA026,51.216871807519986,457.49,SA(0.04),-1.8441220024369418,0.5772949850062026,0.2633317806843801,0.5137371633383215
HWA027,50.999260902587345,437.8,SA(0.04),-1.8311464112865536,0.5751431913793421,0.2617795236170273,0.5121144126119248
HWA028,53.17903686421587,406.7,SA(0.04),-1.8567607106399073,0.571594387106444,0.2592120133835223,0.509440158889395
HWA029,53.68312510210313,614.05,SA(0.04),-1.9662819245047052,0.5870135299750896,0.27030162493603704,0.5210776486578113
HWA030,46.3240822341362,592.18,SA(0.04),-1.812722932647755,0.5858055876244604,0.26943886691798485,0.5201642850926925
HWA031,50.812995101814906,602.29,SA(0.04),-1.9070856983227369,0.5864599620759859,0.26990636760287984,0.520659043756647
HWA032,47.149347167648216,573.04,SA(0.04),-1.8204733266909094,0.5850124127961647,0.2688718159769986,0.5195646925059682
HWA033,53.337780221409545,395.57,SA(0.04),-1.8548491245769063,0.5700164140222306,0.2580673196827454,0.5082518772877544
HWA034,43.827097965114945,379.18,SA(0.04),-1.6666535874177921,0.564889175338382,0.2543345661883943,0.5043943981213893
HWA035,47.804623815661444,677.49,SA(0.04),-1.88416785151641,0.5885326488709599,0.2713852521555695,0.5222266976127576
HWA036,43.05936412870529,503.04,SA(0.04),-1.7004546287753373,0.5802801782064172,0.2654796978572647,0.5159899371546763
HWA037,45.498025716459686,469.64,SA(0.04),-1.7377782423062387,0.5776568438046827,0.2635924870090082,0.5140101458014166
HWA038,41.859772602007936,642.73,SA(0.04),-1.738733403329491,0.5873753784784702,0.2705598803348082,0.5213513080408837
HWA039,45.291665715542166,459.67,SA(0.04),-1.7291330456338068,0.5766132311730958,0.2628403437673766,0.5132229262729067
HWA041,47.47960397850945,484.97,SA(0.04),-1.78506765944966,0.5793426935343811,0.26480584057704365,0.5152822754063613
HWA043,57.422369838378636,543.06,SA(0.04),-1.9961342907221173,0.584247851906579,0.26832481670565256,0.518986844917412
HWA044,58.67615362772547,534.41,SA(0.04),-2.012768944548964,0.5838754707942865,0.26805825482910667,0.5187054437859925
HWA045,62.479427036765046,484.45,SA(0.04),-2.0483332441683153,0.5809887616601365,0.26598861045850586,0.5165249270671572
HWA046,51.02049634079368,617.52,SA(0.04),-1.918522476702989,0.5870047217776874,0.2702953373339872,0.5210709874909619
HWA048,50.7224249000127,345.89,SA(0.04),-1.7907536914493964,0.5603402466316312,0.2510051851062069,0.5009766352286263
HWA049,50.09848662493223,508.61,SA(0.04),-1.8473980609617282,0.5815038391643573,0.2663583235106355,0.5169138791515376
HWA050,52.588798916808756,313.9,SA(0.04),-1.8143116621781852,0.5533575558094725,0.2458606300692754,0.49573897885215007
HWA051,52.76943285780981,440.5,SA(0.04),-1.8645095566637302,0.575736117310864,0.26220758532895566,0.5125614684817299
HWA053,41.01531883433213,843.24,SA(0.04),-1.8084231712691803,0.5906908783001658,0.27292215445949686,0.5238599157334026
HWA054,42.366722327932806,452.83,SA(0.04),-1.663440546172236,0.5753653066812654,0.2619399095890792,0.5122818754327462
HWA055,46.95869477154732,369.75,SA(0.04),-1.7283181743374623,0.564048739258435,0.25372071862834905,0.5037626198893127
HWA056,40.36324611604254,511.3,SA(0.04),-1.6424980346496567,0.5805915268234152,0.26570335548585317,0.5162249973632649
HWA057,49.81118228871056,671.52,SA(0.04),-1.9213368687971981,0.5884617442419882,0.27133470811602284,0.5221730561872336
HWA058,45.22518970943778,529.54,SA(0.04),-1.7595840970112002,0.5824347091264118,0.2670260145823948,0.5176169413102807
HWA059,48.38288493912992,208.56,SA(0.04),-1.745096227454934,0.5103525531457506,0.21309907826669366,0.46373323295217017
HWA060,56.69388929890098,573.04,SA(0.04),-1.9989374035151855,0.5856213222385271,0.2693071712079693,0.52002498074262
HWA2,54.910390623144146,260.38,SA(0.04),-1.8424413501671035,0.537725040173807,0.23418168161555813,0.48405284714133395
ILA001,102.14533163111949,909.09,SA(0.04),-2.78814460413099,0.5913329615391351,0.27337880330821973,0.5243459748147303
ILA002,96.5430887001664,219.78,SA(0.04),-2.344543568193231,0.5420892345942727,0.23746590206044116,0.4873096383426305
ILA003,91.77508445604383,263.82,SA(0.04),-2.3175270341512837,0.5534705905098867,0.24594424732512019,0.4958236801192969
ILA004,87.85445904337864,124.27,SA(0.04),-2.115369808751995,0.491230944067835,0.1977777394370726,0.4496574320445931
ILA005,86.15882510967322,239.33,SA(0.04),-2.2407071865435984,0.5443590636755509,0.2391665537236039,0.48900526560119667
ILA006,84.0230749317769,279.41,SA(0.04),-2.2358645098009733,0.5550366943698513,0.2471016075679363,0.496997512704393
ILA007,83.01426463964907,496.27,SA(0.04),-2.3452694310203266,0.5834706189659202,0.2677683414676836,0.5183995355940436
ILA008,83.77120048773067,299.28,SA(0.04),-2.2431467441392634,0.5596397310759024,0.2504909553456193,0.5004507067521708
ILA010,79.14352703450395,573.04,SA(0.04),-2.336767094045617,0.5867322296472353,0.27010079717439656,0.5208649236343061
ILA012,87.16828457720456,259.21,SA(0.04),-2.2623377279420653,0.5507022103352562,0.24389304884418758,0.4937500432340472
ILA013,83.10768677806287,199.48,SA(0.04),-2.188478886229382,0.5281401443605289,0.22689869019304815,0.47691613148837764
ILA014,79.65880504821489,300.77,SA(0.04),-2.1935092096550455,0.5588394063605124,0.2499029532656148,0.499849973542556
ILA015,84.4098971671404,782.59,SA(0.04),-2.511604887680667,0.5906301303954682,0.2728789367654245,0.5238139333778162
ILA016,81.37675877808526,271.1,SA(0.04),-2.2000942176069813,0.552015707436096,0.2448671285520756,0.49473369665996547
ILA021,75.9361246011624,573.04,SA(0.04),-2.2930040822294964,0.5865929679915809,0.270001354956091,0.5207596167321797
ILA024,66.86639827014352,671.52,SA(0.04),-2.212569947811604,0.5889430346877664,0.27167772857074296,0.5225371851896067
ILA027,82.20017425265452,215.0,SA(0.04),-2.1847632269367208,0.534008468756899,0.23136940062278605,0.4812829159232028
ILA030,84.59458810632478,200.98,SA(0.04),-2.2054414193163066,0.5295461467019562,0.22797329922175347,0.4779616054965488
ILA031,82.26156099466952,649.25,SA(0.04),-2.4187027316577145,0.5888734360105474,0.2716281343606802,0.522484526337962
ILA032,83.16745823634133,295.48,SA(0.04),-2.2338520410362155,0.5586238041674728,0.24974445681992152,0.4996881636283387
ILA035,92.41248666952322,293.01,SA(0.04),-2.341683339441843,0.5605705220297594,0.2511741344539503,0.5011495429011443
ILA036,88.96142770127999,181.0,SA(0.04),-2.222937991774866,0.5231463419297564,0.22306362228727897,0.4732068421806301
ILA037,83.10530005645415,210.17,SA(0.04),-2.192910053205565,0.5325467695359685,0.23025934360861636,0.4801944360611908
ILA039,85.105398122443,227.18,SA(0.04),-2.222943441233243,0.5398376362561386,0.23577388656932477,0.48562881703067223
ILA041,86.92925202295595,196.88,SA(0.04),-2.2249185274121626,0.5290288349811019,0.22757817536944522,0.47757688630939416
ILA042,84.64451794546719,209.36,SA(0.04),-2.2096788762991846,0.5329777939611571,0.23058691505720758,0.48051535195048845
ILA043,76.15127489591175,573.04,SA(0.04),-2.2959746926208866,0.5866024731319337,0.2700081426814613,0.520766804212988
ILA044,79.50525087467304,158.13,SA(0.04),-2.0950307238872243,0.5055254614709235,0.20928299013690832,0.4601702100687798
ILA046,78.60335463818913,396.93,SA(0.04),-2.231137450929415,0.5746306765602139,0.2614093059342385,0.51172804224024
ILA048,87.92935080981664,199.59,SA(0.04),-2.238802432451367,0.530664112074254,0.22882618624802883,0.478793250088949
ILA049,86.95811873375148,190.0,SA(0.04),-2.215751938697837,0.526084763377865,0.22532372746926863,0.4753886789751087
ILA050,65.88362730496057,621.06,SA(0.04),-2.1722645198309674,0.587721867393858,0.27080709154320276,0.5216133746203552
ILA051,78.04823034364469,520.64,SA(0.04),-2.2932109653505113,0.5844581583852964,0.268475318636833,0.5191457812464464
ILA052,84.06986671281122,612.47,SA(0.04),-2.423286262394106,0.5880906563561623,0.27107012552797,0.5218923328998735
ILA054,114.92568764400566,677.3,SA(0.04),-2.8327265973277966,0.5899307804721287,0.27238122727606856,0.5232846192809775
ILA055,89.2530675683504,266.77,SA(0.04),-2.2903759606229515,0.5534384289009464,0.2459204569771644,0.4957995798954357
ILA056,90.99352301582981,223.71,SA(0.04),-2.2866802631182774,0.541132809915425,0.23674779213027386,0.4865955208264911
ILA059,85.27547272039952,236.84,SA(0.04),-2.229438505847703,0.5431955135336869,0.2382954012942534,0.4881359110382441
ILA061,77.51126528132811,497.73,SA(0.04),-2.273183895403986,0.5831601328306568,0.2675459267242176,0.5181649521304474
ILA062,72.19750000793086,447.51,SA(0.04),-2.172293422502651,0.5790021347799021,0.2645608947610614,0.5150252469956309
ILA063,60.16791606248126,996.51,SA(0.04),-2.245634736146512,0.5914558245281523,0.27346615288885284,0.52443899129684
ILA064,71.3059446511398,488.61,SA(0.04),-2.1821264006349335,0.5820914369515585,0.2667798637813642,0.5173576569967114
ILA066,69.33530918828765,481.17,SA(0.04),-2.149787095503712,0.5814006249898649,0.26628425318355814,0.5168359345528136
ILA067,38.0530901443823,665.2,SA(0.04),-1.6563028867483953,0.5878520889011004,0.270899980680282,0.5217118734443468
KAU001,47.872270820263516,573.04,SA(0.04),-1.8351469356899714,0.585062719789946,0.2689077937720584,0.5196027179842816
KAU003,115.67129144447121,913.77,SA(0.04),-2.949327938586973,0.591377958840263,0.2734107953227595,0.524380040813008
KAU006,115.55793209386754,218.49,SA(0.04),-2.5357455252255128,0.5489075770980376,0.2425596180672268,0.49240670169964096
KAU007,108.23991364360973,290.86,SA(0.04),-2.5178310470754033,0.5640074494693786,0.2536905462147693,0.503731585090915
KAU008,109.31472860629879,285.94,SA(0.04),-2.5261403315240196,0.563308800927662,0.2531798008905058,0.5032065119050072
KAU010,100.62762664372208,215.36,SA(0.04),-2.3854971459393592,0.5422808906595221,0.2376096938703021,0.4874527646381195
KAU011,104.19724162361148,155.32,SA(0.04),-2.3242996394939466,0.519815985273158,0.22048961141163234,0.4707366459126072
KAU012,87.20034181709256,516.18,SA(0.04),-2.410458094022667,0.5847901262935039,0.26871282387125817,0.5193966789434704
KAU015,108.83525214819949,233.21,SA(0.04),-2.4836878108900224,0.5507841017495627,0.24395382464783666,0.49381135890111444
KAU018,79.82224640898121,538.69,SA(0.04),-2.327060231413904,0.5854148352216075,0.269159566253887,0.5198688846156897
KAU020,75.40786468933833,373.33,SA(0.04),-2.1761213892729243,0.5710346651900043,0.2588061972513891,0.5090186058612548
KAU022,99.29885279683903,217.05,SA(0.04),-2.3721973371659355,0.5422943385243995,0.23761978190130842,0.48746280765284095
KAU030,102.44967456859456,259.36,SA(0.04),-2.4333209218889555,0.5556266053196729,0.2475369967468358,0.4974398051831202
KAU032,113.1787121371236,194.13,SA(0.04),-2.4746138351817586,0.540204106584948,0.23604962451824316,0.4859023065761659
KAU033,121.30415327080891,182.93,SA(0.04),-2.529554553732516,0.5397380312966582,0.23569891887346647,0.48555448929020467
KAU034,108.86832940689311,1010.4,SA(0.04),-2.907228687278667,0.5915397146564859,0.273525789066155,0.5245025040279733
KAU037,136.63858595740618,283.21,SA(0.04),-2.8137864172888087,0.5686968717727489,0.2571086281998129,0.507258598024046
KAU038,143.3217590914785,667.59,SA(0.04),-3.1450943529365887,0.5902017405678202,0.27257410051453224,0.5234896888172471
KAU039,152.7137646620572,464.82,SA(0.04),-3.123553113554294,0.5860130124209891,0.26958708737323717,0.5203211057110186
KAU040,141.54082737203709,567.64,SA(0.04),-3.0692871450524195,0.5886433360876128,0.27146414838677807,0.5223104376335931
KAU042,160.2092768679782,806.48,SA(0.04),-3.3960003811352633,0.5912034754367793,0.27328673445085205,0.5242479471983805
KAU043,172.12019900001243,538.49,SA(0.04),-3.3782434078103134,0.588819897814266,0.27158998225899517,0.5224440195834971
KAU044,121.91611938734569,221.24,SA(0.04),-2.5996893889151953,0.5518591742623611,0.24475112657260745,0.49461645166631346
KAU046,162.89527803630148,204.23,SA(0.04),-2.940466886444553,0.5600676371742446,0.25080511865901683,0.5007719547502413
KAU047,57.34078848787392,573.04,SA(0.04),-2.010029079957745,0.5856588491714202,0.26933399382081125,0.5200533505183131
KAU048,94.06716422546164,295.66,SA(0.04),-2.36231162231215,0.5615517536883295,0.25189355373325933,0.5018864509608403
KAU050,41.405707951930495,665.2,SA(0.04),-1.7386615502802827,0.5879964523122999,0.27100294429601907,0.5218210728925573
KAU051,125.39181021164151,1004.58,SA(0.04),-3.0953239189439072,0.5915467315205895,0.27353077703887396,0.5245078165148753
KAU052,169.07733558731505,573.04,SA(0.04),-3.367699469242875,0.5893737784288894,0.27198459443047124,0.5228631093240731
KAU054,35.06562470884893,497.22,SA(0.04),-1.4965971414169648,0.5786204640534721,0.2642862809226255,0.5147372175562425
KAU057,114.76630263975981,535.13,SA(0.04),-2.7516917027469416,0.5868955219787595,0.27021738235245,0.5209884067743834
KAU058,110.06905598566512,229.66,SA(0.04),-2.4940335388428347,0.5502059153179699,0.24352459210119007,0.493378477735738
KAU062,114.45650676026153,246.84,SA(0.04),-2.5527787952943073,0.5561202414623055,0.24790109636284874,0.4978099731686687
KAU063,93.6060399190571,227.24,SA(0.04),-2.3224773872930236,0.5435769016088775,0.2385810922953439,0.48842083325946273
KAU064,102.44159350370471,244.84,SA(0.04),-2.426481651405137,0.5519425375369509,0.24481290730955715,0.4946788909559116
KAU066,101.67439153000315,214.97,SA(0.04),-2.395897480935602,0.5425608550116522,0.23781967481204844,0.48766185381190785
KAU069,71.14795101360905,500.15,SA(0.04),-2.1861596210828673,0.5828234429776903,0.2673046659375509,0.5179105919484398
KAU073,110.99667430146175,216.33,SA(0.04),-2.48921750513183,0.5466070750860207,0.24084595310700926,0.4906857664596263
KAU074,105.92197691458655,228.34,SA(0.04),-2.4496104337260443,0.5483730760523643,0.24216190419650166,0.4920067506600458
KAU075,116.89998968320606,196.3,SA(0.04),-2.512668329104919,0.5424855879831015,0.23776323005301458,0.48760563943019436
KAU077,83.2746332190764,665.2,SA(0.04),-2.4402295142804205,0.5891969034878932,0.271858601841044,0.5227292718843612
KAU078,89.35199696595875,531.85,SA(0.04),-2.4465999522474444,0.5856192501323751,0.2693056901292265,0.5200234142705753
KAU081,162.4731162832657,295.0,SA(0.04),-3.0867546300614537,0.5747166726076688,0.2614714391597782,0.511792868528807
KAU082,169.92818795624305,573.04,SA(0.04),-3.3766920752404146,0.5893908064141822,0.2719967228195698,0.5228759943437584
KAU083,111.33662490367176,202.14,SA(0.04),-2.4704248946046308,0.5421817938577329,0.23753535006141396,0.4873787593463535
KAU085,88.81470945306066,260.75,SA(0.04),-2.2851479727857997,0.5517741928528911,0.24468814018472995,0.49455280198518475
KAU086,99.09116222127146,216.8,SA(0.04),-2.369855954420051,0.5421265030045146,0.23749386588125582,0.4873374692435213
KAU087,113.8969815243451,276.11,SA(0.04),-2.568584089693342,0.5624597154471862,0.25255854375398645,0.5025685162023139
KAU088,111.19576926643339,227.46,SA(0.04),-2.504152329638931,0.5499687161623915,0.24334841241580338,0.49320091132520955
NCU,80.12485352707097,466.16,SA(0.04),-2.2978724828453356,0.5813430638931885,0.26624294196368486,0.5167924668483875
NSK,57.92066683550797,665.2,SA(0.04),-2.065927915317756,0.5885701278143919,0.2714119675056114,0.5222550519144669
NST,37.88427385619578,491.08,SA(0.04),-1.6106470390451941,0.578762534724443,0.26438851358829923,0.5148444284278813
NSY,13.269189808642082,599.64,SA(0.04),-0.8451033971467374,0.583543577240077,0.26782059502406214,0.518454660909807
PNG,110.99680090093074,465.86,SA(0.04),-2.6715716781637413,0.5836921527410062,0.26792699519118673,0.5185669237612941
SGL,94.06716422546164,295.66,SA(0.04),-2.36231162231215,0.5615517536883295,0.25189355373325933,0.5018864509608403
SSD,86.12829009110234,535.13,SA(0.04),-2.4075355011841744,0.5855932278336304,0.2692870899306074,0.5200037419878007
STY,41.405707951930495,665.2,SA(0.04),-1.7386615502802827,0.5879964523122999,0.27100294429601907,0.5218210728925573
TAI1,77.88051206740859,160.67,SA(0.04),-2.0897481162853655,0.5063221920679004,0.20991511674579857,0.46075786042350014
TAP,99.45326800656716,235.82,SA(0.04),-2.385687595601568,0.5482697796636854,0.2420850123574537,0.4919294645417752
TAP003,102.49615603578604,212.39,SA(0.04),-2.4016063067812103,0.542029552397592,0.23742111751905667,0.48726507019109855
TAP005,106.45776496285161,179.84,SA(0.04),-2.3883016206533134,0.5317830585074617,0.22967844148221053,0.47962593219492744
TAP006,105.19861667361013,184.77,SA(0.04),-2.3847731505228396,0.5331412777194674,0.2307111075923943,0.4806370843389396
TAP007,103.22929751249532,207.39,SA(0.04),-2.401344285963121,0.5406250763494705,0.23636620219529478,0.4862165069571825
TAP008,103.88983230695109,194.14,SA(0.04),-2.387446778000927,0.5361369894449836,0.23298179353928875,0.4828688800599461
TAP010,101.02607768818412,226.38,SA(0.04),-2.3964986718101393,0.5459833774265983,0.24038049694341063,0.4902194050783733
TAP012,101.22135041662736,207.99,SA(0.04),-2.382775929488255,0.5399875643525757,0.2358867111293756,0.485740701576462
TAP013,101.93097443003171,205.11,SA(0.04),-2.3854055090399178,0.5392751126907575,0.23535037152940425,0.4852090784276408
TAP014,102.68862503887601,188.98,SA(0.04),-2.3679081800912796,0.5336015348268953,0.23106059350519575,0.48097983335961714
TAP017,98.95262064237038,217.83,SA(0.04),-2.3690215412036646,0.5424151144938504,0.23771037504877005,0.48755300637525545
TAP020,100.10708960480885,218.5,SA(0.04),-2.381673731752757,0.5431021673526961,0.23822545571794063,0.48806618038046384
TAP021,100.64194987891956,167.18,SA(0.04),-2.312683746069813,0.5233196593338673,0.22319721269800413,0.473335473094038
TAP024,96.12094949935707,194.98,SA(0.04),-2.3139155666774514,0.5328293530935108,0.23047412509615883,0.4804048263487881
TAP026,97.04891677159061,194.28,SA(0.04),-2.3219198981280926,0.5329980082266653,0.23060227264317426,0.4805304034349913
TAP028,95.95079486383781,287.94,SA(0.04),-2.379141240887043,0.5604041953068544,0.251052107658375,0.5010246514472224
TAP032,94.42845888739913,308.88,SA(0.04),-2.3744572113279463,0.5642563626255378,0.2538724180065312,0.5039186820697557
TAP034,91.89598828035317,538.69,SA(0.04),-2.4823064481229626,0.5860264205561239,0.26959666748472666,0.5203312430278935
TAP035,89.039962013356,438.13,SA(0.04),-2.387884191796339,0.5799714735011534,0.2652578718956156,0.5157568918322937
TAP036,87.5599551150271,671.52,SA(0.04),-2.499141452097176,0.5893909691542597,0.27199683873224567,0.5228761174888964
TAP041,111.82723819014045,363.56,SA(0.04),-2.607710488802824,0.5754374696020266,0.26199200949106904,0.512336284470283
TAP042,106.68190483381903,375.85,SA(0.04),-2.5579476125633236,0.5761086668901164,0.2624764148612147,0.5128424004579873
TAP043,91.48433103527901,388.16,SA(0.04),-2.387801069707339,0.5754406690613497,0.26199431933553524,0.5123386968067934
TAP046,117.32193358845494,816.9,SA(0.04),-2.927273262402383,0.5910562891948594,0.27318206703215775,0.52413652348299
TAP047,85.80907617073753,403.2,SA(0.04),-2.3269477674788672,0.5763331885175117,0.26263837931492745,0.5130117210138477
TAP049,108.6027661355923,573.04,SA(0.04),-2.7026854244939593,0.5878208485142916,0.27087769742804535,0.5216882430955696
TAP051,103.74251653105222,403.17,SA(0.04),-2.5420636942708583,0.5784807962093045,0.264185763223721,0.514631823824422
TAP052,100.31096345926947,433.88,SA(0.04),-2.5214880864295837,0.5807114006742246,0.26578944878459565,0.5163155041133285
TAP053,91.65600419476041,538.69,SA(0.04),-2.4793229137177817,0.5860149664020881,0.26958848350012427,0.5203225830303194
TAP059,118.32453599408895,456.18,SA(0.04),-2.742678139474579,0.5836098172223788,0.2678680336911272,0.5185047109571788
TAP060,120.15382017573265,631.27,SA(0.04),-2.868108505754586,0.5893574982280957,0.27197299848188666,0.5228507902016134
TAP065,121.46351678308714,1023.45,SA(0.04),-3.0577117311714432,0.5915647186664352,0.2735435631456938,0.5245214346739859
TAP066,115.01873277372866,662.78,SA(0.04),-2.826245130660337,0.5897416740751402,0.27224659022237757,0.5231415069111204
TAP067,96.47463981057544,807.68,SA(0.04),-2.6760197840905167,0.5908903656753545,0.2730640582801065,0.5240109200422761
TAP069,122.45755568413036,671.52,SA(0.04),-2.915693740884801,0.5899678423701763,0.2724076112925723,0.5233126678581324
TAP072,100.78864973474847,671.52,SA(0.04),-2.6633721580411476,0.589630306066887,0.2721672891921422,0.5230572287296408
TAP075,108.27200165265872,856.38,SA(0.04),-2.839239107179179,0.5911816118135871,0.2732711876282174,0.5242313956248466
TAP077,117.94442647334881,1022.77,SA(0.04),-3.0172317450199744,0.5915615671148461,0.2735413228901174,0.5245190486139631
TAP078,118.90698625816037,671.52,SA(0.04),-2.8753649262548144,0.5899165120448583,0.27237106947750506,0.5232738209530948
TAP079,118.27326344912967,631.27,SA(0.04),-2.8467084130134297,0.5893207168872304,0.27194679948233996,0.5228229581835434
TAP081,122.7494636646256,671.52,SA(0.04),-2.918995070910413,0.5899719988472283,0.27241057019347537,0.5233158135109808
TAP083,121.86621664827865,435.22,SA(0.04),-2.7683839108646704,0.5826134135297135,0.2671541260894243,0.5177519314673205
TAP084,122.81401514518838,224.22,SA(0.04),-2.6127421800024746,0.5529524637900788,0.24556087044244967,0.4954354510115973
TAP086,93.25545980723025,887.68,SA(0.04),-2.670361219647448,0.5912398500244712,0.27331259906927147,0.5242754843085445
TAP087,103.15361263828753,573.04,SA(0.04),-2.6385241101460934,0.5876408281769052,0.27074927924561987,0.5215520786349301
TAP090,104.64066341996687,324.38,SA(0.04),-2.5006290898910217,0.5690530387781123,0.2573675281714421,0.5075266656891299
TAP094,108.94222775860766,416.34,SA(0.04),-2.610383872411448,0.5801508633508445,0.2653867842735962,0.5158923133558495
TAP095,108.81195663904354,206.24,SA(0.04),-2.4530221014451246,0.542530757738064,0.2377971047291203,0.4876393750245007
TAP097,98.42016825129102,237.23,SA(0.04),-2.3754086542835675,0.5483166614485694,0.24211991148484216,0.4919645410846978
TAP098,107.08953823454839,538.69,SA(0.04),-2.6650651683879083,0.5867033995643391,0.2700802116179811,0.5208431225932998
TAP100,99.46634920648815,236.32,SA(0.04),-2.3861437882784458,0.5484221778851506,0.24219845117152092,0.49204348938524545
TAP103,114.99244567347492,429.49,SA(0.04),-2.6876630690007053,0.5816814377354158,0.26648575741161246,0.5170480017393934
TAW,123.14546871727185,481.92,SA(0.04),-2.8133028628663466,0.5852069422999869,0.269010927115519,0.519711733953111
TCU,8.966003941063503,472.81,SA(0.04),-0.6000262632730947,0.5706994598898079,0.25856304851908773,0.5087661775895036
TCU003,85.87715173895934,517.33,SA(0.04),-2.4026073859435018,0.5848066000473445,0.268724608002348,0.5194091301786282
TCU006,72.13607981372333,607.4,SA(0.04),-2.267710064352268,0.5875807341393754,0.27070640613675584,0.5215066258527202
TCU007,89.06974444890936,463.88,SA(0.04),-2.407157476138841,0.5819239850156893,0.2666597589726237,0.5172311835931807
TCU008,84.7584785592634,441.58,SA(0.04),-2.3428505383609957,0.5798800491431859,0.2651921641460994,0.5156878779550786
TCU009,81.06016716272919,460.1,SA(0.04),-2.3063149853019356,0.580980014944578,0.2659823306223597,0.5165183225808159
TCU010,81.66395774542653,446.15,SA(0.04),-2.3070114229896452,0.5799533655030323,0.2652448579368476,0.5157432224434514
TCU011,76.57844520726454,471.07,SA(0.04),-2.2487566398792573,0.5813501585335699,0.2662480338656701,0.516797824385583
TCU014,93.21256831945598,496.47,SA(0.04),-2.4791833358202124,0.5841877218825798,0.26828178021000404,0.5189414040194803
TCU015,49.226738245658176,426.0,SA(0.04),-1.8173996439957976,0.5736440401798261,0.26069605633873233,0.5109843941288876
TCU017,53.6114321384972,558.76,SA(0.04),-1.958940934476734,0.5848560353968152,0.268759969363866,0.5194464948458258
TCU018,65.56957606032032,573.04,SA(0.04),-2.1575586381955953,0.586152264090456,0.26968657677303953,0.5204263896141385
TCU025,54.44992612807512,665.2,SA(0.04),-2.020968266364167,0.5884919992957635,0.2713562756989948,0.5221959449037267
TCU026,55.62700868478751,569.98,SA(0.04),-1.9960093055309598,0.5854842472321414,0.26920918788128745,0.5199213564735392
TCU029,27.893894423621465,406.53,SA(0.04),-1.3302432599895084,0.5656086994523866,0.2548596497252982,0.5049354016486846
TCU031,30.15523078028506,489.22,SA(0.04),-1.418465264099701,0.5774073353097948,0.26341273519022207,0.5138219164352216
TCU033,40.407957354293515,423.4,SA(0.04),-1.6436875838466294,0.5715742692686548,0.2591974314382072,0.5094250060861094
TCU034,35.21698353563212,393.77,SA(0.04),-1.5178871627632529,0.5655420040824136,0.2548109951937583,0.5048852494477524
TCU036,19.699612049739354,478.07,SA(0.04),-1.0776150759074619,0.5740973316783885,0.26102383522505024,0.5113260248458428
TCU038,25.342828155086934,297.86,SA(0.04),-1.2636791061361659,0.5350596517435862,0.23216628861867583,0.48206601762932577
TCU039,19.708438206066337,540.66,SA(0.04),-1.0970635786430876,0.5803392975927402,0.26552217159501756,0.5160345693089766
TCU040,22.125103547818437,362.03,SA(0.04),-1.150837665751355,0.5536226820655239,0.2460567389268027,0.4959376526602224
TCU042,25.987540319450044,578.98,SA(0.04),-1.3302880383322992,0.5836899167280186,0.26792539401571425,0.5185652342102058
TCU045,25.372624034032317,704.64,SA(0.04),-1.3648334278486673,0.5884035844659249,0.2712932467038217,0.5221290573270637
TCU046,16.252239941167144,465.55,SA(0.04),-0.9393097005825035,0.5716113011520282,0.25922427289719885,0.509452898652695
TCU047,34.3639015403997,520.37,SA(0.04),-1.5424153106351919,0.5807560853691373,0.26582153870688435,0.5163492425217538
TCU048,15.724490368129416,551.21,SA(0.04),-0.9392329680001618,0.5805869815083453,0.2657000908452684,0.5162215656302901
TCU049,7.973343563390163,487.27,SA(0.04),-0.5479116733077601,0.5724693392948671,0.2598459056838651,0.5100992547848248
TCU050,12.061398269660884,542.41,SA(0.04),-0.7689758683529504,0.5792961269942042,0.2647723526153853,0.515247129095349
TCU051,11.684106742389506,350.06,SA(0.04),-0.7559219855552246,0.5444398643257207,0.23922700061627802,0.48906564798925356
TCU052,4.409004259240465,579.1,SA(0.04),-0.31284320530540055,0.581059884159122,0.2660396719336102,0.5165786309328614
TCU053,8.360955408325248,454.55,SA(0.04),-0.5677322095414163,0.567674103268783,0.25636462224031337,0.506488961365989
TCU054,10.227617412004046,460.69,SA(0.04),-0.664144003398724,0.5692208809202839,0.2574894995448384,0.5076530004834136
TCU055,9.165535239523313,359.13,SA(0.04),-0.6341301671671389,0.5458247919959093,0.24026208810005792,0.490100839194525
TCU056,13.309665432524499,403.2,SA(0.04),-0.8111966342577037,0.5595505100425475,0.25042543100116493,0.5003837295483895
TCU057,14.550574484923569,555.23,SA(0.04),-0.8888964296745984,0.5807287750391883,0.2658019261995628,0.5163286222815062
TCU059,17.77385436882762,272.67,SA(0.04),-1.0484588800165815,0.5180156926018087,0.21909251373021102,0.46940252258494397
TCU060,9.40150493354199,375.42,SA(0.04),-0.6374527737695783,0.5507808405218887,0.2439514044408393,0.493808917049237
TCU061,17.668321986901795,379.64,SA(0.04),-0.9920684604834359,0.5559755693421832,0.247794410019791,0.49770148087815497
TCU063,10.256304917085805,476.14,SA(0.04),-0.6666648642294097,0.5715182196187686,0.2591568035373369,0.509382789792232
TCU064,17.156230171822553,645.72,SA(0.04),-1.0354305059803468,0.5861128547731883,0.269658421816716,0.5203965930650339
TCU065,1.5301625387352142,305.85,SA(0.04),-0.2857088184157299,0.5196919587692985,0.22039349100038325,0.4706447079635915
TCU067,1.4845734764737275,433.63,SA(0.04),-0.16234289332205268,0.5615230056862117,0.25187248763010706,0.5018648581938159
TCU068,0.649001480476048,487.34,SA(0.04),-0.0535879210789969,0.5705839918188507,0.2584792712693405,0.5086792290274932
TCU070,20.340829249903962,401.26,SA(0.04),-1.0890216315814942,0.5619597362828953,0.25219244366104676,0.5021929077191464
TCU071,10.01426691522794,624.85,SA(0.04),-0.4738193911826335,0.5842243130699973,0.26830796969222415,0.5189690562853886
TCU072,12.748228787930415,468.14,SA(0.04),-0.5609025583196823,0.5698025704559728,0.25791204648395155,0.508090883185965
TCU074,22.222133630574767,549.43,SA(0.04),-0.9495744872084223,0.5804845821714633,0.26562653938329706,0.5161442547525179
TCU075,2.71684542140007,573.02,SA(0.04),-0.2425569382531928,0.58045537064122,0.2656055559514054,0.5161222006017383
TCU076,4.3340083071477284,614.98,SA(0.04),-0.3591270360547911,0.5835022199287115,0.2677909748908908,0.5184234123076626
TCU078,17.667409336015933,443.04,SA(0.04),-0.7663510093467917,0.5669852697535714,0.25586307311397494,0.5059707342665214
TCU079,21.222776888973897,363.99,SA(0.04),-0.8987027868714194,0.5506325785596071,0.24384136674007734,0.49369790807490066
TCU081,54.870046821119146,430.47,SA(0.04),-1.916851549622496,0.575123023464073,0.2617649588834383,0.5120992075947868
TCU082,8.966003941063503,472.81,SA(0.04),-0.6000262632730947,0.5706994598898079,0.25856304851908773,0.5087661775895036
TCU083,79.97899565103198,354.63,SA(0.04),-2.2330466046845014,0.5692016386933976,0.25747551726974977,0.507638516562646
TCU084,19.942894152069616,665.2,SA(0.04),-0.9100855951959718,0.5866424174501533,0.27003666669594284,0.5207970090078324
TCU085,57.92066683550797,999.66,SA(0.04),-2.208854603882249,0.5914586447537193,0.27346815781685163,0.524441126451925
TCU087,7.308530515924621,538.69,SA(0.04),-0.5186753382083977,0.5781641516584495,0.2639578251719174,0.5143928973007365
TCU088,20.395798012081535,665.2,SA(0.04),-0.9717006401042081,0.5867319427263593,0.27010059230690703,0.5208647066666217
TCU089,15.126942233893988,671.52,SA(0.04),-0.7174250722535138,0.586610937660112,0.27001418724316845,0.5207732048309388
TCU092,88.45294085502088,422.28,SA(0.04),-2.377026577870025,0.5785915814615329,0.26426549552517753,0.514715422357821
TCU094,53.92101623044264,589.85,SA(0.04),-1.9777222128296958,0.5862108370226472,0.26972842073990555,0.5204706759155112
TCU095,44.56466924675996,446.63,SA(0.04),-1.735882911153043,0.5752846763906948,0.26188169191957755,0.5122210834466753
TCU096,53.85469792017198,454.58,SA(0.04),-1.9113023638220845,0.577547495468163,0.26351371541648577,0.5139276518236269
TCU098,47.1372515839405,346.56,SA(0.04),-1.7506683034439265,0.5597733431954616,0.2505890681974216,0.5005510110390069
TCU100,13.491602319643608,535.13,SA(0.04),-0.8346189442068843,0.5788882828035534,0.26447898863606983,0.5149393251027624
TCU101,2.7276625208825007,389.41,SA(0.04),-0.26350053413595265,0.5513650769974506,0.24438482108180365,0.4942464034843546
TCU102,1.9961663796457592,714.27,SA(0.04),-0.23554007805395524,0.5875670380058624,0.27069663451760445,0.5214962667285596
TCU103,6.545253590327707,494.1,SA(0.04),-0.46850670463806493,0.5730312498075195,0.26025269875379803,0.5105226205050397
TCU104,13.599900519557263,410.45,SA(0.04),-0.8231746374644127,0.5612335557567635,0.25166034496715517,0.501647460751465
TCU105,17.911571028764843,575.54,SA(0.04),-1.0391429165047938,0.5826010749135732,0.26714528136315097,0.5177426108945001
TCU106,15.67278608418154,451.37,SA(0.04),-0.9130866639903277,0.5693620500092439,0.2575920706488148,0.5077592629677815
TCU107,16.73758483873565,409.0,SA(0.04),-0.954053687414237,0.5621607106987575,0.25233962800085136,0.5023438830061775
TCU109,13.739015155167076,535.13,SA(0.04),-0.8460012155263135,0.5789298209077146,0.2645088725901694,0.5149706728128467
TCU110,12.337401625868438,212.72,SA(0.04),-0.9524318905295198,0.47527615533545253,0.18451931510660613,0.4379954864870621
TCU111,22.753679890361862,237.53,SA(0.04),-1.2345993351472924,0.5042853854102004,0.20829728927910984,0.45925590820074297
TCU112,28.530660346449324,190.54,SA(0.04),-1.4209848067590076,0.4809154788879381,0.18926121128527493,0.44210846150785826
TCU113,31.866925843887017,230.3,SA(0.04),-1.4608180509264688,0.5092589119978455,0.2122373432528167,0.4629254255041684
TCU115,22.519806127058114,215.34,SA(0.04),-1.2556588575807146,0.49041485075658175,0.19711090696273853,0.44905903420255
TCU116,15.552380292106827,493.09,SA(0.04),-0.9154178321722496,0.574965975612939,0.26165153283415554,0.511980808700947
TCU117,26.02127503510998,198.58,SA(0.04),-1.3623207639697799,0.48342469396588855,0.19135090338206348,0.44394173774368323
TCU118,27.553377287252555,236.19,SA(0.04),-1.3584798293539042,0.5083969209945643,0.21155697304023088,0.4622889533990709
TCU119,38.709117009183,221.7,SA(0.04),-1.601063943190439,0.51065491268857,0.21333703356701236,0.4639566250866546
TCU120,8.190427877741287,459.34,SA(0.04),-0.5585494050479566,0.5684094156231656,0.256899602661071,0.5070422644333039
TCU122,14.73072540652075,475.46,SA(0.04),-0.8763895725434214,0.5725724983334811,0.25992060508282916,0.5101769740994002
TCU123,16.255745645165277,270.22,SA(0.04),-0.9993813042828927,0.5153607595816448,0.21702472752478524,0.46743660549786076
TCU128,13.269189808642082,599.64,SA(0.04),-0.8451033971467374,0.583543577240077,0.26782059502406214,0.518454660909807
TCU129,6.355595224258387,511.18,SA(0.04),-0.459294274521103,0.5750909270914232,0.26174177911630897,0.5120750096303294
TCU136,8.87050666409296,462.1,SA(0.04),-0.5946079261957381,0.5690485766549671,0.25736428523572075,0.5075233071280082
TCU138,10.62709176562196,652.85,SA(0.04),-0.7341018373793864,0.5859169866969526,0.26951847345662305,0.520248505779352
TCU140,33.698793168228846,223.6,SA(0.04),-1.5036214507834191,0.5072653090157371,0.21066221495318402,0.46145370831953414
TCU141,27.08308313875785,223.04,SA(0.04),-1.3593642232248135,0.5003902402414778,0.20518637591323985,0.456386835555666
TCU145,36.03895088690123,240.43,SA(0.04),-1.5412818078470398,0.5180644338125987,0.21913039210548604,0.46943863159870475
TCU147,72.40184826834715,537.92,SA(0.04),-2.231296814603304,0.5849887761983968,0.2688549113183905,0.5195468265114112
TTN,83.21058040106071,298.72,SA(0.04),-2.236060531405874,0.5593633002283752,0.2502879214597992,0.5002431988680235
TTN001,55.943705673847546,484.6,SA(0.04),-1.941321802906946,0.580319309103778,0.26550781133915174,0.5160194789313478
TTN002,68.37147822691496,667.36,SA(0.04),-2.2331752569259478,0.5888979100412514,0.2716455742834181,0.5225030434582997
TTN003,95.02819768257147,506.64,SA(0.04),-2.502281544033886,0.5847846894082668,0.2687089346765302,0.5193925696343058
TTN004,66.76657920094912,463.59,SA(0.04),-2.102723391483576,0.5797856862655258,0.2651243382375285,0.5156166475905325
TTN005,82.74873732730376,407.59,SA(0.04),-2.290777672115811,0.5764013215629573,0.2626875215655915,0.5130631048060761
TTN006,81.1387708588908,283.21,SA(0.04),-2.2030576691182864,0.5550974806072918,0.24714648546439832,0.49704308434899147
TTN007,81.9983553609081,282.7,SA(0.04),-2.2132238424919985,0.5552357262138738,0.24724853883090225,0.4971467305637559
TTN008,82.7187919705734,292.61,SA(0.04),-2.2269372988543505,0.5578376404668665,0.2491661867586443,0.49909823131102893
TTN009,83.68450130501424,313.96,SA(0.04),-2.2499136961185027,0.5626966349020555,0.2527319517946233,0.5027465200995203
TTN010,83.81152591090317,311.34,SA(0.04),-2.250054291338978,0.5622006986376804,0.25236890934845957,0.5023739236295659
TTN012,81.57676615324058,288.3,SA(0.04),-2.21089358429238,0.5564829734760992,0.24816850802297408,0.4980820127192429
TTN013,81.26976308172648,297.76,SA(0.04),-2.211888862652037,0.5586097778100294,0.24973414420605525,0.4996776371648422
TTN014,63.02404599943716,533.97,SA(0.04),-2.0827570125187784,0.5841631135048178,0.26826416669231345,0.5189228074083093
TTN015,83.21058040106071,487.91,SA(0.04),-2.3430376688876104,0.5829903521477324,0.2674242773051254,0.5180366846133277
TTN016,123.14546871727185,826.15,SA(0.04),-2.997794353164036,0.591124058854784,0.27323026129173417,0.5241878263288884
TTN018,74.43304938901571,573.04,SA(0.04),-2.2721012994173964,0.5865258770891486,0.26995344287882184,0.520708885244976
TTN020,50.35796250220993,453.71,SA(0.04),-1.8264033365821786,0.5767818540356854,0.26296192564835413,0.5133501074356098
TTN022,53.02499720160041,398.81,SA(0.04),-1.850726064674694,0.5704321112578179,0.25836905959296175,0.5085648656750681
TTN023,54.09146602124198,527.54,SA(0.04),-1.9303566353607349,0.5831188303200637,0.26751633492766896,0.5181337480040327
TTN024,59.92050910835589,671.52,SA(0.04),-2.102586268062604,0.5887633915753487,0.2715497130358701,0.5224012678099509
TTN025,65.75784285873038,704.96,SA(0.04),-2.2118869205109695,0.5895069565081671,0.2720794470555107,0.5229638861924306
TTN026,70.29054746653149,573.04,SA(0.04),-2.2130234833078393,0.5863343781130762,0.26981666979093305,0.52056408602609
TTN027,76.08977283968429,428.95,SA(0.04),-2.215536500229934,0.5777345534494033,0.26364846169683803,0.5140687725336682
TTN028,78.48198120220177,616.17,SA(0.04),-2.350810872442726,0.5880123967968084,0.2710143154546046,0.5218331338707799
TTN031,55.63093116970684,510.62,SA(0.04),-1.9489446393833119,0.5821832027212873,0.2668456744500692,0.5174269683328298
TTN032,57.234125398309374,734.26,SA(0.04),-2.087003185116784,0.5897798974074238,0.27227380576777876,0.5231704331082188
TTN033,58.96031847975615,670.8,SA(0.04),-2.0862311203862376,0.5887217489622916,0.27152003504083777,0.5223697620198183
TTN036,79.85049273122117,538.69,SA(0.04),-2.3274356721414526,0.5854163505193997,0.26916064955288804,0.5198700300918683
TTN040,47.98883144575936,728.01,SA(0.04),-1.9114601927510457,0.5895011995793159,0.27207534707330505,0.5229595298112398
TTN041,45.1590519289211,418.24,SA(0.04),-1.7094176791074887,0.5715495041586818,0.2591794806043463,0.5094063530598105
TTN042,64.91469915710697,845.34,SA(0.04),-2.262222306078819,0.5909079338015784,0.2730765539945211,0.5240242187992153
TTN044,58.77993734254324,419.63,SA(0.04),-1.9569240990854382,0.5742863998987842,0.26116050688926545,0.5114685315344906
TTN045,61.00750348291904,539.98,SA(0.04),-2.0538167608777433,0.5843380807830054,0.2683893910301012,0.5190550331474088
TTN046,65.63785661871987,528.12,SA(0.04),-2.120038628888098,0.5840327980612882,0.2681708861247584,0.5188243296592395
TTN047,73.91058687727796,573.04,SA(0.04),-2.2647723829829793,0.5865022690310593,0.2699365827785193,0.5206910339697013
TTN048,79.66111305108983,373.54,SA(0.04),-2.231919319811379,0.5718080296672131,0.2593668482738008,0.5096010800699069
TTN050,89.29934402229367,573.04,SA(0.04),-2.469082590663768,0.5871424419808298,0.27039364093597007,0.5211751395803542
TTN051,36.67924057370646,665.2,SA(0.04),-1.6202885047998246,0.5877892428227424,0.27085515294968265,0.5216643366176538
WGK,10.40266620061039,258.89,SA(0.04),-0.7964424827463936,0.50319386963408,0.2074278152017813,0.4584514935278706
WNT,6.355595224258387,511.18,SA(0.04),-0.459294274521103,0.5750909270914232,0.26174177911630897,0.5120750096303294
WTC,43.046970143373564,207.69,SA(0.04),-1.682576816511353,0.5066513466196518,0.21017600301651976,0.4610006884891893
ALS,21.15138156147171,553.43,SA(0.08),-0.5228948408699359,0.5914139320991264,0.2696086446633927,0.5263854270434531
CHK,63.02404599943716,424.57,SA(0.08),-1.6728826900250384,0.5859423536748286,0.26559741246986523,0.5222896287686654
CHY002,25.505683407066318,235.13,SA(0.08),-1.0116140845211326,0.4914691487362153,0.1913661244641576,0.4526819309041047
CHY004,48.07893833473184,271.3,SA(0.08),-1.423172980568566,0.5355975822013919,0.22743156046376972,0.4849120078581179
CHY006,10.589594525139994,438.19,SA(0.08),-0.32392891748974084,0.5660667909768952,0.2508215981476205,0.5074644201809163
CHY008,41.23915234428305,210.73,SA(0.08),-1.3367967223021358,0.497058900886604,0.19611844173169438,0.45673308152938824
CHY010,20.724953105809405,538.69,SA(0.08),-0.7330539867248373,0.5910007872429291,0.2693065590600357,0.5260759524716992
CHY012,59.82694761124689,198.4,SA(0.08),-1.604461156838339,0.5101254605449828,0.20699816445865674,0.4662400083722735
CHY014,37.42185396368311,347.63,SA(0.08),-1.1841651198620338,0.5558191037564947,0.2430640146088131,0.4998547398023946
CHY015,38.851553931384295,228.66,SA(0.08),-1.2842954370384883,0.5049269418763512,0.20270600373700154,0.46245161117848743
CHY016,67.39311492490651,200.86,SA(0.08),-1.6979574886135063,0.5185211301030213,0.21383708728681447,0.4723747055717586
CHY017,59.79653364012802,190.57,SA(0.08),-1.604976753794066,0.5056537905420133,0.20330891210214325,0.46298082265829243
CHY019,52.664018987304125,497.53,SA(0.08),-1.5362918495373594,0.5940256171538418,0.2715153418144659,0.5283425527007799
CHY022,67.37194759211643,564.07,SA(0.08),-1.805109305132715,0.6027727920637487,0.2778656307673209,0.5349072163381291
CHY023,82.48037770558093,279.78,SA(0.08),-1.9028228019387607,0.5605436371362943,0.24665321050026043,0.5033600727947141
CHY024,11.325693557566668,427.73,SA(0.08),-0.3633765178528313,0.5635555538816716,0.24892992913652914,0.5055974215628084
CHY025,20.997755926782464,277.5,SA(0.08),-0.8427821632740358,0.5106753202699259,0.20744950203480836,0.46664117567816643
CHY026,30.210404768019664,226.01,SA(0.08),-1.1242434573558788,0.4922834397831957,0.19206236524234718,0.45327147819192254
CHY027,42.57072697901259,210.01,SA(0.08),-1.3584667706594684,0.49822945844698874,0.1971058111913868,0.4575826618863143
CHY028,3.81905953609022,542.61,SA(0.08),0.08183716968231164,0.585910347885404,0.26557388120567205,0.5222656884963348
CHY029,11.759168799911324,544.74,SA(0.08),-0.3573303830881235,0.5889753313132486,0.2678237177734625,0.5245592407855872
CHY032,36.21575834030445,192.71,SA(0.08),-1.2707162451564087,0.47864053263984263,0.1802042309071182,0.443422140458645
CHY033,44.61021757313737,197.63,SA(0.08),-1.3974944993929082,0.4930038000184871,0.19267715140147487,0.4537931931623496
CHY034,15.559574786944564,378.75,SA(0.08),-0.5696850224141249,0.5508006706774853,0.23922662391132438,0.4961370790726665
CHY035,13.44254351914465,573.04,SA(0.08),-0.4320258098773142,0.5934262545195352,0.2710782130986943,0.5278932865042926
CHY036,16.839316616786387,233.14,SA(0.08),-0.7969454062982925,0.47685384775218015,0.17861870188261988,0.44213680174107556
CHY039,32.69010874984208,201.21,SA(0.08),-1.2005495812408475,0.47939574482962427,0.18087200616681565,0.4439657616820712
CHY041,21.610943270708972,492.26,SA(0.08),-0.7429277564726358,0.5836713524877319,0.26392573245804474,0.5205914477412618
CHY042,30.629771574103184,665.2,SA(0.08),-1.0709945403333758,0.6050746886889733,0.2795279492691871,0.5366372186770321
CHY044,55.933003322544856,194.47,SA(0.08),-1.5552225682764271,0.5039176568174552,0.20186727947852964,0.461717019751635
CHY046,24.881430138705287,442.15,SA(0.08),-0.8746600254994682,0.5752301296782024,0.25767556714635914,0.5142888334247632
CHY047,24.93307771977854,169.52,SA(0.08),-1.1121745316733036,0.44302552266646544,0.1467459718853444,0.4180158292090392
CHY050,45.48094043081733,538.93,SA(0.08),-1.4142683505790992,0.5972718736206524,0.2738783825339432,0.5307770931369548
CHY052,40.52523944488567,573.04,SA(0.08),-1.315104461998105,0.5996748667463874,0.2756227462833732,0.5325805549759667
CHY054,49.228155688795745,172.1,SA(0.08),-1.476504271413218,0.482039434068604,0.1831986133589847,0.4458702547384444
CHY055,55.04100932988003,225.77,SA(0.08),-1.5368993948245562,0.5201678926285774,0.21516581067131899,0.4735803104435502
CHY057,58.30189007907089,411.46,SA(0.08),-1.60488130645252,0.582404509407217,0.2629914341374924,0.519644607542661
CHY058,60.47926509005612,269.28,SA(0.08),-1.6110390475921008,0.5439993598360008,0.23398274838752378,0.49110831489499285
CHY059,74.0105222831666,191.09,SA(0.08),-1.7741854953203733,0.5192971310217646,0.21446371981868662,0.47294272715516794
CHY060,69.53930995385498,228.92,SA(0.08),-1.7280361718440813,0.533750394709484,0.22597972972213554,0.48355211260756636
CHY061,62.41616207975734,538.69,SA(0.08),-1.7091085894321494,0.6000027252764406,0.2758604286997963,0.5328267018616094
CHY062,59.70708366780761,602.63,SA(0.08),-1.7045120067017647,0.6045867290145703,0.27917586679208906,0.5362704059533989
CHY063,73.64708029924377,246.88,SA(0.08),-1.7807410994708528,0.5439949775618443,0.23397935296532912,0.49110507836759076
CHY065,85.87815923556157,250.0,SA(0.08),-1.9284541262958175,0.5525476012948822,0.24056541718920024,0.4974305295710288
CHY066,90.36922111828896,211.97,SA(0.08),-1.9661419116265697,0.5412728081665512,0.23186591914144059,0.48909554117902065
CHY067,84.21459469490114,227.97,SA(0.08),-1.9043546808634457,0.5436435823801747,0.2337070176444032,0.4908455709965289
CHY069,86.69064381036402,224.42,SA(0.08),-1.9312237354002568,0.5438492000384966,0.2338663908377958,0.4909974171205139
CHY070,84.43554371983527,265.45,SA(0.08),-1.9214777858284138,0.5570908726606012,0.24403236297585063,0.5007978097218206
CHY071,79.42270364079795,202.95,SA(0.08),-1.8397484823375516,0.5295460424220789,0.22265898880817264,0.48046018123025375
CHY074,21.15138156147171,553.43,SA(0.08),-0.5228948408699359,0.5914139320991264,0.2696086446633927,0.5263854270434531
CHY076,42.877573217177414,169.84,SA(0.08),-1.3929535385002283,0.47200304583488073,0.17427207626524574,0.43865261735410277
CHY078,77.88051206740859,160.67,SA(0.08),-1.8068186226989387,0.506230674716582,0.20378677283160979,0.4634009573176169
CHY079,50.68613779255426,573.04,SA(0.08),-1.5249290830180922,0.6012841968795866,0.27678872050616593,0.5337889935336705
CHY080,4.988369897004964,496.21,SA(0.08),0.12827397223379966,0.576458645553939,0.25858888505120076,0.5152051616219103
CHY081,43.161132192340126,573.04,SA(0.08),-1.3742994930195087,0.6001294403201484,0.27595227123192567,0.5329218414935873
CHY082,36.69569501183828,193.69,SA(0.08),-1.277575162282768,0.4799962152378486,0.1814019487996403,0.4443981318754071
CHY086,31.247850964812436,665.2,SA(0.08),-1.0849136448895302,0.6051335133990622,0.2795703828789089,0.5366814418774263
CHY087,29.89661912611536,505.2,SA(0.08),-1.0226484031090508,0.5889940343349911,0.2678374245053843,0.5245732422803618
CHY088,38.170938955225544,318.52,SA(0.08),-1.2310976025285423,0.5469120665095447,0.23623473474813061,0.49326053824750765
CHY090,59.17740188206011,180.33,SA(0.08),-1.5987709196914106,0.49894123523259687,0.19770491581161104,0.4580994678880923
CHY092,24.650496063812138,253.72,SA(0.08),-0.9676854152937748,0.5017676851842292,0.20007457001735515,0.46015320962426215
CHY093,50.52955404993735,190.49,SA(0.08),-1.4849589091014086,0.49555817645239575,0.1948486843645072,0.4556444847139538
CHY094,37.57279552970941,221.92,SA(0.08),-1.2668938721133953,0.49938294216068624,0.19807621927254876,0.45842025945605464
CHY096,83.07046778565815,293.61,SA(0.08),-1.916599276692527,0.5649065338728669,0.24994833196547458,0.5066016416869703
CHY099,65.94429160338161,228.84,SA(0.08),-1.681981675540684,0.5309072246160322,0.2237366101317414,0.4814607049762787
CHY100,54.13764361475702,230.11,SA(0.08),-1.5234015047164213,0.5215388094261313,0.21626892299624628,0.47458453692010466
CHY101,10.40266620061039,258.89,SA(0.08),-0.539978034426672,0.4843600318748585,0.18522715927596056,0.4475438972261513
CHY102,42.67253817797281,804.36,SA(0.08),-1.4190841912207448,0.6115535849695111,0.2841878536959752,0.541511819908611
CHY104,18.66688688746901,223.24,SA(0.08),-0.86561646316243,0.4728566914485669,0.17504157460171557,0.4392651793719111
CHY107,51.35844504410688,175.68,SA(0.08),-1.5023109471261853,0.4870702249516743,0.18758061043415586,0.449500743740902
CHY109,43.43968322952119,573.04,SA(0.08),-1.3799286125626065,0.6001726815143913,0.2759836097107903,0.5329543083672156
CHY110,43.43968322952119,573.04,SA(0.08),-1.3799286125626065,0.6001726815143913,0.2759836097107903,0.5329543083672156
CHY116,82.01615041444819,195.38,SA(0.08),-1.8663604294450733,0.5280375890054367,0.2214619073528327,0.47935197818963865
ENA,65.88362730496057,665.2,SA(0.08),-1.8237549204566728,0.6083145596809411,0.28186163192474883,0.5390738576192826
ESL,43.897780904479816,493.29,SA(0.08),-1.336101385973417,0.59102723438202,0.26932590065286965,0.5260957622132874
HEN,162.89527803630148,204.23,SA(0.08),-2.7497051190299997,0.5764729803021633,0.2585995344015958,0.5152158555651566
HSN,54.870046821119146,321.49,SA(0.08),-1.532312164257873,0.5589029629432133,0.24540931549549191,0.5021422008303394
HWA,54.910390623144146,260.38,SA(0.08),-1.5134426674175325,0.5353902903926594,0.22726884844392964,0.48475935635499223
HWA002,56.44202545573511,789.18,SA(0.08),-1.7111350939334609,0.6117468393577224,0.28432643332497193,0.5416573407393861
HWA003,55.34036308551032,1525.85,SA(0.08),-1.8187226893200283,0.6152035017019944,0.2868011704879895,0.5442613683820624
HWA005,48.52595230785456,459.32,SA(0.08),-1.424478908850448,0.5872891966859226,0.26658691501748705,0.5232972551862426
HWA006,49.18260421653337,559.11,SA(0.08),-1.472076136079983,0.5996973244131019,0.27563902945552937,0.5325974148914421
HWA007,55.59377109620273,358.72,SA(0.08),-1.5308576003411314,0.5693097205190536,0.2532558105524271,0.5098774875388361
HWA009,55.351901573503156,373.23,SA(0.08),-1.5297026981975006,0.5728124187505989,0.2558743836772736,0.5124864552870513
HWA011,52.50669252247871,355.76,SA(0.08),-1.4768189384356716,0.5670044460200616,0.2515264111547708,0.5081618898521594
HWA012,55.940482597974515,414.42,SA(0.08),-1.5505481803117338,0.5818613396523337,0.26259045143711945,0.5192387441207158
HWA013,53.649974548577966,330.55,SA(0.08),-1.4936240373024907,0.5603480874412237,0.24650509082718225,0.5032148838173607
HWA014,54.562707264600675,277.28,SA(0.08),-1.5069516376133587,0.5421884974230134,0.23257779902076073,0.4897713080004623
HWA015,50.48367897862757,453.05,SA(0.08),-1.4613609635582343,0.5868790635708917,0.26628574618840417,0.5229903791034128
HWA016,51.54840213276211,576.55,SA(0.08),-1.5267146713305482,0.6015731567166597,0.276997884753073,0.5340060249888292
HWA017,50.52422325112912,578.11,SA(0.08),-1.5068532674663078,0.601546707178773,0.27697874158415114,0.5339861586484097
HWA019,54.910390623144146,494.82,SA(0.08),-1.5591182852141712,0.5939808565286014,0.271482705961315,0.5283089988693862
HWA020,43.897780904479816,626.43,SA(0.08),-1.3827939743036064,0.6041734054897647,0.278877512151277,0.535959734604582
HWA022,61.14643046699228,567.64,SA(0.08),-1.6999723076505604,0.60221714183854,0.2774638284029224,0.5344897659003153
HWA023,50.46681972096665,671.52,SA(0.08),-1.5441191611504401,0.6074155074142866,0.28121473798468843,0.5383975016542688
HWA024,42.66088086872478,671.52,SA(0.08),-1.371347115056884,0.6066923852082637,0.2806940453352039,0.5378536075764955
HWA025,52.97661131498272,494.32,SA(0.08),-1.5228308689531174,0.5934765846313539,0.2711149301105621,0.5279310098647754
HWA026,51.216871807519986,457.49,SA(0.08),-1.4768696128722312,0.587811735850046,0.26697043782409136,0.5236882871814657
HWA027,50.999260902587345,437.8,SA(0.08),-1.4668866786336787,0.5844614864171392,0.2645078100150447,0.5211821634956215
HWA028,53.17903686421587,406.7,SA(0.08),-1.4991789176904828,0.5793341926705952,0.26072169228768427,0.5173512404236955
HWA029,53.68312510210313,614.05,SA(0.08),-1.5839276581003712,0.604549801895377,0.2791492158896985,0.5362426486581481
HWA030,46.3240822341362,592.18,SA(0.08),-1.4241606904970658,0.602038468763013,0.27733458128402894,0.5343555444594225
HWA031,50.812995101814906,602.29,SA(0.08),-1.5224437755638078,0.6034127298613498,0.2783281225848152,0.5353880636857142
HWA032,47.149347167648216,573.04,SA(0.08),-1.4346940287535286,0.6005932242736435,0.27628832470226866,0.533270084175575
HWA033,53.337780221409545,395.57,SA(0.08),-1.499319232021905,0.5770548961151575,0.25903169589663216,0.5156500108129446
HWA034,43.827097965114945,379.18,SA(0.08),-1.3104818431751206,0.5686981184673328,0.2527974616065907,0.5094222152140097
HWA035,47.804623815661444,677.49,SA(0.08),-1.490641266333904,0.6074704897111112,0.2812543145461963,0.538438860428003
HWA036,43.05936412870529,503.04,SA(0.08),-1.3200048914357918,0.5921325257103486,0.2701337668931722,0.5269237857491554
HWA037,45.498025716459686,469.64,SA(0.08),-1.3644720695801047,0.5879918047716529,0.26710255254122267,0.5238230511390167
HWA038,41.859772602007936,642.73,SA(0.08),-1.3407427289527958,0.6049643171358898,0.27944832573772166,0.5365542453937698
HWA039,45.291665715542166,459.67,SA(0.08),-1.3573881514518389,0.586316838437108,0.2658726814369705,0.5225697583102193
HWA041,47.47960397850945,484.97,SA(0.08),-1.410777094926233,0.5908465478130343,0.2691937486643145,0.5259604250726798
HWA043,57.422369838378636,543.06,SA(0.08),-1.6239034494793518,0.5996049592843617,0.27557205687337294,0.532528073127586
HWA044,58.67615362772547,534.41,SA(0.08),-1.642672324946346,0.5990059935275475,0.27513761085383753,0.5320784485163503
HWA045,62.479427036765046,484.45,SA(0.08),-1.6872270220447365,0.5943630009140051,0.27176128790380283,0.5285954778962529
HWA046,51.02049634079368,617.52,SA(0.08),-1.5328839445774403,0.6044641253861456,0.2790873782290358,0.5361782485256942
HWA048,50.7224249000127,345.89,SA(0.08),-1.4437374619434569,0.5632807367089704,0.24872255394306997,0.5053931929769504
HWA049,50.09848662493223,508.61,SA(0.08),-1.4719694845626292,0.5945740133566629,0.2719150696372591,0.5287536782502924
HWA050,52.588798916808756,313.9,SA(0.08),-1.474432081560655,0.5543397101489613,0.24193550352511192,0.4987581842757921
HWA051,52.76943285780981,440.5,SA(0.08),-1.501046303170856,0.5855040780891847,0.2652751143672993,0.5219618177189614
HWA053,41.01531883433213,843.24,SA(0.08),-1.3992292726744409,0.6123651893558523,0.2847696827639503,0.5421230053349037
HWA054,42.366722327932806,452.83,SA(0.08),-1.291189700019466,0.5841284088857995,0.26426249807311836,0.5209331340773122
HWA055,46.95869477154732,369.75,SA(0.08),-1.3750966795082444,0.5678997496469254,0.2521986355769081,0.5088280395793714
HWA056,40.36324611604254,511.3,SA(0.08),-1.2587265842796924,0.5925006446649476,0.2704026264115953,0.5271996145276376
HWA057,49.81118228871056,671.52,SA(0.08),-1.5305930486622152,0.6073590316150005,0.281174084322558,0.53835502002831
HWA058,45.22518970943778,529.54,SA(0.08),-1.3771135197363031,0.595920525475308,0.2728956209825441,0.5297633931589827
HWA059,48.38288493912992,208.56,SA(0.08),-1.4272492903374348,0.5025349174475839,0.2007152675203675,0.4607111075698928
HWA060,56.69388929890098,573.04,SA(0.08),-1.6232090304243811,0.6020309798841236,0.2773291635603402,0.534349918853891
HWA2,54.910390623144146,260.38,SA(0.08),-1.5134426674175325,0.5353902903926594,0.22726884844392964,0.48475935635499223
ILA001,102.14533163111949,909.09,SA(0.08),-2.462445463373845,0.6142736436444525,0.28613619098035925,0.5435606585170446
ILA002,96.5430887001664,219.78,SA(0.08),-2.035335121338341,0.5480128004893313,0.23708331303490543,0.49407441967840504
ILA003,91.77508445604383,263.82,SA(0.08),-2.0035960591192192,0.5601751901905353,0.24637409822302644,0.5030865208190266
ILA004,87.85445904337864,124.27,SA(0.08),-1.8791493622673583,0.49379861384551965,0.1933542489969492,0.4543690190039176
ILA005,86.15882510967322,239.33,SA(0.08),-1.9245744222670027,0.5487820164443411,0.2376755273482816,0.4946433515902476
ILA006,84.0230749317769,279.41,SA(0.08),-1.9155364530852343,0.5609541783187076,0.24696405494188053,0.5036649141441959
ILA007,83.01426463964907,496.27,SA(0.08),-2.0044072589512956,0.5993003565381068,0.2753511516835022,0.5322994088041718
ILA008,83.77120048773067,299.28,SA(0.08),-1.9208360930140187,0.5665434792753774,0.25118001478496693,0.5078189776702656
ILA010,79.14352703450395,573.04,SA(0.08),-1.986696640463077,0.6046826231839909,0.27924507089471445,0.5363424886783428
ILA012,87.16828457720456,259.21,SA(0.08),-1.9456083352619726,0.556261736429561,0.24340122915237,0.500182927600239
ILA013,83.10768677806287,199.48,SA(0.08),-1.8721778090085317,0.5302365329021406,0.223205941095862,0.48096765866697666
ILA014,79.65880504821489,300.77,SA(0.08),-1.8682330223461845,0.5650342945138369,0.25004455238509776,0.506696630933427
ILA015,84.4098971671404,782.59,SA(0.08),-2.1620959838556852,0.6124728323238108,0.2848468192849514,0.5422040758588939
ILA016,81.37675877808526,271.1,SA(0.08),-1.8788416135583557,0.5569535206358645,0.24392785933301558,0.5006959392584455
ILA021,75.9361246011624,573.04,SA(0.08),-1.9391445209846339,0.6043491245821287,0.2790043677775717,0.5360918085031918
ILA024,66.86639827014352,671.52,SA(0.08),-1.8428413684327696,0.6086413712122816,0.2820966512259975,0.539319754986079
ILA027,82.20017425265452,215.0,SA(0.08),-1.8677163751865316,0.5364584472065654,0.22810671928607215,0.48554607422553053
ILA030,84.59458810632478,200.98,SA(0.08),-1.8897686856926241,0.5320666354886968,0.22465258403941454,0.48231330179114434
ILA031,82.26156099466952,649.25,SA(0.08),-2.069181659400763,0.6087403796175912,0.2821678371981759,0.5393942541665352
ILA032,83.16745823634133,295.48,SA(0.08),-1.9114811361364348,0.5652125101452171,0.2501787464944939,0.5068291392837442
ILA035,92.41248666952322,293.01,SA(0.08),-2.0263074159981587,0.5687410158155584,0.25282962090547106,0.5094541450059161
ILA036,88.96142770127999,181.0,SA(0.08),-1.9287537939831743,0.5261914005283091,0.21999263167040092,0.4779964769751706
ILA037,83.10530005645415,210.17,SA(0.08),-1.876418350746004,0.5350297470539895,0.22698571531142525,0.4844938753763732
ILA039,85.105398122443,227.18,SA(0.08),-1.9068237187763746,0.5434900396890182,0.23358797591309383,0.490732188418484
ILA041,86.92925202295595,196.88,SA(0.08),-1.9143432893152823,0.5319943494347771,0.2245955264966266,0.4822601344795512
ILA042,84.64451794546719,209.36,SA(0.08),-1.8939108584578923,0.5358083945343793,0.2275969811155047,0.48506726321265764
ILA043,76.15127489591175,573.04,SA(0.08),-1.9423682577719867,0.6043718842195754,0.2790207969585183,0.5361089155197414
ILA044,79.50525087467304,158.13,SA(0.08),-1.8157528742241023,0.5056798466056683,0.2033305080399581,0.4629997967206301
ILA046,78.60335463818913,396.93,SA(0.08),-1.8945367988542123,0.5857882703352779,0.26548412012900224,0.5221743766422536
ILA048,87.92935080981664,199.59,SA(0.08),-1.926909965677905,0.5339585854196522,0.22614357564354412,0.48370533813315386
ILA049,86.95811873375148,190.0,SA(0.08),-1.9113486946888312,0.5288554247405161,0.22211130406724347,0.47995273609285755
ILA050,65.88362730496057,621.06,SA(0.08),-1.8037473388117018,0.6062007408263272,0.2803398337066145,0.5374838749355516
ILA051,78.04823034364469,520.64,SA(0.08),-1.9451248017376845,0.6007295960282619,0.2763871099926445,0.5333724898925634
ILA052,84.06986671281122,612.47,SA(0.08),-2.0773614538190195,0.6072732426243024,0.281112325774837,0.5382904898889601
ILA054,114.92568764400566,677.3,SA(0.08),-2.5249070623359957,0.6112312666920076,0.28395667146831644,0.5412691290943449
ILA055,89.2530675683504,266.77,SA(0.08),-1.9745169113219805,0.5597798796897241,0.2460744881967228,0.5027930587867765
ILA056,90.99352301582981,223.71,SA(0.08),-1.973969932741487,0.5459858444614232,0.23551965076347237,0.49257591948501234
ILA059,85.27547272039952,236.84,SA(0.08),-1.912941433030863,0.5473086091610709,0.2365405916651836,0.49355370746911703
ILA061,77.51126528132811,497.73,SA(0.08),-1.9262073417357257,0.5985738162058043,0.27482398463434626,0.5317540699579841
ILA062,72.19750000793086,447.51,SA(0.08),-1.8244514521467634,0.5917829481836655,0.2698783562566638,0.5266618750063006
ILA063,60.16791606248126,996.51,SA(0.08),-1.861807470058531,0.6145690285733059,0.28634749112372904,0.5437832336590406
ILA064,71.3059446511398,488.61,SA(0.08),-1.8293742047030443,0.5965737942737501,0.27337087080166333,0.5302533913246751
ILA066,69.33530918828765,481.17,SA(0.08),-1.7957381785646767,0.5953709110141749,0.2724955414246461,0.5293512081648039
ILA067,38.0530901443823,665.2,SA(0.08),-1.2521151521877862,0.6058497055567034,0.2800868276320955,0.5372199128012037
KAU001,47.872270820263516,573.04,SA(0.08),-1.4501088660463488,0.6007114894575991,0.27637399465444334,0.5333588929089988
KAU003,115.67129144447121,913.77,SA(0.08),-2.6422775668265053,0.6144178413817736,0.28623934793575345,0.5436693107961428
KAU006,115.55793209386754,218.49,SA(0.08),-2.2471347709265808,0.5585398194894533,0.24513363581184092,0.5018727234558368
KAU007,108.23991364360973,290.86,SA(0.08),-2.2158615320566986,0.5746992296992358,0.25728048082467,0.5138929448859184
KAU008,109.31472860629879,285.94,SA(0.08),-2.2253113858601563,0.5739838333615849,0.25674771264614105,0.5133595747733105
KAU010,100.62762664372208,215.36,SA(0.08),-2.079006861200919,0.5489330468520267,0.23779172883685717,0.4947550743782502
KAU011,104.19724162361148,155.32,SA(0.08),-2.070938591635236,0.5262214462214124,0.22001658053262527,0.4780185297183423
KAU012,87.20034181709256,516.18,SA(0.08),-2.0730225052675086,0.6016026742940438,0.2770192478839708,0.5340281959031231
KAU015,108.83525214819949,233.21,SA(0.08),-2.1833797874406486,0.5595819991539833,0.24592445488107093,0.5026461740316112
KAU018,79.82224640898121,538.69,SA(0.08),-1.9797846401680936,0.6024043699818346,0.27759924057338564,0.5346304205769539
KAU020,75.40786468933833,373.33,SA(0.08),-1.839408826861792,0.5805048986568572,0.2615880470043109,0.5182254635089619
KAU022,99.29885279683903,217.05,SA(0.08),-2.064809440225883,0.548713788283343,0.23762302504822133,0.4945928824995259
KAU030,102.44967456859456,259.36,SA(0.08),-2.1275726143912426,0.5641557808688077,0.24938260770836054,0.5060435357360789
KAU032,113.1787121371236,194.13,SA(0.08),-2.200357167251522,0.548898149402113,0.23776488124576617,0.49472925895205666
KAU033,121.30415327080891,182.93,SA(0.08),-2.27669030528122,0.5498515759816731,0.23849790436727095,0.49543466291928917
KAU034,108.86832940689311,1010.4,SA(0.08),-2.591407344018093,0.6148659594562516,0.28655984238435045,0.544006989689207
KAU037,136.63858595740618,283.21,SA(0.08),-2.5396261448507356,0.5830262150546047,0.2634501031643231,0.5201092294735844
KAU038,143.3217590914785,667.59,SA(0.08),-2.874993209591433,0.6120160193175953,0.28451941838254236,0.5418600450897031
KAU039,152.7137646620572,464.82,SA(0.08),-2.8667404815498916,0.6055239347843192,0.279851957402159,0.5369749691883827
KAU040,141.54082737203709,567.64,SA(0.08),-2.797317412127639,0.6092798163915165,0.28255557445474166,0.5398001871124454
KAU042,160.2092768679782,806.48,SA(0.08),-3.1493547824536363,0.6140989211262977,0.28601117965233175,0.543429011042256
KAU043,172.12019900001243,538.49,SA(0.08),-3.1462135954767514,0.6100407526835917,0.2831022010069553,0.540372893213363
KAU044,121.91611938734569,221.24,SA(0.08),-2.319813673358708,0.5626618922037161,0.24825531499367032,0.5049333654212799
KAU046,162.89527803630148,204.23,SA(0.08),-2.7497051190299997,0.5764729803021633,0.2585995344015958,0.5152158555651566
KAU047,57.34078848787392,573.04,SA(0.08),-1.6350089617814991,0.6021200642252085,0.27739360787826295,0.5344168392283777
KAU048,94.06716422546164,295.66,SA(0.08),-2.0480527687122927,0.5701343335138165,0.25387326220770673,0.5104914543724123
KAU050,41.405707951930495,665.2,SA(0.08),-1.3383628899082034,0.6062239423418128,0.2803565531437241,0.537501322210299
KAU051,125.39181021164151,1004.58,SA(0.08),-2.802379483300089,0.6148965905640116,0.2865817452193272,0.544030073060571
KAU052,169.07733558731505,573.04,SA(0.08),-3.1317513093447076,0.6108616438648697,0.2836914784603126,0.5409908437250052
KAU054,35.06562470884893,497.22,SA(0.08),-1.1117085820611599,0.5888347274732719,0.26772066605026523,0.5244539839186321
KAU057,114.76630263975981,535.13,SA(0.08),-2.446376804524079,0.6058667247203647,0.2800990959580644,0.5372327098817208
KAU058,110.06905598566512,229.66,SA(0.08),-2.194683376620543,0.5591267103446657,0.24557910794155832,0.5023082519364738
KAU062,114.45650676026153,246.84,SA(0.08),-2.2571670594221764,0.566315613097428,0.2510087109478657,0.5076494860296882
KAU063,93.6060399190571,227.24,SA(0.08),-2.011370889878786,0.5492276369896658,0.23801831259630504,0.4949730094682535
KAU064,102.44159350370471,244.84,SA(0.08),-2.1211577719646284,0.5599741475167896,0.24622174497333876,0.5029372706306815
KAU066,101.67439153000315,214.97,SA(0.08),-2.090113716703049,0.5494128369536332,0.23816071080273063,0.4951100294271745
KAU069,71.14795101360905,500.15,SA(0.08),-1.8322079362546915,0.5977551150553618,0.27422950136064206,0.531139678576495
KAU073,110.99667430146175,216.33,SA(0.08),-2.1948761445594975,0.5553434583604473,0.24270142732451866,0.49950212603990307
KAU074,105.92197691458655,228.34,SA(0.08),-2.147017328138862,0.5564748406907881,0.24356350925373813,0.5003409490355973
KAU075,116.89998968320606,196.3,SA(0.08),-2.242503650123418,0.5519322016267888,0.24009416246075188,0.49697479648857884
KAU077,83.2746332190764,665.2,SA(0.08),-2.091499300633936,0.6093968466121241,0.282639668705833,0.5398882609713399
KAU078,89.35199696595875,531.85,SA(0.08),-2.110772006535898,0.6030487082579122,0.2780650733274602,0.5351145293551005
KAU081,162.4731162832657,295.0,SA(0.08),-2.8450087416976566,0.5919277257090644,0.26998414557943984,0.5267703423683276
KAU082,169.92818795624305,573.04,SA(0.08),-3.1418687978468096,0.6108993985391882,0.2837185702855429,0.541019267688933
KAU083,111.33662490367176,202.14,SA(0.08),-2.187198327652319,0.5506619974794222,0.23912021017392615,0.49603443484742527
KAU085,88.81470945306066,260.75,SA(0.08),-1.969428163048796,0.5577938956120838,0.24456695800169684,0.5013192925031915
KAU086,99.09116222127146,216.8,SA(0.08),-2.062332493667753,0.5484948889770246,0.23745454542642092,0.4944309679725273
KAU087,113.8969815243451,276.11,SA(0.08),-2.2721596462228417,0.5734955331838693,0.25638381323190346,0.5129955817495107
KAU088,111.19576926643339,227.46,SA(0.08),-2.205677892748789,0.5590346471791745,0.24550925108642613,0.5022399271042938
NCU,80.12485352707097,466.16,SA(0.08),-1.9565315968633152,0.5958346356087902,0.2728331137265179,0.5296989758771984
NSK,57.92066683550797,665.2,SA(0.08),-1.6853985675400944,0.6077290259327942,0.2814403837284859,0.5386333440922363
NST,37.88427385619578,491.08,SA(0.08),-1.229714158269446,0.5893788387123567,0.2681193739494854,0.5248613310531289
NSY,13.269189808642082,599.64,SA(0.08),-0.43385260773065815,0.596590719057339,0.2733831794320493,0.530266087232605
PNG,110.99680090093074,465.86,SA(0.08),-2.3644141856952996,0.6007625101176094,0.2764109504477609,0.5333972066250218
SGL,94.06716422546164,295.66,SA(0.08),-2.0480527687122927,0.5701343335138165,0.25387326220770673,0.5104914543724123
SSD,86.12829009110234,535.13,SA(0.08),-2.067762946462983,0.6029053458636674,0.2779614520877263,0.535006810446625
STY,41.405707951930495,665.2,SA(0.08),-1.3383628899082034,0.6062239423418128,0.2803565531437241,0.537501322210299
TAI1,77.88051206740859,160.67,SA(0.08),-1.8068186226989387,0.506230674716582,0.20378677283160979,0.4634009573176169
TAP,99.45326800656716,235.82,SA(0.08),-2.07827325865391,0.5553548109292598,0.2427100841458409,0.49951054150657587
TAP003,102.49615603578604,212.39,SA(0.08),-2.0975376679192443,0.5489772619959317,0.2378257428905315,0.4947877830010727
TAP005,106.45776496285161,179.84,SA(0.08),-2.115961948994174,0.538873355968254,0.22999583599892084,0.4873257731699055
TAP006,105.19861667361013,184.77,SA(0.08),-2.106585680583353,0.5400343884323547,0.23090157421607468,0.4881819371034184
TAP007,103.22929751249532,207.39,SA(0.08),-2.102187335517072,0.547588723334523,0.23675654150930484,0.4937608226415757
TAP008,103.88983230695109,194.14,SA(0.08),-2.0997580852087725,0.5429255160593703,0.2331500676036722,0.49031536990465296
TAP010,101.02607768818412,226.38,SA(0.08),-2.0903058478047036,0.5530588587060692,0.24095662030319667,0.4978092087590596
TAP012,101.22135041662736,207.99,SA(0.08),-2.080348302721929,0.5465458197084782,0.23595209038875187,0.49298980119470076
TAP013,101.93097443003171,205.11,SA(0.08),-2.0862283298986397,0.5459063569578849,0.2354582383182821,0.49251717591885136
TAP014,102.68862503887601,188.98,SA(0.08),-2.0828452324531344,0.5400254107077175,0.23089457672971814,0.4881753154829146
TAP017,98.95262064237038,217.83,SA(0.08),-2.0614047463939817,0.5487864004786359,0.23767890073621706,0.4946465945451573
TAP020,100.10708960480885,218.5,SA(0.08),-2.074839803750163,0.549736114319951,0.23840918627790533,0.4953492255832296
TAP021,100.64194987891956,167.18,SA(0.08),-2.0440302932517858,0.5289574404011341,0.22219224611628483,0.4800276862031186
TAP024,96.12094949935707,194.98,SA(0.08),-2.015426571516247,0.5379206455508698,0.22925140358649615,0.48662348367447905
TAP026,97.04891677159061,194.28,SA(0.08),-2.025167862137828,0.53828296782886,0.22953464553128744,0.48689054206820626
TAP028,95.95079486383781,287.94,SA(0.08),-2.0668858869384787,0.5689648068400158,0.25299736565529063,0.5096207260247366
TAP032,94.42845888739913,308.88,SA(0.08),-2.0595648784596507,0.573506629257384,0.25639208473135305,0.5130038525091963
TAP034,91.89598828035317,538.69,SA(0.08),-2.1491303293728867,0.6038088192373948,0.2786142425773526,0.5356857231828238
TAP035,89.039962013356,438.13,SA(0.08),-2.057751700538968,0.5941880067732148,0.2716337310008458,0.5284642878905689
TAP036,87.5599551150271,671.52,SA(0.08),-2.1557360448508684,0.6098439306210672,0.28296084767899016,0.5402247480411652
TAP041,111.82723819014045,363.56,SA(0.08),-2.3059535365655983,0.5892851867012568,0.26805076467917,0.5247912145038705
TAP042,106.68190483381903,375.85,SA(0.08),-2.2502362833833374,0.5898211175486592,0.2684432966948622,0.5251924858239533
TAP043,91.48433103527901,388.16,SA(0.08),-2.0640459008216427,0.5878584556141705,0.2670047180270268,0.5237232517163866
TAP046,117.32193358845494,816.9,SA(0.08),-2.622129099362029,0.6136260926678512,0.28567278227350645,0.5430727787975825
TAP047,85.80907617073753,403.2,SA(0.08),-1.9964494129959778,0.5887170406628642,0.2676343991541581,0.5243658859577283
TAP049,108.6027661355923,573.04,SA(0.08),-2.388639226171282,0.6072807186350394,0.2811177078650967,0.5382961132597597
TAP051,103.74251653105222,403.17,SA(0.08),-2.2297230356530084,0.5928767669818837,0.2706772277644296,0.5274814681073203
TAP052,100.31096345926947,433.88,SA(0.08),-2.2036547980798624,0.5958658334173003,0.2728558188746444,0.5297223740227904
TAP053,91.65600419476041,538.69,SA(0.08),-2.1458622272391175,0.6037825512677832,0.2785952708764014,0.5356659819894649
TAP059,118.32453599408895,456.18,SA(0.08),-2.444204551288086,0.6009082262572499,0.27651648709380244,0.5335066342126752
TAP060,120.15382017573265,631.27,SA(0.08),-2.5676789790289183,0.6102048516022631,0.28322003419953284,0.5404964136300586
TAP065,121.46351678308714,1023.45,SA(0.08),-2.759483216716864,0.6149482259202075,0.28661866586488044,0.5440689854607103
TAP066,115.01873277372866,662.78,SA(0.08),-2.518710661627267,0.6108648101764598,0.2836937505626574,0.54099322750254
TAP067,96.47463981057544,807.68,SA(0.08),-2.3425820555060635,0.6131483865750026,0.2853307516405957,0.5427129131757799
TAP069,122.45755568413036,671.52,SA(0.08),-2.6178675593346816,0.6113788871421575,0.2840625602058646,0.541380278115552
TAP072,100.78864973474847,671.52,SA(0.08),-2.3371041059399187,0.6104846856415603,0.2834209324158396,0.5407070616067547
TAP075,108.27200165265872,856.38,SA(0.08),-2.521809555941039,0.6138982117683953,0.28586755158509697,0.5432777902355069
TAP077,117.94442647334881,1022.77,SA(0.08),-2.7141118214527093,0.6149370385171259,0.2866106667162653,0.5440605545935775
TAP078,118.90698625816037,671.52,SA(0.08),-2.5728514989662465,0.6112439268599554,0.283965753202616,0.5412786612561497
TAP079,118.27326344912967,631.27,SA(0.08),-2.5438321026093766,0.6101123657559991,0.2831536257634389,0.5404267971385213
TAP081,122.7494636646256,671.52,SA(0.08),-2.6215546730375183,0.6113897961785753,0.2840703847494115,0.5413884921011908
TAP083,121.86621664827865,435.22,SA(0.08),-2.47477268719207,0.5996120063995332,0.27557716684183936,0.5325333635875774
TAP084,122.81401514518838,224.22,SA(0.08),-2.3323904603327494,0.5639675534146831,0.2492406871623681,0.5059036283397995
TAP086,93.25545980723025,887.68,SA(0.08),-2.332396078921924,0.6140068240324702,0.2859452778930739,0.543359621253819
TAP087,103.15361263828753,573.04,SA(0.08),-2.317678915586393,0.6068535349078313,0.28081011294066743,0.5379748073101379
TAP090,104.64066341996687,324.38,SA(0.08),-2.1937865437928,0.5805201603180318,0.26159933363793625,0.5182368620388373
TAP094,108.94222775860766,416.34,SA(0.08),-2.3029349412891054,0.5955087838254243,0.27259592332809857,0.5294546006959778
TAP095,108.81195663904354,206.24,SA(0.08),-2.1628656273144595,0.5506015115406231,0.23907378860226358,0.4959896653300138
TAP097,98.42016825129102,237.23,SA(0.08),-2.067232681883879,0.5552465026971394,0.24262748909544118,0.49943025568406046
TAP098,107.08953823454839,538.69,SA(0.08),-2.3502028953598972,0.6053561031364129,0.2797309285702843,0.536848786163953
TAP100,99.46634920648815,236.32,SA(0.08),-2.0787298642195156,0.5555278042489092,0.24284198268415144,0.49963878226139
TAP103,114.99244567347492,429.49,SA(0.08),-2.3863684904336093,0.5979779915915837,0.2743913855938545,0.5313069225408124
TAW,123.14546871727185,481.92,SA(0.08),-2.5197549110030577,0.603456198913736,0.27835952817641657,0.5354207290354168
TCU,8.966003941063503,472.81,SA(0.08),-0.2297322049853921,0.574021959942503,0.256776117308131,0.5133879975967431
TCU003,85.87715173895934,517.33,SA(0.08),-2.063955553039088,0.6016032012844054,0.2770196292839481,0.5340285917317805
TCU006,72.13607981372333,607.4,SA(0.08),-1.9079615603860214,0.6060823786347597,0.28025453418168705,0.537394869497443
TCU007,89.06974444890936,463.88,SA(0.08),-2.075330187255262,0.5971440185535735,0.27378545642806273,0.5306811686340376
TCU008,84.7584785592634,441.58,SA(0.08),-2.0082891361590867,0.5938443503008348,0.2713831675400337,0.52820667239269
TCU009,81.06016716272919,460.1,SA(0.08),-1.9664199585496394,0.5953190950277099,0.27245781189104556,0.529312351682969
TCU010,81.66395774542653,446.15,SA(0.08),-1.9689621375812714,0.59379055746432,0.2713439388167862,0.5281663497433172
TCU011,76.57844520726454,471.07,SA(0.08),-1.9031307298411089,0.5956572371597169,0.27270399331735906,0.5295659318814919
TCU014,93.21256831945598,496.47,SA(0.08),-2.1499875293946227,0.6008545120317552,0.27647758563722563,0.5334662962822762
TCU015,49.226738245658176,426.0,SA(0.08),-1.4545072801073065,0.5821427482363624,0.2627982245877557,0.51944900854435
TCU017,53.6114321384972,558.76,SA(0.08),-1.582085721432839,0.6005817977347382,0.27628004693409497,0.5332615038012628
TCU018,65.56957606032032,573.04,SA(0.08),-1.7923511522467637,0.6032916246382841,0.27824061952719303,0.5352970595882478
TCU025,54.44992612807512,665.2,SA(0.08),-1.636979881256569,0.6075211907427861,0.2812908076686414,0.5384769992512736
TCU026,55.62700868478751,569.98,SA(0.08),-1.620167559043465,0.60177691067786,0.27714533798910485,0.5341590698058902
TCU029,27.893894423621465,406.53,SA(0.08),-0.9673266290658352,0.5680838531268895,0.25233677597208276,0.5089650436675472
TCU031,30.15523078028506,489.22,SA(0.08),-1.0344516253797673,0.58663637531813,0.26610747410780716,0.5228088073764219
TCU033,40.407957354293515,423.4,SA(0.08),-1.2770577533420937,0.5782680831831343,0.2599317584531769,0.5165553764851699
TCU034,35.21698353563212,393.77,SA(0.08),-1.157293707219254,0.5688279318258225,0.2528947750270166,0.5095188404654701
TCU036,19.699612049739354,478.07,SA(0.08),-0.6963047048223154,0.5804140211265276,0.2615208353480187,0.5181575905061507
TCU038,25.342828155086934,297.86,SA(0.08),-0.9416089918878294,0.5263403742118701,0.22011136366063497,0.4781058220864363
TCU039,19.708438206066337,540.66,SA(0.08),-0.6995475799415625,0.5909953558870985,0.26930258688041636,0.526071884232216
TCU040,22.125103547818437,362.03,SA(0.08),-0.8076629246675532,0.5501970204894532,0.23876325025586045,0.4956902981527167
TCU042,25.987540319450044,578.98,SA(0.08),-0.9276526645280847,0.5973846247326542,0.2739603213075212,0.5308616884048555
TCU045,25.372624034032317,704.64,SA(0.08),-0.9463332298169199,0.6068116988687937,0.28077998230331286,0.5379433422041608
TCU046,16.252239941167144,465.55,SA(0.08),-0.5638074560416693,0.5761086105522961,0.2583287884621214,0.5149440437602806
TCU047,34.3639015403997,520.37,SA(0.08),-1.1543752468476352,0.5925417628770705,0.27043265129915106,0.5272304257767928
TCU048,15.724490368129416,551.21,SA(0.08),-0.5391197441358289,0.5912220116409076,0.26946833103674434,0.5262416608526856
TCU049,7.973343563390163,487.27,SA(0.08),-0.1731379655881372,0.5768252114229752,0.25886115399164294,0.5154786392153169
TCU050,12.061398269660884,542.41,SA(0.08),-0.3719547730719352,0.5887198038640952,0.26763642475957833,0.5243679544019536
TCU051,11.684106742389506,350.06,SA(0.08),-0.43932824590291203,0.5359420107160592,0.22770179878844118,0.4851656724036447
TCU052,4.409004259240465,579.1,SA(0.08),0.09153043078172801,0.5915305078144792,0.2696938601024623,0.5264727566534562
TCU053,8.360955408325248,454.55,SA(0.08),-0.2062871571578665,0.5691581088743929,0.25314222068303194,0.5097646211783812
TCU054,10.227617412004046,460.69,SA(0.08),-0.2970127298715064,0.5717655865813479,0.25509292209858664,0.5117064462110256
TCU055,9.165535239523313,359.13,SA(0.08),-0.3201853574407557,0.5374190193558056,0.22885899906217072,0.48625380298113563
TCU056,13.309665432524499,403.2,SA(0.08),-0.4640193273691436,0.5573877266194583,0.2442581581063685,0.5010179936733733
TCU057,14.550574484923569,555.23,SA(0.08),-0.48788355080249607,0.5914167110986691,0.2696106761964064,0.5263875088256589
TCU059,17.77385436882762,272.67,SA(0.08),-0.7549115555282856,0.5036635025258677,0.20165579066376624,0.4615320854159502
TCU060,9.40150493354199,375.42,SA(0.08),-0.31347539766118815,0.54431108904322,0.23422422257053646,0.49133855457987824
TCU061,17.668321986901795,379.64,SA(0.08),-0.6479040739122088,0.5528263362414716,0.24077873309094205,0.49763697585015676
TCU063,10.256304917085805,476.14,SA(0.08),-0.2932794140146056,0.57544967038009,0.2578388749688054,0.5144525611709742
TCU064,17.156230171822553,645.72,SA(0.08),-0.6173062106230981,0.6017881066395137,0.2771534394870206,0.5341674796103606
TCU065,1.5301625387352142,305.85,SA(0.08),-0.046140517978907836,0.5021881129369172,0.20042579171910085,0.46045890456034566
TCU067,1.4845734764737275,433.63,SA(0.08),0.17067890391214335,0.5590510956696111,0.24552173269464406,0.5022521342353982
TCU068,0.649001480476048,487.34,SA(0.08),0.30685344331347963,0.5731914654932111,0.25615710624367827,0.512768947026943
TCU070,20.340829249903962,401.26,SA(0.08),-0.7328111201243204,0.5618047853100063,0.24760757866606065,0.5042966426463227
TCU071,10.01426691522794,624.85,SA(0.08),-0.05234859048051413,0.5976556096364795,0.27415721518634484,0.5310650139966105
TCU072,12.748228787930415,468.14,SA(0.08),-0.18836231000075454,0.572467242178278,0.2556168150391439,0.5122292330943709
TCU074,22.222133630574767,549.43,SA(0.08),-0.5442661830940023,0.5910099745707805,0.26931327809015426,0.5260828340541914
TCU075,2.71684542140007,573.02,SA(0.08),0.15798320794285417,0.59037594920496,0.26884944353374485,0.5256079699845249
TCU076,4.3340083071477284,614.98,SA(0.08),0.055031893075015714,0.5961990500077068,0.27309828365525524,0.529972296157682
TCU078,17.667409336015933,443.04,SA(0.08),-0.398637486262415,0.5683997695871237,0.25257374920817743,0.5092001563998385
TCU079,21.222776888973897,363.99,SA(0.08),-0.5614332391606904,0.5448637239609115,0.2346520375179643,0.49174678339285594
TCU081,54.870046821119146,430.47,SA(0.08),-1.5569256106885165,0.5848107120526533,0.264764920926534,0.5214432908555806
TCU082,8.966003941063503,472.81,SA(0.08),-0.2297322049853921,0.574021959942503,0.256776117308131,0.5133879975967431
TCU083,79.97899565103198,354.63,SA(0.08),-1.9023452727172578,0.5784747803618026,0.260084984408496,0.516709659673465
TCU084,19.942894152069616,665.2,SA(0.08),-0.4813927967577967,0.602779182346429,0.2778702504894875,0.5349120175908736
TCU085,57.92066683550797,999.66,SA(0.08),-1.821854870190811,0.6145756926668938,0.28635225757768656,0.5437882552953444
TCU087,7.308530515924621,538.69,SA(0.08),-0.12567157699216144,0.5864597474829802,0.26597769945526833,0.5226766675587154
TCU088,20.395798012081535,665.2,SA(0.08),-0.5446946532899172,0.6030028122472064,0.27803190156451985,0.535080043816303
TCU089,15.126942233893988,671.52,SA(0.08),-0.2856265572899752,0.6026203782250117,0.27775543809656705,0.5347927045686396
TCU092,88.45294085502088,422.28,SA(0.08),-2.0477324597277065,0.5921527963416879,0.27014857437252277,0.5269389736770038
TCU094,53.92101623044264,589.85,SA(0.08),-1.598418545437861,0.6030629816882656,0.2780753892881883,0.5351252542676003
TCU095,44.56466924675996,446.63,SA(0.08),-1.366660450026322,0.584278766043759,0.2643732471422051,0.5210455475724787
TCU096,53.85469792017198,454.58,SA(0.08),-1.5470483228304048,0.588460961455161,0.26744665121815653,0.5241741999649794
TCU098,47.1372515839405,346.56,SA(0.08),-1.402655634666988,0.5622125040851078,0.2479157894635902,0.5045995056322312
TCU100,13.491602319643608,535.13,SA(0.08),-0.43913154639199137,0.5880799049045626,0.2671671816372041,0.5238889878672701
TCU101,2.7276625208825007,389.41,SA(0.08),0.045834898872538055,0.5442703465711639,0.23419266859826335,0.4913084612863073
TCU102,1.9961663796457592,714.27,SA(0.08),0.20051977931400428,0.6045528462091473,0.2791514130551134,0.5362449369914035
TCU103,6.545253590327707,494.1,SA(0.08),-0.09300409060305995,0.5776507539875856,0.25947391632190253,0.5160946428040116
TCU104,13.599900519557263,410.45,SA(0.08),-0.47223635485187326,0.5598999806256462,0.24616553016262907,0.5028822129130744
TCU105,17.911571028764843,575.54,SA(0.08),-0.6337809244121957,0.5950064843306039,0.272230144875096,0.5290779381308102
TCU106,15.67278608418154,451.37,SA(0.08),-0.5430379367439694,0.5724921371781863,0.2556353950214751,0.512247783736603
TCU107,16.73758483873565,409.0,SA(0.08),-0.5990231672528676,0.5616526856404126,0.24749255951795807,0.5041836691825095
TCU109,13.739015155167076,535.13,SA(0.08),-0.4504329829323599,0.5881672308323677,0.2672312369136897,0.5239543467160045
TCU110,12.337401625868438,212.72,SA(0.08),-0.7212636808948786,0.4541832274008348,0.15770395867436038,0.4259247180789981
TCU111,22.753679890361862,237.53,SA(0.08),-0.9430261615695618,0.4889987345862671,0.1892453251379453,0.4508946321929369
TCU112,28.530660346449324,190.54,SA(0.08),-1.1393322086973163,0.4653671253623384,0.1682194939821266,0.4338994851488114
TCU113,31.866925843887017,230.3,SA(0.08),-1.1529107346688745,0.4972056764881757,0.1962423922862218,0.4568395869469338
TCU115,22.519806127058114,215.34,SA(0.08),-0.9737807415870662,0.4735428225623162,0.17565862962240042,0.4397577181124462
TCU116,15.552380292106827,493.09,SA(0.08),-0.5314315497870629,0.5815191145253572,0.26233768925973694,0.518983060756531
TCU117,26.02127503510998,198.58,SA(0.08),-1.0778296845634334,0.46717724518234244,0.1698833139719501,0.43519448301888014
TCU118,27.553377287252555,236.19,SA(0.08),-1.0562496800961971,0.49502814928107103,0.19439917109051125,0.4552601793040596
TCU119,38.709117009183,221.7,SA(0.08),-1.2868081095596469,0.5006447091455056,0.199134858793113,0.45933694910036893
TCU120,8.190427877741287,459.34,SA(0.08),-0.1952670186167395,0.5703016422860117,0.25399846495867634,0.5106160426316021
TCU122,14.73072540652075,475.46,SA(0.08),-0.49869597966428353,0.5775264962952938,0.25938172210974497,0.5160019148787155
TCU123,16.255745645165277,270.22,SA(0.08),-0.7119918961626921,0.5001121777055211,0.19868841999014783,0.4589499995110331
TCU128,13.269189808642082,599.64,SA(0.08),-0.43385260773065815,0.596590719057339,0.2733831794320493,0.530266087232605
TCU129,6.355595224258387,511.18,SA(0.08),-0.07722788770612454,0.5810924047467233,0.26202239513409514,0.5186642915244135
TCU136,8.87050666409296,462.1,SA(0.08),-0.22897232017312535,0.571373345874292,0.25479986577514757,0.5114142438146889
TCU138,10.62709176562196,652.85,SA(0.08),-0.31181173422821273,0.6012073067747702,0.2767330537330796,0.5337312457510214
TCU140,33.698793168228846,223.6,SA(0.08),-1.1949714991506848,0.49547004948749535,0.19477398293562667,0.45558058069954355
TCU141,27.08308313875785,223.04,SA(0.08),-1.0628002638540763,0.48589025289559673,0.186557994191263,0.4486484733756258
TCU145,36.03895088690123,240.43,SA(0.08),-1.224882177682871,0.5083775504049479,0.20556011308670175,0.4649653467340526
TCU147,72.40184826834715,537.92,SA(0.08),-1.8759619334791282,0.6014444382928783,0.2769047187267129,0.5339093453951859
TTN,83.21058040106071,298.72,SA(0.08),-1.913409658422979,0.566131500842689,0.25087026510820226,0.5075125479541721
TTN001,55.943705673847546,484.6,SA(0.08),-1.574159394742297,0.5929295799959743,0.2707157774083551,0.5275210466857151
TTN002,68.37147822691496,667.36,SA(0.08),-1.8655021990807885,0.6085724317915503,0.2820470807581103,0.53926788238547
TTN003,95.02819768257147,506.64,SA(0.08),-2.1743993276031106,0.6018630025230606,0.2772076326038932,0.534223737990197
TTN004,66.76657920094912,463.59,SA(0.08),-1.7479972566616109,0.5926819090405214,0.2705349778979073,0.5273354445110776
TTN005,82.74873732730376,407.59,SA(0.08),-1.9569485153144164,0.5886066538141191,0.2675534736817793,0.5242832551541845
TTN006,81.1387708588908,283.21,SA(0.08),-1.8805248533834331,0.5606300418063858,0.2467186460905348,0.5034242281089412
TTN007,81.9983553609081,282.7,SA(0.08),-1.8912861105852525,0.5609161637917452,0.24693527883059407,0.5036366853910711
TTN008,82.7187919705734,292.61,SA(0.08),-1.9045339146931293,0.5641875737477197,0.24940657574121836,0.5060671678229862
TTN009,83.68450130501424,313.96,SA(0.08),-1.926123953403302,0.5703563637044395,0.2540394094043547,0.5106567928537107
TTN010,83.81152591090317,311.34,SA(0.08),-1.9266143574125683,0.5697455675447871,0.25358223897566945,0.5102019794287533
TTN012,81.57676615324058,288.3,SA(0.08),-1.8881479420929588,0.562377395858964,0.24804039236291558,0.5047220018282943
TTN013,81.26976308172648,297.76,SA(0.08),-1.8880011368970708,0.5649538467123394,0.2499839664831103,0.5066368180624466
TTN014,63.02404599943716,533.97,SA(0.08),-1.7172407431224408,0.5996719948810891,0.2756206639812351,0.5325783989528754
TTN015,83.21058040106071,487.91,SA(0.08),-2.002986665445563,0.5985397380018853,0.27479924887485574,0.5317284934862722
TTN016,123.14546871727185,826.15,SA(0.08),-2.700609081189422,0.613805326451044,0.2858010741115764,0.543207809973625
TTN018,74.43304938901571,573.04,SA(0.08),-1.9164777266203958,0.6041884974975827,0.2788884082331441,0.5359710778219005
TTN020,50.35796250220993,453.71,SA(0.08),-1.4591129982187057,0.5869476662799149,0.2663361315693103,0.5230417076793527
TTN022,53.02499720160041,398.81,SA(0.08),-1.4944407663559907,0.5776263143429946,0.2594557841094926,0.5160764043371877
TTN023,54.09146602124198,527.54,SA(0.08),-1.5563757689757565,0.597509731630533,0.27405122872920956,0.5309555569209179
TTN024,59.92050910835589,671.52,SA(0.08),-1.7242050495628785,0.6081608297129644,0.28175105630320196,0.5389581960311868
TTN025,65.75784285873038,704.96,SA(0.08),-1.8395036737510821,0.6098082572349165,0.28293522515308056,0.5401978979591291
TTN026,70.29054746653149,573.04,SA(0.08),-1.8525802203830903,0.6037302839558328,0.27855752009915596,0.5356267018751015
TTN027,76.08977283968429,428.95,SA(0.08),-1.87330593904181,0.5901140026826912,0.26865772285417555,0.5254118043144789
TTN028,78.48198120220177,616.17,SA(0.08),-1.9978396839735504,0.6070159903059512,0.28092710361496787,0.538096993990507
TTN031,55.63093116970684,510.62,SA(0.08),-1.5783534776019137,0.5959898556060655,0.27294607284494327,0.5298153917204197
TTN032,57.234125398309374,734.26,SA(0.08),-1.7026615486591763,0.6103068592240509,0.28329327325661435,0.5405731992463915
TTN033,58.96031847975615,670.8,SA(0.08),-1.7066981570155662,0.6080588929080539,0.2816777261965256,0.5388815044231183
TTN036,79.85049273122117,538.69,SA(0.08),-1.9801915383558402,0.6024078452406483,0.2776017538168805,0.5346330314199385
TTN040,47.98883144575936,728.01,SA(0.08),-1.5155117438284607,0.6095716899927234,0.28276528916182236,0.5400198482332069
TTN041,45.1590519289211,418.24,SA(0.08),-1.3453430813886744,0.5785319661918635,0.26012737036082656,0.5167523459985305
TTN042,64.91469915710697,845.34,SA(0.08),-1.8857011877066043,0.6130486049076789,0.2852592912968409,0.5426377509057727
TTN044,58.77993734254324,419.63,SA(0.08),-1.601053879281166,0.5837763008890872,0.26400307459555694,0.5206699012655128
TTN045,61.00750348291904,539.98,SA(0.08),-1.685626021656719,0.5998984028684233,0.2757848078629251,0.5327483773002923
TTN046,65.63785661871987,528.12,SA(0.08),-1.7578141379880796,0.5995489446125137,0.2755314385640054,0.5324860217403165
TTN047,73.91058687727796,573.04,SA(0.08),-1.9085374788282947,0.6041319851222683,0.27884760681137594,0.5359286031024477
TTN048,79.66111305108983,373.54,SA(0.08),-1.8987213420502043,0.5819343943112811,0.2626443962179551,0.5192933279156815
TTN050,89.29934402229367,573.04,SA(0.08),-2.131206601348942,0.6056646619229328,0.2799534258102984,0.537080777983441
TTN051,36.67924057370646,665.2,SA(0.08),-1.2145179722916832,0.6056873702234701,0.2799697979262408,0.5370978520692136
WGK,10.40266620061039,258.89,SA(0.08),-0.539978034426672,0.4843600318748585,0.18522715927596056,0.4475438972261513
WNT,6.355595224258387,511.18,SA(0.08),-0.07722788770612454,0.5810924047467233,0.26202239513409514,0.5186642915244135
WTC,43.046970143373564,207.69,SA(0.08),-1.3674079068315688,0.49738034858717095,0.1963898468510997,0.4569663436342958
ALS,21.15138156147171,553.43,SA(0.1),-0.4192833696603515,0.5960481747737939,0.27181377285148195,0.5304627221015763
CHK,63.02404599943716,424.57,SA(0.1),-1.5629285789268224,0.5911719702965403,0.2682223726094372,0.5268216560621419
CHY002,25.505683407066318,235.13,SA(0.1),-0.8816875804401753,0.48903566547815014,0.18703150073019353,0.45185738883442944
CHY004,48.07893833473184,271.3,SA(0.1),-1.2923909223404075,0.5373375726396434,0.2271338071324816,0.4869721764410865
CHY006,10.589594525139994,438.19,SA(0.1),-0.21282049257209723,0.5678351085284649,0.2507622402897118,0.509465415236813
CHY008,41.23915234428305,210.73,SA(0.1),-1.1967272796389599,0.49646642459875473,0.19347909131874932,0.45721412049098187
CHY010,20.724953105809405,538.69,SA(0.1),-0.6255930973627586,0.595694461512046,0.27155386851918456,0.5301984420652252
CHY012,59.82694761124689,198.4,SA(0.1),-1.4595020242415286,0.511536776934295,0.20621219022694454,0.46813075818422045
CHY014,37.42185396368311,347.63,SA(0.1),-1.0636152943102257,0.5581250610427948,0.24334925923133302,0.5022795255588117
CHY015,38.851553931384295,228.66,SA(0.1),-1.147960371134717,0.5044663117340173,0.20029178144144302,0.4630004988782798
CHY016,67.39311492490651,200.86,SA(0.1),-1.5535920692102683,0.5207360480476653,0.21378702054364887,0.4748274861287726
CHY017,59.79653364012802,190.57,SA(0.1),-1.4581147796160558,0.5069072705538593,0.20234592637825685,0.4647699506406246
CHY019,52.664018987304125,497.53,SA(0.1),-1.431153778983817,0.5996561035627868,0.2744595012381511,0.5331598491261406
CHY022,67.37194759211643,564.07,SA(0.1),-1.7090550857976359,0.6092790995085225,0.28147028948327985,0.540366077058983
CHY023,82.48037770558093,279.78,SA(0.1),-1.7762667108072454,0.5650307289018615,0.24863093259348318,0.5073878043085621
CHY024,11.325693557566668,427.73,SA(0.1),-0.2517421494282716,0.56511742514437,0.24869693599673706,0.5074520058366481
CHY025,20.997755926782464,277.5,SA(0.1),-0.7196192419934249,0.508831556695427,0.20395759071042407,0.4661661230513118
CHY026,30.210404768019664,226.01,SA(0.1),-0.9905652545905158,0.4903981287060619,0.18822287325881268,0.4528382433282377
CHY027,42.57072697901259,210.01,SA(0.1),-1.2179513853567219,0.4978058273802564,0.1946286672474433,0.45818154006815426
CHY028,3.81905953609022,542.61,SA(0.1),0.18926765955311936,0.5895579454922074,0.2670295496047839,0.5256175327468243
CHY029,11.759168799911324,544.74,SA(0.1),-0.24956899635730573,0.5932078679610014,0.26972406639381485,0.5283412747635963
CHY032,36.21575834030445,192.71,SA(0.1),-1.1288270798081594,0.47683027964973934,0.17615698914676634,0.44309799228341656
CHY033,44.61021757313737,197.63,SA(0.1),-1.2540425343993458,0.49255668350285176,0.19010178100826033,0.4543934411067307
CHY034,15.559574786944564,378.75,SA(0.1),-0.45481390341650474,0.551457305121313,0.23820207012875694,0.4973579527443344
CHY035,13.44254351914465,573.04,SA(0.1),-0.32563921284584496,0.5982090847648733,0.27339954789807663,0.5320778103852432
CHY036,16.839316616786387,233.14,SA(0.1),-0.6742527249774287,0.47268125856683646,0.17237009799812847,0.4401319364877356
CHY039,32.69010874984208,201.21,SA(0.1),-1.061811433971951,0.4772304447086452,0.1765196594101163,0.443384378613577
CHY041,21.610943270708972,492.26,SA(0.1),-0.6331212769370104,0.5876281833116319,0.26560066684414096,0.5241785646075929
CHY042,30.629771574103184,665.2,SA(0.1),-0.9732382878451511,0.6114634483514413,0.2830527681490428,0.5420043165077192
CHY044,55.933003322544856,194.47,SA(0.1),-1.4095227186032282,0.5048189762486505,0.20058924493497696,0.46325603460413917
CHY046,24.881430138705287,442.15,SA(0.1),-0.7615392074801599,0.5785280058128217,0.25882114113998544,0.5174033923436876
CHY047,24.93307771977854,169.52,SA(0.1),-0.973488301381656,0.4388437533141649,0.1392053101177029,0.4161799147699199
CHY050,45.48094043081733,538.93,SA(0.1),-1.3110188155296645,0.6030652509933934,0.27695070627836493,0.5357107458765779
CHY052,40.52523944488567,573.04,SA(0.1),-1.2133716949742825,0.6056189681413596,0.2788113798915921,0.5376230547656522
CHY054,49.228155688795745,172.1,SA(0.1),-1.3261052415069208,0.4816388454440037,0.18048644117907814,0.4465429676874825
CHY055,55.04100932988003,225.77,SA(0.1),-1.3980269417543638,0.5216340361330967,0.21451919000673492,0.475482475777351
CHY057,58.30189007907089,411.46,SA(0.1),-1.492545952630513,0.5873033184076805,0.26535982796085217,0.5239363983512314
CHY058,60.47926509005612,269.28,SA(0.1),-1.4802035677324934,0.5468399155877997,0.2346086953724541,0.4939561249095985
CHY059,74.0105222831666,191.09,SA(0.1),-1.627607270566589,0.5219524440120507,0.2147785047228742,0.4757147755947456
CHY060,69.53930995385498,228.92,SA(0.1),-1.590141194853612,0.5366362849192416,0.2265776677485063,0.4864576680139527
CHY061,62.41616207975734,538.69,SA(0.1),-1.6097859350862578,0.6062367713616221,0.2792608327670203,0.5380858762625479
CHY062,59.70708366780761,602.63,SA(0.1),-1.609588512712879,0.6111836795728609,0.28285026497842847,0.5417944423652334
CHY063,73.64708029924377,246.88,SA(0.1),-1.6469120768351844,0.5474723682368025,0.23510233725448898,0.49442176833174484
CHY065,85.87815923556157,250.0,SA(0.1),-1.7967833912976756,0.5568643835884091,0.24237974502948956,0.5013481833104998
CHY066,90.36922111828896,211.97,SA(0.1),-1.826502905543862,0.5454431869372931,0.23351685693373478,0.4929281364500311
CHY067,84.21459469490114,227.97,SA(0.1),-1.7676909320360308,0.5476049651988144,0.2352057726944745,0.49451940548535606
CHY069,86.69064381036402,224.42,SA(0.1),-1.7940665696388618,0.547928697954022,0.23545822239729158,0.4947578029168388
CHY070,84.43554371983527,265.45,SA(0.1),-1.7925737748420898,0.5615195071860324,0.24595149525612703,0.5047890836098974
CHY071,79.42270364079795,202.95,SA(0.1),-1.696619356844126,0.5328280071841994,0.22354631680619844,0.4836659275597859
CHY074,21.15138156147171,553.43,SA(0.1),-0.4192833696603515,0.5960481747737939,0.27181377285148195,0.5304627221015763
CHY076,42.877573217177414,169.84,SA(0.1),-1.2435825196048031,0.47067507660214575,0.17052098534366858,0.4386999216911944
CHY078,77.88051206740859,160.67,SA(0.1),-1.6515252725601082,0.5087750342758156,0.20391034585105852,0.4661250973260923
CHY079,50.68613779255426,573.04,SA(0.1),-1.4255609790759045,0.607500877918532,0.28017964779461135,0.5390330988292599
CHY080,4.988369897004964,496.21,SA(0.1),0.23452481165382058,0.5789918828390176,0.2591684243484308,0.5177483251679549
CHY081,43.161132192340126,573.04,SA(0.1),-1.273155363291176,0.6061515292404632,0.2791988347724446,0.5380220135480158
CHY082,36.69569501183828,193.69,SA(0.1),-1.1356825381913795,0.478286324325922,0.17747449829139697,0.44414030496389084
CHY086,31.247850964812436,665.2,SA(0.1),-0.9873559635755301,0.61153396029303,0.28310379809776126,0.5420572147793065
CHY087,29.89661912611536,505.2,SA(0.1),-0.9141646634345432,0.5937173853756078,0.2700993884804816,0.5287217170116222
CHY088,38.170938955225544,318.52,SA(0.1),-1.1069138345968668,0.5487148196052717,0.23607074247397686,0.49533681248442574
CHY090,59.17740188206011,180.33,SA(0.1),-1.4493140165682068,0.49992542567808834,0.19644037096461503,0.45971361943573336
CHY092,24.650496063812138,253.72,SA(0.1),-0.8402552758535139,0.49977842202810974,0.19631501332547852,0.45960731790075376
CHY093,50.52955404993735,190.49,SA(0.1),-1.3388813416170184,0.4957244394577065,0.19284065586833155,0.4566784441156918
CHY094,37.57279552970941,221.92,SA(0.1),-1.1297862478882574,0.49855291539427254,0.19526827121636622,0.45872138788626404
CHY096,83.07046778565815,293.61,SA(0.1),-1.792517118832643,0.5695890998744735,0.2520914140932531,0.5107657600468898
CHY099,65.94429160338161,228.84,SA(0.1),-1.5438752585530853,0.5334833343896005,0.2240693273446325,0.48414605710959807
CHY100,54.13764361475702,230.11,SA(0.1),-1.3854060296244204,0.5230020220068599,0.21563219923610707,0.4764807128057375
CHY101,10.40266620061039,258.89,SA(0.1),-0.426508567384961,0.4797626319786357,0.17880448664221038,0.4451978645497791
CHY102,42.67253817797281,804.36,SA(0.1),-1.3333324991516575,0.6187718686472402,0.28832460711677665,0.5474920514127615
CHY104,18.66688688746901,223.24,SA(0.1),-0.7401790780936688,0.46874022568132445,0.16872599291538984,0.4373201784579518
CHY107,51.35844504410688,175.68,SA(0.1),-1.3524675440636802,0.4870216558012409,0.1852625151573728,0.4504085852833476
CHY109,43.43968322952119,573.04,SA(0.1),-1.2788574227101517,0.6062022717184228,0.2792357412179775,0.5380600292374663
CHY110,43.43968322952119,573.04,SA(0.1),-1.2788574227101517,0.6062022717184228,0.2792357412179775,0.5380600292374663
CHY116,82.01615041444819,195.38,SA(0.1),-1.7215098913895681,0.5314176183190663,0.22241872113056796,0.4826329843168114
ENA,65.88362730496057,665.2,SA(0.1),-1.735195160337886,0.6152836285942564,0.2858127279928195,0.5448715703112226
ESL,43.897780904479816,493.29,SA(0.1),-1.2292406714693214,0.5962332204489819,0.2719497046748267,0.5306009906645848
HEN,162.89527803630148,204.23,SA(0.1),-2.6222098181569633,0.5835413924193833,0.2625646386561403,0.5211337325429272
HSN,54.870046821119146,321.49,SA(0.1),-1.4088485146421386,0.5622553366184014,0.246514036141795,0.5053334478747213
HWA,54.910390623144146,260.38,SA(0.1),-1.3812576257752638,0.5374807042396739,0.22724723606239722,0.48707720243507285
HWA002,56.44202545573511,789.18,SA(0.1),-1.6283143600054717,0.6190276107691607,0.2885084623008671,0.5476842612996694
HWA003,55.34036308551032,1525.85,SA(0.1),-1.7538032465612143,0.6229176333994728,0.2913,0.5506093787795482
HWA005,48.52595230785456,459.32,SA(0.1),-1.3154508212078275,0.5922931199713596,0.2690497396548252,0.5276583909662369
HWA006,49.18260421653337,559.11,SA(0.1),-1.3714663950481303,0.6057465431718145,0.2789042127170905,0.5377186203706014
HWA007,55.59377109620273,358.72,SA(0.1),-1.4124485930364017,0.5732742376393354,0.25487460278287416,0.5135000373877623
HWA009,55.351901573503156,373.23,SA(0.1),-1.4129532853219313,0.5769876271912008,0.25766658042335494,0.516258322223155
HWA011,52.50669252247871,355.76,SA(0.1),-1.3577563312760597,0.5707131670987409,0.2529417017727647,0.5115994669701808
HWA012,55.940482597974515,414.42,SA(0.1),-1.438347449711188,0.5866497021445057,0.26487500991258245,0.5234492355043101
HWA013,53.649974548577966,330.55,SA(0.1),-1.371580900889644,0.5636990336052387,0.24761615623491356,0.506401855899963
HWA014,54.562707264600675,277.28,SA(0.1),-1.3774838796047868,0.544593546457311,0.23285155210577282,0.4923030423680966
HWA015,50.48367897862757,453.05,SA(0.1),-1.352073655547582,0.5918965227765752,0.26875717761000617,0.5273623736654943
HWA016,51.54840213276211,576.55,SA(0.1),-1.4279778478496894,0.6078192027139175,0.2804108483547126,0.5392716748659926
HWA017,50.52422325112912,578.11,SA(0.1),-1.408002766898589,0.6077790035151012,0.2803816553552888,0.5392415455563837
HWA019,54.910390623144146,494.82,SA(0.1),-1.454390004425745,0.5996346598759076,0.2744438047834996,0.5331438111245893
HWA020,43.897780904479816,626.43,SA(0.1),-1.2859316232873648,0.6105885714270859,0.2824193376961872,0.5413480592489609
HWA022,61.14643046699228,567.64,SA(0.1),-1.602761726260016,0.6086185942038937,0.2809911435138726,0.5398708831540094
HWA023,50.46681972096665,671.52,SA(0.1),-1.4520041989615002,0.6142108336960854,0.2850386339857987,0.5440661038560941
HWA024,42.66088086872478,671.52,SA(0.1),-1.277246956014766,0.6133584319012744,0.2844230329565886,0.5434262639109059
HWA025,52.97661131498272,494.32,SA(0.1),-1.4176805494956075,0.5990576058844737,0.27402128345718907,0.5327122594614396
HWA026,51.216871807519986,457.49,SA(0.1),-1.3681098157651663,0.5929167936936051,0.26950956473826826,0.5281239615454825
HWA027,50.999260902587345,437.8,SA(0.1),-1.3562531184863125,0.5893098901324113,0.2668460449284334,0.525432521751297
HWA028,53.17903686421587,406.7,SA(0.1),-1.3857787758800963,0.5838745291453076,0.26281263787369236,0.5213818017139897
HWA029,53.68312510210313,614.05,SA(0.1),-1.4885241989256794,0.61108956134402,0.28278212825475396,0.5417238410143481
HWA030,46.3240822341362,592.18,SA(0.1),-1.3254111016889738,0.6082696606060386,0.28073789898020546,0.5396093143098675
HWA031,50.812995101814906,602.29,SA(0.1),-1.4254789465008864,0.6098203136807246,0.2818626782671531,0.5407718979178973
HWA032,47.149347167648216,573.04,SA(0.1),-1.3347061394948756,0.6066984526987744,0.27959653359925385,0.5384317885362717
HWA033,53.337780221409545,395.57,SA(0.1),-1.3847752307682968,0.5814445594864324,0.261001539950201,0.5195728744844125
HWA034,43.827097965114945,379.18,SA(0.1),-1.193373878747705,0.5721802095491293,0.25404965470619056,0.512687980299276
HWA035,47.804623815661444,677.49,SA(0.1),-1.3982471657428084,0.6142544999747801,0.2850701567882572,0.5440988848067836
HWA036,43.05936412870529,503.04,SA(0.1),-1.2137943668326083,0.5974159933107693,0.2728179455499862,0.5314849364275323
HWA037,45.498025716459686,469.64,SA(0.1),-1.255882860530467,0.5929814134702087,0.2695571907029521,0.5281722045521318
HWA038,41.859772602007936,642.73,SA(0.1),-1.2445174508006878,0.6114414155268596,0.2830368221714124,0.5419877876083539
HWA039,45.291665715542166,459.67,SA(0.1),-1.2479069678685737,0.5911666616853584,0.26821845271433037,0.5268176947595264
HWA041,47.47960397850945,484.97,SA(0.1),-1.3038174534304616,0.5961117757523897,0.2718604960985832,0.5305102448131418
HWA043,57.422369838378636,543.06,SA(0.1),-1.5238229772140597,0.6057483894074387,0.27890555608844436,0.5377200033964717
HWA044,58.67615362772547,534.41,SA(0.1),-1.5421485872170226,0.6051155624322738,0.27844495453281964,0.5372459876005992
HWA045,62.479427036765046,484.45,SA(0.1),-1.5830948858144769,0.6001673568929248,0.274833631467535,0.533542248837153
HWA046,51.02049634079368,617.52,SA(0.1),-1.4370890164514043,0.6109729635380288,0.2826977092650032,0.5416363792718886
HWA048,50.7224249000127,345.89,SA(0.1),-1.3233750987625346,0.5666864120455478,0.24989016256187513,0.5086141919489232
HWA049,50.09848662493223,508.61,SA(0.1),-1.3674830708604264,0.6001951103471771,0.2748539357201272,0.5335630089350425
HWA050,52.588798916808756,313.9,SA(0.1),-1.3501621496925964,0.5572960996075075,0.24271194191220294,0.501667076746071
HWA051,52.76943285780981,440.5,SA(0.1),-1.3909460164071068,0.5904721004913719,0.2677053956983036,0.5262994609276239
HWA053,41.01531883433213,843.24,SA(0.1),-1.3152226912884568,0.6196809025349411,0.2889779324897077,0.5481753145668756
HWA054,42.366722327932806,452.83,SA(0.1),-1.1807355302808884,0.5887260307033154,0.26641392796505636,0.5249971030528748
HWA055,46.95869477154732,369.75,SA(0.1),-1.2571654569810429,0.5714530881342325,0.2535007613054646,0.5121484120405927
HWA056,40.36324611604254,511.3,SA(0.1),-1.1527293552960258,0.5977612831440396,0.2730712163469526,0.5317430417305004
HWA057,49.81118228871056,671.52,SA(0.1),-1.4383094117376123,0.6141444162982415,0.28499068470257327,0.5440162439698526
HWA058,45.22518970943778,529.54,SA(0.1),-1.2733865699288873,0.6015755573901642,0.2758631566882431,0.5345958006113447
HWA059,48.38288493912992,208.56,SA(0.1),-1.2860346137242173,0.5027072847419904,0.19880457058220163,0.4617264957182889
HWA060,56.69388929890098,573.04,SA(0.1),-1.5253862924706476,0.6083721279770518,0.28081227505028034,0.5396861238538674
HWA2,54.910390623144146,260.38,SA(0.1),-1.3812576257752638,0.5374807042396739,0.22724723606239722,0.48707720243507285
ILA001,102.14533163111949,909.09,SA(0.1),-2.3994900508239327,0.6218849769416498,0.2905598641772602,0.5498326016843749
ILA002,96.5430887001664,219.78,SA(0.1),-1.8985423488150277,0.5526277573790517,0.23910911359206372,0.4982211055575803
ILA003,91.77508445604383,263.82,SA(0.1),-1.8755899630523132,0.5649693712404312,0.24858421543713213,0.5073423679088054
ILA004,87.85445904337864,124.27,SA(0.1),-1.7107348751983362,0.49676209983542385,0.1937331818565998,0.45742763152286425
ILA005,86.15882510967322,239.33,SA(0.1),-1.7907573861384312,0.5529789682457555,0.2393809885007883,0.498480171788734
ILA006,84.0230749317769,279.41,SA(0.1),-1.7892378103575266,0.5655015001655623,0.24898925038822994,0.507736447264335
ILA007,83.01426463964907,496.27,SA(0.1),-1.905952321389746,0.6057106563285722,0.27887809999994506,0.5376917374578211
ILA008,83.77120048773067,299.28,SA(0.1),-1.7979119971720072,0.5713052121591566,0.2533890719215321,0.5120386935290766
ILA010,79.14352703450395,573.04,SA(0.1),-1.8942912744952016,0.6114307920303855,0.28302913343474606,0.5419798179545814
ILA012,87.16828457720456,259.21,SA(0.1),-1.815997090933935,0.5607527179426998,0.24536469996924992,0.5042219498287683
ILA013,83.10768677806287,199.48,SA(0.1),-1.7286456218353374,0.5337153709804967,0.22425437497838793,0.4843160874097637
ILA014,79.65880504821489,300.77,SA(0.1),-1.744914385056631,0.5695972445959607,0.2520975793493016,0.5107717998651974
ILA015,84.4098971671404,782.59,SA(0.1),-2.0865603189207325,0.6198892123919578,0.28912757234634207,0.5483319091107434
ILA016,81.37675877808526,271.1,SA(0.1),-1.7506601905253372,0.5612480231962623,0.24574380722044958,0.5045882725098858
ILA021,75.9361246011624,573.04,SA(0.1),-1.8459496292152164,0.6110483570028706,0.2827522965812509,0.5416929327339761
ILA024,66.86639827014352,671.52,SA(0.1),-1.7549944663795802,0.6156453907502681,0.28607359544905614,0.5451432335991158
ILA027,82.20017425265452,215.0,SA(0.1),-1.727950603333736,0.5400760381237071,0.22929944542860214,0.48898250610991745
ILA030,84.59458810632478,200.98,SA(0.1),-1.7467710149613809,0.5356774641198765,0.22581626222662626,0.48575442486908665
ILA031,82.26156099466952,649.25,SA(0.1),-1.983693116318491,0.6158228958554066,0.2862015638241996,0.5452765389454434
ILA032,83.16745823634133,295.48,SA(0.1),-1.7878294264374106,0.5698998952620652,0.2523266304702191,0.5109962447760829
ILA035,92.41248666952322,293.01,SA(0.1),-1.903766362111506,0.5738567586014792,0.25531340397425983,0.5139325297582095
ILA036,88.96142770127999,181.0,SA(0.1),-1.7807031552469346,0.52988416319291,0.22118963102989045,0.4815105123748715
ILA037,83.10530005645415,210.17,SA(0.1),-1.7355798133348364,0.5386497510282101,0.22817269733649262,0.48793521544662266
ILA039,85.105398122443,227.18,SA(0.1),-1.7702062665002352,0.5474694092545197,0.2351000287960954,0.4944195895487637
ILA041,86.92925202295595,196.88,SA(0.1),-1.7705143181314322,0.5357262999027008,0.2258550721033449,0.4857902374612231
ILA042,84.64451794546719,209.36,SA(0.1),-1.7530350798226446,0.539530303517841,0.22886862571230862,0.4885817235413262
ILA043,76.15127489591175,573.04,SA(0.1),-1.8492262124663998,0.6110744786258493,0.28277120859721144,0.5417125270993148
ILA044,79.50525087467304,158.13,SA(0.1),-1.6598499376001008,0.5082930740314012,0.20350726243745274,0.4657753141199148
ILA046,78.60335463818913,396.93,SA(0.1),-1.7843986359882034,0.5913322710840232,0.2683407288139495,0.5269412757461567
ILA048,87.92935080981664,199.59,SA(0.1),-1.7839072314880529,0.537795693388484,0.22749676573509242,0.48730835146472995
ILA049,86.95811873375148,190.0,SA(0.1),-1.765655996516536,0.5325053391106037,0.22328858506986793,0.48342956463045933
ILA050,65.88362730496057,621.06,SA(0.1),-1.7119034142651515,0.6129803788152868,0.28414985189636216,0.5431425286974019
ILA051,78.04823034364469,520.64,SA(0.1),-1.8478249212565283,0.6071837843539156,0.2799492722102518,0.5387954648763227
ILA052,84.06986671281122,612.47,SA(0.1),-1.989451897485477,0.6142483724144632,0.2850657333612959,0.5440942847310598
ILA054,114.92568764400566,677.3,SA(0.1),-2.4500852979526293,0.618610966617942,0.2882089121363187,0.5473711272849384
ILA055,89.2530675683504,266.77,SA(0.1),-1.846682054197119,0.5644708295316565,0.24820449279508583,0.5069732213327353
ILA056,90.99352301582981,223.71,SA(0.1),-1.8373159407512503,0.5503060217288558,0.23730838619346567,0.49650926214250307
ILA059,85.27547272039952,236.84,SA(0.1),-1.7784754432378111,0.5514188767895697,0.23817226414885556,0.4973296193371941
ILA061,77.51126528132811,497.73,SA(0.1),-1.8266273962398798,0.6048750717160682,0.27826984046701203,0.5370658695821049
ILA062,72.19750000793086,447.51,SA(0.1),-1.7186871400807588,0.5975657713557945,0.27292781894195917,0.5315968930906488
ILA063,60.16791606248126,996.51,SA(0.1),-1.791798734852323,0.6221943176715147,0.29078164669186607,0.5500652714813838
ILA064,71.3059446511398,488.61,SA(0.1),-1.7275263363288953,0.6026621090010799,0.2766565495068079,0.5354089756817835
ILA066,69.33530918828765,481.17,SA(0.1),-1.692745765120047,0.6013488679315355,0.27569752255434654,0.5344261754629305
ILA067,38.0530901443823,665.2,SA(0.1),-1.1564701594165105,0.6123872473683046,0.2837210653056095,0.5426974275240111
KAU001,47.872270820263516,573.04,SA(0.1),-1.3502784620929624,0.606836471167182,0.279696861855103,0.5385352060980281
KAU003,115.67129144447121,913.77,SA(0.1),-2.5832687573274877,0.6220500664888404,0.29067823282251876,0.5499567711938351
KAU006,115.55793209386754,218.49,SA(0.1),-2.113237827358381,0.5641197405974843,0.24793693257851182,0.5067132909203502
KAU007,108.23991364360973,290.86,SA(0.1),-2.0958971322221496,0.5804504253984948,0.2602591529883291,0.5188331809272525
KAU008,109.31472860629879,285.94,SA(0.1),-2.104661638021816,0.5797414998851316,0.2597292330363502,0.5183058288263902
KAU010,100.62762664372208,215.36,SA(0.1),-1.9417516545928288,0.5537421038405876,0.23997126919976478,0.4990431920429875
KAU011,104.19724162361148,155.32,SA(0.1),-1.916421538343587,0.5307458233665515,0.22188066715963764,0.4821411604103437
KAU012,87.20034181709256,516.18,SA(0.1),-1.9774701714636655,0.6082026708981862,0.280689270537301,0.5395590999074387
KAU015,108.83525214819949,233.21,SA(0.1),-2.0517844332491957,0.5649526955246263,0.2485715180607525,0.507330019405036
KAU018,79.82224640898121,538.69,SA(0.1),-1.884548223930686,0.6089924621497228,0.28126239247885104,0.5401511691482805
KAU020,75.40786468933833,373.33,SA(0.1),-1.7257587045271654,0.5856913390675763,0.26416351760081863,0.5227350960357767
KAU022,99.29885279683903,217.05,SA(0.1),-1.927770572528957,0.5534618623906861,0.2397545784583919,0.4988364213138466
KAU030,102.44967456859456,259.36,SA(0.1),-2.0004882324344506,0.5694331066011726,0.25197332080430074,0.5106500842027889
KAU032,113.1787121371236,194.13,SA(0.1),-2.0595536576530176,0.5542157737893397,0.2403373291287414,0.49939272335926127
KAU033,121.30415327080891,182.93,SA(0.1),-2.1340612130510457,0.5555049625797028,0.24133240074387144,0.5003443172475095
KAU034,108.86832940689311,1010.4,SA(0.1),-2.5358467397439575,0.6225413859597785,0.2910304080022091,0.5503263385036097
KAU037,136.63858595740618,283.21,SA(0.1),-2.4242716287248904,0.5896047265055957,0.2670641514582144,0.5256524255852361
KAU038,143.3217590914785,667.59,SA(0.1),-2.806838197913253,0.6195060466229781,0.2888523033578877,0.5480438747466068
KAU039,152.7137646620572,464.82,SA(0.1),-2.7818771797239674,0.6127855990305703,0.28400906731754216,0.542996353634787
KAU040,141.54082737203709,567.64,SA(0.1),-2.720179248623906,0.6166290228245789,0.28678246785159434,0.5458820091581552
KAU042,160.2092768679782,806.48,SA(0.1),-3.0956276582864426,0.6217298836797652,0.2904486475274773,0.5497159552076997
KAU043,172.12019900001243,538.49,SA(0.1),-3.07412964807479,0.6175177538513802,0.28742241446467737,0.546549661041839
KAU044,121.91611938734569,221.24,SA(0.1),-2.18782153440534,0.5685255218995,0.2512857847636748,0.5099771793196269
KAU046,162.89527803630148,204.23,SA(0.1),-2.6222098181569633,0.5835413924193833,0.2625646386561403,0.5211337325429272
KAU047,57.34078848787392,573.04,SA(0.1),-1.5373366003413074,0.6084754970766603,0.28088729837535614,0.5397636113652738
KAU048,94.06716422546164,295.66,SA(0.1),-1.9262619128789518,0.5753498094035591,0.25643668449693824,0.5150413867107473
KAU050,41.405707951930495,665.2,SA(0.1),-1.2435321341263101,0.6128301152027197,0.2840412452992841,0.5430297607573737
KAU051,125.39181021164151,1004.58,SA(0.1),-2.75100738607357,0.6225781139468394,0.2910567284715821,0.5503539668041137
KAU052,169.07733558731505,573.04,SA(0.1),-3.0621975968077946,0.6183566190045673,0.28802599268303586,0.5471799848365356
KAU054,35.06562470884893,497.22,SA(0.1),-1.004010454028753,0.5936384357796208,0.2700412454829124,0.5286627641255931
KAU057,114.76630263975981,535.13,SA(0.1),-2.3593897060119224,0.6129225376106912,0.28410804755399793,0.5430991202590779
KAU058,110.06905598566512,229.66,SA(0.1),-2.0624844885403673,0.5645294958556932,0.2482491897233187,0.5070166580032641
KAU062,114.45650676026153,246.84,SA(0.1),-2.129680306320208,0.5720204866396519,0.25392912410553087,0.5125694460914171
KAU063,93.6060399190571,227.24,SA(0.1),-1.8758254693310883,0.5537639637467148,0.23998816829064246,0.49905932174940393
KAU064,102.44159350370471,244.84,SA(0.1),-1.9909969007616797,0.5651393981251908,0.24871366324678695,0.5074682778535686
KAU066,101.67439153000315,214.97,SA(0.1),-1.9529318555339343,0.5542756621784879,0.24038359443259924,0.49943692015214985
KAU069,71.14795101360905,500.15,SA(0.1),-1.7314183121853057,0.60392399168183,0.27757691012493196,0.5363536582278623
KAU073,110.99667430146175,216.33,SA(0.1),-2.0596066864438676,0.5606984002683242,0.24532310989297307,0.5041817805275178
KAU074,105.92197691458655,228.34,SA(0.1),-2.013774534255467,0.5616697035300021,0.24606636479742736,0.5049001881351005
KAU075,116.89998968320606,196.3,SA(0.1),-2.102975623693831,0.557445723907606,0.24282702878898954,0.5017776092975713
KAU077,83.2746332190764,665.2,SA(0.1),-2.0074802196756645,0.6165376355516481,0.28671663415829435,0.5458133634756075
KAU078,89.35199696595875,531.85,SA(0.1),-2.0172102005142603,0.6097608851169926,0.2818196013075368,0.5407273336326907
KAU081,162.4731162832657,295.0,SA(0.1),-2.7379452439605383,0.5990404128661464,0.27400869090864843,0.5326994026215647
KAU082,169.92818795624305,573.04,SA(0.1),-3.0725347843939828,0.6183977742656493,0.28805559313210016,0.5472109122468438
KAU083,111.33662490367176,202.14,SA(0.1),-2.048291221586851,0.5559381427266337,0.24166635212294904,0.5006641516924552
KAU085,88.81470945306066,260.75,SA(0.1),-1.840320142454059,0.5624054948172913,0.24662876466239134,0.5054445499179757
KAU086,99.09116222127146,216.8,SA(0.1),-1.9251991241893087,0.5532288468895281,0.2395743385668434,0.4986645097968938
KAU087,113.8969815243451,276.11,SA(0.1),-2.150569062162756,0.579357886497807,0.2594423023299246,0.5180205135020753
KAU088,111.19576926643339,227.46,SA(0.1),-2.0731635390310785,0.5644742569017482,0.24820710414681466,0.5069757589430023
NCU,80.12485352707097,466.16,SA(0.1),-1.8543186039948214,0.6019953721075956,0.2761698030460621,0.5349099624464493
NSK,57.92066683550797,665.2,SA(0.1),-1.594768860104,0.6146002411359763,0.28531970433729714,0.5443584505831407
NST,37.88427385619578,491.08,SA(0.1),-1.1213068548449951,0.5943318605370933,0.27055175985536584,0.5291805983675586
NSY,13.269189808642082,599.64,SA(0.1),-0.3285682622775925,0.6017441909279194,0.2759863473559162,0.5347219907471881
PNG,110.99680090093074,465.86,SA(0.1),-2.269354501233147,0.6075348765414275,0.2802043444495477,0.539058578974314
SGL,94.06716422546164,295.66,SA(0.1),-1.9262619128789518,0.5753498094035591,0.25643668449693824,0.5150413867107473
SSD,86.12829009110234,535.13,SA(0.1),-1.9737229586093845,0.609581667799614,0.2816896806832669,0.540592946230265
STY,41.405707951930495,665.2,SA(0.1),-1.2435321341263101,0.6128301152027197,0.2840412452992841,0.5430297607573737
TAI1,77.88051206740859,160.67,SA(0.1),-1.6515252725601082,0.5087750342758156,0.20391034585105852,0.4661250973260923
TAP,99.45326800656716,235.82,SA(0.1),-1.9456596383281477,0.5602823220646489,0.24500442586546875,0.5038741030500445
TAP003,102.49615603578604,212.39,SA(0.1),-1.9598387993709485,0.5538634069616114,0.24006503759151823,0.4991326990864319
TAP005,106.45776496285161,179.84,SA(0.1),-1.9698523399813865,0.5437241494197824,0.23216988184722806,0.49166360107832885
TAP006,105.19861667361013,184.77,SA(0.1),-1.9617623077345638,0.5448487198889553,0.2330514543325069,0.49249075849008245
TAP007,103.22929751249532,207.39,SA(0.1),-1.9633235846351549,0.5524734473773921,0.23898961796651289,0.4981072902109347
TAP008,103.88983230695109,194.14,SA(0.1),-1.9574267767253617,0.5477382764620312,0.23530974474185687,0.49461757301082493
TAP010,101.02607768818412,226.38,SA(0.1),-1.9557813990880488,0.5579858850858436,0.24324230930877005,0.5021766889424168
TAP012,101.22135041662736,207.99,SA(0.1),-1.941325424917756,0.5513221987629889,0.2380972709297115,0.49725833972360917
TAP013,101.93097443003171,205.11,SA(0.1),-1.946565554523057,0.5506983181457886,0.23761307398168963,0.4967984145320638
TAP014,102.68862503887601,188.98,SA(0.1),-1.9388688686336968,0.5447242791824095,0.23295397752614155,0.49239921271824305
TAP017,98.95262064237038,217.83,SA(0.1),-1.924503416603793,0.5535219590455949,0.23980105416983916,0.49888076086847344
TAP020,100.10708960480885,218.5,SA(0.1),-1.9382814367318557,0.5545429304417598,0.24059001839517732,0.49963417092062745
TAP021,100.64194987891956,167.18,SA(0.1),-1.8930847994355453,0.5333394308727568,0.2239545288976504,0.48404061555814465
TAP024,96.12094949935707,194.98,SA(0.1),-1.8722013320318323,0.5422644780954629,0.23102333545360929,0.49059044291550746
TAP026,97.04891677159061,194.28,SA(0.1),-1.8818762287969497,0.542679628425872,0.23134969305356864,0.4908956086913613
TAP028,95.95079486383781,287.94,SA(0.1),-1.9440773930270159,0.5741939723171627,0.25556727918583744,0.5141829282025133
TAP032,94.42845888739913,308.88,SA(0.1),-1.940065861689357,0.5788570330609986,0.259067487882575,0.5176480478533594
TAP034,91.89598828035317,538.69,SA(0.1),-2.0568205836612,0.610590214708352,0.282420527949187,0.5413492917613302
TAP035,89.039962013356,438.13,SA(0.1),-1.9545820057406418,0.6003693164827052,0.2749813710255167,0.5336933218270936
TAP036,87.5599551150271,671.52,SA(0.1),-2.073310781570234,0.6170374965420052,0.2870766593194376,0.546188853614587
TAP041,111.82723819014045,363.56,SA(0.1),-2.198381164876066,0.5955888642823126,0.27147625861745817,0.5301195490303692
TAP042,106.68190483381903,375.85,SA(0.1),-2.1432466527472283,0.5960617653645908,0.2718237571759295,0.5304728769355826
TAP043,91.48433103527901,388.16,SA(0.1),-1.9554267382161001,0.5937540190494217,0.27012636598785184,0.5287490723732177
TAP046,117.32193358845494,816.9,SA(0.1),-2.5576857182436354,0.621189473643977,0.29006100592386436,0.5493095438898883
TAP047,85.80907617073753,403.2,SA(0.1),-1.8885192213872168,0.5945544289293583,0.27071554159733996,0.5293468281733388
TAP049,108.6027661355923,573.04,SA(0.1),-2.303604744391958,0.6143834982778723,0.28516327373680594,0.5441957279029889
TAP051,103.74251653105222,403.17,SA(0.1),-2.125663799698653,0.5992009891326647,0.27412629207454364,0.5328194829123892
TAP052,100.31096345926947,433.88,SA(0.1),-2.102531839083897,0.6022833636768904,0.2763800882736232,0.5351254964658417
TAP053,91.65600419476041,538.69,SA(0.1),-2.0534937916330818,0.6105604345656088,0.2823989574686975,0.5413269558017021
TAP059,118.32453599408895,456.18,SA(0.1),-2.349875255323897,0.6077511692293085,0.28036144121104273,0.5392206839334509
TAP060,120.15382017573265,631.27,SA(0.1),-2.49057812959352,0.6175321918532957,0.28743280664337734,0.5465605086724126
TAP065,121.46351678308714,1023.45,SA(0.1),-2.70803390754848,0.6226344288518079,0.2910970839561551,0.5503963296605822
TAP066,115.01873277372866,662.78,SA(0.1),-2.4427935784990393,0.6182197738613869,0.2879275606743389,0.5470771504983089
TAP067,96.47463981057544,807.68,SA(0.1),-2.2719364860351137,0.6206466821339698,0.28967147388520426,0.548901394843444
TAP069,122.45755568413036,671.52,SA(0.1),-2.544571407287682,0.6187866088134163,0.2883352050674355,0.5475031294572916
TAP072,100.78864973474847,671.52,SA(0.1),-2.2581422382863674,0.6177718652556755,0.28760529927746287,0.5467405868682126
TAP075,108.27200165265872,856.38,SA(0.1),-2.4573975253270324,0.6214775535942333,0.29026767107348805,0.5495261856827629
TAP077,117.94442647334881,1022.77,SA(0.1),-2.6616713021852902,0.6226215772278921,0.2910878746026754,0.5503866619832327
TAP078,118.90698625816037,671.52,SA(0.1),-2.4986274848085057,0.6186342725577784,0.28822567104961877,0.5473886423110079
TAP079,118.27326344912967,631.27,SA(0.1),-2.4662445853893185,0.6174280833474524,0.2873578684950392,0.5464822902163403
TAP081,122.7494636646256,671.52,SA(0.1),-2.5483347978015285,0.618798909007699,0.28834404861126084,0.5475123737593383
TAP083,121.86621664827865,435.22,SA(0.1),-2.37885581114052,0.6064340981641928,0.2794043324368511,0.5382337172936451
TAP084,122.81401514518838,224.22,SA(0.1),-2.201310895163956,0.5698810866669695,0.2523123983239718,0.510982295772301
TAP086,93.25545980723025,887.68,SA(0.1),-2.2657624698649013,0.6215852887714731,0.290344945824875,0.5496072085144681
TAP087,103.15361263828753,573.04,SA(0.1),-2.231268541159417,0.613901532246742,0.284815312777418,0.5438339166532363
TAP090,104.64066341996687,324.38,SA(0.1),-2.078784486209006,0.5863747778968141,0.264670981849797,0.5232443516371702
TAP094,108.94222775860766,416.34,SA(0.1),-2.2016941567612975,0.6020177688399632,0.2761861587903381,0.5349267236656675
TAP095,108.81195663904354,206.24,SA(0.1),-2.024619481031402,0.555777034938051,0.24154217289544444,0.5005451940409366
TAP097,98.42016825129102,237.23,SA(0.1),-1.9347660157310873,0.560132202473427,0.244889402093401,0.5037631040380676
TAP098,107.08953823454839,538.69,SA(0.1),-2.2616414965896383,0.6123368366430174,0.28368461165743125,0.5426596010564539
TAP100,99.46634920648815,236.32,SA(0.1),-1.946230291649898,0.5604605133535913,0.2451409284958025,0.5040058652483985
TAP103,114.99244567347492,429.49,SA(0.1),-2.288133435321525,0.6046628612299013,0.2781152850281445,0.5369069416430047
TAW,123.14546871727185,481.92,SA(0.1),-2.429440856836367,0.6104496914333699,0.28231873830280957,0.5412438967546943
TCU,8.966003941063503,472.81,SA(0.1),-0.11994278059135186,0.5765246421232144,0.2573191502945579,0.515914254374685
TCU003,85.87715173895934,517.33,SA(0.1),-1.9681235596874909,0.6081945462027143,0.28068337253774805,0.5395530098253195
TCU006,72.13607981372333,607.4,SA(0.1),-1.8165322876585774,0.6128952179596814,0.2840883016925121,0.5430786177334821
TCU007,89.06974444890936,463.88,SA(0.1),-1.9749358520391969,0.6034938938958643,0.2772633431468026,0.5360316394735026
TCU008,84.7584785592634,441.58,SA(0.1),-1.904487767830482,0.5999499648835703,0.27467456941843316,0.5333796408549877
TCU009,81.06016716272919,460.1,SA(0.1),-1.8637908031751464,0.6014604364867022,0.2757790464628999,0.5345096577151699
TCU010,81.66395774542653,446.15,SA(0.1),-1.8649709399523091,0.599849119328228,0.27460077072777755,0.5333042121290261
TCU011,76.57844520726454,471.07,SA(0.1),-1.8006847516673137,0.6017566337224931,0.2759954362919739,0.5347313020340494
TCU014,93.21256831945598,496.47,SA(0.1),-2.053898198498653,0.6074661694237383,0.2801544346676945,0.5390070869018092
TCU015,49.226738245658176,426.0,SA(0.1),-1.3421535008475762,0.5867976691018537,0.26498479436888345,0.5235595125834781
TCU017,53.6114321384972,558.76,SA(0.1),-1.4822074725600032,0.6067723409722249,0.2796502460322396,0.5384871527372048
TCU018,65.56957606032032,573.04,SA(0.1),-1.6964958362680422,0.6098281468808434,0.2818683560060932,0.5407777719271992
TCU025,54.44992612807512,665.2,SA(0.1),-1.5453140905775535,0.614355116961913,0.2851427877203001,0.5441744208876247
TCU026,55.62700868478751,569.98,SA(0.1),-1.521676122851612,0.6080914834568184,0.2806085517796759,0.5394757574913139
TCU029,27.893894423621465,406.53,SA(0.1),-0.8516616139263999,0.5708946860454657,0.25307889863633637,0.511734123954979
TCU031,30.15523078028506,489.22,SA(0.1),-0.9248147852303152,0.591150769290591,0.2682067175882656,0.5268058358383911
TCU033,40.407957354293515,423.4,SA(0.1),-1.1633155569066558,0.5823762858972695,0.2616965596060792,0.5202663251315043
TCU034,35.21698353563212,393.77,SA(0.1),-1.0405669181939987,0.5720181442525938,0.2539273563108567,0.5125677077920149
TCU036,19.699612049739354,478.07,SA(0.1),-0.5854025949249645,0.5840002464484406,0.2629062024086819,0.521475422802345
TCU038,25.342828155086934,297.86,SA(0.1),-0.8179156765967894,0.5258996333453015,0.2179804605317343,0.4785968482753471
TCU039,19.708438206066337,540.66,SA(0.1),-0.5920400433523125,0.5956648790329951,0.2715321273845287,0.5301763403919726
TCU040,22.125103547818437,362.03,SA(0.1),-0.6897355440050206,0.551239874314537,0.23803340353692828,0.49719764463936517
TCU042,25.987540319450044,578.98,SA(0.1),-0.8232878088310246,0.6028719185230869,0.27680965368110044,0.5355660237287805
TCU045,25.372624034032317,704.64,SA(0.1),-0.8493423558736601,0.613364240622859,0.2844272296037845,0.5434306236630142
TCU046,16.252239941167144,465.55,SA(0.1),-0.45248557581366317,0.5791350869008915,0.2592755967867793,0.517854819221143
TCU047,34.3639015403997,520.37,SA(0.1),-1.047556397315951,0.5977074480283342,0.27303173401283787,0.5317027982345841
TCU048,15.724490368129416,551.21,SA(0.1),-0.43181868016644065,0.5958137799476673,0.2716415528457844,0.5302875890901636
TCU049,7.973343563390163,487.27,SA(0.1),-0.06391660915191058,0.57958565409243,0.259612680645469,0.5181899135238196
TCU050,12.061398269660884,542.41,SA(0.1),-0.26410410298230774,0.5929319997674442,0.2695207721847363,0.5281353138251256
TCU051,11.684106742389506,350.06,SA(0.1),-0.3257072109615435,0.5350622582901099,0.22532708833874696,0.4853033314405484
TCU052,4.409004259240465,579.1,SA(0.1),0.1972732324422795,0.5958631591062689,0.2716778372909284,0.5303244828451977
TCU053,8.360955408325248,454.55,SA(0.1),-0.09629123730134231,0.5711273099426724,0.25325467704938864,0.5119067031354084
TCU054,10.227617412004046,460.69,SA(0.1),-0.18659424751375014,0.5740899257628931,0.25548895754907713,0.5141056656300628
TCU055,9.165535239523313,359.13,SA(0.1),-0.20857522651752097,0.5364617993917652,0.22643919703487872,0.48632967445226905
TCU056,13.309665432524499,403.2,SA(0.1),-0.35092524674242276,0.5584839896695024,0.24362498459575108,0.5025447578055957
TCU057,14.550574484923569,555.23,SA(0.1),-0.38068881888287276,0.5960000816007684,0.27177844009569724,0.5304267873771762
TCU059,17.77385436882762,272.67,SA(0.1),-0.6337495982194743,0.5010510532907569,0.19739882908301548,0.4605278061967935
TCU060,9.40150493354199,375.42,SA(0.1),-0.20182782861933823,0.543970532313265,0.2323631562854324,0.49184479627850963
TCU061,17.668321986901795,379.64,SA(0.1),-0.5322918670574497,0.553794682527346,0.24001191496856542,0.49908198832324746
TCU063,10.256304917085805,476.14,SA(0.1),-0.18328139760264345,0.578157249883053,0.2585434384520239,0.5171277366625576
TCU064,17.156230171822553,645.72,SA(0.1),-0.5149890210375287,0.6076347380505914,0.28027687941832813,0.5391334211021747
TCU065,1.5301625387352142,305.85,SA(0.1),0.054207644883600636,0.4977532991701584,0.19458365335683278,0.4581435895885537
TCU067,1.4845734764737275,433.63,SA(0.1),0.277100180457776,0.5596319058266966,0.2445058999379294,0.5033932209662382
TCU068,0.649001480476048,487.34,SA(0.1),0.41252454447010023,0.575246767344196,0.25635922645323433,0.514964843802222
TCU070,20.340829249903962,401.26,SA(0.1),-0.6176340691406834,0.5637028203466414,0.24761904429588058,0.5064046589129613
TCU071,10.01426691522794,624.85,SA(0.1),0.05009683264891182,0.6028146563608252,0.2767678709148442,0.5355231606127637
TCU072,12.748228787930415,468.14,SA(0.1),-0.08171797266459174,0.5748063901260276,0.2560280817102214,0.5146377439573386
TCU074,22.222133630574767,549.43,SA(0.1),-0.44082201769422613,0.5956160985402833,0.27149627555571515,0.5301398958762901
TCU075,2.71684542140007,573.02,SA(0.1),0.2647903218399278,0.5945362171396016,0.27070214147926935,0.5293332259448722
TCU076,4.3340083071477284,614.98,SA(0.1),0.1607606911345444,0.6011274334349154,0.27553569223273905,0.534260492207569
TCU078,17.667409336015933,443.04,SA(0.1),-0.2903541617497831,0.5705327853293762,0.2528053339152901,0.5114656608998055
TCU079,21.222776888973897,363.99,SA(0.1),-0.4494664423924909,0.5450737575614726,0.23322768371596647,0.4926563190812314
TCU081,54.870046821119146,430.47,SA(0.1),-1.4459230650051544,0.5897965170154966,0.26720599228690434,0.5257954822643324
TCU082,8.966003941063503,472.81,SA(0.1),-0.11994278059135186,0.5765246421232144,0.2573191502945579,0.515914254374685
TCU083,79.97899565103198,354.63,SA(0.1),-1.7869655622835543,0.5836761361040887,0.2626649579577373,0.521234066153066
TCU084,19.942894152069616,665.2,SA(0.1),-0.383265236851743,0.6087216853094796,0.2810659477561533,0.539948167121575
TCU085,57.92066683550797,999.66,SA(0.1),-1.751347091252458,0.6222009089807247,0.2907863717045282,0.5500702293047279
TCU087,7.308530515924621,538.69,SA(0.1),-0.017825485661866924,0.5902745032203198,0.26755936557065957,0.5261520455604269
TCU088,20.395798012081535,665.2,SA(0.1),-0.4462793139945396,0.6089896731054336,0.2812603693213243,0.5401490781240815
TCU089,15.126942233893988,671.52,SA(0.1),-0.18655295658404647,0.6084861922602096,0.28089506031965694,0.5397716288017972
TCU092,88.45294085502088,422.28,SA(0.1),-1.9425639754574053,0.5982194773489387,0.2734071660556329,0.5320855801739649
TCU094,53.92101623044264,589.85,SA(0.1),-1.5010608483826648,0.6094748299701683,0.2816122200321139,0.5405128360138637
TCU095,44.56466924675996,446.63,SA(0.1),-1.2555531673992306,0.5889721619539505,0.2665961239649757,0.525180649151853
TCU096,53.85469792017198,454.58,SA(0.1),-1.438205584145933,0.5936885200143827,0.27007813093263455,0.5287001626525215
TCU098,47.1372515839405,346.56,SA(0.1),-1.2817234153548347,0.565438852148392,0.2489415796932656,0.5076900485716778
TCU100,13.491602319643608,535.13,SA(0.1),-0.3309974988358687,0.5922617974837249,0.26902663811171823,0.5276350109165988
TCU101,2.7276625208825007,389.41,SA(0.1),0.15213093016334672,0.5434613921096954,0.23196368170035975,0.4914703806800795
TCU102,1.9961663796457592,714.27,SA(0.1),0.3035154543984617,0.6105747256614195,0.28240930893071403,0.5413376745117544
TCU103,6.545253590327707,494.1,SA(0.1),0.015750797277701706,0.5804452829324154,0.26025531056412027,0.5188293551849829
TCU104,13.599900519557263,410.45,SA(0.1),-0.3592759551296687,0.5612443485054587,0.24574099552953516,0.5045855545350756
TCU105,17.911571028764843,575.54,SA(0.1),-0.5279294242563026,0.6000731890541696,0.27476473468607704,0.5334718106840614
TCU106,15.67278608418154,451.37,SA(0.1),-0.431159612150264,0.5751381621083703,0.2562775761812938,0.5148841709161733
TCU107,16.73758483873565,409.0,SA(0.1),-0.48505230052775755,0.5633367482351633,0.24733978335053325,0.5061337011939425
TCU109,13.739015155167076,535.13,SA(0.1),-0.3423029884512575,0.5923659920709756,0.26910348269214124,0.5277127856753061
TCU110,12.337401625868438,212.72,SA(0.1),-0.603788982549934,0.4485168466380845,0.14917703572080226,0.42298176524730413
TCU111,22.753679890361862,237.53,SA(0.1),-0.8152342819164268,0.486131483808206,0.18447758316186924,0.44976865259855947
TCU112,28.530660346449324,190.54,SA(0.1),-1.001231989500187,0.46221513446534096,0.1625833505551,0.4326771136206429
TCU113,31.866925843887017,230.3,SA(0.1),-1.019095235589167,0.495722710998324,0.1928391672776424,0.45667719645630794
TCU115,22.519806127058114,215.34,SA(0.1),-0.8438382407526919,0.4699446842219187,0.16984474983828732,0.43817892142458026
TCU116,15.552380292106827,493.09,SA(0.1),-0.42141445790611254,0.5850661388446855,0.2636989608855642,0.5222693221418452
TCU117,26.02127503510998,198.58,SA(0.1),-0.9428372482608764,0.4637756705047748,0.16406543483087055,0.43378612892289536
TCU118,27.553377287252555,236.19,SA(0.1),-0.9252579927523483,0.49299313280687534,0.190480430494134,0.45470807623518944
TCU119,38.709117009183,221.7,SA(0.1),-1.1493463562281698,0.4999760967988095,0.1964835708622361,0.4597502623722983
TCU120,8.190427877741287,459.34,SA(0.1),-0.08541666112468199,0.5723809070541676,0.25420107232881994,0.5128369307947992
TCU122,14.73072540652075,475.46,SA(0.1),-0.38797326374424945,0.5806329396691448,0.2603955120287856,0.518968966263012
TCU123,16.255745645165277,270.22,SA(0.1),-0.5920160658599212,0.4971171320433736,0.19403804102668107,0.45768404123975853
TCU128,13.269189808642082,599.64,SA(0.1),-0.3285682622775925,0.6017441909279194,0.2759863473559162,0.5347219907471881
TCU129,6.355595224258387,511.18,SA(0.1),0.03116109999265812,0.5842632170137129,0.2631018745474265,0.5216712665700913
TCU136,8.87050666409296,462.1,SA(0.1),-0.11896608501808131,0.5735951247735133,0.2551163587746997,0.5137382705711936
TCU138,10.62709176562196,652.85,SA(0.1),-0.2084796827422915,0.6068851218619077,0.27973222383335145,0.5385716610504031
TCU140,33.698793168228846,223.6,SA(0.1),-1.0594339564507356,0.4940892621486774,0.19142956476501846,0.4554985408368506
TCU141,27.08308313875785,223.04,SA(0.1),-0.9304285587343225,0.48336990675025776,0.18203023458805676,0.4477850605453133
TCU145,36.03895088690123,240.43,SA(0.1),-1.0911109150168512,0.50783373176149,0.20312270748702396,0.46544201015587533
TCU147,72.40184826834715,537.92,SA(0.1),-1.7788260515636753,0.6078970789274191,0.28046739956877836,0.5393300439875531
TTN,83.21058040106071,298.72,SA(0.1),-1.7903038461375078,0.5708581161079863,0.25305126057619615,0.511706994526318
TTN001,55.943705673847546,484.6,SA(0.1),-1.468723525614874,0.598519184439738,0.27362682833929536,0.5323096588973253
TTN002,68.37147822691496,667.36,SA(0.1),-1.7777480592328867,0.6155772602323601,0.28602447285691995,0.5450920695094544
TTN003,95.02819768257147,506.64,SA(0.1),-2.0797989090835602,0.6085490709727338,0.28094069246641495,0.5398187650482972
TTN004,66.76657920094912,463.59,SA(0.1),-1.6427477223132856,0.5984351962038721,0.2735652781058895,0.5322468625275438
TTN005,82.74873732730376,407.59,SA(0.1),-1.8489145157019418,0.5943835761075172,0.27058981924222314,0.529219222316066
TTN006,81.1387708588908,283.21,SA(0.1),-1.7544726541650038,0.5650609506191445,0.24865394176791264,0.5074101843261434
TTN007,81.9983553609081,282.7,SA(0.1),-1.76526971304438,0.565389545583637,0.24890405819118563,0.5076535315264047
TTN008,82.7187919705734,292.61,SA(0.1),-1.7803300222621652,0.5688180585531426,0.2515074798098547,0.5101940526269019
TTN009,83.68450130501424,313.96,SA(0.1),-1.8055497046145659,0.5752757477675491,0.25638101237382915,0.5149863711436287
TTN010,83.81152591090317,311.34,SA(0.1),-1.805648314098189,0.5746426289061849,0.2559048957700991,0.5145161176067335
TTN012,81.57676615324058,288.3,SA(0.1),-1.7630387287674714,0.5668947555736222,0.2500484292243971,0.5087685593069687
TTN013,81.26976308172648,297.76,SA(0.1),-1.7644347674405285,0.569567374575498,0.2520749685308152,0.5107496494575539
TTN014,63.02404599943716,533.97,SA(0.1),-1.6176553052365772,0.6058867901006879,0.2790062534417502,0.5378236820361417
TTN015,83.21058040106071,487.91,SA(0.1),-1.9037532256827379,0.6049037375702414,0.27829071572763153,0.5370873385830744
TTN016,123.14546871727185,826.15,SA(0.1),-2.638314320046539,0.6213886045360683,0.2902038655526665,0.5494592926373819
TTN018,74.43304938901571,573.04,SA(0.1),-1.822914133247532,0.6108639112228016,0.28261874511551593,0.541554579838219
TTN020,50.35796250220993,453.71,SA(0.1),-1.3498662385720028,0.5919674621100797,0.2688095171653782,0.5274153199124623
TTN022,53.02499720160041,398.81,SA(0.1),-1.3801983619680367,0.58204532633129,0.26144976510000173,0.5200199825326445
TTN023,54.09146602124198,527.54,SA(0.1),-1.4542809839241746,0.6034360700679535,0.27722117612265934,0.5359883489108934
TTN024,59.92050910835589,671.52,SA(0.1),-1.6345428087028253,0.6150847251103563,0.28566926216652627,0.544722215186158
TTN025,65.75784285873038,704.96,SA(0.1),-1.7537210870116813,0.616917821158457,0.28699047762149704,0.5460989505735045
TTN026,70.29054746653149,573.04,SA(0.1),-1.7580053546378398,0.6103368911483378,0.2822370205203464,0.541159297198538
TTN027,76.08977283968429,428.95,SA(0.1),-1.766350699070517,0.5958593653896123,0.27167504968402967,0.5303216483434289
TTN028,78.48198120220177,616.17,SA(0.1),-1.9088051916460989,0.6139402918168883,0.2848433013130069,0.5438630118084089
TTN031,55.63093116970684,510.62,SA(0.1),-1.4751477348450504,0.6018145601437218,0.2760377476308613,0.5347746503751485
TTN032,57.234125398309374,734.26,SA(0.1),-1.6165562336816426,0.6174342587189967,0.2873623137703235,0.5464869298203234
TTN033,58.96031847975615,670.8,SA(0.1),-1.6167347409094752,0.6149678042106762,0.2855849170608333,0.5446344235935309
TTN036,79.85049273122117,538.69,SA(0.1),-1.8849621038994337,0.6089964315168598,0.2812652718270216,0.5401541450959539
TTN040,47.98883144575936,728.01,SA(0.1),-1.4264936144994866,0.6165815705063291,0.28674828475189146,0.5458463650881075
TTN041,45.1590519289211,418.24,SA(0.1),-1.2321040087188497,0.5827764889550586,0.26199486512213715,0.5205642388105609
TTN042,64.91469915710697,845.34,SA(0.1),-1.8086783565943536,0.6204928160491026,0.28956101922244615,0.5487857058227771
TTN044,58.77993734254324,419.63,SA(0.1),-1.4898475741584223,0.5887651345479128,0.2664428773985241,0.525026262907692
TTN045,61.00750348291904,539.98,SA(0.1),-1.5860951786172057,0.606108003831933,0.279167176080965,0.5379894052006136
TTN046,65.63785661871987,528.12,SA(0.1),-1.6583149853682326,0.6057842059376936,0.27893161670181393,0.5377468338983263
TTN047,73.91058687727796,573.04,SA(0.1),-1.8148459346198451,0.6107989811333723,0.28257172583029877,0.5415058772671374
TTN048,79.66111305108983,373.54,SA(0.1),-1.785878735783198,0.5872952183992888,0.2653538219220062,0.5239303605881726
TTN050,89.29934402229367,573.04,SA(0.1),-2.041321552620642,0.6125526664014256,0.2838406734144959,0.5428215556065379
TTN051,36.67924057370646,665.2,SA(0.1),-1.1185468076795062,0.6121948266241685,0.28358191050410536,0.542553044208801
WGK,10.40266620061039,258.89,SA(0.1),-0.426508567384961,0.4797626319786357,0.17880448664221038,0.4451978645497791
WNT,6.355595224258387,511.18,SA(0.1),0.03116109999265812,0.5842632170137129,0.2631018745474265,0.5216712665700913
WTC,43.046970143373564,207.69,SA(0.1),-1.2263388514366147,0.4969644935841991,0.19390700543344735,0.4575737985584757
ALS,21.15138156147171,553.43,SA(0.2),-0.29616384756842323,0.6226070804363344,0.2871383795419707,0.5524410625609463
CHK,63.02404599943716,424.57,SA(0.2),-1.3803831414228762,0.6176785638827279,0.2835038861556526,0.5487735004670615
CHY002,25.505683407066318,235.13,SA(0.2),-0.5545722388328965,0.5067965121785568,0.19511662853746314,0.46773091198308003
CHY004,48.07893833473184,271.3,SA(0.2),-1.0021432757758484,0.561003842363856,0.24022788136007855,0.5069673324428885
CHY006,10.589594525139994,438.19,SA(0.2),-4.8723109886295024e-05,0.5934465577342193,0.2653620177707817,0.5308124116966495
CHY008,41.23915234428305,210.73,SA(0.2),-0.8528848859582889,0.5153697752187058,0.20259267231869688,0.47387995772320696
CHY010,20.724953105809405,538.69,SA(0.2),-0.4810707927422051,0.6221450600724229,0.2867984023182652,0.5520970496209966
CHY012,59.82694761124689,198.4,SA(0.2),-1.1053291641771377,0.5319298510449282,0.21662918534935652,0.48582009271699905
CHY014,37.42185396368311,347.63,SA(0.2),-0.8263847109084855,0.5836794748706399,0.25790727837387933,0.5236082172264338
CHY015,38.851553931384295,228.66,SA(0.2),-0.8196455409907819,0.5244602628977572,0.2103590786952608,0.48042442211992675
CHY016,67.39311492490651,200.86,SA(0.2),-1.2020174427094261,0.5419686620201197,0.22491324010086397,0.49309640542110006
CHY017,59.79653364012802,190.57,SA(0.2),-1.0958041109573489,0.5266949378394341,0.21224497334018474,0.48203695795811086
CHY019,52.664018987304125,497.53,SA(0.2),-1.2851751949594512,0.6260778874391855,0.2896876059778612,0.5550266769112353
CHY022,67.37194759211643,564.07,SA(0.2),-1.5957821712836324,0.6351310364320016,0.29629863653545724,0.5617815869414177
CHY023,82.48037770558093,279.78,SA(0.2),-1.4962413138145938,0.5901087883046336,0.2628243920759426,0.5283481058585089
CHY024,11.325693557566668,427.73,SA(0.2),-0.034552775043459494,0.5905929967366086,0.2631931507300802,0.5287054503247541
CHY025,20.997755926782464,277.5,SA(0.2),-0.4211890859615676,0.5291216184542591,0.21428306347435452,0.48378968139440537
CHY026,30.210404768019664,226.01,SA(0.2),-0.6576607637491871,0.5084537443496926,0.19657404313914517,0.46891774940510844
CHY027,42.57072697901259,210.01,SA(0.2),-0.8736476112455621,0.5168738123424457,0.20388856824297166,0.4749610401130232
CHY028,3.81905953609022,542.61,SA(0.2),0.36460766243215337,0.6157451777092756,0.28207331686509035,0.5473360647581645
CHY029,11.759168799911324,544.74,SA(0.2),-0.09419991039948727,0.6195566467790865,0.2848909192080844,0.5501705214939442
CHY032,36.21575834030445,192.71,SA(0.2),-0.7675794546866446,0.4929685745732348,0.18270175873008745,0.4578625152528866
CHY033,44.61021757313737,197.63,SA(0.2),-0.8981875299618713,0.5108657719981088,0.1986845229988584,0.47064667992023457
CHY034,15.559574786944564,378.75,SA(0.2),-0.21609802198314043,0.5760990072995015,0.2520580269129631,0.5180316759429051
CHY035,13.44254351914465,573.04,SA(0.2),-0.1868883751750844,0.6245132112024006,0.2885394224464628,0.553860770104361
CHY036,16.839316616786387,233.14,SA(0.2),-0.34278162811018,0.487658731236609,0.1778011869614447,0.4540900528159592
CHY039,32.69010874984208,201.21,SA(0.2),-0.7080990141803627,0.49341586922632535,0.1831109732037113,0.4581807410801549
CHY041,21.610943270708972,492.26,SA(0.2),-0.46768368708491515,0.6141491041471795,0.2808902473048889,0.5461499712476249
CHY042,30.629771574103184,665.2,SA(0.2),-0.8930248425402811,0.637150488735198,0.29776605157047875,0.5632904435791793
CHY044,55.933003322544856,194.47,SA(0.2),-1.0511979140654848,0.5244786580823645,0.2103746389576001,0.4804376900986611
CHY046,24.881430138705287,442.15,SA(0.2),-0.5712804972909317,0.6049083018519271,0.2740022195450511,0.5392929049540406
CHY047,24.93307771977854,169.52,SA(0.2),-0.592356561911747,0.4490618317488542,0.13909145142252002,0.4269778646192482
CHY050,45.48094043081733,538.93,SA(0.2),-1.1829198821270746,0.6293635652438059,0.29209325293003896,0.5574764827767559
CHY052,40.52523944488567,573.04,SA(0.2),-1.0991475112995865,0.6317796478414854,0.2938576034617706,0.5592792078330967
CHY054,49.228155688795745,172.1,SA(0.2),-0.94393451786002,0.49826432245786473,0.18751258472719393,0.4616344501911896
CHY055,55.04100932988003,225.77,SA(0.2),-1.070065397992383,0.543440448067146,0.2261149629700775,0.4941655027583986
CHY057,58.30189007907089,411.46,SA(0.2),-1.3010751008436885,0.6138157568380628,0.28064291698233146,0.5459023140547511
CHY058,60.47926509005612,269.28,SA(0.2),-1.1907090105768292,0.5711238981472404,0.2481868981858245,0.5143790145445268
CHY059,74.0105222831666,191.09,SA(0.2),-1.265520142373015,0.5430169583872541,0.22576950278135324,0.49385782236389186
CHY060,69.53930995385498,228.92,SA(0.2),-1.2660496266446533,0.5596124781748366,0.23912427814264559,0.5059502992703341
CHY061,62.41616207975734,538.69,SA(0.2),-1.4854129770056723,0.6323226755678579,0.29425362120776544,0.5596845293943825
CHY062,59.70708366780761,602.63,SA(0.2),-1.511794006222972,0.6368945551510294,0.2975802230784086,0.5630991788429746
CHY063,73.64708029924377,246.88,SA(0.2),-1.339335321377056,0.5714003453941401,0.2484026974497662,0.5145818249960084
CHY065,85.87815923556157,250.0,SA(0.2),-1.491788704928779,0.581188196197476,0.25599129661161363,0.5217740655287313
CHY066,90.36922111828896,211.97,SA(0.2),-1.4851271308104912,0.5684230700666701,0.24607417477633428,0.5123985627342885
CHY067,84.21459469490114,227.97,SA(0.2),-1.4423741763856954,0.5710933709937752,0.2481630630889559,0.5143566199742555
CHY069,86.69064381036402,224.42,SA(0.2),-1.465215996963977,0.5713394527146398,0.24835517076021,0.5145371506363083
CHY070,84.43554371983527,265.45,SA(0.2),-1.5006900253025042,0.5862629107135334,0.25988777515245737,0.5255116980663801
CHY071,79.42270364079795,202.95,SA(0.2),-1.3467848858095586,0.5549332785019173,0.23539533990425676,0.5025335586209602
CHY074,21.15138156147171,553.43,SA(0.2),-0.29616384756842323,0.6226070804363344,0.2871383795419707,0.5524410625609463
CHY076,42.877573217177414,169.84,SA(0.2),-0.8592583577128169,0.4858270256446075,0.17609163066801645,0.4527909412249377
CHY078,77.88051206740859,160.67,SA(0.2),-1.2537297141046553,0.5278817675799274,0.2132430161513991,0.48289396000153356
CHY079,50.68613779255426,573.04,SA(0.2),-1.3144488440697324,0.6335315521291032,0.2951345364606434,0.5605870431353829
CHY080,4.988369897004964,496.21,SA(0.2),0.42183049735498634,0.6050226932058111,0.2740878980170443,0.5393776816430315
CHY081,43.161132192340126,573.04,SA(0.2),-1.159875474435827,0.6322789210343187,0.29422171917204576,0.5596518685323655
CHY082,36.69569501183828,193.69,SA(0.2),-0.7753900458582453,0.49463828737124294,0.18422656447715594,0.4590507687331551
CHY086,31.247850964812436,665.2,SA(0.2),-0.9077824627720577,0.637217221681267,0.29781449829640494,0.5633403165153845
CHY087,29.89661912611536,505.2,SA(0.2),-0.7622076170158759,0.6202818656728805,0.28542583815601835,0.5507101631489687
CHY088,38.170938955225544,318.52,SA(0.2),-0.8485390762067742,0.5734928467552759,0.25003346125384707,0.5161175384860422
CHY090,59.17740188206011,180.33,SA(0.2),-1.075978017955411,0.5187918324359289,0.20553472072662388,0.4763406805827712
CHY092,24.650496063812138,253.72,SA(0.2),-0.5269065984057902,0.5190010866732792,0.20571388458552003,0.47649126503723016
CHY093,50.52955404993735,190.49,SA(0.2),-0.9762551755811727,0.5143264470394765,0.20169107282678417,0.4731304315579714
CHY094,37.57279552970941,221.92,SA(0.2),-0.795291230494592,0.5177690554936032,0.20465780494602337,0.47560485458141977
CHY096,83.07046778565815,293.61,SA(0.2),-1.5233118049745156,0.5949529479229588,0.2665040216046165,0.5319253864131558
CHY099,65.94429160338161,228.84,SA(0.2),-1.2196146195371074,0.556261464226233,0.2364565787593035,0.5035028331047979
CHY100,54.13764361475702,230.11,SA(0.2),-1.061300593018328,0.5449947242888661,0.22738065358106638,0.49529515228774873
CHY101,10.40266620061039,258.89,SA(0.2),-0.10844884350379769,0.49538104916840553,0.18490246831500107,0.45957965695427627
CHY102,42.67253817797281,804.36,SA(0.2),-1.3062603866385014,0.643524496605577,0.30238096704380896,0.5680576806109676
CHY104,18.66688688746901,223.24,SA(0.2),-0.40223631548097327,0.4832231394161277,0.17364370269317203,0.4509461907835387
CHY107,51.35844504410688,175.68,SA(0.2),-0.9741662224253518,0.5043633262363278,0.19296562458135832,0.46598994901403057
CHY109,43.43968322952119,573.04,SA(0.2),-1.1656952128357965,0.6323265959193483,0.29425647952919554,0.5596874557840607
CHY110,43.43968322952119,573.04,SA(0.2),-1.1656952128357965,0.6323265959193483,0.29425647952919554,0.5596874557840607
CHY116,82.01615041444819,195.38,SA(0.2),-1.3635034531946129,0.5532213244460925,0.23402413854509005,0.5012848854694476
ENA,65.88362730496057,665.2,SA(0.2),-1.6623789990244777,0.6405460617859242,0.30022763231027544,0.5658291491844717
ESL,43.897780904479816,493.29,SA(0.2),-1.0803609801823972,0.6228065505191178,0.28728511297249587,0.5525895974716705
HEN,162.89527803630148,204.23,SA(0.2),-2.256953432743231,0.6068795453822534,0.27547719681306354,0.5407541924381051
HSN,54.870046821119146,321.49,SA(0.2),-1.1582234548498525,0.5878382718640671,0.26109235163874034,0.5266731603033187
HWA,54.910390623144146,260.38,SA(0.2),-1.0845986090144326,0.5611246076484291,0.24032355993102422,0.5070556299368768
HWA002,56.44202545573511,789.18,SA(0.2),-1.597088605679109,0.6437379445878427,0.30253507814695485,0.5682174476314472
HWA003,55.34036308551032,1525.85,SA(0.2),-1.8069934642477319,0.6467404131488924,0.3047,0.5704656624197464
HWA005,48.52595230785456,459.32,SA(0.2),-1.1500147748872802,0.6189125346618334,0.2844155068475998,0.5496913179468619
HWA006,49.18260421653337,559.11,SA(0.2),-1.2550589105847794,0.631909473282082,0.29395229976711085,0.5593761059298699
HWA007,55.59377109620273,358.72,SA(0.2),-1.188610036582585,0.5994906357940066,0.26993211085348573,0.5352809336552945
HWA009,55.351901573503156,373.23,SA(0.2),-1.1984792683986818,0.6033456837700149,0.27283076278646395,0.5381351029260802
HWA011,52.50669252247871,355.76,SA(0.2),-1.1313763932528471,0.5968620324992242,0.26794844596430606,0.5333365880421278
HWA012,55.940482597974515,414.42,SA(0.2),-1.2491406696608252,0.6132112738044821,0.28019420116530575,0.5454532756838589
HWA013,53.649974548577966,330.55,SA(0.2),-1.1282470692505695,0.5894637936095366,0.2623328492801832,0.5278721816548841
HWA014,54.562707264600675,277.28,SA(0.2),-1.0945373933020925,0.5689135934964424,0.24645848650808186,0.5127581216257632
HWA015,50.48367897862757,453.05,SA(0.2),-1.1836730552612331,0.6185081598943583,0.28411688877465985,0.549390514451162
HWA016,51.54840213276211,576.55,SA(0.2),-1.3195635852376524,0.6338361185465033,0.2953563261432018,0.5608144664515062
HWA017,50.52422325112912,578.11,SA(0.2),-1.3001233885921202,0.6338010188424844,0.2953307690882317,0.5607882562211203
HWA019,54.910390623144146,494.82,SA(0.2),-1.3084971615177188,0.6260667269273091,0.28967942218346915,0.5550183590917739
HWA020,43.897780904479816,626.43,SA(0.2),-1.1969452711396187,0.6363855248210982,0.2972105027772026,0.5627188047690844
HWA022,61.14643046699228,567.64,SA(0.2),-1.4912249843303311,0.6345477648342586,0.2958743238591225,0.5613459275144521
HWA023,50.46681972096665,671.52,SA(0.2),-1.3812278885153173,0.6396238630743035,0.2995598042725035,0.5651394605566973
HWA024,42.66088086872478,671.52,SA(0.2),-1.2053555043444706,0.6388718351018271,0.2990148188987291,0.5645771512958494
HWA025,52.97661131498272,494.32,SA(0.2),-1.2712649729313008,0.625518409543786,0.2892772461069923,0.5546097326615737
HWA026,51.216871807519986,457.49,SA(0.2),-1.2022586960790218,0.6195147921942635,0.2848600358722159,0.5501393802577501
HWA027,50.999260902587345,437.8,SA(0.2),-1.179543363115927,0.6159270454873089,0.28220800369023646,0.5474712485746599
HWA028,53.17903686421587,406.7,SA(0.2),-1.1915414202459536,0.61042787040504,0.2781244541868313,0.5433865778159316
HWA029,53.68312510210313,614.05,SA(0.2),-1.3959536091194384,0.6368301446128688,0.297533449300192,0.5630510453193187
HWA030,46.3240822341362,592.18,SA(0.2),-1.2228419263849428,0.6342611180200507,0.2956657167691898,0.5611318470372235
HWA031,50.812995101814906,602.29,SA(0.2),-1.3278206020591385,0.6356795339503942,0.29669745342085013,0.5621913295462434
HWA032,47.149347167648216,573.04,SA(0.2),-1.2240815807921737,0.632802901123057,0.2946036781718385,0.5600430202023602
HWA033,53.337780221409545,395.57,SA(0.2),-1.183864218042031,0.6079499374017936,0.2762768148244203,0.5415480107777313
HWA034,43.827097965114945,379.18,SA(0.2),-0.9799465187293875,0.5984856785921892,0.26917442167302014,0.5345374057977125
HWA035,47.804623815661444,677.49,SA(0.2),-1.3293612908520962,0.6396634034689334,0.29958844899773596,0.5651690286671682
HWA036,43.05936412870529,503.04,SA(0.2),-1.0695745823424796,0.6239609602874501,0.28813376810694313,0.5534493758595551
HWA037,45.498025716459686,469.64,SA(0.2),-1.0951971508408809,0.6196070988410102,0.28492814470686983,0.550208059999192
HWA038,41.859772602007936,642.73,SA(0.2),-1.1615247230665915,0.6371570168841907,0.2977707909942945,0.5632953223624292
HWA039,45.291665715542166,459.67,SA(0.2),-1.081839683913989,0.6178099522975493,0.2836010047247106,0.5488712119222823
HWA041,47.47960397850945,484.97,SA(0.2),-1.1516117796208507,0.6226763807352356,0.2871893611366632,0.5524926659924522
HWA043,57.422369838378636,543.06,SA(0.2),-1.4011801785181057,0.6318857321449295,0.29393498350958075,0.5593583859723175
HWA044,58.67615362772547,534.41,SA(0.2),-1.4156330563192037,0.6312846983472309,0.2934964795464093,0.558909819972076
HWA045,62.479427036765046,484.45,SA(0.2),-1.4326721876233977,0.6265343981230216,0.29002228368512967,0.5553669300538511
HWA046,51.02049634079368,617.52,SA(0.2),-1.3456499266013668,0.6367285557019509,0.2974596719235818,0.5629751302015102
HWA048,50.7224249000127,345.89,SA(0.2),-1.0899904496615611,0.5926619061451686,0.264766369226026,0.530232877821144
HWA049,50.09848662493223,508.61,SA(0.2),-1.2276556451938387,0.6266293457775464,0.29009187394841984,0.5554377027702475
HWA050,52.588798916808756,313.9,SA(0.2),-1.0947274459538208,0.5826674028057829,0.25712965254183234,0.5228629304857565
HWA051,52.76943285780981,440.5,SA(0.2),-1.2160863703356566,0.6170752723656281,0.28305778813965926,0.548324885755332
HWA053,41.01531883433213,843.24,SA(0.2),-1.2989595469426929,0.6442657696579352,0.30291605440797714,0.5686125622379751
HWA054,42.366722327932806,452.83,SA(0.2),-1.0100690655622016,0.6153874532067956,0.28180832322057797,0.5470701842798164
HWA055,46.95869477154732,369.75,SA(0.2),-1.0385727033569725,0.5976983321866478,0.2685801985145199,0.5339550292530275
HWA056,40.36324611604254,511.3,SA(0.2),-1.0117725920552103,0.624300209793565,0.2883829879582254,0.5537020897599858
HWA057,49.81118228871056,671.52,SA(0.2),-1.3674679916160177,0.6395657248482453,0.29951768473702134,0.5650959855904444
HWA058,45.22518970943778,529.54,SA(0.2),-1.1425976008319145,0.6279679316233767,0.2910723152667917,0.5564356480605565
HWA059,48.38288493912992,208.56,SA(0.2),-0.9424251193104143,0.5224870037879402,0.20868638019735666,0.4790017367895688
HWA060,56.69388929890098,573.04,SA(0.2),-1.4159658117604432,0.6343345752833311,0.2957191802990926,0.5611867067234548
HWA2,54.910390623144146,260.38,SA(0.2),-1.0845986090144326,0.5611246076484291,0.24032355993102422,0.5070556299368768
ILA001,102.14533163111949,909.09,SA(0.2),-2.3940952502162283,0.6459943946337858,0.3041625851742763,0.5699069043961237
ILA002,96.5430887001664,219.78,SA(0.2),-1.5645496836499944,0.5760849196833576,0.252047102248993,0.5180213247873742
ILA003,91.77508445604383,263.82,SA(0.2),-1.5821684195817025,0.5897423295425426,0.26254516514914417,0.5280776945782443
ILA004,87.85445904337864,124.27,SA(0.2),-1.2600075865845888,0.5134865707487228,0.20096368423922503,0.4725273071011665
ILA005,86.15882510967322,239.33,SA(0.2),-1.4763426576450351,0.5769568927489415,0.25272291201023056,0.518662111432465
ILA006,84.0230749317769,279.41,SA(0.2),-1.5092303286623057,0.5905945965208095,0.26319436872247953,0.5287066310463235
ILA007,83.01426463964907,496.27,SA(0.2),-1.7607243867453262,0.6316902927239689,0.29379242029317426,0.5592125174743251
ILA008,83.77120048773067,299.28,SA(0.2),-1.5334390475310897,0.5967859188852626,0.2678909186808006,0.5332803096572044
ILA010,79.14352703450395,573.04,SA(0.2),-1.784232845863702,0.6370565473308534,0.2976978473119192,0.563220237742712
ILA012,87.16828457720456,259.21,SA(0.2),-1.5190526089140461,0.5853689961872367,0.25920321190636,0.5248528904699676
ILA013,83.10768677806287,199.48,SA(0.2),-1.3754307058605955,0.5558072405840755,0.23609389924164254,0.5031713022684834
ILA014,79.65880504821489,300.77,SA(0.2),-1.481736542287921,0.5950976660211696,0.26661362779941084,0.5320323350845142
ILA015,84.4098971671404,782.59,SA(0.2),-2.0502952679781266,0.6444276624969566,0.3030328727706947,0.568733760393764
ILA016,81.37675877808526,271.1,SA(0.2),-1.4640221343991624,0.5861185921941352,0.25977730692945705,0.5254053244116523
ILA021,75.9361246011624,573.04,SA(0.2),-1.7362112695133303,0.6367215698459755,0.29745459831378257,0.56296990989671
ILA024,66.86639827014352,671.52,SA(0.2),-1.6844173280537467,0.6408600726724742,0.30045490977461453,0.5660640245927109
ILA027,82.20017425265452,215.0,SA(0.2),-1.3906928710947022,0.5629324511896981,0.24175377834254716,0.5083778666105995
ILA030,84.59458810632478,200.98,SA(0.2),-1.3949969938749445,0.5579173147023893,0.2377765182456154,0.5047118558303513
ILA031,82.26156099466952,649.25,SA(0.2),-1.903320691049688,0.6409811488862219,0.3005425271675911,0.5661545924844368
ILA032,83.16745823634133,295.48,SA(0.2),-1.5204851173501774,0.595313485000131,0.2667770500098792,0.5321918366632729
ILA035,92.41248666952322,293.01,SA(0.2),-1.6338410332038198,0.5992206283681483,0.26972862259392805,0.5350811448887923
ILA036,88.96142770127999,181.0,SA(0.2),-1.40645151683254,0.5511756884297891,0.23238067360466683,0.4997938195407115
ILA037,83.10530005645415,210.17,SA(0.2),-1.3934129090835619,0.5613042732304723,0.24046587100335476,0.5071869990737012
ILA039,85.105398122443,227.18,SA(0.2),-1.4445604956193885,0.5709605194081122,0.2480593229395936,0.5142591632878617
ILA041,86.92925202295595,196.88,SA(0.2),-1.4141502090751856,0.5578440051244062,0.23771815274045813,0.504658314021381
ILA042,84.64451794546719,209.36,SA(0.2),-1.4099162688748237,0.5622038224539123,0.24117781388235698,0.5078448582714187
ILA043,76.15127489591175,573.04,SA(0.2),-1.7394683840239709,0.6367444972250773,0.2974712496401329,0.5629870428206623
ILA044,79.50525087467304,158.13,SA(0.2),-1.2591310266397604,0.5273180518417601,0.21276927335190915,0.48248685382659884
ILA046,78.60335463818913,396.93,SA(0.2),-1.585903611601799,0.6176292230132668,0.2834674115348868,0.5487368073290535
ILA048,87.92935080981664,199.59,SA(0.2),-1.4303222237383335,0.5600983646018936,0.23950994008944002,0.506305408452318
ILA049,86.95811873375148,190.0,SA(0.2),-1.4018060317404526,0.5542382948854991,0.2348391428226016,0.5020265575803049
ILA050,65.88362730496057,621.06,SA(0.2),-1.6223795526759057,0.63850661344466,0.29875002033633363,0.5643041030876956
ILA051,78.04823034364469,520.64,SA(0.2),-1.71465104849434,0.6331217227202954,0.29483599790323495,0.5602810456554088
ILA052,84.06986671281122,612.47,SA(0.2),-1.894801631459751,0.6395827779747701,0.29953003947218315,0.5651087376211029
ILA054,114.92568764400566,677.3,SA(0.2),-2.372546612160978,0.6433123084506638,0.30222773835129185,0.567898864565853
ILA055,89.2530675683504,266.77,SA(0.2),-1.5559610863288653,0.5893010473261733,0.2622087617361599,0.5277521100370082
ILA056,90.99352301582981,223.71,SA(0.2),-1.507805296231942,0.57380251441853,0.25027439833833887,0.5163448954811211
ILA059,85.27547272039952,236.84,SA(0.2),-1.461847011688561,0.5752886527941801,0.2514292769396125,0.5174363272242937
ILA061,77.51126528132811,497.73,SA(0.2),-1.6825946518378085,0.630939366667362,0.29324442392146793,0.5586521209568421
ILA062,72.19750000793086,447.51,SA(0.2),-1.5491371206249784,0.6239128645109744,0.28809842945519976,0.5534135501121532
ILA063,60.16791606248126,996.51,SA(0.2),-1.8155853199864016,0.6462263199814838,0.304329694129697,0.5700806029920121
ILA064,71.3059446511398,488.61,SA(0.2),-1.5793059938886618,0.6288717375943049,0.2917336190425424,0.5571096461785786
ILA066,69.33530918828765,481.17,SA(0.2),-1.540821001649787,0.6276232797663854,0.29081999266428155,0.5561786701874333
ILA067,38.0530901443823,665.2,SA(0.2),-1.0811731202920576,0.638003825814772,0.298385345292835,0.5639282467377934
KAU001,47.872270820263516,573.04,SA(0.2),-1.239784697871328,0.6329303223794915,0.294696535748571,0.5601381479645876
KAU003,115.67129144447121,913.77,SA(0.2),-2.5751726892392806,0.6461157480463479,0.30425002780239985,0.569997789869163
KAU006,115.55793209386754,218.49,SA(0.2),-1.77486782301778,0.5877638098718462,0.26103546791138815,0.5266182494818713
KAU007,108.23991364360973,290.86,SA(0.2),-1.8222294749744905,0.6056866139361283,0.274584962249362,0.5398697739343526
KAU008,109.31472860629879,285.94,SA(0.2),-1.8269669742593213,0.6048999148543697,0.27399593731508204,0.5392866893644357
KAU010,100.62762664372208,215.36,SA(0.2),-1.6027847044598467,0.5771025259947868,0.2528357062865927,0.5187691501391765
KAU011,104.19724162361148,155.32,SA(0.2),-1.5076665421944029,0.5511260925128445,0.2323407597554965,0.4997576824869379
KAU012,87.20034181709256,516.18,SA(0.2),-1.8412145192136022,0.6340148266845111,0.2954864360873612,0.5609479178535032
KAU015,108.83525214819949,233.21,SA(0.2),-1.7288699060213402,0.589000221807479,0.2619793298630084,0.5275301811401775
KAU018,79.82224640898121,538.69,SA(0.2),-1.7594619266070444,0.6348032248260864,0.2960601902381838,0.5615367289908375
KAU020,75.40786468933833,373.33,SA(0.2),-1.5128097954472137,0.6119632465223972,0.2792668973996042,0.5445264136027115
KAU022,99.29885279683903,217.05,SA(0.2),-1.5907047764947937,0.5768644505560785,0.25265130334000974,0.5185941700751762
KAU030,102.44967456859456,259.36,SA(0.2),-1.7020071082279133,0.5941321951694171,0.2658820529533357,0.5313189242386817
KAU032,113.1787121371236,194.13,SA(0.2),-1.696122130019966,0.5769416000616321,0.2527110664157286,0.5186508717747436
KAU033,121.30415327080891,182.93,SA(0.2),-1.7561867028264908,0.5778959828531723,0.2534498628181967,0.5193524179545825
KAU034,108.86832940689311,1010.4,SA(0.2),-2.552886215595454,0.6464784641666377,0.30451133529661667,0.57026945500099
KAU037,136.63858595740618,283.21,SA(0.2),-2.1386794316924824,0.6144523526754352,0.28111517301758876,0.5463752860513262
KAU038,143.3217590914785,667.59,SA(0.2),-2.717244318900217,0.6440125580497711,0.30273331091256545,0.5684230092015328
KAU039,152.7137646620572,464.82,SA(0.2),-2.6051753155417225,0.6377883235984309,0.29822899170096556,0.5637671631334359
KAU040,141.54082737203709,567.64,SA(0.2),-2.5934287435236723,0.6414665817120285,0.3008937227911734,0.5665177340897486
KAU042,160.2092768679782,806.48,SA(0.2),-3.0437212424781843,0.6458459850554438,0.3040556350626477,0.5697957591970008
KAU043,172.12019900001243,538.49,SA(0.2),-2.9249154650282834,0.6421292103126421,0.30137288169332016,0.5670134997657476
KAU044,121.91611938734569,221.24,SA(0.2),-1.8508834992246481,0.592283876926701,0.26447920092532706,0.5299537179275413
KAU046,162.89527803630148,204.23,SA(0.2),-2.256953432743231,0.6068795453822534,0.27547719681306354,0.5407541924381051
KAU047,57.34078848787392,573.04,SA(0.2),-1.4279591965422291,0.6344281916806549,0.2957873109779149,0.5612566231801991
KAU048,94.06716422546164,295.66,SA(0.2),-1.6582104350743316,0.6007493285960444,0.2708798992469654,0.5362124914551617
KAU050,41.405707951930495,665.2,SA(0.2),-1.1690266791206736,0.6384016756076957,0.298673921314744,0.5642256535688426
KAU051,125.39181021164151,1004.58,SA(0.2),-2.7615762072779466,0.6465038241833184,0.3045296022242003,0.5702884498679817
KAU052,169.07733558731505,573.04,SA(0.2),-2.9284030526280693,0.6429130951481937,0.3019393784389911,0.5676000877914891
KAU054,35.06562470884893,497.22,SA(0.2),-0.8543572726989542,0.6202745877984746,0.2854204718952548,0.5507047471119689
KAU057,114.76630263975981,535.13,SA(0.2),-2.226355732618389,0.6382208787319651,0.2985427945454954,0.5640904979472423
KAU058,110.06905598566512,229.66,SA(0.2),-1.7360013222856363,0.5884803293349149,0.2615826235843033,0.5271466864667581
KAU062,114.45650676026153,246.84,SA(0.2),-1.8182701693385526,0.5964304617709811,0.26762219484558886,0.5330175011708109
KAU063,93.6060399190571,227.24,SA(0.2),-1.5490867675317572,0.5774388573495073,0.2530961145415285,0.5190163685097862
KAU064,102.44159350370471,244.84,SA(0.2),-1.6795955307688561,0.5894729615067249,0.2623398387086793,0.5278789457572758
KAU066,101.67439153000315,214.97,SA(0.2),-1.6134402634127576,0.5776394987718887,0.2532514080265653,0.519163861294294
KAU069,71.14795101360905,500.15,SA(0.2),-1.5888828995969817,0.6300810151057478,0.2926175764776049,0.5580116840470839
KAU073,110.99667430146175,216.33,SA(0.2),-1.7199342314662187,0.5842337761119165,0.2583327539543376,0.5240165010611371
KAU074,105.92197691458655,228.34,SA(0.2),-1.686724789979075,0.5855506868626688,0.25934241300189154,0.5249867805037566
KAU075,116.89998968320606,196.3,SA(0.2),-1.741176818115021,0.5803186677218529,0.2553211202090064,0.5211342261660469
KAU077,83.2746332190764,665.2,SA(0.2),-1.9327675971532194,0.6416017703428524,0.30099150191962987,0.566618873211304
KAU078,89.35199696595875,531.85,SA(0.2),-1.8878379400049,0.6354579441804407,0.29653635687928864,0.5620257893289161
KAU081,162.4731162832657,295.0,SA(0.2),-2.4543343612989093,0.6236880065902635,0.2879331924115153,0.5532460630427024
KAU082,169.92818795624305,573.04,SA(0.2),-2.9384379091846697,0.6429470774403877,0.301963928291587,0.5676255195107504
KAU083,111.33662490367176,202.14,SA(0.2),-1.6938970039646684,0.5789587794476888,0.2542714874453523,0.5201339048474782
KAU085,88.81470945306066,260.75,SA(0.2),-1.544373101971896,0.5870732523987051,0.2605076828379864,0.526109067460709
KAU086,99.09116222127146,216.8,SA(0.2),-1.5879128279468553,0.5766181159353982,0.25246044158929065,0.5184131335695776
KAU087,113.8969815243451,276.11,SA(0.2),-1.8642101199383825,0.6043330669130302,0.2735712111122779,0.5388666330503964
KAU088,111.19576926643339,227.46,SA(0.2),-1.7443782823693779,0.5883662829416515,0.26149556638606863,0.5270625690209889
NCU,80.12485352707097,466.16,SA(0.2),-1.693770497821443,0.6281382144260995,0.29119695116400945,0.5565626218631593
NSK,57.92066683550797,665.2,SA(0.2),-1.5220885081891222,0.6399593064122333,0.299802782825572,0.5653903123273953
NST,37.88427385619578,491.08,SA(0.2),-0.9670039154531243,0.6209113575883358,0.28588984382775623,0.5511786563160183
NSY,13.269189808642082,599.64,SA(0.2),-0.20106078181173398,0.6279347241630059,0.291048007292843,0.5564108870794455
PNG,110.99680090093074,465.86,SA(0.2),-2.1040443375973013,0.6331570554481357,0.2948617401776969,0.5603074254756347
SGL,94.06716422546164,295.66,SA(0.2),-1.6582104350743316,0.6007493285960444,0.2708798992469654,0.5362124914551617
SSD,86.12829009110234,535.13,SA(0.2),-1.8462886190342775,0.6353122541916868,0.2964304226650042,0.561916955470085
STY,41.405707951930495,665.2,SA(0.2),-1.1690266791206736,0.6384016756076957,0.298673921314744,0.5642256535688426
TAI1,77.88051206740859,160.67,SA(0.2),-1.2537297141046553,0.5278817675799274,0.2132430161513991,0.48289396000153356
TAP,99.45326800656716,235.82,SA(0.2),-1.6266061370054783,0.5843375786581091,0.2584123986235993,0.5240929670102622
TAP003,102.49615603578604,212.39,SA(0.2),-1.6176159695225403,0.5771417790641343,0.25286610440729035,0.5187980015219753
TAP005,106.45776496285161,179.84,SA(0.2),-1.591430705482567,0.5656275363228276,0.24387877975613428,0.5103505174204201
TAP006,105.19861667361013,184.77,SA(0.2),-1.589301158243149,0.5669660032839746,0.2449310122763857,0.5113308597230064
TAP007,103.22929751249532,207.39,SA(0.2),-1.615855161696501,0.5755662814522023,0.25164476482082837,0.5176402772997729
TAP008,103.88983230695109,194.14,SA(0.2),-1.5957133194172517,0.5702709629436479,0.24752055742047507,0.5137533891186827
TAP010,101.02607768818412,226.38,SA(0.2),-1.627595688931371,0.5817516140993831,0.2564251417228679,0.5221887467186982
TAP012,101.22135041662736,207.99,SA(0.2),-1.5947909686892263,0.5744004615346109,0.2507393434517426,0.5167839702008598
TAP013,101.93097443003171,205.11,SA(0.2),-1.5969274624457406,0.5736709464753882,0.2501720442933906,0.5162482959623533
TAP014,102.68862503887601,188.98,SA(0.2),-1.5716272613302928,0.5669793688738134,0.24494150932152542,0.511340651366426
TAP017,98.95262064237038,217.83,SA(0.2),-1.5882611420870512,0.5769482889962537,0.25271624764120787,0.518655787930543
TAP020,100.10708960480885,218.5,SA(0.2),-1.6025404457463757,0.5780142428799763,0.25354134395093764,0.519439363044104
TAP021,100.64194987891956,167.18,SA(0.2),-1.5003940013297425,0.554317624445363,0.23490266177398947,0.5020844234411631
TAP024,96.12094949935707,194.98,SA(0.2),-1.512623026062926,0.5646201608185709,0.2430854791032193,0.5096129667227348
TAP026,97.04891677159061,194.28,SA(0.2),-1.521399770035559,0.5650296080863402,0.24340805699752474,0.5099127139059124
TAP028,95.95079486383781,287.94,SA(0.2),-1.6698341243536123,0.5994624840455282,0.2699108974683688,0.5352601023856111
TAP032,94.42845888739913,308.88,SA(0.2),-1.6819299404873558,0.6044367674721417,0.27364893106333044,0.5389434742160522
TAP034,91.89598828035317,538.69,SA(0.2),-1.9301153931721213,0.6362120603331844,0.2970844740659175,0.5625891938016342
TAP035,89.039962013356,438.13,SA(0.2),-1.7787981817466858,0.6264647200907822,0.289971210445983,0.5553149940627513
TAP036,87.5599551150271,671.52,SA(0.2),-2.0001259311540496,0.6420245363103361,0.3012972077967513,0.5669351795385283
TAP041,111.82723819014045,363.56,SA(0.2),-1.975197477375986,0.6213136070841943,0.286186198570875,0.5514780667402143
TAP042,106.68190483381903,375.85,SA(0.2),-1.9287266755800876,0.6218960332329903,0.2866150937124901,0.5519116452903572
TAP043,91.48433103527901,388.16,SA(0.2),-1.7506450119780057,0.6198506565963959,0.28510782535802903,0.5503892844184003
TAP046,117.32193358845494,816.9,SA(0.2),-2.523189339667093,0.6454473366711272,0.303768287838706,0.5694972271393359
TAP047,85.80907617073753,403.2,SA(0.2),-1.6932874229225325,0.6207488628887313,0.2857700942224029,0.5510577138792015
TAP049,108.6027661355923,573.04,SA(0.2),-2.1882518767403574,0.6395962185008505,0.2995397768053762,0.5651187882489601
TAP051,103.74251653105222,403.17,SA(0.2),-1.9280744943488701,0.6250978347016866,0.2889686256594227,0.5542963434240221
TAP052,100.31096345926947,433.88,SA(0.2),-1.9228344472818946,0.6281942311245287,0.29123794745589116,0.5566043927061817
TAP053,91.65600419476041,538.69,SA(0.2),-1.9268278113677035,0.6361859857428631,0.29706552820845067,0.5625697115965742
TAP059,118.32453599408895,456.18,SA(0.2),-2.1783583272727642,0.6332931469939189,0.2949608844704499,0.5604090351358295
TAP060,120.15382017573265,631.27,SA(0.2),-2.3950587525999323,0.6423613431045567,0.3015406779390948,0.5671871954329727
TAP065,121.46351678308714,1023.45,SA(0.2),-2.7241322297241566,0.6465442679253819,0.3045587332386726,0.5703187428054798
TAP066,115.01873277372866,662.78,SA(0.2),-2.3601398211778397,0.642975567687681,0.30198450998394444,0.5676468412429093
TAP067,96.47463981057544,807.68,SA(0.2),-2.240475626809897,0.6450299260582063,0.30346731555846546,0.5691846746868663
TAP069,122.45755568413036,671.52,SA(0.2),-2.4628810488501074,0.6434446958159044,0.30232334320893106,0.5679979513383798
TAP072,100.78864973474847,671.52,SA(0.2),-2.1821968821427946,0.6426260103935629,0.3017319516933722,0.5673852470426564
TAP075,108.27200165265872,856.38,SA(0.2),-2.436479787405637,0.6456793187899826,0.3039355128705333,0.5696709460111354
TAP077,117.94442647334881,1022.77,SA(0.2),-2.6787362661807284,0.646535287803462,0.30455226507622496,0.570312016541863
TAP078,118.90698625816037,671.52,SA(0.2),-2.41796252937251,0.6433226121899209,0.3022351796786915,0.5679065764009539
TAP079,118.27326344912967,631.27,SA(0.2),-2.3712486750728456,0.6422762289853748,0.30147915734611275,0.5671235068356376
TAP081,122.7494636646256,671.52,SA(0.2),-2.4665588624494763,0.643454541765004,0.3023304531373374,0.5680053207706628
TAP083,121.86621664827865,435.22,SA(0.2),-2.1954684105426514,0.6319712595488238,0.29399736356433365,0.559422222576962
TAP084,122.81401514518838,224.22,SA(0.2),-1.8671047831157934,0.5937253704479737,0.26557353914669757,0.5310183714511967
TAP086,93.25545980723025,887.68,SA(0.2),-2.2571034323097696,0.6457682425213891,0.3039996053546894,0.5697375386907174
TAP087,103.15361263828753,573.04,SA(0.2),-2.1171561000174273,0.6391868940508569,0.2992431809828416,0.5648127160056258
TAP090,104.64066341996687,324.38,SA(0.2),-1.830519783317313,0.6120075268057865,0.27929981864588,0.544559293531305
TAP094,108.94222775860766,416.34,SA(0.2),-2.0107129548774614,0.6278113849139418,0.2909577160216535,0.5563189215863725
TAP095,108.81195663904354,206.24,SA(0.2),-1.6750110489383683,0.5789190483059532,0.2542407928283048,0.5201046853793048
TAP097,98.42016825129102,237.23,SA(0.2),-1.6171536091808867,0.58422085718295,0.2583228409085919,0.5240069845264423
TAP098,107.08953823454839,538.69,SA(0.2),-2.1319764067979934,0.6377299968478254,0.2981866688099095,0.563723566496538
TAP100,99.46634920648815,236.32,SA(0.2),-1.6276385982855095,0.5845314151431569,0.2585610958845689,0.524235762786394
TAP103,114.99244567347492,429.49,SA(0.2),-2.103211097575907,0.6303287849005493,0.29279857095214773,0.5581965370033956
TAW,123.14546871727185,481.92,SA(0.2),-2.269637363186519,0.6358316890101018,0.29680805255475273,0.5623050032572127
TCU,8.966003941063503,472.81,SA(0.2),0.0774576599154041,0.6025063777997269,0.272200730760072,0.5375134393324785
TCU003,85.87715173895934,517.33,SA(0.2),-1.8320043186528199,0.634007779274173,0.29548130555227803,0.5609426550453173
TCU006,72.13607981372333,607.4,SA(0.2),-1.7205601610201282,0.6384059631466403,0.29867703069525137,0.5642288588119695
TCU007,89.06974444890936,463.88,SA(0.2),-1.8125609089259118,0.629501222948573,0.2921938819325874,0.5575791648321468
TCU008,84.7584785592634,441.58,SA(0.2),-1.7305943704539977,0.6260948118317843,0.2897000161552948,0.5550392905392367
TCU009,81.06016716272919,460.1,SA(0.2),-1.7000454725212555,0.6276102027247981,0.2908104172671118,0.5561689201791039
TCU010,81.66395774542653,446.15,SA(0.2),-1.6937235893561837,0.6260306882535536,0.28965299511619275,0.5549914999848528
TCU011,76.57844520726454,471.07,SA(0.2),-1.6431885973695781,0.6279486811449623,0.2910582239418245,0.5564212940097891
TCU014,93.21256831945598,496.47,SA(0.2),-1.9070893608209736,0.6332651112077781,0.29494046105346794,0.5603881025740708
TCU015,49.226738245658176,426.0,SA(0.2),-1.1568829167516421,0.6133716647257428,0.2803132883869287,0.5455724144805486
TCU017,53.6114321384972,558.76,SA(0.2),-1.3648451822382963,0.6328407330737532,0.29463124911188066,0.5600712637549781
TCU018,65.56957606032032,573.04,SA(0.2),-1.5863140873690615,0.6356353735008865,0.29666535111796716,0.5621583384524904
TCU025,54.44992612807512,665.2,SA(0.2),-1.4714241633379055,0.6397419787688089,0.2996453693772403,0.5652277877190827
TCU026,55.62700868478751,569.98,SA(0.2),-1.4097116849433706,0.6340654868128405,0.2955233158638729,0.5609857496835602
TCU029,27.893894423621465,406.53,SA(0.2),-0.6435865063661254,0.5970310383489388,0.26807616402654394,0.5334615553466112
TCU031,30.15523078028506,489.22,SA(0.2),-0.7644946193703333,0.6177342325624947,0.2835450363953531,0.5488148999572918
TCU033,40.407957354293515,423.4,SA(0.2),-0.9732519101445692,0.6089247337811858,0.27700423249526973,0.542271137522729
TCU034,35.21698353563212,393.77,SA(0.2),-0.8300861343137029,0.5982502283410022,0.2689967791601276,0.534363236489505
TCU036,19.699612049739354,478.07,SA(0.2),-0.4088715428403087,0.6104305442129514,0.27812644529411135,0.5433885623899178
TCU038,25.342828155086934,297.86,SA(0.2),-0.5370178751430569,0.5483629783915328,0.2301118505096987,0.4977454091455137
TCU039,19.708438206066337,540.66,SA(0.2),-0.4469944546625495,0.6221019287492183,0.286766656496369,0.5520649368284415
TCU040,22.125103547818437,362.03,SA(0.2),-0.4487510324113937,0.5760527891813412,0.25202218491651346,0.517997716436578
TCU042,25.987540319450044,578.98,SA(0.2),-0.7024816315081388,0.6291341399649486,0.2919255128770998,0.5573053570538128
TCU045,25.372624034032317,704.64,SA(0.2),-0.7781939113771686,0.6388287690249409,0.2989835988009865,0.5645449528442638
TCU046,16.252239941167144,465.55,SA(0.2),-0.2644868502766115,0.6053867109884199,0.27436047489845833,0.5396474772060638
TCU047,34.3639015403997,520.37,SA(0.2),-0.9056590076624881,0.6242025623943258,0.28831126231494897,0.5536293479594474
TCU048,15.724490368129416,551.21,SA(0.2),-0.28627458481300777,0.6221963018776984,0.2868361159680483,0.5521352014195874
TCU049,7.973343563390163,487.27,SA(0.2),0.12814421568083006,0.605652130044147,0.2745591535908432,0.5398442125340348
TCU050,12.061398269660884,542.41,SA(0.2),-0.10818545235032412,0.619287538920242,0.2846923299557707,0.5499703020402509
TCU051,11.684106742389506,350.06,SA(0.2),-0.06381895748665112,0.5580168381355346,0.23785574329075515,0.5047845451540506
TCU052,4.409004259240465,579.1,SA(0.2),0.35247181809482653,0.6220659291717162,0.28674015882681647,0.552038134146766
TCU053,8.360955408325248,454.55,SA(0.2),0.11221569410959686,0.5968463413375741,0.2679365868681285,0.5333249859002537
TCU054,10.227617412004046,460.69,SA(0.2),0.014611906528783969,0.6000050407546101,0.2703196160696359,0.5356616040924588
TCU055,9.165535239523313,359.13,SA(0.2),0.05216263980210262,0.5594423352347708,0.23898916293861938,0.5058259645874574
TCU056,13.309665432524499,403.2,SA(0.2),-0.12322054181593606,0.5835859382922922,0.2578354513514242,0.5235393274615598
TCU057,14.550574484923569,555.23,SA(0.2),-0.235187393875684,0.622362594522318,0.28695849356230957,0.5522590171586166
TCU059,17.77385436882762,272.67,SA(0.2),-0.32961481857588215,0.5201767451455737,0.2067189346975379,0.4773375411883693
TCU060,9.40150493354199,375.42,SA(0.2),0.04898556543797433,0.5677101711521825,0.2455151582448183,0.5118761036634374
TCU061,17.668321986901795,379.64,SA(0.2),-0.29700667030391553,0.5786880613803831,0.25406231030197035,0.5199348179033708
TCU063,10.256304917085805,476.14,SA(0.2),0.009623371755720034,0.604234576403165,0.2734973878143411,0.5387936545467514
TCU064,17.156230171822553,645.72,SA(0.2),-0.41272598225531604,0.633555347550203,0.2951518667932379,0.5606048108408679
TCU065,1.5301625387352142,305.85,SA(0.2),0.357801643594989,0.5153942144636791,0.20261376542627194,0.4738975188396964
TCU067,1.4845734764737275,433.63,SA(0.2),0.5153274985764708,0.5843842011428656,0.25844816731370196,0.5241273121652543
TCU068,0.649001480476048,487.34,SA(0.2),0.6246023299247341,0.6009496584788702,0.2710306237044935,0.5363607862625902
TCU070,20.340829249903962,401.26,SA(0.2),-0.39872887445860483,0.5893428318474834,0.26224062309821894,0.5277829374345754
TCU071,10.01426691522794,624.85,SA(0.2),0.15868561480007898,0.6289674638255133,0.291803628608575,0.5571810413877766
TCU072,12.748228787930415,468.14,SA(0.2),0.09739700259413037,0.6009807047766372,0.2710539793532121,0.5363837691342012
TCU074,22.222133630574767,549.43,SA(0.2),-0.3179986410658464,0.6222080238426533,0.28684474300091684,0.5521439290139101
TCU075,2.71684542140007,573.02,SA(0.2),0.4291707538307997,0.6207147090102336,0.2857449223080458,0.5510322942957407
TCU076,4.3340083071477284,614.98,SA(0.2),0.3014221213547737,0.6272173311530885,0.29052269102883205,0.5558760171982318
TCU078,17.667409336015933,443.04,SA(0.2),-0.10521629236584273,0.5967004455067734,0.2678263112309278,0.5332171121414016
TCU079,21.222776888973897,363.99,SA(0.2),-0.22120870781285978,0.5697539459162148,0.2471162584543318,0.5133742433105004
TCU081,54.870046821119146,430.47,SA(0.2),-1.264564444386119,0.6163461174404496,0.2825182648978052,0.5477827730798497
TCU082,8.966003941063503,472.81,SA(0.2),0.0774576599154041,0.6025063777997269,0.272200730760072,0.5375134393324785
TCU083,79.97899565103198,354.63,SA(0.2),-1.5613652466892671,0.6097852315737967,0.27764573891924116,0.5429096354878015
TCU084,19.942894152069616,665.2,SA(0.2),-0.3084908172160082,0.6346348732268509,0.2959377064831218,0.5614109868867644
TCU085,57.92066683550797,999.66,SA(0.2),-1.7760143788806892,0.6462308147976716,0.3043329324613921,0.570083969440917
TCU087,7.308530515924621,538.69,SA(0.2),0.15001126800108766,0.616539072110628,0.2826610758560312,0.5479262209777381
TCU088,20.395798012081535,665.2,SA(0.2),-0.36905331479636205,0.6348783020560848,0.29611480661132694,0.5615928059788102
TCU089,15.126942233893988,671.52,SA(0.2),-0.10768439752101627,0.6343698107292521,0.29574482406335095,0.5612130217701695
TCU092,88.45294085502088,422.28,SA(0.2),-1.7576902838702355,0.6243437321839386,0.28841495463822364,0.553734512070903
TCU094,53.92101623044264,589.85,SA(0.2),-1.3972742144537065,0.6353452259180353,0.2964543982787934,0.5619415857880585
TCU095,44.56466924675996,446.63,SA(0.2),-1.080474609861466,0.615581793783432,0.2819522978054557,0.5472146257181467
TCU096,53.85469792017198,454.58,SA(0.2),-1.2699577579364107,0.6202274407328396,0.28538570760538823,0.5506696615327378
TCU098,47.1372515839405,346.56,SA(0.2),-1.0464131846884956,0.5913116042020338,0.2637400262534345,0.5292358754051167
TCU100,13.491602319643608,535.13,SA(0.2),-0.17413197296726213,0.6186449181341586,0.28421789370840883,0.5494922416460267
TCU101,2.7276625208825007,389.41,SA(0.2),0.4102275463897564,0.5668453283060464,0.24483622759147294,0.5112424550848315
TCU102,1.9961663796457592,714.27,SA(0.2),0.4111763481131651,0.6361432499779036,0.29703447536918076,0.5625377808952969
TCU103,6.545253590327707,494.1,SA(0.2),0.20774364257790368,0.6065025180398127,0.27519532808813846,0.5404746393560896
TCU104,13.599900519557263,410.45,SA(0.2),-0.1362531492215865,0.5865460386770709,0.2601044373174976,0.525720398287447
TCU105,17.911571028764843,575.54,SA(0.2),-0.39675104044402953,0.6263784125207195,0.2899079433396466,0.5552506641693937
TCU106,15.67278608418154,451.37,SA(0.2),-0.23455413086849164,0.601238289241597,0.2712477250942009,0.5365744608918533
TCU107,16.73758483873565,409.0,SA(0.2),-0.26600073259093704,0.5888652730317278,0.26187638069346686,0.5274306314745302
TCU109,13.739015155167076,535.13,SA(0.2),-0.1858622482361868,0.6187528964299492,0.2842976331820917,0.54957256355054
TCU110,12.337401625868438,212.72,SA(0.2),-0.25905734504408284,0.45947145019100954,0.15018406431755033,0.434233532060447
TCU111,22.753679890361862,237.53,SA(0.2),-0.4889248378832838,0.5033856686500309,0.19209750992553237,0.46529096067154435
TCU112,28.530660346449324,190.54,SA(0.2),-0.6378757735141528,0.4760824750334805,0.1668172003675815,0.4458997025066587
TCU113,31.866925843887017,230.3,SA(0.2),-0.6902246379430359,0.5145376610753558,0.20187377232160855,0.4732821407084162
TCU115,22.519806127058114,215.34,SA(0.2),-0.5006422433583669,0.4847947175114465,0.17512367422795058,0.4520593067860741
TCU116,15.552380292106827,493.09,SA(0.2),-0.24688304277162376,0.6114407422129927,0.27887831560811727,0.5441384624537717
TCU117,26.02127503510998,198.58,SA(0.2),-0.5864405537570558,0.47781523693814626,0.16848970788655232,0.4471225995032695
TCU118,27.553377287252555,236.19,SA(0.2),-0.59971422415983,0.5113621532654448,0.1991173020544071,0.47100270892516766
TCU119,38.709117009183,221.7,SA(0.2),-0.8149136197788942,0.5193776621119927,0.2060360983389396,0.4767622909607953
TCU120,8.190427877741287,459.34,SA(0.2),0.12089530495509021,0.5981573052830196,0.2689266575228657,0.534294501877965
TCU122,14.73072540652075,475.46,SA(0.2),-0.20289235559761087,0.6068948696334946,0.2754886509519466,0.5407655554712532
TCU123,16.255745645165277,270.22,SA(0.2),-0.2851121614944513,0.5156260011374496,0.20281375727634393,0.4740640810148448
TCU128,13.269189808642082,599.64,SA(0.2),-0.20106078181173398,0.6279347241630059,0.291048007292843,0.5564108870794455
TCU129,6.355595224258387,511.18,SA(0.2),0.2149560771472654,0.6104203547426043,0.2781188574611419,0.5433809994916973
TCU136,8.87050666409296,462.1,SA(0.2),0.084349784315074,0.599449050544767,0.26990077459151485,0.5352501621428274
TCU138,10.62709176562196,652.85,SA(0.2),-0.09854286112801597,0.6327927287977991,0.29459626468722744,0.5600354260684747
TCU140,33.698793168228846,223.6,SA(0.2),-0.7254498437115049,0.5126939661477058,0.20027590911739854,0.4719583277700102
TCU141,27.08308313875785,223.04,SA(0.2),-0.5942483163110001,0.5003604597222149,0.18939690563541337,0.4631300052783846
TCU145,36.03895088690123,240.43,SA(0.2),-0.771970100241911,0.5282704894178728,0.2135693772084442,0.48317474179492886
TCU147,72.40184826834715,537.92,SA(0.2),-1.6535218749553253,0.6338189150384387,0.29534379989771065,0.5608016199356815
TTN,83.21058040106071,298.72,SA(0.2),-1.5254334943844037,0.5963289527221236,0.2675454343699764,0.5329424550572466
TTN001,55.943705673847546,484.6,SA(0.2),-1.3178098798473956,0.6249800322978034,0.2888821596546405,0.5542085695875102
TTN002,68.37147822691496,667.36,SA(0.2),-1.7055678577756708,0.6407980155236276,0.3004099983282345,0.5660176053829504
TTN003,95.02819768257147,506.64,SA(0.2),-1.9378874952942242,0.6342802234783227,0.29567962240299006,0.5611461153668768
TTN004,66.76657920094912,463.59,SA(0.2),-1.4817386119621672,0.6248171539419848,0.28876259247951636,0.5540872142945285
TTN005,82.74873732730376,407.59,SA(0.2),-1.6564961157146407,0.6206253042000777,0.2856790256963786,0.5509657543719091
TTN006,81.1387708588908,283.21,SA(0.2),-1.4776345599567557,0.5902195078640249,0.26290873170928,0.5284298120415516
TTN007,81.9983553609081,282.7,SA(0.2),-1.4879914074492595,0.5905427375849417,0.2631548848383812,0.5286683568174055
TTN008,82.7187919705734,292.61,SA(0.2),-1.5107951340870978,0.5941774465209071,0.26591636005425995,0.5313523571130541
TTN009,83.68450130501424,313.96,SA(0.2),-1.5520144850841768,0.6009793126483208,0.2710529320939113,0.5363827385687776
TTN010,83.81152591090317,311.34,SA(0.2),-1.550186466438961,0.6003097527413113,0.2705490526993941,0.5358871236741883
TTN012,81.57676615324058,288.3,SA(0.2),-1.4901981299349085,0.5921645241012302,0.2643885083611692,0.5298655869657818
TTN013,81.26976308172648,297.76,SA(0.2),-1.498917249095535,0.5950181720345387,0.2665534231417475,0.531973587373227
TTN014,63.02404599943716,533.97,SA(0.2),-1.4911384061020536,0.6319908149905006,0.29401162579934825,0.5594368187089416
TTN015,83.21058040106071,487.91,SA(0.2),-1.7544105430255708,0.6309189406555006,0.2932295126273604,0.5586368790208714
TTN016,123.14546871727185,826.15,SA(0.2),-2.6046414809082794,0.6456010297716943,0.30387908155862536,0.5696123185407409
TTN018,74.43304938901571,573.04,SA(0.2),-1.713303435347508,0.6365594797593436,0.2973368686558543,0.5628487876947212
TTN020,50.35796250220993,453.71,SA(0.2),-1.1817982893504642,0.6185793250987877,0.2841694506412761,0.5494434500127443
TTN022,53.02499720160041,398.81,SA(0.2),-1.181194615948832,0.6085667638972616,0.2767371931250289,0.5420055646039676
TTN023,54.09146602124198,527.54,SA(0.2),-1.3241327198381518,0.62971407607906,0.29234945456521405,0.5577379438656886
TTN024,59.92050910835589,671.52,SA(0.2),-1.5641882647508294,0.6403813891703634,0.30010841992622656,0.5657059836038046
TTN025,65.75784285873038,704.96,SA(0.2),-1.6949684944572891,0.6419605134637333,0.3012509192988507,0.5668872766857777
TTN026,70.29054746653149,573.04,SA(0.2),-1.6486669821594393,0.6360943964968634,0.2969989758282227,0.562501279653385
TTN027,76.08977283968429,428.95,SA(0.2),-1.5864971400282557,0.6221851784782341,0.2868279293727156,0.5521269195119475
TTN028,78.48198120220177,616.17,SA(0.2),-1.8163589870943475,0.6393271120183239,0.2993447943986913,0.5649175605591454
TTN031,55.63093116970684,510.62,SA(0.2),-1.3371108127248899,0.6281606089124954,0.29121334101103963,0.5565793210374465
TTN032,57.234125398309374,734.26,SA(0.2),-1.5679200161660263,0.6424072504541201,0.30157385800293834,0.5672215471976061
TTN033,58.96031847975615,670.8,SA(0.2),-1.5461162549936527,0.6402803416223989,0.3000352597309091,0.5656304082935267
TTN036,79.85049273122117,538.69,SA(0.2),-1.759873008902114,0.63480675099782,0.2960627555004715,0.5615393627501782
TTN040,47.98883144575936,728.01,SA(0.2),-1.3753164115451273,0.6416836353408597,0.30105070774658044,0.5666801207290973
TTN041,45.1590519289211,418.24,SA(0.2),-1.0427348617454948,0.6093744897185247,0.2773396004281657,0.5426048421771205
TTN042,64.91469915710697,845.34,SA(0.2),-1.7934372402961205,0.6449218061657498,0.30338933922182065,0.5691037207000496
TTN044,58.77993734254324,419.63,SA(0.2),-1.30405733882196,0.615312668129451,0.281752912224174,0.5470146031083456
TTN045,61.00750348291904,539.98,SA(0.2),-1.4622621622381446,0.6322083135924813,0.29417023566988404,0.5595991638855209
TTN046,65.63785661871987,528.12,SA(0.2),-1.5291353049855407,0.63188054626543,0.2939312009952129,0.5593545153390737
TTN047,73.91058687727796,573.04,SA(0.2),-1.7052761244836254,0.6365023362130415,0.29729536005269075,0.5628060881829555
TTN048,79.66111305108983,373.54,SA(0.2),-1.572953132928204,0.6135216415532267,0.2804246257470012,0.5456838223081387
TTN050,89.29934402229367,573.04,SA(0.2),-1.9298696249393983,0.6380308627156067,0.2984049593533765,0.5639484568743238
TTN051,36.67924057370646,665.2,SA(0.2),-1.0428829246469014,0.6378300208115383,0.29825924660519276,0.5637983303123113
WGK,10.40266620061039,258.89,SA(0.2),-0.10844884350379769,0.49538104916840553,0.18490246831500107,0.45957965695427627
WNT,6.355595224258387,511.18,SA(0.2),0.2149560771472654,0.6104203547426043,0.2781188574611419,0.5433809994916973
WTC,43.046970143373564,207.69,SA(0.2),-0.8799367097901147,0.5159105779135168,0.2030591512572185,0.47426860057751763
ALS,21.15138156147171,553.43,SA(0.4),-0.548925420397663,0.6555966878903158,0.30639450122241674,0.5795941914766043
CHK,63.02404599943716,424.57,SA(0.4),-1.5258229568292276,0.6503694403673667,0.30257084218207886,0.575700698649037
CHY002,25.505683407066318,235.13,SA(0.4),-0.45776834520095444,0.557367052786613,0.23073203396566416,0.5073664947886317
CHY004,48.07893833473184,271.3,SA(0.4),-0.9967724940127662,0.6040746366286193,0.26784449388684756,0.5414475909194693
CHY006,10.589594525139994,438.19,SA(0.4),-0.09465329636888353,0.6344723145071763,0.2908303418945857,0.5638907962625137
CHY008,41.23915234428305,210.73,SA(0.4),-0.7540436575765594,0.5624936952554324,0.23493722991468044,0.5110808695325308
CHY010,20.724953105809405,538.69,SA(0.4),-0.7019161221186548,0.6550200110992325,0.30597352029110164,0.5791644151889076
CHY012,59.82694761124689,198.4,SA(0.4),-0.9987689162226652,0.574494034733354,0.24464135280315594,0.5198018896106958
CHY014,37.42185396368311,347.63,SA(0.4),-0.9055130287440589,0.6250852021310078,0.28381225137947297,0.5569399571678062
CHY015,38.851553931384295,228.66,SA(0.4),-0.745603839058878,0.571776314763988,0.2424599330282977,0.5178236524155695
CHY016,67.39311492490651,200.86,SA(0.4),-1.0982939767544466,0.5826192291105023,0.25110998552671043,0.525727059697417
CHY017,59.79653364012802,190.57,SA(0.4),-0.9766310481323544,0.5693306295899705,0.2404889062250668,0.5160450094439274
CHY019,52.664018987304125,497.53,SA(0.4),-1.4915465033558755,0.656908991528387,0.30735172493163954,0.5805724247089145
CHY022,67.37194759211643,564.07,SA(0.4),-1.828775960821202,0.6627950094054055,0.3116321366237321,0.5849637902605931
CHY023,82.48037770558093,279.78,SA(0.4),-1.4847315068772695,0.6255344680967279,0.2841496756428149,0.5572722248678282
CHY024,11.325693557566668,427.73,SA(0.4),-0.12275135352684419,0.6322395009753455,0.28916704031025064,0.5622359019057426
CHY025,20.997755926782464,277.5,SA(0.4),-0.371573633635673,0.5791630751345946,0.24836798039695185,0.5232047533355364
CHY026,30.210404768019664,226.01,SA(0.4),-0.5611306309596982,0.5580686251942247,0.23130973421122375,0.507874391247782
CHY027,42.57072697901259,210.01,SA(0.4),-0.7754064918352936,0.5636702405695041,0.2358970921775534,0.5119342750840751
CHY028,3.81905953609022,542.61,SA(0.4),0.22301295018933565,0.6509725468217038,0.3030128988742071,0.576149667908769
CHY029,11.759168799911324,544.74,SA(0.4),-0.2888046423784212,0.6534343681513434,0.3048149031591719,0.577983000003815
CHY032,36.21575834030445,192.71,SA(0.4),-0.6295344254419726,0.5413602240052625,0.2173442083797581,0.4958148719217731
CHY033,44.61021757313737,197.63,SA(0.4),-0.7820262944052108,0.5572872831181214,0.23066630319420545,0.5073087546020628
CHY034,15.559574786944564,378.75,SA(0.4),-0.2732036347666261,0.6204728040132719,0.28033879295478775,0.5535310846598813
CHY035,13.44254351914465,573.04,SA(0.4),-0.40957301544438296,0.6567415537984588,0.3072296516725456,0.5804475942053513
CHY036,16.839316616786387,233.14,SA(0.4),-0.20187917542191103,0.540145628742103,0.2163110125721683,0.49494125519015386
CHY039,32.69010874984208,201.21,SA(0.4),-0.5766848340821233,0.5426484179497976,0.2184371880127497,0.49674188508369294
CHY041,21.610943270708972,492.26,SA(0.4),-0.6564121678204227,0.6494532003522225,0.3018988169134087,0.5750187508195087
CHY042,30.629771574103184,665.2,SA(0.4),-1.2041674576014505,0.6645257604844503,0.3128868127617039,0.5862561971930527
CHY044,55.933003322544856,194.47,SA(0.4),-0.9376278662926674,0.5680659939867694,0.23946668937088042,0.5151258857851414
CHY046,24.881430138705287,442.15,SA(0.4),-0.7237364636529873,0.6425242013540783,0.2967986456967084,0.5698665749439038
CHY047,24.93307771977854,169.52,SA(0.4),-0.37569387170978796,0.4977681126361653,0.17829177842121524,0.46474200983424174
CHY050,45.48094043081733,538.93,SA(0.4),-1.4202355172101293,0.6593510986294452,0.30913022061390044,0.5823936623685543
CHY052,40.52523944488567,573.04,SA(0.4),-1.3591465153367084,0.6610493168284771,0.31036482570240725,0.5836607527032383
CHY054,49.228155688795745,172.1,SA(0.4),-0.78780878185515,0.5433889038383433,0.21906416109776733,0.4972749683396176
CHY055,55.04100932988003,225.77,SA(0.4),-1.0044766559010816,0.5866397528160575,0.2542827011433654,0.5286648347330462
CHY057,58.30189007907089,411.46,SA(0.4),-1.4386582263642627,0.6476012023671575,0.300538771537436,0.5736407971110117
CHY058,60.47926509005612,269.28,SA(0.4),-1.1831076132739515,0.6113755905080136,0.2734364123991123,0.5468204833794404
CHY059,74.0105222831666,191.09,SA(0.4),-1.1438934444051716,0.5821325005990747,0.25072466134331345,0.5253716707703343
CHY060,69.53930995385498,228.92,SA(0.4),-1.2021331509255917,0.5992052000481509,0.26408736486942264,0.5378705564362759
CHY061,62.41616207975734,538.69,SA(0.4),-1.7102371425394236,0.6610083262339685,0.31033504604410067,0.5836301624722958
CHY062,59.70708366780761,602.63,SA(0.4),-1.774394211444384,0.6640499414950869,0.31254205273011687,0.58590083638349
CHY063,73.64708029924377,246.88,SA(0.4),-1.2967273168390967,0.6096123507851927,0.2720903243983043,0.5455218360420364
CHY065,85.87815923556157,250.0,SA(0.4),-1.4421748984337772,0.6168580812412159,0.27760454744241947,0.5508626032250546
CHY066,90.36922111828896,211.97,SA(0.4),-1.3810753277556196,0.6037452368695982,0.2675910481387232,0.5412054526690828
CHY067,84.21459469490114,227.97,SA(0.4),-1.3661419971958244,0.6074813586362205,0.2704597794544697,0.5439532229778109
CHY069,86.69064381036402,224.42,SA(0.4),-1.38181522490048,0.6072730620617591,0.2703001794690978,0.5437999493240494
CHY070,84.43554371983527,265.45,SA(0.4),-1.4706588780317904,0.6217499100886819,0.28130225443056284,0.5544745191147803
CHY071,79.42270364079795,202.95,SA(0.4),-1.2397384274711036,0.5927011908995348,0.25903274342882127,0.5331010593925557
CHY074,21.15138156147171,553.43,SA(0.4),-0.5506378924938278,0.6555966878903158,0.30639450122241674,0.5795941914766043
CHY076,42.877573217177414,169.84,SA(0.4),-0.6914647911817133,0.5322905804884311,0.2095641041073054,0.48930169460815626
CHY078,77.88051206740859,160.67,SA(0.4),-1.0793160236573407,0.5658048035068823,0.23763370949651097,0.5134834912462031
CHY079,50.68613779255426,573.04,SA(0.4),-1.569831219965024,0.6620219798172511,0.3110711692642245,0.5843867122152427
CHY080,4.988369897004964,496.21,SA(0.4),0.30725342562279234,0.6434934046638365,0.29751398748869556,0.5705867060267286
CHY081,43.161132192340126,573.04,SA(0.4),-1.419134889679936,0.6613292298460236,0.31056815544946026,0.5838696524648755
CHY082,36.69569501183828,193.69,SA(0.4),-0.6400664100337143,0.5429348365476884,0.2186798118184643,0.496948062316482
CHY086,31.247850964812436,665.2,SA(0.4),-1.2196619888022726,0.6645626884229493,0.31291356375329704,0.5862837780999481
CHY087,29.89661912611536,505.2,SA(0.4),-0.973661234874158,0.6535134919765003,0.3048727560266608,0.5780419421011139
CHY088,38.170938955225544,318.52,SA(0.4),-0.8941873766959174,0.6162863234510287,0.27717106109265516,0.5504407646291812
CHY090,59.17740188206011,180.33,SA(0.4),-0.939583573224196,0.5615859747516599,0.23419537260387954,0.5104227017763827
CHY092,24.650496063812138,253.72,SA(0.4),-0.45617756214413485,0.5691851364598965,0.2403714085272298,0.5159392459674944
CHY093,50.52955404993735,190.49,SA(0.4),-0.85344715711747,0.5592982989255322,0.23232057009246998,0.5087649161379976
CHY094,37.57279552970941,221.92,SA(0.4),-0.7086410328136545,0.5656049832409786,0.23747140277042025,0.513338416576508
CHY096,83.07046778565815,293.61,SA(0.4),-1.5261546250260172,0.6298177757003626,0.2873588176541839,0.5604420938014397
CHY099,65.94429160338161,228.84,SA(0.4),-1.1572461437991064,0.5967090759343824,0.26215250626213343,0.5360389769064807
CHY100,54.13764361475702,230.11,SA(0.4),-1.0018080604396058,0.5882872495853071,0.2555776451130878,0.5298697531876054
CHY101,10.40266620061039,258.89,SA(0.4),0.03472046394125916,0.5488180146310498,0.22363287300040485,0.5011881396213921
CHY102,42.67253817797281,804.36,SA(0.4),-1.6784826725868425,0.6680374522460528,0.3154271667820366,0.588880072730649
CHY104,18.66688688746901,223.24,SA(0.4),-0.2548182832034245,0.5353492870293978,0.2122050199893756,0.49149556316836995
CHY107,51.35844504410688,175.68,SA(0.4),-0.8262209518638728,0.5490456779162889,0.2238234004602897,0.5013524128245022
CHY109,43.43968322952119,573.04,SA(0.4),-1.4249680881562745,0.6613563432465046,0.31058784821344165,0.5838898879879088
CHY110,43.43968322952119,573.04,SA(0.4),-1.4249680881562745,0.6613563432465046,0.31058784821344165,0.5838898879879088
CHY116,82.01615041444819,195.38,SA(0.4),-1.2431966166455677,0.5904382579211143,0.25726395848249484,0.5314438748191924
ENA,65.88362730496057,665.2,SA(0.4),-1.9492789946992755,0.6662539440839318,0.314137872842562,0.5875472022342931
ESL,43.897780904479816,493.29,SA(0.4),-1.290543915746699,0.6549223342855356,0.3059021943999167,0.5790916260898015
HEN,162.89527803630148,204.23,SA(0.4),-2.0260716773142837,0.6311030581269286,0.28831904400343666,0.5613939782738195
HSN,54.870046821119146,321.49,SA(0.4),-1.212337234487888,0.6267114816228444,0.2850329308913871,0.5581429113635382
HWA,54.910390623144146,260.38,SA(0.4),-1.0675236534513906,0.6033541641462102,0.2672900179208645,0.5409180101572103
HWA002,56.44202545573511,789.18,SA(0.4),-1.948394604558747,0.6681088887690716,0.31547876996358204,0.588933470737153
HWA003,55.34036308551032,1525.85,SA(0.4),-2.2629600211309735,0.6695234526049106,0.3165,0.5899910199214901
HWA005,48.52595230785456,459.32,SA(0.4),-1.3332531625086306,0.6519547143158069,0.30373229176628175,0.5768809621204427
HWA006,49.18260421653337,559.11,SA(0.4),-1.5052174924422501,0.6610061298857915,0.3103334503690765,0.5836285234021859
HWA007,55.59377109620273,358.72,SA(0.4),-1.2819165597291258,0.6364712047753128,0.292316291869871,0.565373133439843
HWA009,55.351901573503156,373.23,SA(0.4),-1.3056947838083275,0.6396078785047489,0.2946422733353375,0.5677007741840149
HWA011,52.50669252247871,355.76,SA(0.4),-1.2230093556804333,0.6345871544366384,0.2909157911225855,0.5639759383621877
HWA012,55.940482597974515,414.42,SA(0.4),-1.3922696603759626,0.6473220496835709,0.30033357483518425,0.5734331520179646
HWA013,53.649974548577966,330.55,SA(0.4),-1.193747874996639,0.6283512791372692,0.2862616774081824,0.5593563998390436
HWA014,54.562707264600675,277.28,SA(0.4),-1.0989312261355648,0.6104269561872436,0.2727125508581494,0.5461217203558785
HWA015,50.48367897862757,453.05,SA(0.4),-1.3610960252618605,0.6515752630117304,0.30345443462611765,0.5765984126535113
HWA016,51.54840213276211,576.55,SA(0.4),-1.5779509905477593,0.6622231424479227,0.3112171820121847,0.5845368731004028
HWA017,50.52422325112912,578.11,SA(0.4),-1.5602889868732586,0.6622178027866699,0.31121330656158913,0.584532887138617
HWA019,54.910390623144146,494.82,SA(0.4),-1.5129839854142755,0.6568675245213716,0.3073214943397377,0.580541509185713
HWA020,43.897780904479816,626.43,SA(0.4),-1.4884925697689857,0.66394506345525,0.31246604423794744,0.5858225144912791
HWA022,61.14643046699228,567.64,SA(0.4),-1.7344961034452697,0.6625220731053781,0.3114341145404309,0.5847600274063419
HWA023,50.46681972096665,671.52,SA(0.4),-1.6897641549553386,0.6658315133777951,0.3138322292072265,0.5872315864442135
HWA024,42.66088086872478,671.52,SA(0.4),-1.520307250868436,0.6654536671216484,0.3135587560501246,0.5869493075129641
HWA025,52.97661131498272,494.32,SA(0.4),-1.4769922518855219,0.6565407820338244,0.30708325275748805,0.5802979186154871
HWA026,51.216871807519986,457.49,SA(0.4),-1.382641753973541,0.6522834228493165,0.3039729172792221,0.577125748242772
HWA027,50.999260902587345,437.8,SA(0.4),-1.3447456564879117,0.6496366607058387,0.3020334215326389,0.5751552861708916
HWA028,53.17903686421587,406.7,SA(0.4),-1.3298398163334868,0.645335327104897,0.2988716946148114,0.571955762771611
HWA029,53.68312510210313,614.05,SA(0.4),-1.6727819151529815,0.664100030351998,0.3125783514509657,0.5859382429213178
HWA030,46.3240822341362,592.18,SA(0.4),-1.4942076178094705,0.6625813553987667,0.31147712908822295,0.5848042839933932
HWA031,50.812995101814906,602.29,SA(0.4),-1.6011544037335974,0.663415049257705,0.3120818266054649,0.585426734172774
HWA032,47.149347167648216,573.04,SA(0.4),-1.4839396290474953,0.6616292225817865,0.31078601895184027,0.5840935529504203
HWA033,53.337780221409545,395.57,SA(0.4),-1.3123865822407392,0.643397349542237,0.2974431206096763,0.5705153279272636
HWA034,43.827097965114945,379.18,SA(0.4),-1.0955418270972905,0.6366074512592956,0.29241747057741624,0.5654741991461346
HWA035,47.804623815661444,677.49,SA(0.4),-1.6431696371061075,0.6658759658701547,0.31386439704856356,0.5872647973349442
HWA036,43.05936412870529,503.04,SA(0.4),-1.2869129416382825,0.6557584556057867,0.3065125562023559,0.5797147617482102
HWA037,45.498025716459686,469.64,SA(0.4),-1.287512476923803,0.6525816387704602,0.3041911613337764,0.5773478437014793
HWA038,41.859772602007936,642.73,SA(0.4),-1.4627333163950746,0.6644386597398808,0.3128237128838844,0.5861911439236097
HWA039,45.291665715542166,459.67,SA(0.4),-1.2666288940170225,0.6512853069584951,0.3032420488635038,0.5763825213008159
HWA041,47.47960397850945,484.97,SA(0.4),-1.3543307715531818,0.6547085134257293,0.3057460364850574,0.5789322920046923
HWA043,57.422369838378636,543.06,SA(0.4),-1.6342315957682554,0.6608208555364176,0.31019883573170626,0.5834902616347395
HWA044,58.67615362772547,534.41,SA(0.4),-1.6420952101993649,0.6603864074106462,0.3098830979453513,0.5831660764315187
HWA045,62.479427036765046,484.45,SA(0.4),-1.6226755866272877,0.6569599647412796,0.30738888435056594,0.5806104279554215
HWA046,51.02049634079368,617.52,SA(0.4),-1.6268916096657424,0.66407010122217,0.3125566623908391,0.5859158916878106
HWA048,50.7224249000127,345.89,SA(0.4),-1.1721127434720244,0.6312985691461472,0.2884650001218808,0.5615388028539579
HWA049,50.09848662493223,508.61,SA(0.4),-1.4451942037576377,0.6574053075219735,0.30771347040757785,0.5809424743361301
HWA050,52.588798916808756,313.9,SA(0.4),-1.142339956701594,0.62270526288774,0.28202211975176283,0.555180482725043
HWA051,52.76943285780981,440.5,SA(0.4),-1.3823956831167683,0.6504106366807668,0.30260104519318776,0.5757313642276846
HWA053,41.01531883433213,843.24,SA(0.4),-1.6858705540553762,0.6684146508187119,0.31569960848837814,0.5891620342735819
HWA054,42.366722327932806,452.83,SA(0.4),-1.1901098841533728,0.6496395994958206,0.3020355775401193,0.5751574733349961
HWA055,46.95869477154732,369.75,SA(0.4),-1.1449820264230834,0.6357246087262538,0.29176162066099415,0.564819382501538
HWA056,40.36324611604254,511.3,SA(0.4),-1.2389777101888013,0.656076096961009,0.3067443172465825,0.579951522836624
HWA057,49.81118228871056,671.52,SA(0.4),-1.6766361661643017,0.665802601483927,0.3138113066313785,0.5872099862681763
HWA058,45.22518970943778,529.54,SA(0.4),-1.3768731272499486,0.658455683036567,0.30847854766215793,0.5817257705787132
HWA059,48.38288493912992,208.56,SA(0.4),-0.8481908684287904,0.5682446688422483,0.2396112403756869,0.5152557201557895
HWA060,56.69388929890098,573.04,SA(0.4),-1.6673254447753352,0.6624595259273075,0.31138872876162765,0.5847133341151461
HWA2,54.910390623144146,260.38,SA(0.4),-1.0675236534513906,0.6033541641462102,0.2672900179208645,0.5409180101572103
ILA001,102.14533163111949,909.09,SA(0.4),-2.708650560350426,0.6691840858997494,0.31625510154616304,0.5897372733408575
ILA002,96.5430887001664,219.78,SA(0.4),-1.4644763948344528,0.6101776073153411,0.2725221514187833,0.5459380820708081
ILA003,91.77508445604383,263.82,SA(0.4),-1.542215175196787,0.624017572218673,0.2830097626257654,0.5561505234162734
ILA004,87.85445904337864,124.27,SA(0.4),-1.0086098590740047,0.5476327878478088,0.22263962605211268,0.5003331562442555
ILA005,86.15882510967322,239.33,SA(0.4),-1.4133949028926205,0.6128474052766764,0.2745579255636816,0.5479049987584733
ILA006,84.0230749317769,279.41,SA(0.4),-1.4961650767691967,0.6258397604171869,0.2843788771996484,0.5574980358007633
ILA007,83.01426463964907,496.27,SA(0.4),-1.9306772150368996,0.6600593058562497,0.3096452996712008,0.5829220150577318
ILA008,83.77120048773067,299.28,SA(0.4),-1.5421447572500298,0.6314325314612494,0.2885649913476949,0.5616380396270062
ILA010,79.14352703450395,573.04,SA(0.4),-2.0051325324306832,0.6638842820432157,0.3124219910242498,0.5857771243984179
ILA012,87.16828457720456,259.21,SA(0.4),-1.479262613461646,0.6206024476546541,0.2804366578872254,0.5536268408847163
ILA013,83.10768677806287,199.48,SA(0.4),-1.2609023188799817,0.5929091306989654,0.2591950087385785,0.5332533963428748
ILA014,79.65880504821489,300.77,SA(0.4),-1.4967031856668986,0.6304002845134955,0.28779416067269226,0.5608734614843144
ILA015,84.4098971671404,782.59,SA(0.4),-2.355798828506384,0.6683945938248766,0.3156851238398011,0.5891470407636545
ILA016,81.37675877808526,271.1,SA(0.4),-1.4444250913305154,0.6221159814821017,0.2815781787353458,0.5547450077968474
ILA021,75.9361246011624,573.04,SA(0.4),-1.9621241075752216,0.6637120463554388,0.3122971460299312,0.585648506408822
ILA024,66.86639827014352,671.52,SA(0.4),-1.9728110819384768,0.6664339941107212,0.3142681139562038,0.5876817344930667
ILA027,82.20017425265452,215.0,SA(0.4),-1.299250531739977,0.6000921312997961,0.264773393497517,0.5385216951467607
ILA030,84.59458810632478,200.98,SA(0.4),-1.2813985010082043,0.5946715763188762,0.2605685439416495,0.5345449631132125
ILA031,82.26156099466952,649.25,SA(0.4),-2.157186751322295,0.6663813206213218,0.3142300139687189,0.5876423766154341
ILA032,83.16745823634133,295.48,SA(0.4),-1.5258872365569756,0.6301906616286259,0.2876375267367666,0.5607182208709479
ILA035,92.41248666952322,293.01,SA(0.4),-1.6250263743816098,0.632638355201788,0.2894644310865622,0.5625314494391905
ILA036,88.96142770127999,181.0,SA(0.4),-1.258506665230305,0.5869022991257768,0.2544892620645018,0.5288568087989302
ILA037,83.10530005645415,210.17,SA(0.4),-1.2943804697481787,0.598320156554642,0.2634020307464157,0.537220978684038
ILA039,85.105398122443,227.18,SA(0.4),-1.3669713980851597,0.6072993842596439,0.2703203501146676,0.5438193178216697
ILA041,86.92925202295595,196.88,SA(0.4),-1.2923898349345342,0.594085367564483,0.2601120439881172,0.5341152951625245
ILA042,84.64451794546719,209.36,SA(0.4),-1.3083554462556495,0.5988837842480174,0.2638385650498621,0.537634633024748
ILA043,76.15127489591175,573.04,SA(0.4),-1.9650505999368504,0.6637238584527791,0.3123057085848576,0.5856573269965594
ILA044,79.50525087467304,158.13,SA(0.4),-1.0796993932715033,0.5649449415330154,0.2369348932433573,0.5128592821890826
ILA046,78.60335463818913,396.93,SA(0.4),-1.6911536301640802,0.6494926950513198,0.30192779597906,0.5750481431499921
ILA048,87.92935080981664,199.59,SA(0.4),-1.3116050356970257,0.5961093988176532,0.26168674801693803,0.5355991610066837
ILA049,86.95811873375148,190.0,SA(0.4),-1.2696705889779603,0.5904724878679656,0.2572907537746795,0.5314689331946336
ILA050,65.88362730496057,621.06,SA(0.4),-1.8880375109316119,0.6650021759716668,0.31323187181916423,0.5866120426003154
ILA051,78.04823034364469,520.64,SA(0.4),-1.907322469473951,0.6612070605204544,0.31047941703528564,0.5837784755192067
ILA052,84.06986671281122,612.47,SA(0.4),-2.127972869522987,0.6654772352751663,0.31357581636654486,0.5869669139393924
ILA054,114.92568764400566,677.3,SA(0.4),-2.5782194409822483,0.6676021775501892,0.31511267670984305,0.5885547285057798
ILA055,89.2530675683504,266.77,SA(0.4),-1.5224948095003532,0.6239569613961728,0.2829641771781506,0.5561057130695901
ILA056,90.99352301582981,223.71,SA(0.4),-1.4194173193001554,0.6089681130948369,0.2715978119163444,0.5450475129092326
ILA059,85.27547272039952,236.84,SA(0.4),-1.3966536625650012,0.6114107633330009,0.27346323599193095,0.5468463953252909
ILA061,77.51126528132811,497.73,SA(0.4),-1.861849408679278,0.6596696276360062,0.309361924424431,0.5826312876441152
ILA062,72.19750000793086,447.51,SA(0.4),-1.7015583755380348,0.6546779337951015,0.3057237011811512,0.5789095054793292
ILA063,60.16791606248126,996.51,SA(0.4),-2.2295537752899204,0.6693146549354372,0.31634933230525847,0.5898348983074505
ILA064,71.3059446511398,488.61,SA(0.4),-1.7613596899912447,0.6583625878007857,0.30841076590697797,0.5816563388190819
ILA066,69.33530918828765,481.17,SA(0.4),-1.7204735629259045,0.657522565309209,0.3077989128370313,0.5810299072742682
ILA067,38.0530901443823,665.2,SA(0.4),-1.3955222962727536,0.6649825141241813,0.31321763373186395,0.5865973559523848
KAU001,47.872270820263516,573.04,SA(0.4),-1.4991164332303009,0.6616990551871573,0.3108367256929086,0.5841456749785007
KAU003,115.67129144447121,913.77,SA(0.4),-2.8635433095652467,0.6692335082481186,0.3162907704486339,0.5897742255228641
KAU006,115.55793209386754,218.49,SA(0.4),-1.6467747888784878,0.6184148404899821,0.27878343773183667,0.5520115123660639
KAU007,108.23991364360973,290.86,SA(0.4),-1.787903220093372,0.636802829525272,0.29256253814715644,0.5656191341921579
KAU008,109.31472860629879,285.94,SA(0.4),-1.7859011678384564,0.6359540819636966,0.29193214687034963,0.5649895715762875
KAU010,100.62762664372208,215.36,SA(0.4),-1.4916796198413684,0.6104190042285599,0.2727064797012609,0.5461158637618325
KAU011,104.19724162361148,155.32,SA(0.4),-1.301017985678671,0.5829053892443511,0.2513364017860691,0.5259360283792508
KAU012,87.20034181709256,516.18,SA(0.4),-2.016657265570408,0.6616253647657937,0.31078321763544403,0.584090673558164
KAU015,108.83525214819949,233.21,SA(0.4),-1.6293268074908775,0.6207594213957219,0.280555135326596,0.5537427880283651
KAU018,79.82224640898121,538.69,SA(0.4),-1.9600805059405384,0.6623404682350871,0.31130233111665295,0.5846244559571658
KAU020,75.40786468933833,373.33,SA(0.4),-1.6022315306162902,0.6451255060157226,0.298717148446569,0.5717997759146051
KAU022,99.29885279683903,217.05,SA(0.4),-1.4835839457909217,0.6104361175583175,0.2727195453070142,0.5461284676952919
KAU030,102.44967456859456,259.36,SA(0.4),-1.6425971228519487,0.6266680880068424,0.28500038658872434,0.55811080635518
KAU032,113.1787121371236,194.13,SA(0.4),-1.5386999250322988,0.6078122495468755,0.2707132320125271,0.5441967261134203
KAU033,121.30415327080891,182.93,SA(0.4),-1.5704383566510633,0.6071201872095017,0.2701830193096595,0.5436874633408577
KAU034,108.86832940689311,1010.4,SA(0.4),-2.883428283958225,0.669410835180773,0.31641873872045295,0.5899068130170881
KAU037,136.63858595740618,283.21,SA(0.4),-2.0471772430389246,0.6422206250548187,0.2965744518724663,0.5696410499098079
KAU038,143.3217590914785,667.59,SA(0.4),-2.8578722583874443,0.6678939787983785,0.3153235178744176,0.5887728305470887
KAU039,152.7137646620572,464.82,SA(0.4),-2.622121227534434,0.6629544678924617,0.3117478072363725,0.5850828412984699
KAU040,141.54082737203709,567.64,SA(0.4),-2.691559700720044,0.6660890046141498,0.3140185456074705,0.5874239653626994
KAU042,160.2092768679782,806.48,SA(0.4),-3.200144687675747,0.6690307006225871,0.3161443920832799,0.5896225926216219
KAU043,172.12019900001243,538.49,SA(0.4),-2.941005395455049,0.6662283649438882,0.3141193683727594,0.5875280901105115
KAU044,121.91611938734569,221.24,SA(0.4),-1.7162416009301011,0.6219329506683823,0.2814402337768205,0.5546097636525424
KAU046,162.89527803630148,204.23,SA(0.4),-2.0260716773142837,0.6311030581269286,0.28831904400343666,0.5613939782738195
KAU047,57.34078848787392,573.04,SA(0.4),-1.6786169634128425,0.6625095536769736,0.3114250303201303,0.584750681233779
KAU048,94.06716422546164,295.66,SA(0.4),-1.649895903157791,0.6338344043052253,0.29035551472486276,0.5634178974347726
KAU050,41.405707951930495,665.2,SA(0.4),-1.4816959310852431,0.6651874326383773,0.3133660139586528,0.5867504255096039
KAU051,125.39181021164151,1004.58,SA(0.4),-3.055799553795098,0.6694182292568064,0.3164240742797298,0.5899123416894533
KAU052,169.07733558731505,573.04,SA(0.4),-2.968836474758837,0.6668922186230414,0.31459949088549427,0.5880241420167629
KAU054,35.06562470884893,497.22,SA(0.4),-1.0684174354261595,0.6534526952378064,0.3048283037055583,0.5779966523895665
KAU057,114.76630263975981,535.13,SA(0.4),-2.362401589302862,0.6640936295004831,0.3125737129223155,0.5859334627183217
KAU058,110.06905598566512,229.66,SA(0.4),-1.6302586272982889,0.6200473606310895,0.28001753930218654,0.5532168716775806
KAU062,114.45650676026153,246.84,SA(0.4),-1.7264041547971782,0.6272072276741905,0.2854046263818994,0.5585097185247112
KAU063,93.6060399190571,227.24,SA(0.4),-1.4618127520456432,0.6119526119720433,0.2738763247534225,0.5472456103423435
KAU064,102.44159350370471,244.84,SA(0.4),-1.6030330837835582,0.6221817844651442,0.28162776591760996,0.554793632249404
KAU066,101.67439153000315,214.97,SA(0.4),-1.5004973293449684,0.6107622824559663,0.2729685145809745,0.5463686994313254
KAU069,71.14795101360905,500.15,SA(0.4),-1.778667638695007,0.6592332271030138,0.3090444630651571,0.5823057337562653
KAU073,110.99667430146175,216.33,SA(0.4),-1.5958807578994598,0.6156541041801901,0.2766914135180798,0.5499743972943462
KAU074,105.92197691458655,228.34,SA(0.4),-1.585327650837948,0.6178385689387965,0.2783472792358496,0.5515861577399671
KAU075,116.89998968320606,196.3,SA(0.4),-1.5813382625740307,0.6105546640921653,0.27281004553852106,0.5462157786973632
KAU077,83.2746332190764,665.2,SA(0.4),-2.192184519115548,0.6667556085414562,0.3145007104706307,0.5879220565984543
KAU078,89.35199696595875,531.85,SA(0.4),-2.0689022136884514,0.6626022853109121,0.3114923150912888,0.5848199091500841
KAU081,162.4731162832657,295.0,SA(0.4),-2.3229962144163423,0.6491918744072723,0.3017070444215501,0.5748242767514612
KAU082,169.92818795624305,573.04,SA(0.4),-2.9769636606780057,0.6669106167809078,0.31461279345515897,0.5880378907599683
KAU083,111.33662490367176,202.14,SA(0.4),-1.5503359772869725,0.6102489297746501,0.27257661792377647,0.5459906076594554
KAU085,88.81470945306066,260.75,SA(0.4),-1.5042085324103716,0.621917224870516,0.2814283804438155,0.5545981439487649
KAU086,99.09116222127146,216.8,SA(0.4),-1.480712450918358,0.6102305746817209,0.2725626012034462,0.5459770899054232
KAU087,113.8969815243451,276.11,SA(0.4),-1.8055329705827339,0.6349010526045596,0.29114930497677133,0.5642086748800668
KAU088,111.19576926643339,227.46,SA(0.4),-1.634224055650243,0.6197500166934637,0.27979292596201955,0.5529972891191787
NCU,80.12485352707097,466.16,SA(0.4),-1.8475063220739272,0.6575212411709065,0.3077979480222919,0.5810289199206833
NSK,57.92066683550797,665.2,SA(0.4),-1.8194738007744076,0.6659688268520014,0.31393159176249397,0.5873341757739778
NST,37.88427385619578,491.08,SA(0.4),-1.1727801596116465,0.6537122369507525,0.30501805462009884,0.5781899991308457
NSY,13.269189808642082,599.64,SA(0.4),-0.44041845741815966,0.6589704205725408,0.30885322741905724,0.5821096967946707
PNG,110.99680090093074,465.86,SA(0.4),-2.2053897009945853,0.6603382084864485,0.3098480620644117,0.5831301124294824
SGL,94.06716422546164,295.66,SA(0.4),-1.649895903157791,0.6338344043052253,0.29035551472486276,0.5634178974347726
SSD,86.12829009110234,535.13,SA(0.4),-2.0346691407927397,0.6625660477620305,0.311466022244037,0.5847928561759919
STY,41.405707951930495,665.2,SA(0.4),-1.4816959310852431,0.6651874326383773,0.3133660139586528,0.5867504255096039
TAI1,77.88051206740859,160.67,SA(0.4),-1.0793160236573407,0.5658048035068823,0.23763370949651097,0.5134834912462031
TAP,99.45326800656716,235.82,SA(0.4),-1.5433844427903038,0.6177225005732127,0.27825939794437426,0.5515004942609363
TAP003,102.49615603578604,212.39,SA(0.4),-1.5001432287857026,0.610112755763561,0.2724726225996424,0.5458903229395806
TAP005,106.45776496285161,179.84,SA(0.4),-1.42210413586008,0.5975684100753995,0.26281931008468307,0.5366693721153202
TAP006,105.19861667361013,184.77,SA(0.4),-1.4290848125138924,0.5992383804804909,0.2641130432516511,0.5378949126225615
TAP007,103.22929751249532,207.39,SA(0.4),-1.4906362229221761,0.6083963907850319,0.2711604246766852,0.5446266541488884
TAP008,103.88983230695109,194.14,SA(0.4),-1.4509902013339855,0.6029091177173943,0.26694726592480417,0.5405909372548144
TAP010,101.02607768818412,226.38,SA(0.4),-1.5304070503273663,0.6149373941210549,0.2761472545940711,0.5494458048511708
TAP012,101.22135041662736,207.99,SA(0.4),-1.472989625107014,0.6076204308969679,0.2705663167625093,0.5440555635934499
TAP013,101.93097443003171,205.11,SA(0.4),-1.4702475839766747,0.6067495141197882,0.26989885450627904,0.5434147414459765
TAP014,102.68862503887601,188.98,SA(0.4),-1.4208729405104532,0.5998104081064798,0.2645555675176194,0.5383148496635516
TAP017,98.95262064237038,217.83,SA(0.4),-1.4826125964465218,0.6105829030892477,0.2728316017833141,0.5462365775131182
TAP020,100.10708960480885,218.5,SA(0.4),-1.496310455415056,0.6114229794918904,0.27347255205677173,0.5468553950746915
TAP021,100.64194987891956,167.18,SA(0.4),-1.3180317653907136,0.5872152937757258,0.25473541545690287,0.5290856918837543
TAP024,96.12094949935707,194.98,SA(0.4),-1.3785407659233846,0.5988539814189224,0.26381549031534557,0.5376127585269613
TAP026,97.04891677159061,194.28,SA(0.4),-1.3852318940988109,0.5990651796907329,0.2639789910786159,0.537767776821005
TAP028,95.95079486383781,287.94,SA(0.4),-1.6508561376337982,0.6324524682120765,0.28932584608517947,0.5623937049208878
TAP032,94.42845888739913,308.88,SA(0.4),-1.686493041852364,0.6371056026874382,0.292787291847112,0.565843751143863
TAP034,91.89598828035317,538.69,SA(0.4),-2.1107136046112602,0.6630822285689972,0.3118404734799811,0.5851782300665406
TAP035,89.039962013356,438.13,SA(0.4),-1.9001969728158086,0.6559335133798342,0.3066402916014609,0.5798452427513605
TAP036,87.5599551150271,671.52,SA(0.4),-2.2548557816859107,0.6669824544291294,0.31466473294247854,0.5880915748066319
TAP041,111.82723819014045,363.56,SA(0.4),-2.001258909265944,0.6505346288535486,0.30269194321037285,0.5758236629847306
TAP042,106.68190483381903,375.85,SA(0.4),-1.9737387769940358,0.6513491231843789,0.30328879734776043,0.5764300353697821
TAP043,91.48433103527901,388.16,SA(0.4),-1.830356674040502,0.6505408995349683,0.3026965399494033,0.5758283309029046
TAP046,117.32193358845494,816.9,SA(0.4),-2.776810616680604,0.6688758383292538,0.31603260296454966,0.5895068116350424
TAP047,85.80907617073753,403.2,SA(0.4),-1.7934645920316203,0.6515837320251306,0.30346063715879573,0.5766047186201089
TAP049,108.6027661355923,573.04,SA(0.4),-2.3565887451675187,0.6651745886783346,0.3133567144479883,0.586740831145876
TAP051,103.74251653105222,403.17,SA(0.4),-1.999439201744496,0.6541794814846796,0.30535954949221356,0.5785381055120542
TAP052,100.31096345926947,433.88,SA(0.4),-2.022528520342085,0.6568284983575,0.3072930422166563,0.5805124137000006
TAP053,91.65600419476041,538.69,SA(0.4),-2.1078435426326667,0.6630685630313692,0.31183056217560307,0.5851680269578406
TAP059,118.32453599408895,456.18,SA(0.4),-2.260133369167333,0.66023127646562,0.30977032797948395,0.5830503257240364
TAP060,120.15382017573265,631.27,SA(0.4),-2.568705669343048,0.6669423593195126,0.31463574406136596,0.5880616117496775
TAP065,121.46351678308714,1023.45,SA(0.4),-3.0318979041302483,0.6694378668182643,0.31643824457751546,0.5899270250623281
TAP066,115.01873277372866,662.78,SA(0.4),-2.5583837872375015,0.6673859636213509,0.3149564196475914,0.5883931323201941
TAP067,96.47463981057544,807.68,SA(0.4),-2.5327890481840027,0.66869065883164,0.3158989110854987,0.5893683696837564
TAP069,122.45755568413036,671.52,SA(0.4),-2.649633092514673,0.6676410154644933,0.31514074188902363,0.5885837564290197
TAP072,100.78864973474847,671.52,SA(0.4),-2.412394566025951,0.6672613665301974,0.3148663615398311,0.5883000132877908
TAP075,108.27200165265872,856.38,SA(0.4),-2.7219384240873246,0.6690163281058299,0.31613401769240435,0.5896118470060333
TAP077,117.94442647334881,1022.77,SA(0.4),-2.9938471546758225,0.6694344964834897,0.31643581258808823,0.5899245049951899
TAP078,118.90698625816037,671.52,SA(0.4),-2.6120539058276755,0.6675841718892885,0.3150996651068405,0.5885412709459416
TAP079,118.27326344912967,631.27,SA(0.4),-2.5487389393203923,0.6669013192303116,0.31460607099599314,0.5880309427943348
TAP081,122.7494636646256,671.52,SA(0.4),-2.6527041990183697,0.6676456059432041,0.31514405901830883,0.5885871874248817
TAP083,121.86621664827865,435.22,SA(0.4),-2.25646620864984,0.6590435518355724,0.3089064468578619,0.5821642468459376
TAP084,122.81401514518838,224.22,SA(0.4),-1.7347139290206242,0.6232536108957504,0.28243497309,0.5555857714792941
TAP086,93.25545980723025,887.68,SA(0.4),-2.5821304475913665,0.6690805621200412,0.31618038227027956,0.5896598718535035
TAP087,103.15361263828753,573.04,SA(0.4),-2.295923411196625,0.6649674427374488,0.31320671966430186,0.5865860982480829
TAP090,104.64066341996687,324.38,SA(0.4),-1.8344763381770046,0.6428951946874905,0.2970725415497349,0.5701422071811973
TAP094,108.94222775860766,416.34,SA(0.4),-2.0826519765523948,0.6561574880685427,0.3068036926143763,0.5800121924120242
TAP095,108.81195663904354,206.24,SA(0.4),-1.540645128996899,0.6106963693471522,0.2729182091595916,0.5463201503174808
TAP097,98.42016825129102,237.23,SA(0.4),-1.537034392678917,0.6177778557815479,0.2783013116036069,0.5515413484533677
TAP098,107.08953823454839,538.69,SA(0.4),-2.2848305866480016,0.6638759483474439,0.31241595074992595,0.5857709010451423
TAP100,99.46634920648815,236.32,SA(0.4),-1.5450190241220998,0.6179081272907337,0.27839994003466145,0.5516374961518103
TAP103,114.99244567347492,429.49,SA(0.4),-2.1733693971055343,0.6579594321770069,0.30811717076459266,0.5813556772499192
TAW,123.14546871727185,481.92,SA(0.4),-2.358208519393456,0.6621014922726777,0.3111288858140029,0.5844460646474093
TCU,8.966003941063503,472.81,SA(0.4),-0.04098777002817933,0.6413594013434415,0.2959380841504989,0.5690013462558327
TCU003,85.87715173895934,517.33,SA(0.4),-2.0094169556847143,0.6616379943002846,0.3107923884186264,0.5841000999852243
TCU006,72.13607981372333,607.4,SA(0.4),-1.9690935838604817,0.6648553775183265,0.3131255625517673,0.5865023913776274
TCU007,89.06974444890936,463.88,SA(0.4),-1.9513569307003042,0.6582462453267013,0.3083260505895682,0.5815695710871905
TCU008,84.7584785592634,441.58,SA(0.4),-1.8603361005909291,0.6558033420942214,0.30654531060452644,0.5797482178052166
TCU009,81.06016716272919,460.1,SA(0.4),-1.8483163164394991,0.6570946646700015,0.3074870727165045,0.5807108561496133
TCU010,81.66395774542653,446.15,SA(0.4),-1.8312009416153143,0.6558749395857683,0.3065975538578376,0.5798015835999635
TCU011,76.57844520726454,471.07,SA(0.4),-1.8059139769758659,0.6575131998162103,0.3077920887791364,0.5810229238313476
TCU014,93.21256831945598,496.47,SA(0.4),-2.0598274948078155,0.6609244527193514,0.3102741088022298,0.5835675707314075
TCU015,49.226738245658176,426.0,SA(0.4),-1.3111623081537285,0.6477215252035284,0.30062720129075726,0.5737303025429906
TCU017,53.6114321384972,558.76,SA(0.4),-1.6087745464105452,0.6615078633276396,0.31069789081078225,0.5840029742133428
TCU018,65.56957606032032,573.04,SA(0.4),-1.8254501816340114,0.6631460615955513,0.31188676865910714,0.5852258901869187
TCU025,54.44992612807512,665.2,SA(0.4),-1.7710475218883504,0.6658598954963085,0.3138527679292183,0.5872527909627362
TCU026,55.62700868478751,569.98,SA(0.4),-1.6584732725933016,0.6622819498039291,0.3112598624340535,0.5845807720697185
TCU029,27.893894423621465,406.53,SA(0.4),-0.7687141461387437,0.6363508133267003,0.2922268762301395,0.565283831743247
TCU031,30.15523078028506,489.22,SA(0.4),-0.9639527812536781,0.6516990869410081,0.30354511615152796,0.5766906123566596
TCU033,40.407957354293515,423.4,SA(0.4),-1.1257735718089006,0.6447971921414272,0.2984752654187784,0.5715557146303922
TCU034,35.21698353563212,393.77,SA(0.4),-0.9526580148193045,0.6368519252894858,0.29259898724134925,0.5656555554489512
TCU036,19.699612049739354,478.07,SA(0.4),-0.579787259901571,0.6468008411675283,0.29995031165920455,0.5730454944160789
TCU038,25.342828155086934,297.86,SA(0.4),-0.5318511861018602,0.5959429030658392,0.26155736988676953,0.5354770639088623
TCU039,19.708438206066337,540.66,SA(0.4),-0.6665436901990975,0.6550069413719933,0.30596397681815546,0.5791546754841173
TCU040,22.125103547818437,362.03,SA(0.4),-0.5128474547093218,0.6199470264300256,0.2799417550418625,0.5531427748452589
TCU042,25.987540319450044,578.98,SA(0.4),-0.9591899257879591,0.6595658661884185,0.30928645322907994,0.5825538787870654
TCU045,25.372624034032317,704.64,SA(0.4),-1.1029911816048978,0.6655267137506197,0.3136116313745966,0.5870038768034359
TCU046,16.252239941167144,465.55,SA(0.4),-0.4129649498942227,0.6432315463919684,0.29732078067766454,0.5703921244644137
TCU047,34.3639015403997,520.37,SA(0.4),-1.1308555144180432,0.6561002391243586,0.30676192954980624,0.5799695184731006
TCU048,15.724490368129416,551.21,SA(0.4),-0.5016185668058066,0.6551494915822401,0.30606806073257625,0.5792609071220565
TCU049,7.973343563390163,487.27,SA(0.4),0.0028168730701099154,0.6437007605328989,0.29766694758237694,0.5707407970590703
TCU050,12.061398269660884,542.41,SA(0.4),-0.30243691229566594,0.6532446914886733,0.30467620132086726,0.5778417078290716
TCU051,11.684106742389506,350.06,SA(0.4),-0.06394056366357237,0.6057238758455261,0.2691119251587614,0.5426602855439778
TCU052,4.409004259240465,579.1,SA(0.4),0.17200553124915152,0.6552874515734078,0.30616878093350997,0.5793637214835424
TCU053,8.360955408325248,454.55,SA(0.4),0.015533053206619796,0.6371511069651948,0.29282106476987463,0.5658775107158881
TCU054,10.227617412004046,460.69,SA(0.4),-0.10012429763223707,0.6394543589164462,0.2945285941461081,0.5675868077814707
TCU055,9.165535239523313,359.13,SA(0.4),0.05825089507969905,0.6071325165312657,0.2701924690392789,0.5436965351223474
TCU056,13.309665432524499,403.2,SA(0.4),-0.19630973478355407,0.6266376096445311,0.2849775275811628,0.5580882569941239
TCU057,14.550574484923569,555.23,SA(0.4),-0.44921655647151537,0.6552830238343642,0.3061655485673871,0.5793604216685317
TCU059,17.77385436882762,272.67,SA(0.4),-0.2574461704839748,0.5713490119047954,0.24211611039381362,0.5175127848588444
TCU060,9.40150493354199,375.42,SA(0.4),0.03279456133533598,0.614017017305359,0.27544781885122666,0.5487671606707815
TCU061,17.668321986901795,379.64,SA(0.4),-0.36463707016021807,0.6224311571800012,0.2818156541980995,0.5549779117021978
TCU063,10.256304917085805,476.14,SA(0.4),-0.1198418191173245,0.6425908136926298,0.2968478310212581,0.569916063170824
TCU064,17.156230171822553,645.72,SA(0.4),-0.6923112531541658,0.6624587557101387,0.3113881698584857,0.5847127591298209
TCU065,1.5301625387352142,305.85,SA(0.4),0.5190878493617578,0.5689500469695731,0.24018149643688036,0.5157683634307365
TCU067,1.4845734764737275,433.63,SA(0.4),0.5035167582656371,0.627871205554876,0.2859021593386285,0.5590010787560635
TCU068,0.649001480476048,487.34,SA(0.4),0.5606167902795949,0.6405487530984968,0.29533861705724834,0.5683993370604429
TCU070,20.340829249903962,401.26,SA(0.4),-0.49970404326168183,0.6307804746180911,0.28807816090659105,0.5611550412926007
TCU071,10.01426691522794,624.85,SA(0.4),-0.09935065325093706,0.6597849025536345,0.30944576230811166,0.5827172880799579
TCU072,12.748228787930415,468.14,SA(0.4),-0.05157786968572842,0.6405369806507522,0.2953299080651896,0.5683905954389012
TCU074,22.222133630574767,549.43,SA(0.4),-0.5720483323929508,0.6553361612429853,0.30620433946440934,0.57940002306339
TCU075,2.71684542140007,573.02,SA(0.4),0.27323115187140967,0.6543729368185482,0.3055008997429306,0.5786822450160292
TCU076,4.3340083071477284,614.98,SA(0.4),0.10174064485150025,0.658612708347965,0.30859286426800675,0.5818428857692678
TCU078,17.667409336015933,443.04,SA(0.4),-0.2518968442209657,0.6372321586471985,0.2928812170277145,0.5659376438500386
TCU079,21.222776888973897,363.99,SA(0.4),-0.29504525963641115,0.615937951937552,0.2769068029652346,0.5501837721240047
TCU081,54.870046821119146,430.47,SA(0.4),-1.4196943316648378,0.6496976378773813,0.30207815553715306,0.575200668124369
TCU082,8.966003941063503,472.81,SA(0.4),-0.04098777002817933,0.6413594013434415,0.2959380841504989,0.5690013462558327
TCU083,79.97899565103198,354.63,SA(0.4),-1.627849674032161,0.6429552780451191,0.297116890821925,0.5701868489840753
TCU084,19.942894152069616,665.2,SA(0.4),-0.630166540129293,0.663214824389924,0.31193663647138486,0.585277231846137
TCU085,57.92066683550797,999.66,SA(0.4),-2.1939879791428374,0.6693172655349442,0.31635121625787244,0.5898368502521183
TCU087,7.308530515924621,538.69,SA(0.4),-0.014899752824420243,0.6514509178238,0.30336336143091125,0.5765058276156536
TCU088,20.395798012081535,665.2,SA(0.4),-0.6878162689998043,0.6633386996150513,0.3120264655786201,0.5853697252040811
TCU089,15.126942233893988,671.52,SA(0.4),-0.4187041954380227,0.6630746104880083,0.3118349482723512,0.5851725421700885
TCU092,88.45294085502088,422.28,SA(0.4),-1.8678469310923496,0.6542847044162443,0.30543643470521137,0.5786165040746948
TCU094,53.92101623044264,589.85,SA(0.4),-1.6587051078232213,0.6631380850794029,0.3118809837882788,0.5852199345835997
TCU095,44.56466924675996,446.63,SA(0.4),-1.2526289905300882,0.6496005628081691,0.3020069382897183,0.5751284208118743
TCU096,53.85469792017198,454.58,SA(0.4),-1.4444194654952829,0.6526396117336712,0.3042335812225903,0.577391020765265
TCU098,47.1372515839405,346.56,SA(0.4),-1.1276234477364344,0.6303596000052949,0.28776376308131707,0.5608433310436302
TCU100,13.491602319643608,535.13,SA(0.4),-0.36913736663570185,0.6527749621334932,0.3043326112581611,0.577491829304253
TCU101,2.7276625208825007,389.41,SA(0.4),0.43752268829538155,0.6137468756770655,0.2752423879484302,0.548568004243599
TCU102,1.9961663796457592,714.27,SA(0.4),0.17095278694535132,0.6640923066952431,0.31257275431716036,0.5859324748385201
TCU103,6.545253590327707,494.1,SA(0.4),0.08632304149647652,0.6443609895879684,0.2981537833341556,0.5712314823137074
TCU104,13.599900519557263,410.45,SA(0.4),-0.2187313181638313,0.6289624903892084,0.2867191464215609,0.5598088471897229
TCU105,17.911571028764843,575.54,SA(0.4),-0.6355728296986345,0.657894771541358,0.30807007283716137,0.5813074579287296
TCU106,15.67278608418154,451.37,SA(0.4),-0.3677071268283557,0.6401669890268241,0.2950561472316337,0.568115871825893
TCU107,16.73758483873565,409.0,SA(0.4),-0.3615970283136519,0.6306130875398529,0.2879531369566642,0.5610310660679699
TCU109,13.739015155167076,535.13,SA(0.4),-0.3818917327050857,0.6528439928387506,0.30438311353911146,0.5775432444223367
TCU110,12.337401625868438,212.72,SA(0.4),-0.05109930912104532,0.5119391265710648,0.19149006545166913,0.474777025715925
TCU111,22.753679890361862,237.53,SA(0.4),-0.38522404635154794,0.5545633568553111,0.2284161199333206,0.5053380976348786
TCU112,28.530660346449324,190.54,SA(0.4),-0.4751439172563745,0.5258885295640964,0.20397648330779974,0.48471882549006734
TCU113,31.866925843887017,230.3,SA(0.4),-0.6049050823311175,0.5636305106204299,0.23586471031774717,0.5119054511616103
TCU115,22.519806127058114,215.34,SA(0.4),-0.35867099901491906,0.5361717620199595,0.2129121211479686,0.492085954946756
TCU116,15.552380292106827,493.09,SA(0.4),-0.41655508633128724,0.6476604750796323,0.3005823344691417,0.5736848884060447
TCU117,26.02127503510998,198.58,SA(0.4),-0.42932470985921434,0.5282748233362022,0.20606898857210348,0.48642559648908895
TCU118,27.553377287252555,236.19,SA(0.4),-0.5115641727152811,0.5613949663315567,0.23403911964397547,0.5102842332452401
TCU119,38.709117009183,221.7,SA(0.4),-0.729812249418925,0.5669246288559526,0.23854231572893653,0.514296702701987
TCU120,8.190427877741287,459.34,SA(0.4),0.020638159517074373,0.6381450404869663,0.29355838542681423,0.5666150077819275
TCU122,14.73072540652075,475.46,SA(0.4),-0.354069043525137,0.6443931671352796,0.2981775026511565,0.5712553988920857
TCU123,16.255745645165277,270.22,SA(0.4),-0.20081297171835744,0.5673116182791446,0.23885592476029352,0.5145778069849173
TCU128,13.269189808642082,599.64,SA(0.4),-0.44041845741815966,0.6589704205725408,0.30885322741905724,0.5821096967946707
TCU129,6.355595224258387,511.18,SA(0.4),0.07970748087499246,0.6471808590353906,0.3002297701636891,0.5733281341511547
TCU136,8.87050666409296,462.1,SA(0.4),-0.023214907817947883,0.639088413253442,0.29425754936922294,0.5673151633739588
TCU138,10.62709176562196,652.85,SA(0.4),-0.3593852145136466,0.6620457596470326,0.3110884309774184,0.5844044626614554
TCU140,33.698793168228846,223.6,SA(0.4),-0.6337904993080961,0.5614845243067975,0.2341123882192885,0.5103491556946987
TCU141,27.08308313875785,223.04,SA(0.4),-0.4832242213500193,0.5507756853042153,0.22526851287396968,0.5026011864588843
TCU145,36.03895088690123,240.43,SA(0.4),-0.7111228034646637,0.5759278078829686,0.2457885218020202,0.5208462752514021
TCU147,72.40184826834715,537.92,SA(0.4),-1.8640695317567157,0.6618064606991066,0.3109147091145393,0.5842258425294962
TTN,83.21058040106071,298.72,SA(0.4),-1.5342110310299197,0.6310896489263311,0.2883090324947835,0.5613840456976683
TTN001,55.943705673847546,484.6,SA(0.4),-1.5143629220407724,0.656062388807718,0.3067343166492326,0.5799413047868014
TTN002,68.37147822691496,667.36,SA(0.4),-1.9905929961603817,0.6663851145842937,0.3142327582860954,0.587645211466438
TTN003,95.02819768257147,506.64,SA(0.4),-2.0942648353646445,0.661630592304479,0.3107870135608028,0.5840945752830897
TTN004,66.76657920094912,463.59,SA(0.4),-1.6523674118029479,0.6555627402172394,0.30636972478451263,0.5795688898626268
TTN005,82.74873732730376,407.59,SA(0.4),-1.7645490330538234,0.6516476071061363,0.3035074164786266,0.5766522799656851
TTN006,81.1387708588908,283.21,SA(0.4),-1.4719826386468815,0.6258692201185482,0.2844009905348824,0.5575198267995295
TTN007,81.9983553609081,282.7,SA(0.4),-1.4808403957233145,0.6260517264903458,0.2845379701746811,0.5576548285188743
TTN008,82.7187919705734,292.61,SA(0.4),-1.5136492408412803,0.6292288608691431,0.2869184256152657,0.5600060503183306
TTN009,83.68450130501424,313.96,SA(0.4),-1.5758940195314413,0.6351397287514902,0.2913268119094492,0.5643856515727458
TTN010,83.81152591090317,311.34,SA(0.4),-1.571269086978197,0.6345400774707955,0.2908807636146811,0.5639410352825756
TTN012,81.57676615324058,288.3,SA(0.4),-1.4896707055118303,0.6275636731738279,0.2856717609731193,0.5587734861909108
TTN013,81.26976308172648,297.76,SA(0.4),-1.5089098738702045,0.6301464996657472,0.287604523902245,0.5606855169093959
TTN014,63.02404599943716,533.97,SA(0.4),-1.7124092845364307,0.6607691426205486,0.3101612590285848,0.583451671723801
TTN015,83.21058040106071,487.91,SA(0.4),-1.9187249828867359,0.6594923864421671,0.3092330035606987,0.5824990620456085
TTN016,123.14546871727185,826.15,SA(0.4),-2.8491416139895507,0.6689507712545102,0.3160866958595158,0.5895628338545587
TTN018,74.43304938901571,573.04,SA(0.4),-1.94150236566827,0.6636284349735095,0.3122365340271205,0.5855860709785714
TTN020,50.35796250220993,453.71,SA(0.4),-1.3597973614641892,0.651633025705444,0.3034967379287601,0.5766414225986833
TTN022,53.02499720160041,398.81,SA(0.4),-1.312727747125868,0.6438992214838004,0.2978133187082829,0.5708882855930772
TTN023,54.09146602124198,527.54,SA(0.4),-1.5508185482290062,0.6594244121177066,0.30918355564986827,0.5824483532575981
TTN024,59.92050910835589,671.52,SA(0.4),-1.862025475299054,0.6662034631698593,0.3141013535586107,0.5875094842061384
TTN025,65.75784285873038,704.96,SA(0.4),-1.9997451580536072,0.6670871254140333,0.31474040599709163,0.5881697966794487
TTN026,70.29054746653149,573.04,SA(0.4),-1.882939549995305,0.6633874718061931,0.3120618306291409,0.5854061424462524
TTN027,76.08977283968429,428.95,SA(0.4),-1.7201096710510404,0.653194090029749,0.30463919493202296,0.577804015355519
TTN028,78.48198120220177,616.17,SA(0.4),-2.0606333252968407,0.6653769885013145,0.31350324833412707,0.586892025939209
TTN031,55.63093116970684,510.62,SA(0.4),-1.5515134417917893,0.6583139932149332,0.30837538254120755,0.5816200968889874
TTN032,57.234125398309374,734.26,SA(0.4),-1.8965247305829531,0.6673853133708834,0.31495594967325136,0.5883926463413462
TTN033,58.96031847975615,670.8,SA(0.4),-1.8448301702512069,0.6661511521418761,0.314063508759588,0.5874703992249867
TTN036,79.85049273122117,538.69,SA(0.4),-1.9604491269810476,0.6623423430317066,0.311303691682305,0.5846258554987961
TTN040,47.98883144575936,728.01,SA(0.4),-1.7114728697111927,0.6670287580804322,0.3146982094627511,0.5881261778455896
TTN041,45.1590519289211,418.24,SA(0.4),-1.1937736123461151,0.6449946025289026,0.29862071491478764,0.5717024627506848
TTN042,64.91469915710697,845.34,SA(0.4),-2.1533809072129757,0.6686981011626465,0.31590428451542996,0.5893739335288958
TTN044,58.77993734254324,419.63,SA(0.4),-1.4493391109053413,0.648779356504049,0.3014042295646922,0.5745173137741997
TTN045,61.00750348291904,539.98,SA(0.4),-1.6895308225832135,0.6609614855647191,0.31030101506996643,0.5835952068398684
TTN046,65.63785661871987,528.12,SA(0.4),-1.7436359184410226,0.6606338726856072,0.31006295878089635,0.5833507309771878
TTN047,73.91058687727796,573.04,SA(0.4),-1.934259775887274,0.6635989144373166,0.31221513285833563,0.5855640272904721
TTN048,79.66111305108983,373.54,SA(0.4),-1.6572790218791926,0.6461071577987366,0.2994399406625363,0.5725296335516427
TTN050,89.29934402229367,573.04,SA(0.4),-2.133832494527304,0.6643816472194619,0.3127824079182098,0.5861485634708424
TTN051,36.67924057370646,665.2,SA(0.4),-1.357752395243058,0.6648924015329989,0.31315237598511925,0.5865300461452876
WGK,10.40266620061039,258.89,SA(0.4),0.03472046394125916,0.5488180146310498,0.22363287300040485,0.5011881396213921
WNT,6.355595224258387,511.18,SA(0.4),0.07970748087499246,0.6471808590353906,0.3002297701636891,0.5733281341511547
WTC,43.046970143373564,207.69,SA(0.4),-0.7785280299479818,0.5626221161402186,0.2350420925800731,0.5111740019657475
ALS,21.15138156147171,553.43,SA(0.8),-1.1285512215069193,0.6818884984637086,0.3221283500977905,0.6010035360963915
CHK,63.02404599943716,424.57,SA(0.8),-2.007248393211303,0.6780465647433225,0.3193594184937342,0.5981276667899291
CHY002,25.505683407066318,235.13,SA(0.8),-0.7564486039592222,0.6193269337504805,0.2758469913471325,0.5545036413167249
CHY004,48.07893833473184,271.3,SA(0.8),-1.3821309477092394,0.6491451589447852,0.29824521737411586,0.576575431053836
CHY006,10.589594525139994,438.19,SA(0.8),-0.539463871077734,0.6709004607314881,0.3141867033879767,0.5927850737188973
CHY008,41.23915234428305,210.73,SA(0.8),-1.0642140163823326,0.6201690805377201,0.27648947455690204,0.555124543606432
CHY010,20.724953105809405,538.69,SA(0.8),-1.2393005042991687,0.6814520563545523,0.32181421501962837,0.6006767151481306
CHY012,59.82694761124689,198.4,SA(0.8),-1.308896874837694,0.6259631245842008,0.2808932481050179,0.5594004080336629
CHY014,37.42185396368311,347.63,SA(0.8),-1.3543589797915363,0.6639759539307029,0.30914539829851945,0.5876165332162094
CHY015,38.851553931384295,228.66,SA(0.8),-1.0750018207661975,0.6274679244490858,0.28203234525803217,0.5605120448667431
CHY016,67.39311492490651,200.86,SA(0.8),-1.4108346338657762,0.6309458426492532,0.2846579516212094,0.5630830373356965
CHY017,59.79653364012802,190.57,SA(0.8),-1.277198047763645,0.6219807909539911,0.277869554433339,0.5564607937984221
CHY019,52.664018987304125,497.53,SA(0.8),-2.013043359466948,0.681886541440215,0.32212694173886297,0.6010020705482346
CHY022,67.37194759211643,564.07,SA(0.8),-2.354695183902799,0.684758643368172,0.3241915687195491,0.6031535678735369
CHY023,82.48037770558093,279.78,SA(0.8),-1.856753530407837,0.6609295847256296,0.30691811977594646,0.5853453542301255
CHY024,11.325693557566668,427.73,SA(0.8),-0.5636499636622442,0.6696197397813252,0.31325648260556027,0.5918284988156636
CHY025,20.997755926782464,277.5,SA(0.8),-0.7081526051669493,0.6354803956760107,0.28806674784687525,0.5664387716898128
CHY026,30.210404768019664,226.01,SA(0.8),-0.8649644672968979,0.6189478832858383,0.2755576061847576,0.5542242216808516
CHY027,42.57072697901259,210.01,SA(0.8),-1.0868041807866506,0.6208073329123993,0.27697599154245534,0.5555952165982716
CHY028,3.81905953609022,542.61,SA(0.8),-0.24340533313402057,0.6797731652186407,0.32060482414138514,0.5994198052188808
CHY029,11.759168799911324,544.74,SA(0.8),-0.8032333939910565,0.6808274186690912,0.32136443998964187,0.6002090225261213
CHY032,36.21575834030445,192.71,SA(0.8),-0.90234081923719,0.6050320872781451,0.26484242376680767,0.543987423760395
CHY033,44.61021757313737,197.63,SA(0.8),-1.0797482307704367,0.6155687934467902,0.2729721984846852,0.5517346448429487
CHY034,15.559574786944564,378.75,SA(0.8),-0.6944919063430695,0.6625536931473931,0.30810627642333177,0.586555980901908
CHY035,13.44254351914465,573.04,SA(0.8),-0.9437604994765234,0.6824014564805162,0.3224974240587428,0.6013876946547919
CHY036,16.839316616786387,233.14,SA(0.8),-0.44540285825940407,0.6084139474804692,0.26746330623241643,0.5464713270684856
CHY039,32.69010874984208,201.21,SA(0.8),-0.8518081027832625,0.6068184761393579,0.26622823899364434,0.5452991726992032
CHY041,21.610943270708972,492.26,SA(0.8),-1.176780256510606,0.6786252158658328,0.31977698975602575,0.5985606572700237
CHY042,30.629771574103184,665.2,SA(0.8),-1.7941217769845674,0.6858086920477746,0.32494528190824606,0.6039404986038359
CHY044,55.933003322544856,194.47,SA(0.8),-1.2417256679596251,0.6217078115310701,0.2776617926979151,0.5562594105222244
CHY046,24.881430138705287,442.15,SA(0.8),-1.218906687081664,0.6747705998211136,0.31699178734451144,0.5956774035827426
CHY047,24.93307771977854,169.52,SA(0.8),-0.5569345136609676,0.5726938178888153,0.2391522136989607,0.5203695107622603
CHY050,45.48094043081733,538.93,SA(0.8),-1.9626160987853951,0.6832461486057377,0.3231048657547142,0.6020203861250896
CHY052,40.52523944488567,573.04,SA(0.8),-1.9165779409904338,0.6841381792535991,0.3237459259749566,0.602688662351506
CHY054,49.228155688795745,172.1,SA(0.8),-1.055358816466734,0.60368149755442,0.2637925828532523,0.5429961544257539
CHY055,55.04100932988003,225.77,SA(0.8),-1.3451081976398611,0.635850383125829,0.28834417305610816,0.5667127557994902
CHY057,58.30189007907089,411.46,SA(0.8),-1.9170663980062814,0.6765426579285649,0.31827326665707134,0.5970025927317937
CHY058,60.47926509005612,269.28,SA(0.8),-1.5656252546871485,0.6529362672627269,0.30104548388408847,0.5793939814495644
CHY059,74.0105222831666,191.09,SA(0.8),-1.4431180458975923,0.6294861545323668,0.28355717481598663,0.5620036898084592
CHY060,69.53930995385498,228.92,SA(0.8),-1.5430078203000708,0.6431581541797999,0.29380248729253894,0.5721298014862404
CHY061,62.41616207975734,538.69,SA(0.8),-2.236354206893976,0.6839043178864159,0.3235779028540037,0.6025134494833196
CHY062,59.70708366780761,602.63,SA(0.8),-2.3208146463978063,0.6854233546314785,0.3246687601560548,0.6036516969685414
CHY063,73.64708029924377,246.88,SA(0.8),-1.651637699245025,0.6503423701570511,0.2991305935407883,0.5774652252988284
CHY065,85.87815923556157,250.0,SA(0.8),-1.7880272936139745,0.6544003478387724,0.30212429496534704,0.580483182911614
CHY066,90.36922111828896,211.97,SA(0.8),-1.6889036648431186,0.6439394445149191,0.2943837087947989,0.5727095600724696
CHY067,84.21459469490114,227.97,SA(0.8),-1.6945662790421638,0.6475480040101734,0.29706251542287304,0.5753888071801492
CHY069,86.69064381036402,224.42,SA(0.8),-1.7046239805327548,0.6470991308960395,0.29672979994558696,0.5750553982275636
CHY070,84.43554371983527,265.45,SA(0.8),-1.829723020228284,0.6580643631320812,0.3048178767540808,0.5832107406723281
CHY071,79.42270364079795,202.95,SA(0.8),-1.548427719048658,0.6368724712912934,0.28911001163190164,0.5674697752857689
CHY074,21.15138156147171,553.43,SA(0.8),-1.1462766825592405,0.6818884984637086,0.3221283500977905,0.6010035360963915
CHY076,42.877573217177414,169.84,SA(0.8),-0.944588099214354,0.596253231944259,0.25798504347294776,0.5375515174829624
CHY078,77.88051206740859,160.67,SA(0.8),-1.340838933886096,0.6156739855628104,0.2730528378127026,0.5518121095637768
CHY079,50.68613779255426,573.04,SA(0.8),-2.1194050994403377,0.6845167219118641,0.32401783567756676,0.6029722918507862
CHY080,4.988369897004964,496.21,SA(0.8),-0.16105040758038847,0.6760809321841752,0.3179395397609171,0.5966572516274645
CHY081,43.161132192340126,573.04,SA(0.8),-1.974866286069176,0.6842477084727048,0.32382460954679615,0.602770726563602
CHY082,36.69569501183828,193.69,SA(0.8),-0.9157170448656775,0.6061496939496539,0.26570979048212,0.544808001700789
CHY086,31.247850964812436,665.2,SA(0.8),-1.8102521292976368,0.6858226845215638,0.3249553215344093,0.6039509860997273
CHY087,29.89661912611536,505.2,SA(0.8),-1.507063451809941,0.6805253415613065,0.3211468493060822,0.5999828678286651
CHY088,38.170938955225544,318.52,SA(0.8),-1.3166464213826645,0.6582261603787719,0.30493661768244157,0.5833312415800933
CHY090,59.17740188206011,180.33,SA(0.8),-1.226850997587856,0.616033007524345,0.2733279852949391,0.5520765153618648
CHY092,24.650496063812138,253.72,SA(0.8),-0.7775900118896428,0.6279704442202274,0.2824123243873186,0.560883372768619
CHY093,50.52955404993735,190.49,SA(0.8),-1.1485914739595564,0.6159520036993169,0.273265915724737,0.5520168567755193
CHY094,37.57279552970941,221.92,SA(0.8),-1.026791626246507,0.6231545145132124,0.2787621341456493,0.5573268534036023
CHY096,83.07046778565815,293.61,SA(0.8),-1.9070638585217596,0.6638825600707311,0.3090772024686648,0.5875468802403871
CHY099,65.94429160338161,228.84,SA(0.8),-1.4998484528176972,0.6417808178544043,0.2927767683605269,0.571108030125855
CHY100,54.13764361475702,230.11,SA(0.8),-1.3469732647157622,0.637187329369196,0.28934576996671224,0.5677030192900322
CHY101,10.40266620061039,258.89,SA(0.8),-0.1950216996787093,0.6160545775445305,0.27334451242618385,0.552092401722811
CHY102,42.67253817797281,804.36,SA(0.8),-2.297533691340922,0.6872100100293768,0.32595020876642866,0.6049909580230912
CHY104,18.66688688746901,223.24,SA(0.8),-0.4948359550672279,0.6044143760160451,0.2643624904842871,0.5435340022112788
CHY107,51.35844504410688,175.68,SA(0.8),-1.101561685722214,0.6077234476875335,0.2669290882589051,0.5459639646629546
CHY109,43.43968322952119,573.04,SA(0.8),-1.9805564891706284,0.6842583765404492,0.32383227292185723,0.6027787196642188
CHY110,43.43968322952119,573.04,SA(0.8),-1.9805564891706284,0.6842583765404492,0.32383227292185723,0.6027787196642188
CHY116,82.01615041444819,195.38,SA(0.8),-1.542159582748479,0.6347152530714116,0.2874926903482738,0.5658722519065744
ENA,65.88362730496057,665.2,SA(0.8),-2.5038988226369336,0.6864178297030852,0.32538224191527354,0.6043970827034857
ESL,43.897780904479816,493.29,SA(0.8),-1.8215837569634403,0.681021011932386,0.3215038614321406,0.6003539670707889
HEN,162.89527803630148,204.23,SA(0.8),-2.215368930997288,0.6580817551648884,0.30483064136258503,0.5832236934207794
HSN,54.870046821119146,321.49,SA(0.8),-1.6386688271755534,0.6637242843786697,0.30896161772406333,0.5874288420288086
HWA,54.910390623144146,260.38,SA(0.8),-1.4454353054313203,0.6480597462239668,0.2974416578987651,0.575768959585619
HWA002,56.44202545573511,789.18,SA(0.8),-2.5424344212331547,0.6872190643993316,0.3259566985102711,0.6049977464174365
HWA003,55.34036308551032,1525.85,SA(0.8),-2.9061221173346734,0.6877087585401547,0.32630762306151073,0.6053649078900988
HWA005,48.52595230785456,459.32,SA(0.8),-1.8459607470050443,0.6793233550674064,0.3202805354749451,0.5990831322411939
HWA006,49.18260421653337,559.11,SA(0.8),-2.0548845573096823,0.6840455592627136,0.3236793845567032,0.6026192688257093
HWA007,55.59377109620273,358.72,SA(0.8),-1.7355259785898012,0.6699694908536252,0.31351061327589064,0.5920897010065627
HWA009,55.351901573503156,373.23,SA(0.8),-1.76830711455516,0.6719114056657607,0.31492028886898094,0.5935403513851574
HWA011,52.50669252247871,355.76,SA(0.8),-1.6769036408539577,0.6689651570159693,0.3127806623197336,0.5913396981264062
HWA012,55.940482597974515,414.42,SA(0.8),-1.8767746531239924,0.6764903952070754,0.3182354982552965,0.5969635017801577
HWA013,53.649974548577966,330.55,SA(0.8),-1.629872571666139,0.6649626696556646,0.30986556195902887,0.5883525180938752
HWA014,54.562707264600675,277.28,SA(0.8),-1.4924008503129906,0.6529959244859125,0.30108947068643216,0.5794383556833079
HWA015,50.48367897862757,453.05,SA(0.8),-1.869245725450844,0.6790652562886635,0.32009440897149616,0.5988899662238272
HWA016,51.54840213276211,576.55,SA(0.8),-2.1302271984666863,0.6846162168881169,0.32408929066438,0.6030468440368925
HWA017,50.52422325112912,578.11,SA(0.8),-2.1142563284489793,0.6846227226655917,0.32409396277598296,0.6030517189115768
HWA019,54.910390623144146,494.82,SA(0.8),-2.0337289368752343,0.6818469593375276,0.3220984562880804,0.6009724289970942
HWA020,43.897780904479816,626.43,SA(0.8),-2.063531170398108,0.685482453553983,0.3247111752938521,0.6036959886976836
HWA022,61.14643046699228,567.64,SA(0.8),-2.2713203262720683,0.6846782081918477,0.3241338086675081,0.6030932953130007
HWA023,50.46681972096665,671.52,SA(0.8),-2.2683256613478706,0.6862895126341813,0.3252902112556002,0.604300896584598
HWA024,42.66088086872478,671.52,SA(0.8),-2.1080368193006267,0.6861581599665909,0.3251959942777145,0.6042024377594536
HWA025,52.97661131498272,494.32,SA(0.8),-1.9997643203257485,0.6817068284443679,0.3219976034578099,0.6008674923101647
HWA026,51.216871807519986,457.49,SA(0.8),-1.892078056808698,0.6794384765965654,0.3203635426513615,0.5991692949573858
HWA027,50.999260902587345,437.8,SA(0.8),-1.8453647945002816,0.6779680205929222,0.31930272416701305,0.5980688984441586
HWA028,53.17903686421587,406.7,SA(0.8),-1.8129655286899902,0.6754253649095188,0.3174654972883157,0.5961669913662102
HWA029,53.68312510210313,614.05,SA(0.8),-2.2328984320167486,0.6854917172413959,0.32471782364663154,0.6037029314263374
HWA030,46.3240822341362,592.18,SA(0.8),-2.057087440247726,0.6848323553965489,0.3242444978380448,0.6032088034998653
HWA031,50.812995101814906,602.29,SA(0.8),-2.161726512065776,0.6851906084728971,0.3245017005348056,0.6034772707314489
HWA032,47.149347167648216,573.04,SA(0.8),-2.0401937747488974,0.6843698498822306,0.3239123457685106,0.6028622427110257
HWA033,53.337780221409545,395.57,SA(0.8),-1.789389599386263,0.6742773484183453,0.3166347653968078,0.5953086325026566
HWA034,43.827097965114945,379.18,SA(0.8),-1.5686856692446478,0.6706623605485189,0.3140138392102204,0.592607214469221
HWA035,47.804623815661444,677.49,SA(0.8),-2.2264421921505844,0.6863192235234273,0.32531152107467226,0.6043231675468709
HWA036,43.05936412870529,503.04,SA(0.8),-1.8225345523229575,0.6814741296344173,0.321830105090453,0.6006932435265563
HWA037,45.498025716459686,469.64,SA(0.8),-1.8072898865034526,0.679737876683944,0.32057938712828793,0.5993933913109554
HWA038,41.859772602007936,642.73,SA(0.8),-2.0441315646029268,0.6857168202800991,0.32487936112561,0.603871640607228
HWA039,45.291665715542166,459.67,SA(0.8),-1.7820909470577064,0.6790381138640962,0.3200748331844883,0.5988696529646758
HWA041,47.47960397850945,484.97,SA(0.8),-1.8789502424576385,0.6808361503282457,0.32137072877970746,0.600215559842783
HWA043,57.422369838378636,543.06,SA(0.8),-2.1686599888875415,0.6838640684085956,0.32354898167870727,0.6024832948016301
HWA044,58.67615362772547,534.41,SA(0.8),-2.172047404021259,0.6836289562440744,0.3233800246886249,0.6023071554014172
HWA045,62.479427036765046,484.45,SA(0.8),-2.129890167202651,0.6817669646972246,0.3220408851173774,0.6009125248031388
HWA046,51.02049634079368,617.52,SA(0.8),-2.1913458982645766,0.6854945777201307,0.32471987654244705,0.6037050752328973
HWA048,50.7224249000127,345.89,SA(0.8),-1.6204268074488706,0.6670168957725734,0.3113629246746609,0.589885301040907
HWA049,50.09848662493223,508.61,SA(0.8),-1.9764851902303022,0.6822091688625693,0.3223590898642926,0.6012436837606051
HWA050,52.588798916808756,313.9,SA(0.8),-1.5666443050861825,0.6613874992330526,0.3072532881140332,0.5856866406918175
HWA051,52.76943285780981,440.5,SA(0.8),-1.8826216688760231,0.6783546344983614,0.3195817540506205,0.5983581808777533
HWA053,41.01531883433213,843.24,SA(0.8),-2.3101622795698167,0.6873496841343181,0.32605031569242643,0.605095678315765
HWA054,42.366722327932806,452.83,SA(0.8),-1.7042868974432652,0.6782154167085243,0.31948128649706875,0.5982540087950059
HWA055,46.95869477154732,369.75,SA(0.8),-1.6107706031639786,0.669961875975385,0.31350508105293484,0.5920840138142981
HWA056,40.36324611604254,511.3,SA(0.8),-1.8120420701906437,0.6816875811411529,0.3219837502396685,0.6008530792662002
HWA057,49.81118228871056,671.52,SA(0.8),-2.2560335569122123,0.6862795244756966,0.32528304724890145,0.6042934096008803
HWA058,45.22518970943778,529.54,SA(0.8),-1.9206328553400254,0.682821994303273,0.3227998935044105,0.601702671306884
HWA059,48.38288493912992,208.56,SA(0.8),-1.1665976463599992,0.623520304496398,0.27904006537103365,0.5575968185320017
HWA060,56.69388929890098,573.04,SA(0.8),-2.2119549822750093,0.6846860649290109,0.32413945070124084,0.6030991825620986
HWA2,54.910390623144146,260.38,SA(0.8),-1.4454353054313203,0.6480597462239668,0.2974416578987651,0.575768959585619
ILA001,102.14533163111949,909.09,SA(0.8),-3.239192849509714,0.6875947521790986,0.3262259352327789,0.6052794250639408
ILA002,96.5430887001664,219.78,SA(0.8),-1.7728041030094297,0.64820649104613,0.29755034510756173,0.5758779794025012
ILA003,91.77508445604383,263.82,SA(0.8),-1.8916422537376147,0.659110476127515,0.3055853050415062,0.5839899323479208
ILA004,87.85445904337864,124.27,SA(0.8),-1.2172539529234334,0.5980694540715616,0.259410325064628,0.5388815780329846
ILA005,86.15882510967322,239.33,SA(0.8),-1.7505268718263494,0.6514269075276946,0.29993179006699244,0.5782715081674915
ILA006,84.0230749317769,279.41,SA(0.8),-1.866926601110641,0.6610658643666191,0.30701788298425975,0.5854469203596929
ILA007,83.01426463964907,496.27,SA(0.8),-2.410051623471437,0.6831480618079285,0.3230343488828165,0.6019469111090978
ILA008,83.77120048773067,299.28,SA(0.8),-1.9269511091962042,0.6649931250239605,0.309887780459898,0.588375237285502
ILA010,79.14352703450395,573.04,SA(0.8),-2.514519877987724,0.6852151111489901,0.3245192893468384,0.6034956332805945
ILA012,87.16828457720456,259.21,SA(0.8),-1.8311495149658068,0.6570366974628484,0.3040632868223232,0.5824454819291607
ILA013,83.10768677806287,199.48,SA(0.8),-1.564182329563261,0.636601430753026,0.2889070021854786,0.5672690064907474
ILA014,79.65880504821489,300.77,SA(0.8),-1.8877698672970784,0.6645655157092552,0.309575768338557,0.5880562628928463
ILA015,84.4098971671404,782.59,SA(0.8),-2.902539268279922,0.6872986478965433,0.32601373831442587,0.6050574136647443
ILA016,81.37675877808526,271.1,SA(0.8),-1.8122560243145485,0.6586449660363496,0.3052438946800567,0.5836431752754199
ILA021,75.9361246011624,573.04,SA(0.8),-2.4770497458490826,0.6851520596979431,0.3244740283228574,0.6034483820943357
ILA024,66.86639827014352,671.52,SA(0.8),-2.5272525714854894,0.6864947811764122,0.32543742827299627,0.6044547665967309
ILA027,82.20017425265452,215.0,SA(0.8),-1.6186209213598497,0.6422816866106723,0.2931499320563266,0.5714795554443054
ILA030,84.59458810632478,200.98,SA(0.8),-1.584936945563196,0.6377544953558767,0.28977026003022704,0.568123219687986
ILA031,82.26156099466952,649.25,SA(0.8),-2.679931156962884,0.6864157931954269,0.32538078137460175,0.604395556122115
ILA032,83.16745823634133,295.48,SA(0.8),-1.9089346825898117,0.6641761455865954,0.3092915591009941,0.5877658409903919
ILA035,92.41248666952322,293.01,SA(0.8),-1.9937271954816032,0.6652428740376367,0.31006996140857734,0.5885615519976974
ILA036,88.96142770127999,181.0,SA(0.8),-1.5375559997307537,0.6308937949427043,0.2846187309577491,0.5630445439618498
ILA037,83.10530005645415,210.17,SA(0.8),-1.6082921775130732,0.6407981692739017,0.2920441259761002,0.570379279276202
ILA039,85.105398122443,227.18,SA(0.8),-1.6947555830826104,0.6473865568724543,0.2969428633124854,0.5752688849111814
ILA041,86.92925202295595,196.88,SA(0.8),-1.5897348183136193,0.6369442888431093,0.2891637935892354,0.5675229753648184
ILA042,84.64451794546719,209.36,SA(0.8),-1.6200986004763047,0.641018347661058,0.29220834843774324,0.5705425515607049
ILA043,76.15127489591175,573.04,SA(0.8),-2.4796090370043626,0.6851563909885208,0.32447713757690455,0.6034516279722123
ILA044,79.50525087467304,158.13,SA(0.8),-1.3380407714649316,0.6147807450954411,0.27236776764194265,0.5511543918811229
ILA046,78.60335463818913,396.93,SA(0.8),-2.1381109573310626,0.6770579446619066,0.3186455623234088,0.5973880364063244
ILA048,87.92935080981664,199.59,SA(0.8),-1.6107282568359016,0.6383862725373983,0.29024282040226956,0.5685913630799622
ILA049,86.95811873375148,190.0,SA(0.8),-1.559945140651924,0.63408203018963,0.28701726333843885,0.565403494466665
ILA050,65.88362730496057,621.06,SA(0.8),-2.4321712797377266,0.6858430579507583,0.3249699393196799,0.6039662562410344
ILA051,78.04823034364469,520.64,SA(0.8),-2.4031381403600887,0.6838333176716666,0.32352688520811207,0.6024602567019467
ILA052,84.06986671281122,612.47,SA(0.8),-2.638752982997133,0.6859759474785415,0.3250652810992406,0.6040658602693537
ILA054,114.92568764400566,677.3,SA(0.8),-3.0516592388752626,0.6868926376272317,0.32572270361511924,0.6047530206424376
ILA055,89.2530675683504,266.77,SA(0.8),-1.8774059077188123,0.6592848764874116,0.3057131761094117,0.5841198526998697
ILA056,90.99352301582981,223.71,SA(0.8),-1.7377381144508597,0.6479450290987468,0.2973566816260038,0.5756837366350966
ILA059,85.27547272039952,236.84,SA(0.8),-1.7326541160746063,0.6504533319954658,0.29921260318883736,0.5775477081566189
ILA061,77.51126528132811,497.73,SA(0.8),-2.351027094188474,0.6830095780549519,0.32293478073130427,0.6018431781692203
ILA062,72.19750000793086,447.51,SA(0.8),-2.1803709535155438,0.6803044410402899,0.320987699146782,0.599817496823489
ILA063,60.16791606248126,996.51,SA(0.8),-2.848666328698172,0.6876474985228687,0.3262637298976511,0.6053189744077342
ILA064,71.3059446511398,488.61,SA(0.8),-2.257266401016773,0.6823862595999477,0.32248649196771706,0.6013763129598328
ILA066,69.33530918828765,481.17,SA(0.8),-2.2166718425048106,0.681957499660814,0.32217800499791815,0.6010552091440441
ILA067,38.0530901443823,665.2,SA(0.8),-1.986223662073852,0.6859761420172251,0.32506542066433425,0.6040660060830734
KAU001,47.872270820263516,573.04,SA(0.8),-2.054583561524688,0.6843966423754796,0.3239315901813783,0.6028823176851298
KAU003,115.67129144447121,913.77,SA(0.8),-3.3661139153126856,0.6876091671273934,0.3262362642119871,0.6052902333844766
KAU006,115.55793209386754,218.49,SA(0.8),-1.9278278153583952,0.6524723380470386,0.300703334693898,0.5790489240302055
KAU007,108.23991364360973,290.86,SA(0.8),-2.1306726608636275,0.6671642757260201,0.3114702529256459,0.58999529858081
KAU008,109.31472860629879,285.94,SA(0.8),-2.1238788232611028,0.6664752552077702,0.3109683651083756,0.5894810783274441
KAU010,100.62762664372208,215.36,SA(0.8),-1.7910321367594744,0.6478930568459873,0.2973181803369532,0.5756451274442969
KAU011,104.19724162361148,155.32,SA(0.8),-1.5373379750746892,0.6248124885835677,0.280020972994281,0.5585507144148391
KAU012,87.20034181709256,516.18,SA(0.8),-2.4951012785665956,0.6839548643556607,0.3236142216597771,0.6025513189889362
KAU015,108.83525214819949,233.21,SA(0.8),-1.9318245759885557,0.6550425672508037,0.3025970620808773,0.5809610855561199
KAU018,79.82224640898121,538.69,SA(0.8),-2.458435493155833,0.6844143119022931,0.323944281570323,0.602895557103033
KAU020,75.40786468933833,373.33,SA(0.8),-2.042085954061002,0.6744664311299124,0.3167716426849794,0.5954499921167021
KAU022,99.29885279683903,217.05,SA(0.8),-1.786117442804243,0.648072915264135,0.2974514122240832,0.5757787429775897
KAU030,102.44967456859456,259.36,SA(0.8),-1.9737558194531692,0.6601411966474409,0.3063407489086174,0.5847578516524791
KAU032,113.1787121371236,194.13,SA(0.8),-1.8028418841471523,0.6441752201941988,0.29455902135523554,0.5728845409421435
KAU033,121.30415327080891,182.93,SA(0.8),-1.8131062168569414,0.6424532670434685,0.29327772280809633,0.571606838341988
KAU034,108.86832940689311,1010.4,SA(0.8),-3.413471031522595,0.6876732556938837,0.32628218530568065,0.6053382873639954
KAU037,136.63858595740618,283.21,SA(0.8),-2.3351983229376962,0.6694328684442893,0.3131206709659382,0.5916889476468102
KAU038,143.3217590914785,667.59,SA(0.8),-3.2596279024253327,0.6869677917676461,0.32577658194830394,0.6048093630063907
KAU039,152.7137646620572,464.82,SA(0.8),-2.9529575025560026,0.6839590568521448,0.32361723400283177,0.6025544600336403
KAU040,141.54082737203709,567.64,SA(0.8),-3.07491721357247,0.6859884942329346,0.3250742822953862,0.6040752645243046
KAU042,160.2092768679782,806.48,SA(0.8),-3.5900664194165666,0.6875048973479196,0.3261615475860144,0.6052120527167891
KAU043,172.12019900001243,538.49,SA(0.8),-3.2498956402281487,0.6858892428721015,0.3250030758334946,0.6040008726702573
KAU044,121.91611938734569,221.24,SA(0.8),-1.9895666013230786,0.6546020756700627,0.30227282574205383,0.5806332889952732
KAU046,162.89527803630148,204.23,SA(0.8),-2.215368930997288,0.6580817551648884,0.30483064136258503,0.5832236934207794
KAU047,57.34078848787392,573.04,SA(0.8),-2.222368714998269,0.684704939193493,0.3241530044399296,0.6031133255604056
KAU048,94.06716422546164,295.66,SA(0.8),-2.017886280140151,0.6659737339239744,0.31060286995636227,0.5891068421360524
KAU050,41.405707951930495,665.2,SA(0.8),-2.0691915155450986,0.6860485777180358,0.3251173857551082,0.6041202996661378
KAU051,125.39181021164151,1004.58,SA(0.8),-3.5494632921460956,0.687674341063085,0.3262829629816151,0.6053391011858446
KAU052,169.07733558731505,573.04,SA(0.8),-3.292980046910657,0.6863160270037816,0.3253092284277072,0.6043207714633225
KAU054,35.06562470884893,497.22,SA(0.8),-1.6070927086994695,0.6804463819970725,0.3210899651634234,0.5999237560259283
KAU057,114.76630263975981,535.13,SA(0.8),-2.793416559827574,0.6850468618258524,0.32439850801491604,0.6033695475371167
KAU058,110.06905598566512,229.66,SA(0.8),-1.9282157323596905,0.6543593549794097,0.30209410888342236,0.5804526809542704
KAU062,114.45650676026153,246.84,SA(0.8),-2.0302689262196765,0.6594962418722036,0.3058681237459069,0.5842773176495204
KAU063,93.6060399190571,227.24,SA(0.8),-1.779393362475016,0.6498636540063187,0.29877668668087987,0.5771094006290659
KAU064,102.44159350370471,244.84,SA(0.8),-1.9232436602723697,0.656745860862786,0.3038496068765601,0.582228943081123
KAU066,101.67439153000315,214.97,SA(0.8),-1.7982029303748266,0.6480377700305936,0.29742537983257644,0.5757526333571321
KAU069,71.14795101360905,500.15,SA(0.8),-2.2788940232428994,0.6828617590305492,0.322828489031463,0.6017324560101095
KAU073,110.99667430146175,216.33,SA(0.8),-1.8819394060509196,0.650790711397511,0.29946190137794376,0.5777985113033652
KAU074,105.92197691458655,228.34,SA(0.8),-1.8882647831234665,0.653078972187784,0.30115069988139626,0.5795001293138747
KAU075,116.89998968320606,196.3,SA(0.8),-1.8421328852276715,0.6459268213659103,0.2958601833891426,0.5741848225482902
KAU077,83.2746332190764,665.2,SA(0.8),-2.7166002700361003,0.6865858050404434,0.3255027026621219,0.6045230005902903
KAU078,89.35199696595875,531.85,SA(0.8),-2.548228655704194,0.6844603990393894,0.3239773835141768,0.6029300894999918
KAU081,162.4731162832657,295.0,SA(0.8),-2.5666057797956032,0.6735082490337936,0.3160777984981543,0.594733710843035
KAU082,169.92818795624305,573.04,SA(0.8),-3.299207042088766,0.6863230939041352,0.32531429702918635,0.6043260687530786
KAU083,111.33662490367176,202.14,SA(0.8),-1.8240337018860246,0.6464082573927726,0.29621742961344205,0.5745423131665469
KAU085,88.81470945306066,260.75,SA(0.8),-1.8547834153216092,0.6578191171714155,0.30463786133902815,0.5830280991126959
KAU086,99.09116222127146,216.8,SA(0.8),-1.783302913973248,0.6479377496797044,0.2973512891124141,0.5756783288635979
KAU087,113.8969815243451,276.11,SA(0.8),-2.1297919045314635,0.6653812125555079,0.3101708566593144,0.5886647583311447
KAU088,111.19576926643339,227.46,SA(0.8),-1.9288080259019384,0.6540071874770684,0.3018347354427229,0.5801906529339187
NCU,80.12485352707097,466.16,SA(0.8),-2.319879159877154,0.6817603690648828,0.3220361381630907,0.6009075856939134
NSK,57.92066683550797,665.2,SA(0.8),-2.386334598090624,0.6863206792709302,0.32531256518190743,0.6043242587631894
NST,37.88427385619578,491.08,SA(0.8),-1.7008720010807128,0.6804657413063508,0.3211039123415887,0.5999382489644471
NSY,13.269189808642082,599.64,SA(0.8),-0.983269424288552,0.683443813249445,0.323246955452436,0.6021684578750975
PNG,110.99680090093074,465.86,SA(0.8),-2.6217021148217694,0.682899146919602,0.3228553745401562,0.6017604606436481
SGL,94.06716422546164,295.66,SA(0.8),-2.017886280140151,0.6659737339239744,0.31060286995636227,0.5891068421360524
SSD,86.12829009110234,535.13,SA(0.8),-2.520837441563581,0.684472359396227,0.32398597381504546,0.6029390512718134
STY,41.405707951930495,665.2,SA(0.8),-2.0691915155450986,0.6860485777180358,0.3251173857551082,0.6041202996661378
TAI1,77.88051206740859,160.67,SA(0.8),-1.340838933886096,0.6156739855628104,0.2730528378127026,0.5518121095637768
TAP,99.45326800656716,235.82,SA(0.8),-1.8611832243377804,0.6536789079898807,0.3015928806829059,0.5799464191390696
TAP003,102.49615603578604,212.39,SA(0.8),-1.7945724427069694,0.6474249339999374,0.2969713071304737,0.5752973908388956
TAP005,106.45776496285161,179.84,SA(0.8),-1.6816533246242553,0.6367294916104907,0.28900292680910417,0.5673638636557016
TAP006,105.19861667361013,184.77,SA(0.8),-1.694962791820786,0.638300486534563,0.2901786714052854,0.5685277915561588
TAP007,103.22929751249532,207.39,SA(0.8),-1.779776315518339,0.6459729636297352,0.29589443008210214,0.5742190836144085
TAP008,103.88983230695109,194.14,SA(0.8),-1.727327334451518,0.6414837028515038,0.2925553207470381,0.5708876643672327
TAP010,101.02607768818412,226.38,SA(0.8),-1.8385074497177123,0.6513683792568865,0.2998885732044188,0.5782279906379153
TAP012,101.22135041662736,207.99,SA(0.8),-1.765205417295366,0.645617691480282,0.29563070865315566,0.5739553010937016
TAP013,101.93097443003171,205.11,SA(0.8),-1.759019514334741,0.6448336137683137,0.29504836182287303,0.5733732236782093
TAP014,102.68862503887601,188.98,SA(0.8),-1.6938099478753064,0.6391474713589456,0.2908117861305878,0.5691555105523194
TAP017,98.95262064237038,217.83,SA(0.8),-1.7862570411641012,0.6482295009304339,0.29756738611213923,0.5758950742964454
TAP020,100.10708960480885,218.5,SA(0.8),-1.799049934933619,0.6487450823529942,0.29794912595167805,0.5762781448413815
TAP021,100.64194987891956,167.18,SA(0.8),-1.571138840705291,0.6291137315411062,0.28327604853754573,0.5617283752299941
TAP024,96.12094949935707,194.98,SA(0.8),-1.6647671545671932,0.639352119062831,0.29096467782385727,0.5693072003839327
TAP026,97.04891677159061,194.28,SA(0.8),-1.6697663282380732,0.6393843196299965,0.2909887319128659,0.5693310689646717
TAP028,95.95079486383781,287.94,SA(0.8),-2.0110736424085633,0.66486542369933,0.3097946129982784,0.5882799753417896
TAP032,94.42845888739913,308.88,SA(0.8),-2.0621643466086836,0.6682386305530206,0.31225224295741466,0.5907972614454471
TAP034,91.89598828035317,538.69,SA(0.8),-2.5873545912385523,0.6846936891513938,0.3241449257308385,0.603104895591716
TAP035,89.039962013356,438.13,SA(0.8),-2.347998395394336,0.6806745157641525,0.32125430807839395,0.6000945475105034
TAP036,87.5599551150271,671.52,SA(0.8),-2.7726341360603377,0.6866767888303347,0.32556794388107546,0.60459120588658
TAP041,111.82723819014045,363.56,SA(0.8),-2.3764182990165468,0.6766155398099324,0.3183259331777155,0.5970571069661785
TAP042,106.68190483381903,375.85,SA(0.8),-2.3639267564187616,0.6773318411032652,0.3188433913273603,0.5975929340104404
TAP043,91.48433103527901,388.16,SA(0.8),-2.2527013857440794,0.6773007491882187,0.31882093651457927,0.597569674005374
TAP046,117.32193358845494,816.9,SA(0.8),-3.263612777634726,0.687466401079308,0.3261339608417284,0.6051831889590308
TAP047,85.80907617073753,403.2,SA(0.8),-2.2320027655199715,0.678122611920664,0.31941430713657865,0.5981845678338441
TAP049,108.6027661355923,573.04,SA(0.8),-2.8101762722251884,0.6856826301064896,0.32485482747782446,0.6038460153831486
TAP051,103.74251653105222,403.17,SA(0.8),-2.406872839898249,0.6792467313657371,0.32022528262724165,0.5990257844511712
TAP052,100.31096345926947,433.88,SA(0.8),-2.4485661220364943,0.6809753305114195,0.3214709645949898,0.60031976453179
TAP053,91.65600419476041,538.69,SA(0.8),-2.5849309957761992,0.6846885627674685,0.3241412444272448,0.6031010542568623
TAP059,118.32453599408895,456.18,SA(0.8),-2.659655356091051,0.6827272670321167,0.3227317699314991,0.6016317194314351
TAP060,120.15382017573265,631.27,SA(0.8),-3.0124504578765476,0.6865491630476652,0.3254764267491237,0.6044955325823939
TAP065,121.46351678308714,1023.45,SA(0.8),-3.536362912737056,0.6876813451084924,0.3262879814225368,0.6053443529012489
TAP066,115.01873277372866,662.78,SA(0.8),-3.0196197175145123,0.686787544065201,0.3256473565187084,0.6046742345060584
TAP067,96.47463981057544,807.68,SA(0.8),-3.0615468411194806,0.6874067327982966,0.32609120049956364,0.6051384513094356
TAP069,122.45755568413036,671.52,SA(0.8),-3.0970827969556054,0.6868924116017613,0.3257225415719168,0.6047528511946135
TAP072,100.78864973474847,671.52,SA(0.8),-2.904446876163269,0.6867681181089499,0.32563342838352294,0.6046596715261416
TAP075,108.27200165265872,856.38,SA(0.8),-3.232777024468215,0.6875286497205984,0.3261785683392279,0.6052298619060372
TAP077,117.94442647334881,1022.77,SA(0.8),-3.5066050654323906,0.6876804529284783,0.32628734217160643,0.6053436839337685
TAP078,118.90698625816037,671.52,SA(0.8),-3.066977633011928,0.6868737356892434,0.32570915225795094,0.6047388501784084
TAP079,118.27326344912967,631.27,SA(0.8),-2.996411029933656,0.6865351392348213,0.3254663701056847,0.6044850199421034
TAP081,122.7494636646256,671.52,SA(0.8),-3.0995369558548918,0.68689392158768,0.32572362411733274,0.6047539832080252
TAP083,121.86621664827865,435.22,SA(0.8),-2.6415826377443348,0.68192429718697,0.3221541120373997,0.6010303446510313
TAP084,122.81401514518838,224.22,SA(0.8),-2.008840116138633,0.6555713992770572,0.30298615316494865,0.5813546684601277
TAP086,93.25545980723025,887.68,SA(0.8),-3.1262551960287985,0.687559772816856,0.3262008704375083,0.6052531976964505
TAP087,103.15361263828753,573.04,SA(0.8),-2.760365932681175,0.6856078432620429,0.32480116091382516,0.6037899639870321
TAP090,104.64066341996687,324.38,SA(0.8),-2.2026101173437596,0.6716962784075257,0.3147642339469696,0.5933796149635557
TAP094,108.94222775860766,416.34,SA(0.8),-2.4857882574129846,0.6803692693707151,0.3210344082378974,0.599866027902384
TAP095,108.81195663904354,206.24,SA(0.8),-1.8213549169182897,0.6470938024674876,0.2967258495328667,0.5750514406649464
TAP097,98.42016825129102,237.23,SA(0.8),-1.8573361894624068,0.6538291726084522,0.30170359477305675,0.5800582107468769
TAP098,107.08953823454839,538.69,SA(0.8),-2.7322216123659535,0.6849908211053122,0.3243582746014408,0.6033275517462352
TAP100,99.46634920648815,236.32,SA(0.8),-1.8631935227560736,0.6538191053545449,0.3016961777539998,0.5800507209333029
TAP103,114.99244567347492,429.49,SA(0.8),-2.569946145590502,0.6813735854873613,0.3217577233750987,0.6006179571477828
TAW,123.14546871727185,481.92,SA(0.8),-2.7564370457628016,0.6837985511225974,0.32350190248573824,0.6024342101885245
TCU,8.966003941063503,472.81,SA(0.8),-0.5010119610406167,0.674708942208986,0.3169471664639731,0.5956313040524545
TCU003,85.87715173895934,517.33,SA(0.8),-2.489212249149252,0.683969175077653,0.3236245039912752,0.6025620406836182
TCU006,72.13607981372333,607.4,SA(0.8),-2.497892742242172,0.6857347778939604,0.32489224661601046,0.6038850997516669
TCU007,89.06974444890936,463.88,SA(0.8),-2.408256996246386,0.682025319158671,0.3222268069578021,0.6011059980163785
TCU008,84.7584785592634,441.58,SA(0.8),-2.3157012931885497,0.6806770890084661,0.3212561616257623,0.6000964740094058
TCU009,81.06016716272919,460.1,SA(0.8),-2.316927080579961,0.6815002574830091,0.32184891360775264,0.6007128080529972
TCU010,81.66395774542653,446.15,SA(0.8),-2.293306013842251,0.6807817892876167,0.32133157571717613,0.6001748604138344
TCU011,76.57844520726454,471.07,SA(0.8),-2.286615754284135,0.6818242807457919,0.32208213514030626,0.6009554459674844
TCU014,93.21256831945598,496.47,SA(0.8),-2.5202095211210698,0.683489800200793,0.32328000975272125,0.6022029078913521
TCU015,49.226738245658176,426.0,SA(0.8),-1.8037304081850127,0.6768838942243156,0.3185198275163769,0.5972578385749424
TCU017,53.6114321384972,558.76,SA(0.8),-2.149509784628483,0.684232491403,0.3238136783024862,0.6027593251338136
TCU018,65.56957606032032,573.04,SA(0.8),-2.354740091070832,0.6849410841043835,0.3243225654053705,0.6032902802656175
TCU025,54.44992612807512,665.2,SA(0.8),-2.3401646093545314,0.6862818448945673,0.32528471157411437,0.6042951489529237
TCU026,55.62700868478751,569.98,SA(0.8),-2.2007840843171134,0.6845980495089004,0.3240762436743153,0.603033230989252
TCU029,27.893894423621465,406.53,SA(0.8),-1.246189935454799,0.6711588450464792,0.3143742559581822,0.5929780961172707
TCU031,30.15523078028506,489.22,SA(0.8),-1.4891680039744064,0.6795673330402736,0.32045644441832405,0.59926574019064
TCU033,40.407957354293515,423.4,SA(0.8),-1.6203904556636355,0.675498938688055,0.31751871102048573,0.5962220092554266
TCU034,35.21698353563212,393.77,SA(0.8),-1.4287861072234564,0.6711097423610456,0.31433861700927035,0.5929414137573865
TCU036,19.699612049739354,478.07,SA(0.8),-1.0852175915314715,0.6772541786912301,0.3187873019242772,0.5975348347055361
TCU038,25.342828155086934,297.86,SA(0.8),-0.9102886092004776,0.6462010518667817,0.2960636944232263,0.5743884472011999
TCU039,19.708438206066337,540.66,SA(0.8),-1.2021561937392287,0.6814592619135703,0.32181940217345206,0.6006821106313305
TCU040,22.125103547818437,362.03,SA(0.8),-0.9443038792926948,0.6617674491661566,0.30753128932144497,0.5859698480844995
TCU042,25.987540319450044,578.98,SA(0.8),-1.5175604085403036,0.6835784485603837,0.3233437247732345,0.6022693176528189
TCU045,25.372624034032317,704.64,SA(0.8),-1.7021287310204913,0.6862478956434191,0.32526036111580936,0.6042697011780703
TCU046,16.252239941167144,465.55,SA(0.8),-0.9014935880770751,0.6754589670919131,0.3174898011377811,0.5961921186986342
TCU047,34.3639015403997,520.37,SA(0.8),-1.670540881409674,0.6817600715076071,0.32203592400704756,0.6009073628696728
TCU048,15.724490368129416,551.21,SA(0.8),-1.0324390034894528,0.6815962763960671,0.3219180309920569,0.6007847079604982
TCU049,7.973343563390163,487.27,SA(0.8),-0.460594033726095,0.6759772194950318,0.3178645613020064,0.5965796861648218
TCU050,12.061398269660884,542.41,SA(0.8),-0.8169818477977238,0.6807286981652085,0.32129333571489477,0.6001351122296508
TCU051,11.684106742389506,350.06,SA(0.8),-0.4340714445789635,0.6538988918201832,0.30175495832320437,0.5801100808045184
TCU052,4.409004259240465,579.1,SA(0.8),-0.3247603755340248,0.681858484678855,0.32210675064477684,0.6009810598659561
TCU053,8.360955408325248,454.55,SA(0.8),-0.42780407480044547,0.6724675285813085,0.3153235779188783,0.5939559059431012
TCU054,10.227617412004046,460.69,SA(0.8),-0.5591942677936469,0.6736419551612112,0.31617465067356004,0.5948336523977703
TCU055,9.165535239523313,359.13,SA(0.8),-0.30315207982034464,0.6549944689394819,0.3025616642482584,0.5809252909528367
TCU056,13.309665432524499,403.2,SA(0.8),-0.6278681581775216,0.6663193342223478,0.3108547506773365,0.5893647250555838
TCU057,14.550574484923569,555.23,SA(0.8),-0.9783169996927265,0.681680422428869,0.32197859771477205,0.6008477185913501
TCU059,17.77385436882762,272.67,SA(0.8),-0.5697166018123654,0.6306010289962423,0.28439807609293444,0.562828030650355
TCU060,9.40150493354199,375.42,SA(0.8),-0.34815372270578226,0.6591479674885338,0.3056127955226491,0.5840178612483496
TCU061,17.668321986901795,379.64,SA(0.8),-0.7958606835884019,0.6635753603596523,0.30885284795109835,0.5873177821153878
TCU063,10.256304917085805,476.14,SA(0.8),-0.5893907752515216,0.6753190398344866,0.3173885899955833,0.5960874839346892
TCU064,17.156230171822553,645.72,SA(0.8),-1.2606288660149398,0.6849809849619856,0.32435121274642464,0.6033201807907767
TCU065,1.5301625387352142,305.85,SA(0.8),0.32492239165811454,0.6314331532366532,0.28502506051536614,0.5634434682242706
TCU067,1.4845734764737275,433.63,SA(0.8),0.14048416691315413,0.6676695308584827,0.3118381002087238,0.5903724262658278
TCU068,0.649001480476048,487.34,SA(0.8),0.15525746018293407,0.6745950499251339,0.3168647381752494,0.5955461519350322
TCU070,20.340829249903962,401.26,SA(0.8),-0.9575394990175545,0.6683189617902104,0.3123106854188453,0.5908572335696296
TCU071,10.01426691522794,624.85,SA(0.8),-0.6880622479784007,0.6839223850392723,0.3235908846805457,0.6025269853786371
TCU072,12.748228787930415,468.14,SA(0.8),-0.5611440732407931,0.674433486094198,0.316747795213684,0.5954253617309586
TCU074,22.222133630574767,549.43,SA(0.8),-1.1541893209789964,0.6817611158714177,0.3220366756497579,0.6009081449362235
TCU075,2.71684542140007,573.02,SA(0.8),-0.19971972430509222,0.6814336998235238,0.3218010003493472,0.6006629699168542
TCU076,4.3340083071477284,614.98,SA(0.8),-0.4028482722595086,0.6833789716938006,0.3232003469577597,0.6021198839763225
TCU078,17.667409336015933,443.04,SA(0.8),-0.7633597861642546,0.6725260159195541,0.315365981153238,0.5939996128112239
TCU079,21.222776888973897,363.99,SA(0.8),-0.7528238848238968,0.6602053147713044,0.3063877202797367,0.5848056279774186
TCU081,54.870046821119146,430.47,SA(0.8),-1.909995951258599,0.6778509349229218,0.3192182035070359,0.5979812944613065
TCU082,8.966003941063503,472.81,SA(0.8),-0.5010119610406167,0.674708942208986,0.3169471664639731,0.5956313040524545
TCU083,79.97899565103198,354.63,SA(0.8),-2.0501376009902454,0.6728719399753403,0.3156167344395441,0.5942581295597867
TCU084,19.942894152069616,665.2,SA(0.8),-1.2498192223029707,0.6853590083106641,0.3246225768320067,0.6036034732202299
TCU085,57.92066683550797,999.66,SA(0.8),-2.817008232369747,0.6876485826891704,0.3262645067265421,0.6053197873231231
TCU087,7.308530515924621,538.69,SA(0.8),-0.5040137841492739,0.6799380857969636,0.32072369449544474,0.5995432530738976
TCU088,20.395798012081535,665.2,SA(0.8),-1.3006388857768734,0.6853983811474242,0.3246508361874026,0.6036329807443677
TCU089,15.126942233893988,671.52,SA(0.8),-1.0303709174904898,0.6853204227853132,0.32459488174768997,0.6035745559828078
TCU092,88.45294085502088,422.28,SA(0.8),-2.3092921701147455,0.6796878545491709,0.32054332850744555,0.5993559494749533
TCU094,53.92101623044264,589.85,SA(0.8),-2.208682331188498,0.6850263791373508,0.32438380303916275,0.6033541981621401
TCU095,44.56466924675996,446.63,SA(0.8),-1.758241774269538,0.6780814732461581,0.31938461484362124,0.5981537863801181
TCU096,53.85469792017198,454.58,SA(0.8),-1.9466044920318648,0.6795373235371766,0.3204348092674222,0.5992432787189358
TCU098,47.1372515839405,346.56,SA(0.8),-1.5742443546244496,0.6665412773029229,0.3110164687118962,0.5895303474280132
TCU100,13.491602319643608,535.13,SA(0.8),-0.8856266305995473,0.680469460803979,0.32110659198433794,0.5999410334950109
TCU101,2.7276625208825007,389.41,SA(0.8),0.10579370203306482,0.65948657681003,0.30586103911590273,0.5842701171064217
TCU102,1.9961663796457592,714.27,SA(0.8),-0.34971016699911883,0.6857584683841896,0.3249092454677238,0.6039028557394177
TCU103,6.545253590327707,494.1,SA(0.8),-0.3719353797461036,0.676364698918551,0.3181446556299216,0.5968694866026414
TCU104,13.599900519557263,410.45,SA(0.8),-0.6577498002272093,0.6676414959785585,0.31181769369841517,0.5903514995738461
TCU105,17.911571028764843,575.54,SA(0.8),-1.1816114922363674,0.6828841879351658,0.32284461767543426,0.6017492558947402
TCU106,15.67278608418154,451.37,SA(0.8),-0.8453100393070722,0.6738205303911144,0.3163039882167377,0.5949671370880484
TCU107,16.73758483873565,409.0,SA(0.8),-0.8131528129092034,0.6684172573111029,0.3123821919084811,0.5909306186429588
TCU109,13.739015155167076,535.13,SA(0.8),-0.8992505630507373,0.6804988517094335,0.32112776584313324,0.5999630365134633
TCU110,12.337401625868438,212.72,SA(0.8),-0.21264590907952607,0.5879071767107431,0.2513889378350675,0.5314493864538311
TCU111,22.753679890361862,237.53,SA(0.8),-0.6741741231400207,0.6178096305782272,0.2746878463339218,0.5533853329386653
TCU112,28.530660346449324,190.54,SA(0.8),-0.7160287290187064,0.5947152790615872,0.25677536279695784,0.536425834771026
TCU113,31.866925843887017,230.3,SA(0.8),-0.920053868892821,0.6227251413061584,0.27843574617190797,0.5570099970992153
TCU115,22.519806127058114,215.34,SA(0.8),-0.6104897981266171,0.6041568819706847,0.264162316956093,0.5433450177676507
TCU116,15.552380292106827,493.09,SA(0.8),-0.9186364613770661,0.6778219069626363,0.3191972478831428,0.597959575976748
TCU117,26.02127503510998,198.58,SA(0.8),-0.6718122742208203,0.5972239684367093,0.2587472671468189,0.5382623154367621
TCU118,27.553377287252555,236.19,SA(0.8),-0.8202828272871514,0.6218781372882072,0.27779143335083717,0.556385061979505
TCU119,38.709117009183,221.7,SA(0.8),-1.0499581466585923,0.623928183465024,0.27934984220860043,0.557897879347103
TCU120,8.190427877741287,459.34,SA(0.8),-0.4250842857970044,0.6730132368519065,0.3157191374381599,0.5943637297423058
TCU122,14.73072540652075,475.46,SA(0.8),-0.8432367948547733,0.6761290625069403,0.3179743331861431,0.5966932483289396
TCU123,16.255745645165277,270.22,SA(0.8),-0.4995954680071564,0.6280489296069067,0.28247165221592285,0.5609413727608155
TCU128,13.269189808642082,599.64,SA(0.8),-0.983269424288552,0.683443813249445,0.323246955452436,0.6021684578750975
TCU129,6.355595224258387,511.18,SA(0.8),-0.3878323154410497,0.6778194401033409,0.3191954670065261,0.5979577302991343
TCU136,8.87050666409296,462.1,SA(0.8),-0.4752708928892271,0.6734961790625428,0.3160690549068964,0.5947246890302318
TCU138,10.62709176562196,652.85,SA(0.8),-0.9112453226047981,0.6848476669580144,0.3242554919764114,0.6032202772296127
TCU140,33.698793168228846,223.6,SA(0.8),-0.9449306501903154,0.6208143443497304,0.27698133414173837,0.5556003875875613
TCU141,27.08308313875785,223.04,SA(0.8),-0.7706543325417432,0.614160760337987,0.27189184245758513,0.5506979803340067
TCU145,36.03895088690123,240.43,SA(0.8),-1.0499092699019705,0.6309298232637097,0.2846458804091107,0.5630711896818184
TCU147,72.40184826834715,537.92,SA(0.8),-2.3735170273220616,0.6842044226551977,0.3237935146722756,0.6027382946495994
TTN,83.21058040106071,298.72,SA(0.8),-1.9193721082240547,0.6647948390883781,0.30974311201424315,0.5882273222473389
TTN001,55.943705673847546,484.6,SA(0.8),-2.0299596132019744,0.6813981957209545,0.32177544079604575,0.6006363848721477
TTN002,68.37147822691496,667.36,SA(0.8),-2.5483753224264505,0.6864677522093674,0.32541804459697893,0.6044345051980902
TTN003,95.02819768257147,506.64,SA(0.8),-2.555387057313713,0.683867822244712,0.32355167902687004,0.6024861071432421
TTN004,66.76657920094912,463.59,SA(0.8),-2.145552784075929,0.6809180761554592,0.32142973203273384,0.6002768976069432
TTN005,82.74873732730376,407.59,SA(0.8),-2.209984460241669,0.6782493940497947,0.3195058075099907,0.5982794326201615
TTN006,81.1387708588908,283.21,SA(0.8),-1.8490072294697615,0.6613156712383548,0.3072007227929416,0.5856331043758797
TTN007,81.9983553609081,282.7,SA(0.8),-1.856462659436161,0.6613759761438303,0.3072448554827245,0.5856780520043449
TTN008,82.7187919705734,292.61,SA(0.8),-1.8953216966458244,0.6635409317423091,0.30882770031274376,0.5872921075725382
TTN009,83.68450130501424,313.96,SA(0.8),-1.9702871402501032,0.6675362861281785,0.3117411074748641,0.5902729666926536
TTN010,83.81152591090317,311.34,SA(0.8),-1.9638400204968407,0.6671209813937435,0.31143872555799407,0.5899629853122685
TTN012,81.57676615324058,288.3,SA(0.8),-1.8697854850676565,0.6624664682892243,0.3080425074049936,0.5864909506882797
TTN013,81.26976308172648,297.76,SA(0.8),-1.8959250029116208,0.664279113809742,0.3093667269089633,0.5878426399347797
TTN014,63.02404599943716,533.97,SA(0.8),-2.2361474222724413,0.6837749124916225,0.3234849157425007,0.6024165006372195
TTN015,83.21058040106071,487.91,SA(0.8),-2.394917848755825,0.6828306906072271,0.3228061472463635,0.6017091850180633
TTN016,123.14546871727185,826.15,SA(0.8),-3.3242460985699798,0.6874937006952444,0.32615352405348924,0.6052036576584219
TTN018,74.43304938901571,573.04,SA(0.8),-2.4589752949768027,0.6851213696287776,0.32445199690333465,0.6034253829823953
TTN020,50.35796250220993,453.71,SA(0.8),-1.8683540209656255,0.6791004095090898,0.32011976172597606,0.5989162749065329
TTN022,53.02499720160041,398.81,SA(0.8),-1.7917645765751842,0.674586559458508,0.3168585929919143,0.5955398040847073
TTN023,54.09146602124198,527.54,SA(0.8),-2.0843340650370523,0.6831936986644733,0.32306715893181326,0.6019810966422199
TTN024,59.92050910835589,671.52,SA(0.8),-2.427365295958647,0.6864169152463478,0.3253815860863145,0.6043963972197933
TTN025,65.75784285873038,704.96,SA(0.8),-2.5631530546691113,0.6867837256950038,0.3256446188173502,0.6046713719987188
TTN026,70.29054746653149,573.04,SA(0.8),-2.40726008636322,0.685032604903228,0.3243882726783861,0.6033588636369198
TTN027,76.08977283968429,428.95,SA(0.8),-2.1852879648922725,0.6793520337294203,0.32030121462103395,0.5991045965810893
TTN028,78.48198120220177,616.17,SA(0.8),-2.582370832088208,0.6859558116813241,0.3250508352534318,0.6040507678005471
TTN031,55.63093116970684,510.62,SA(0.8),-2.0772197721975063,0.6825978301763689,0.32263867682504466,0.6015347720440367
TTN032,57.234125398309374,734.26,SA(0.8),-2.4791147421482727,0.6869287536386857,0.3257485957188043,0.6047800963679485
TTN033,58.96031847975615,670.8,SA(0.8),-2.411440170103521,0.686397329903567,0.3253675397866585,0.6043817159311848
TTN036,79.85049273122117,538.69,SA(0.8),-2.45875548127114,0.6844150216587522,0.3239447913594522,0.6028960889102128
TTN040,47.98883144575936,728.01,SA(0.8),-2.3054850835247533,0.686803714191222,0.32565895011592133,0.6046863567472427
TTN041,45.1590519289211,418.24,SA(0.8),-1.6888382385473846,0.6755173708717321,0.31753204198323004,0.5962357928398945
TTN042,64.91469915710697,845.34,SA(0.8),-2.744015825110735,0.6874338464747844,0.32611063132751483,0.6051587803331346
TTN044,58.77993734254324,419.63,SA(0.8),-1.9334156870075268,0.6772478850633747,0.3187827563853054,0.5975301264825073
TTN045,61.00750348291904,539.98,SA(0.8),-2.2180681060094694,0.6838958988805923,0.32357185346859024,0.6025071419896983
TTN046,65.63785661871987,528.12,SA(0.8),-2.261645014319272,0.6836748887011874,0.3234130351755625,0.6023415659898554
TTN047,73.91058687727796,573.04,SA(0.8),-2.452610583835034,0.6851105206625293,0.3244442086555002,0.6034172528130003
TTN048,79.66111305108983,373.54,SA(0.8),-2.0911606282405115,0.6749180037889712,0.3170984529136307,0.5957876156805139
TTN050,89.29934402229367,573.04,SA(0.8),-2.6248759213238606,0.6853960761304377,0.3246491818136788,0.6036312532686737
TTN051,36.67924057370646,665.2,SA(0.8),-1.9496644753848553,0.6859441959882852,0.32504250181101324,0.6040420614712624
WGK,10.40266620061039,258.89,SA(0.8),-0.1950216996787093,0.6160545775445305,0.27334451242618385,0.552092401722811
WNT,6.355595224258387,511.18,SA(0.8),-0.3878323154410497,0.6778194401033409,0.3191954670065261,0.5979577302991343
WTC,43.046970143373564,207.69,SA(0.8),-1.0875572739421002,0.6199294200850375,0.27630669816546194,0.5549478303731542
ALS,21.15138156147171,553.43,SA(1.0),-1.37656093842693,0.6870093394432751,0.3261269203577415,0.6046677304935832
CHK,63.02404599943716,424.57,SA(1.0),-2.2206563712826197,0.6838560057347148,0.3238714648378037,0.602300847453541
CHY002,25.505683407066318,235.13,SA(1.0),-0.9247704866766937,0.6374404500061749,0.2899889192661063,0.567659012089961
CHY004,48.07893833473184,271.3,SA(1.0),-1.5722154480513286,0.660941391450253,0.30731398458244374,0.5851509530132016
CHY006,10.589594525139994,438.19,SA(1.0),-0.7587639024811511,0.6787753383107642,0.32022619878292574,0.598490719653973
CHY008,41.23915234428305,210.73,SA(1.0),-1.231899028176335,0.6374070249857553,0.28996400093323127,0.5676342076231702
CHY010,20.724953105809405,538.69,SA(1.0),-1.476364026479068,0.6866597805114155,0.32587715394132455,0.604405273563267
CHY012,59.82694761124689,198.4,SA(1.0),-1.4740545175262831,0.6414606962843713,0.2929799856919586,0.570643980833558
CHY014,37.42185396368311,347.63,SA(1.0),-1.564552834452129,0.673056966597393,0.31610623921657727,0.5942074770765142
CHY015,38.851553931384295,228.66,SA(1.0),-1.2494710711881085,0.6435284222533211,0.29451379360170504,0.5721804397444752
CHY016,67.39311492490651,200.86,SA(1.0),-1.5761908146905996,0.6453514114367862,0.29586352908896624,0.5735357150156166
CHY017,59.79653364012802,190.57,SA(1.0),-1.4392183743008287,0.6381263169299125,0.2905000487081648,0.5681680368157724
CHY019,52.664018987304125,497.53,SA(1.0),-2.2377904072840478,0.6868669450753945,0.32602518466379315,0.6045608151395065
CHY022,67.37194759211643,564.07,SA(1.0),-2.5773725453603324,0.6890132682449227,0.3275575312088653,0.606172704405191
CHY023,82.48037770558093,279.78,SA(1.0),-2.039036105119123,0.6698768339000484,0.3138069109123138,0.5918278425856831
CHY024,11.325693557566668,427.73,SA(1.0),-0.7814977603376023,0.6777898913638101,0.3195175195395546,0.5977521991111834
CHY025,20.997755926782464,277.5,SA(1.0),-0.8907302988901946,0.6507290958817235,0.2998316511330812,0.5775373037353133
CHY026,30.210404768019664,226.01,SA(1.0),-1.0333186330778217,0.6369055573792868,0.2895900568054832,0.5672620981698115
CHY027,42.57072697901259,210.01,SA(1.0),-1.2546437680986806,0.6378769979241966,0.29031428893434136,0.5679829910493212
CHY028,3.81905953609022,542.61,SA(1.0),-0.4724820229065072,0.6854909158443007,0.3250415102671053,0.6035278057457978
CHY029,11.759168799911324,544.74,SA(1.0),-1.0388024451531241,0.6862341265780048,0.3255729293628872,0.6040857092717435
CHY032,36.21575834030445,192.71,SA(1.0),-1.058452302946864,0.6250752768628907,0.28071185966689566,0.558497944121169
CHY033,44.61021757313737,197.63,SA(1.0),-1.2426667818850767,0.6334317836113481,0.2869944467812228,0.5646857639482278
CHY034,15.559574786944564,378.75,SA(1.0),-0.9047518919504747,0.6722850594437407,0.31554866881280585,0.5936297151943627
CHY035,13.44254351914465,573.04,SA(1.0),-1.1830364295428215,0.6873894307989458,0.3263984299486487,0.6049531341361541
CHY036,16.839316616786387,233.14,SA(1.0),-0.5994127284758737,0.6289634793012531,0.2836420115455468,0.5613753357435056
CHY039,32.69010874984208,201.21,SA(1.0),-1.0096640418800507,0.6267579236679345,0.28198140883234357,0.5597427801709166
CHY041,21.610943270708972,492.26,SA(1.0),-1.409753448261057,0.6845420983008618,0.32436264985158625,0.6028156896825131
CHY042,30.629771574103184,665.2,SA(1.0),-2.0395516568559855,0.6898418554009585,0.32814845231319506,0.6067951703066627
CHY044,55.933003322544856,194.47,SA(1.0),-1.405275547960897,0.6380576321148341,0.2904488784190593,0.5681170574143144
CHY046,24.881430138705287,442.15,SA(1.0),-1.4445620671267392,0.6815859139519714,0.322244463109161,0.6005979221519442
CHY047,24.93307771977854,169.52,SA(1.0),-0.6836798892560576,0.598649168822299,0.2604455319804118,0.5390259290637787
CHY050,45.48094043081733,538.93,SA(1.0),-2.1936596327155846,0.6879185603201506,0.3267762755875507,0.6053504863680856
CHY052,40.52523944488567,573.04,SA(1.0),-2.1521775465596855,0.6885981456383976,0.32726134574559107,0.6058608897737372
CHY054,49.228155688795745,172.1,SA(1.0),-1.2072807986144576,0.6232312243317376,0.279317851667666,0.557134361462113
CHY055,55.04100932988003,225.77,SA(1.0),-1.5205491596741796,0.6498517309329693,0.29918561009905786,0.5768840809956806
CHY057,58.30189007907089,411.46,SA(1.0),-2.130558560012452,0.6827044860512308,0.32304650496355897,0.6014369218008689
CHY058,60.47926509005612,269.28,SA(1.0),-1.7531157772356951,0.6637437189158134,0.3093555385559983,0.5872434547655023
CHY059,74.0105222831666,191.09,SA(1.0),-1.6038014011056598,0.6438879742032548,0.29478019131308625,0.5724476937965526
CHY060,69.53930995385498,228.92,SA(1.0),-1.7171309702492237,0.6554693403429789,0.3033131808085801,0.5810689894302065
CHY061,62.41616207975734,538.69,SA(1.0),-2.4601399204622494,0.6883768580126081,0.32710342285288113,0.6056946833225793
CHY062,59.70708366780761,602.63,SA(1.0),-2.5494924494316686,0.6895226510462673,0.32792084828130463,0.6065553590302719
CHY063,73.64708029924377,246.88,SA(1.0),-1.8296757157301242,0.6613227039350015,0.3075920661974277,0.5854355981252753
CHY065,85.87815923556157,250.0,SA(1.0),-1.9625188169581853,0.6644228757104935,0.3098495873838794,0.5877507898467186
CHY066,90.36922111828896,211.97,SA(1.0),-1.8517403257758285,0.6555543701345248,0.30337549652382456,0.5811323776140823
CHY067,84.21459469490114,227.97,SA(1.0),-1.8639652165821827,0.6587415617912341,0.3057079145303552,0.5835093111722001
CHY069,86.69064381036402,224.42,SA(1.0),-1.8722010546164307,0.6583043854683864,0.3053883712212312,0.5831831673237434
CHY070,84.43554371983527,265.45,SA(1.0),-2.008166487100164,0.6674809016848038,0.3120706517450516,0.5900361534968662
CHY071,79.42270364079795,202.95,SA(1.0),-1.711921023022483,0.6499236222117898,0.29923856634481816,0.5769376007167423
CHY074,21.15138156147171,553.43,SA(1.0),-1.4052448460376898,0.6870093394432751,0.3261269203577415,0.6046677304935832
CHY076,42.877573217177414,169.84,SA(1.0),-1.0924076479550155,0.6173221888600018,0.2748315652401663,0.55276965872463
CHY078,77.88051206740859,160.67,SA(1.0),-1.4888919225204842,0.6320124980105242,0.2859312924719462,0.5636338293846681
CHY079,50.68613779255426,573.04,SA(1.0),-2.3508379610909564,0.6888604104312172,0.3274484792237145,0.606057883797861
CHY080,4.988369897004964,496.21,SA(1.0),-0.3905395594961366,0.68275732671897,0.32308437617268043,0.6014765606917234
CHY081,43.161132192340126,573.04,SA(1.0),-2.2094261614576527,0.6886740985761537,0.32731554402716373,0.6059179389058222
CHY082,36.69569501183828,193.69,SA(1.0),-1.072694815624477,0.6259810997678082,0.2813955865466704,0.5591680079712805
CHY086,31.247850964812436,665.2,SA(1.0),-2.0556673850947216,0.6898514569278527,0.32815529772830954,0.6068023839754797
CHY087,29.89661912611536,505.2,SA(1.0),-1.740241444781784,0.6859264716329799,0.32535298182846983,0.6038547521566694
CHY088,38.170938955225544,318.52,SA(1.0),-1.5193818696461168,0.6684619260844402,0.31278198299720383,0.5907696486252967
CHY090,59.17740188206011,180.33,SA(1.0),-1.384482767326061,0.6331532106465305,0.28678589713779107,0.5644792621123315
CHY092,24.650496063812138,253.72,SA(1.0),-0.9537251726386771,0.6445204140659073,0.29524855306627407,0.5729178440753614
CHY093,50.52955404993735,190.49,SA(1.0),-1.3097790568175929,0.6334775745929566,0.28702872181482736,0.5647197095599916
CHY094,37.57279552970941,221.92,SA(1.0),-1.1978807664201108,0.6400329667238089,0.29191911298708745,0.5695835583705979
CHY096,83.07046778565815,293.61,SA(1.0),-2.0917776126394054,0.6722896584900167,0.3155519918553305,0.5936331572181229
CHY099,65.94429160338161,228.84,SA(1.0),-1.674792263985028,0.654428626873185,0.3025500906870698,0.5802932623220506
CHY100,54.13764361475702,230.11,SA(1.0),-1.5239476079758894,0.6509847158059602,0.3000197769205721,0.5777276466203577
CHY101,10.40266620061039,258.89,SA(1.0),-0.3494466841147428,0.6355220171525957,0.28855737130769765,0.5662357086494065
CHY102,42.67253817797281,804.36,SA(1.0),-2.5472998240539666,0.6908358609639285,0.32885687759407617,0.607542048629432
CHY104,18.66688688746901,223.24,SA(1.0),-0.6464442484227395,0.6255760922030871,0.2810899647831381,0.558868391335831
CHY107,51.35844504410688,175.68,SA(1.0),-1.2559113891240439,0.6265276304198681,0.2818077902120052,0.5595723733846779
CHY109,43.43968322952119,573.04,SA(1.0),-2.2150180040198264,0.6886815063432611,0.32732082988016714,0.6059235030148458
CHY110,43.43968322952119,573.04,SA(1.0),-2.2150180040198264,0.6886815063432611,0.32732082988016714,0.6059235030148458
CHY116,82.01615041444819,195.38,SA(1.0),-1.7024596820201259,0.6480215854412505,0.29783630718438464,0.5755219451250846
ENA,65.88362730496057,665.2,SA(1.0),-2.733051344945669,0.6902539228732972,0.3284421933904075,0.6071047715533736
ESL,43.897780904479816,493.29,SA(1.0),-2.050667495243462,0.6862461809494157,0.32558154621171326,0.6040947588202105
HEN,162.89527803630148,204.23,SA(1.0),-2.3425378025680645,0.6659624511034442,0.3109684991989926,0.588901162153407
HSN,54.870046821119146,321.49,SA(1.0),-1.8393103352086462,0.6725722201441617,0.31575613337430947,0.59384463923332
HWA,54.910390623144146,260.38,SA(1.0),-1.6322509740622497,0.6599194339328811,0.3065682459304466,0.5843882013434422
HWA002,56.44202545573511,789.18,SA(1.0),-2.7819856432011965,0.6908384557370185,0.32885872621871914,0.6075439985012691
HWA003,55.34036308551032,1525.85,SA(1.0),-3.156152206449494,0.6911771548192257,0.3291,0.6077985269347072
HWA005,48.52595230785456,459.32,SA(1.0),-2.0697168372284804,0.6849264167305855,0.3246376799087423,0.6031041146592093
HWA006,49.18260421653337,559.11,SA(1.0),-2.286827919624513,0.6885128634011122,0.32720048671580865,0.6057968343939546
HWA007,55.59377109620273,358.72,SA(1.0),-1.9433151369676571,0.6775568957466778,0.3193498827764958,0.5975776094738765
HWA009,55.351901573503156,373.23,SA(1.0),-1.9784508938878589,0.6790954778103221,0.3204563094027838,0.5987306754680078
HWA011,52.50669252247871,355.76,SA(1.0),-1.885320265391181,0.6767968626951611,0.31880283937576676,0.5970081598772012
HWA012,55.940482597974515,414.42,SA(1.0),-2.092256202039794,0.6826860154229468,0.3230332666026978,0.6014230660043314
HWA013,53.649974548577966,330.55,SA(1.0),-1.833378982700907,0.6735986475204652,0.3164973054145599,0.5946129780005838
HWA014,54.562707264600675,277.28,SA(1.0),-1.6838361768928045,0.6639453058304677,0.3095022113896494,0.5873940332342763
HWA015,50.48367897862757,453.05,SA(1.0),-2.09150368599388,0.6847172934576808,0.32448803464558534,0.6029471679441385
HWA016,51.54840213276211,576.55,SA(1.0),-2.3621689286435825,0.6889347707578026,0.32750153096096773,0.6061137398024635
HWA017,50.52422325112912,578.11,SA(1.0),-2.346807040499967,0.6889415303263416,0.3275063533749754,0.6061188173183764
HWA019,54.910390623144146,494.82,SA(1.0),-2.257927452989256,0.6868322888510795,0.3260004224161183,0.6045347943608582
HWA020,43.897780904479816,626.43,SA(1.0),-2.302264144413123,0.6895886130973208,0.3279678858752769,0.6066049135541087
HWA022,61.14643046699228,567.64,SA(1.0),-2.4977244865376784,0.6889638183296705,0.3275222539231034,0.6061355592213092
HWA023,50.46681972096665,671.52,SA(1.0),-2.506113929376688,0.69017188825071,0.32838372221975964,0.607043133815585
HWA024,42.66088086872478,671.52,SA(1.0),-2.349767749555663,0.6900832933251444,0.32832057122566277,0.6069765681115966
HWA025,52.97661131498272,494.32,SA(1.0),-2.224847939631017,0.686732316897928,0.3259289878340892,0.6044597339454816
HWA026,51.216871807519986,457.49,SA(1.0),-2.114476634332414,0.6850008747225541,0.3246909552322005,0.6031599969834417
HWA027,50.999260902587345,437.8,SA(1.0),-2.0657299376532805,0.6838669834756856,0.32387932596796537,0.6023090845227806
HWA028,53.17903686421587,406.7,SA(1.0),-2.028650221801689,0.6818745372525439,0.3224514776308979,0.6008143882490011
HWA029,53.68312510210313,614.05,SA(1.0),-2.4660093276049095,0.6895824127478933,0.3279634644965761,0.6066002554620374
HWA030,46.3240822341362,592.18,SA(1.0),-2.292597159732977,0.689105049192575,0.3276230038513874,0.6062416483301811
HWA031,50.812995101814906,602.29,SA(1.0),-2.3956237570444596,0.6893633696045997,0.3278072552831104,0.6064357004137879
HWA032,47.149347167648216,573.04,SA(1.0),-2.274067703249793,0.6887595607752066,0.32737652431763936,0.6059821316548514
HWA033,53.337780221409545,395.57,SA(1.0),-2.0035289949352735,0.6809749496028268,0.32180610037347934,0.6001397468498371
HWA034,43.827097965114945,379.18,SA(1.0),-1.7838096147316613,0.6782362175286167,0.31983855973630004,0.5980866680284174
HWA035,47.804623815661444,677.49,SA(1.0),-2.465889720014788,0.6901956771839238,0.32840067842626924,0.6070610078176174
HWA036,43.05936412870529,503.04,SA(1.0),-2.052870724099706,0.6865934805046912,0.32582977409072805,0.6043554962003166
HWA037,45.498025716459686,469.64,SA(1.0),-2.0333981552072453,0.685260085235322,0.324876399544779,0.6033545470414075
HWA038,41.859772602007936,642.73,SA(1.0),-2.2847502305355913,0.6897628850632321,0.3280921485542136,0.6067358401049285
HWA039,45.291665715542166,459.67,SA(1.0),-2.00723977360681,0.6847250021750536,0.3244935512939075,0.6029529531997462
HWA041,47.47960397850945,484.97,SA(1.0),-2.1057048763836317,0.6860899434357313,0.32546985671116496,0.6039774688314612
HWA043,57.422369838378636,543.06,SA(1.0),-2.3953581629705374,0.6883577173253286,0.3270897618197319,0.6056803073520287
HWA044,58.67615362772547,534.41,SA(1.0),-2.397487303447053,0.6881769217206295,0.3269607155191546,0.6055445203253711
HWA045,62.479427036765046,484.45,SA(1.0),-2.3494338362053466,0.6867440050592485,0.325937339837042,0.6044685095063015
HWA046,51.02049634079368,617.52,SA(1.0),-2.426019937201167,0.6895880103037405,0.32796745603284194,0.6066044606974281
HWA048,50.7224249000127,345.89,SA(1.0),-1.8277003370328102,0.6752746661381502,0.3177062409635132,0.5958679544838976
HWA049,50.09848662493223,508.61,SA(1.0),-2.2041416731284365,0.6871249003354568,0.3262094766633482,0.6047545006000666
HWA050,52.588798916808756,313.9,SA(1.0),-1.767106040338326,0.6707548966533757,0.3144423660059634,0.5924847085326781
HWA051,52.76943285780981,440.5,SA(1.0),-2.102515451722512,0.684155609938085,0.32408598741770417,0.6025256603409059
HWA053,41.01531883433213,843.24,SA(1.0),-2.5602929708469575,0.690933644506267,0.32892654028754786,0.6076155299242908
HWA054,42.366722327932806,452.83,SA(1.0),-1.929836912697514,0.6841110014753184,0.3240540499152873,0.6024921867319638
HWA055,46.95869477154732,369.75,SA(1.0),-1.8233393308409136,0.6776491792796925,0.3194162829878348,0.5976467588305622
HWA056,40.36324611604254,511.3,SA(1.0),-2.0663049307316914,0.6867656631281157,0.32595281584134084,0.6044847706079132
HWA057,49.81118228871056,671.52,SA(1.0),-2.49416056610883,0.6901651588851415,0.328378925629357,0.6070380776701424
HWA058,45.22518970943778,529.54,SA(1.0),-2.152250104068847,0.6876041484507199,0.3265517751428167,0.6051143719312201
HWA059,48.38288493912992,208.56,SA(1.0),-1.3357050624746902,0.6399404638535461,0.2918503275311795,0.5695148668797285
HWA060,56.69388929890098,573.04,SA(1.0),-2.4410425574609596,0.6889776386164567,0.32753211336401644,0.6061459405364437
HWA2,54.910390623144146,260.38,SA(1.0),-1.6322509740622497,0.6599194339328811,0.3065682459304466,0.5843882013434422
ILA001,102.14533163111949,909.09,SA(1.0),-3.456058338289627,0.6910982633216094,0.3290438065366279,0.6077392392679863
ILA002,96.5430887001664,219.78,SA(1.0),-1.9355902512080447,0.6589985034495082,0.30589566285470166,0.5837010116449809
ILA003,91.77508445604383,263.82,SA(1.0),-2.0667951552620245,0.6682219172433781,0.3126080080050718,0.5905901827964269
ILA004,87.85445904337864,124.27,SA(1.0),-1.3470854827962122,0.6163471749441253,0.27408840515449256,0.5520501663992783
ILA005,86.15882510967322,239.33,SA(1.0),-1.9224120678079215,0.6619471704886977,0.30804727751895145,0.5859018103156493
ILA006,84.0230749317769,279.41,SA(1.0),-2.048713586691842,0.6699713108580322,0.31387530577299216,0.5918985130904966
ILA007,83.01426463964907,496.27,SA(1.0),-2.619404768546109,0.6877464307009958,0.32665337576147013,0.6052212199234223
ILA008,83.77120048773067,299.28,SA(1.0),-2.1126659589434595,0.673195740179555,0.3162064428130398,0.5943113578919914
ILA010,79.14352703450395,573.04,SA(1.0),-2.731235105332318,0.689340522337126,0.32779096047247075,0.6064185369598762
ILA012,87.16828457720456,259.21,SA(1.0),-2.0073135323985127,0.6665883123691011,0.3114229428469207,0.5893689242364666
ILA013,83.10768677806287,199.48,SA(1.0),-1.7257677571970753,0.6495998071103051,0.29900001129700776,0.5766965429427636
ILA014,79.65880504821489,300.77,SA(1.0),-2.075604459780884,0.672905144751004,0.31599660119881384,0.5940938325409274
ILA015,84.4098971671404,782.59,SA(1.0),-3.1268826109441887,0.6908887248315316,0.3288945393391959,0.6075817739960588
ILA016,81.37675877808526,271.1,SA(1.0),-1.9934275178851906,0.6680251655744099,0.3124653631833625,0.59044306978015
ILA021,75.9361246011624,573.04,SA(1.0),-2.695605719858025,0.6892974180802092,0.3277602175181362,0.6063861561616547
ILA024,66.86639827014352,671.52,SA(1.0),-2.756150854260863,0.6903097932602968,0.3284820137046074,0.6071467510772333
ILA027,82.20017425265452,215.0,SA(1.0),-1.7852952798550445,0.6544037515026196,0.3025318424372901,0.5802747231201796
ILA030,84.59458810632478,200.98,SA(1.0),-1.7465588066063014,0.6505246269775027,0.2996811386171793,0.5773850582248643
ILA031,82.26156099466952,649.25,SA(1.0),-2.898880543476878,0.6902405781913896,0.3284326820424604,0.607094744787319
ILA032,83.16745823634133,295.48,SA(1.0),-2.0942224263636655,0.6725362152560758,0.31573012359475067,0.5938176907821205
ILA035,92.41248666952322,293.01,SA(1.0),-2.1742456269113535,0.6732787971190038,0.3162664100436451,0.5943735328294133
ILA036,88.96142770127999,181.0,SA(1.0),-1.6912447578555008,0.6445641314718934,0.295280918096976,0.5729503460055883
ILA037,83.10530005645415,210.17,SA(1.0),-1.7732272672005385,0.6531322751329974,0.3015985600316872,0.5793272627860855
ILA039,85.105398122443,227.18,SA(1.0),-1.8638808637044124,0.6585996394827495,0.30560419327667565,0.5834034300366426
ILA041,86.92925202295595,196.88,SA(1.0),-1.7493310131153046,0.6497659649729827,0.29912242894646124,0.5768202334683143
ILA042,84.64451794546719,209.36,SA(1.0),-1.784301620338829,0.6532718065898593,0.3017010304337379,0.5794312224245421
ILA043,76.15127489591175,573.04,SA(1.0),-2.698042166482041,0.6893003803025128,0.32776233027444357,0.60638838143409
ILA044,79.50525087467304,158.13,SA(1.0),-1.4849259996311457,0.6312046188352315,0.285325428809745,0.5630352302595859
ILA046,78.60335463818913,396.93,SA(1.0),-2.3405809873744747,0.6829815287711248,0.3232450462991624,0.6016447528945924
ILA048,87.92935080981664,199.59,SA(1.0),-1.7708642802663688,0.6509530381402451,0.2999964658511006,0.5777040577500427
ILA049,86.95811873375148,190.0,SA(1.0),-1.717282071522281,0.647342144088994,0.29733479246188,0.5750164108139755
ILA050,65.88362730496057,621.06,SA(1.0),-2.659107964346814,0.6898287283319331,0.32813909328352286,0.6067853079064451
ILA051,78.04823034364469,520.64,SA(1.0),-2.6170882889252454,0.6882874974036429,0.3270396430373648,0.6056275678700258
ILA052,84.06986671281122,612.47,SA(1.0),-2.8547890287451714,0.6899095705242605,0.32819672884218676,0.6068460452851758
ILA054,114.92568764400566,677.3,SA(1.0),-3.258075829238101,0.6905785857498854,0.32867356686319116,0.6073487215280355
ILA055,89.2530675683504,266.77,SA(1.0),-2.0542953528843553,0.6684116630898084,0.31274555174613095,0.590732063813614
ILA056,90.99352301582981,223.71,SA(1.0),-1.9037409216943695,0.6589184579225701,0.30583717776875047,0.5836412895653489
ILA059,85.27547272039952,236.84,SA(1.0),-1.9042480486196376,0.6611561107389997,0.3074705851743203,0.5853112351732893
ILA061,77.51126528132811,497.73,SA(1.0),-2.563594628484324,0.687654314167403,0.3265875985834494,0.6051520439067666
ILA062,72.19750000793086,447.51,SA(1.0),-2.3915174656640863,0.6855721464253093,0.32509960692777595,0.6035887784987485
ILA063,60.16791606248126,996.51,SA(1.0),-3.0923248651643163,0.6911364065859535,0.32907097592157086,0.6077679041497416
ILA064,71.3059446511398,488.61,SA(1.0),-2.4725127946229386,0.6871914464980121,0.326257013834061,0.6048044684558073
ILA066,69.33530918828765,481.17,SA(1.0),-2.43236400719452,0.6868669189386359,0.32602516598903397,0.6045607955152877
ILA067,38.0530901443823,665.2,SA(1.0),-2.229864257104083,0.6899559914975604,0.3282298226462952,0.6068809221988801
KAU001,47.872270820263516,573.04,SA(1.0),-2.288107366556913,0.6887780641008521,0.3273897265930706,0.6059960301089703
KAU003,115.67129144447121,913.77,SA(1.0),-3.574237504391648,0.6911077409442742,0.3290505575012333,0.6077463617342563
KAU006,115.55793209386754,218.49,SA(1.0),-2.082026041354672,0.6621538687772149,0.3081978987828482,0.5860561416131311
KAU007,108.23991364360973,290.86,SA(1.0),-2.3028899873155497,0.6746519030074999,0.31725722051761046,0.5954015840263455
KAU008,109.31472860629879,285.94,SA(1.0),-2.294709081833087,0.6740647443252559,0.3168336687433986,0.5949619365075979
KAU010,100.62762664372208,215.36,SA(1.0),-1.9509883689204353,0.6586294479325923,0.3056259792883882,0.583425668331455
KAU011,104.19724162361148,155.32,SA(1.0),-1.6771903032860354,0.6387583460629351,0.29097074705597226,0.5686371857544543
KAU012,87.20034181709256,516.18,SA(1.0),-2.7034873275090954,0.6883606590783555,0.32709186141116275,0.605682516806758
KAU015,108.83525214819949,233.21,SA(1.0),-2.0925414952694394,0.664482752521852,0.3098931308690012,0.5877955221326757
KAU018,79.82224640898121,538.69,SA(1.0),-2.672606717200354,0.6887292429758628,0.327354891933577,0.6059593590805089
KAU020,75.40786468933833,373.33,SA(1.0),-2.2432685756743282,0.6809430146174112,0.3217831816364825,0.6001157998021303
KAU022,99.29885279683903,217.05,SA(1.0),-1.9470669742956694,0.6588160651681589,0.3057623587831676,0.5835648958556446
KAU030,102.44967456859456,259.36,SA(1.0),-2.143064226899302,0.6688899443512243,0.31309215514720573,0.591089722495208
KAU032,113.1787121371236,194.13,SA(1.0),-1.9518570382514455,0.6551251601274648,0.30306089348350385,0.5808124226228436
KAU033,121.30415327080891,182.93,SA(1.0),-1.9555360407783204,0.6534051596317347,0.30179895140537116,0.5795305820782809
KAU034,108.86832940689311,1010.4,SA(1.0),-3.6288315927081918,0.69115293713554,0.32908275037405577,0.6077803270239426
KAU037,136.63858595740618,283.21,SA(1.0),-2.490796564269054,0.6761935641638249,0.31836837651580485,0.5965562111413035
KAU038,143.3217590914785,667.59,SA(1.0),-3.4413945927564065,0.6906227436064937,0.32870503211592156,0.6073819027994098
KAU039,152.7137646620572,464.82,SA(1.0),-3.117628530124846,0.6882117560409167,0.3269855805018407,0.6055706823293185
KAU040,141.54082737203709,567.64,SA(1.0),-3.253031010291423,0.6898602394824035,0.3281615592149228,0.6068089823596465
KAU042,160.2092768679782,806.48,SA(1.0),-3.7666724881736666,0.691027738704841,0.3289935700078149,0.607686240220263
KAU043,172.12019900001243,538.49,SA(1.0),-3.406745448220954,0.6897461309792995,0.32808020292263396,0.6067232529342816
KAU044,121.91611938734569,221.24,SA(1.0),-2.1413979427436645,0.6638271947373482,0.30941627784718473,0.5873058074598368
KAU046,162.89527803630148,204.23,SA(1.0),-2.3425378025680645,0.6659624511034442,0.3109684991989926,0.588901162153407
KAU047,57.34078848787392,573.04,SA(1.0),-2.4511194604331408,0.6889906307638303,0.32754138191708193,0.6061556998100315
KAU048,94.06716422546164,295.66,SA(1.0),-2.1980746963435283,0.6738572615074028,0.3166839521228802,0.5948065932335397
KAU050,41.405707951930495,665.2,SA(1.0),-2.3112154567529526,0.6900049989696666,0.3282647591771714,0.6069177427670766
KAU051,125.39181021164151,1004.58,SA(1.0),-3.75375177895294,0.6911534168310649,0.32908309205160635,0.6077806875205971
KAU052,169.07733558731505,573.04,SA(1.0),-3.4536554194237645,0.6900931806784759,0.32832761919062003,0.6069839969023523
KAU054,35.06562470884893,497.22,SA(1.0),-1.8403101946873164,0.6858528149043261,0.3253003160091039,0.603799460182406
KAU057,114.76630263975981,535.13,SA(1.0),-2.9864818965830104,0.689156949775374,0.3276600255984461,0.6062806355546275
KAU058,110.06905598566512,229.66,SA(1.0),-2.087557888032169,0.6638786748117893,0.30945373402135506,0.5873442613749605
KAU062,114.45650676026153,246.84,SA(1.0),-2.19122192202165,0.668132625653899,0.3125432745280167,0.5905234178341091
KAU063,93.6060399190571,227.24,SA(1.0),-1.9451053398264977,0.6604546863250439,0.30695891015609134,0.5847876710093133
KAU064,102.44159350370471,244.84,SA(1.0),-2.08939897016346,0.6660431552333562,0.3110271125167613,0.5889614757458169
KAU066,101.67439153000315,214.97,SA(1.0),-1.9576308355799215,0.6587259039323012,0.3056964719086996,0.5834976294501983
KAU069,71.14795101360905,500.15,SA(1.0),-2.4951494883218803,0.6875582813618448,0.32651902020902807,0.6050799283656583
KAU073,110.99667430146175,216.33,SA(1.0),-2.0376955788082416,0.6608303583415822,0.30723299378215724,0.5850680729945165
KAU074,105.92197691458655,228.34,SA(1.0),-2.0491884371809346,0.6628872422126368,0.308732094566787,0.586603775706123
KAU075,116.89998968320606,196.3,SA(1.0),-1.990146322832558,0.6565232144758537,0.30408520035950243,0.5818547259136332
KAU077,83.2746332190764,665.2,SA(1.0),-2.935693963473376,0.6903663396230745,0.32852231417130384,0.6071892390153941
KAU078,89.35199696595875,531.85,SA(1.0),-2.756419153147627,0.6887464204289495,0.3273671484642932,0.6059722615434214
KAU081,162.4731162832657,295.0,SA(1.0),-2.7089132111537735,0.6793789007550632,0.3206599814640191,0.5989431250783775
KAU082,169.92818795624305,573.04,SA(1.0),-3.4593303481180357,0.6900980739405829,0.32833110721766634,0.6069876734248592
KAU083,111.33662490367176,202.14,SA(1.0),-1.9760053446602344,0.6570870040078804,0.3044979107884594,0.5822751524507256
KAU085,88.81470945306066,260.75,SA(1.0),-2.030467919823698,0.6672010214391317,0.3118676077167178,0.5898269222971025
KAU086,99.09116222127146,216.8,SA(1.0),-1.9442785286567985,0.6587071370734788,0.3056827570520818,0.5834836282815283
KAU087,113.8969815243451,276.11,SA(1.0),-2.2965557843252924,0.6730876634276454,0.31612840529058234,0.5942304553175649
KAU088,111.19576926643339,227.46,SA(1.0),-2.087120911478239,0.6635559215386446,0.3092188763711792,0.587103183013638
NCU,80.12485352707097,466.16,SA(1.0),-2.5281004313098165,0.6866745736480411,0.3258877252173126,0.6044163801944851
NSK,57.92066683550797,665.2,SA(1.0),-2.6198720700512905,0.6901886421156629,0.32839566402112164,0.6070557219544094
NST,37.88427385619578,491.08,SA(1.0),-1.9305988615916831,0.6858442447173659,0.3252941879925892,0.6037930268479226
NSY,13.269189808642082,599.64,SA(1.0),-1.2244825368220051,0.6881530121198352,0.3269436483120662,0.6055265633463143
PNG,110.99680090093074,465.86,SA(1.0),-2.812029990295284,0.6874711226877863,0.3264567747992232,0.6050144781055199
SGL,94.06716422546164,295.66,SA(1.0),-2.1980746963435283,0.6738572615074028,0.3166839521228802,0.5948065932335397
SSD,86.12829009110234,535.13,SA(1.0),-2.7311373937991728,0.6887617484722951,0.32737808526681705,0.6059837749029636
STY,41.405707951930495,665.2,SA(1.0),-2.3112154567529526,0.6900049989696666,0.3282647591771714,0.6069177427670766
TAI1,77.88051206740859,160.67,SA(1.0),-1.4888919225204842,0.6320124980105242,0.2859312924719462,0.5636338293846681
TAP,99.45326800656716,235.82,SA(1.0),-2.0267253700898307,0.6635351063435505,0.30920372759123377,0.5870876358722206
TAP003,102.49615603578604,212.39,SA(1.0),-1.95298598235804,0.6581857386769965,0.30530162818716877,0.5830946599172789
TAP005,106.45776496285161,179.84,SA(1.0),-1.8291305404918627,0.6489455908261917,0.29851783104177537,0.5762095837478488
TAP006,105.19861667361013,184.77,SA(1.0),-1.844448203206488,0.6503335172127641,0.29954043437510874,0.5772427667668913
TAP007,103.22929751249532,207.39,SA(1.0),-1.9365560215904767,0.6569346569837043,0.3043864085661031,0.5821615392883033
TAP008,103.88983230695109,194.14,SA(1.0),-1.8801116028173261,0.6530948786918519,0.30157109429126133,0.5792994007087319
TAP010,101.02607768818412,226.38,SA(1.0),-2.0011027441694313,0.6615553139628887,0.30776165813934625,0.5856092513031674
TAP012,101.22135041662736,207.99,SA(1.0),-1.922954060424273,0.6566873555093078,0.30420537760812033,0.581977122505781
TAP013,101.93097443003171,205.11,SA(1.0),-1.9156970635883108,0.6560025400453525,0.3037038685687793,0.5814665018402281
TAP014,102.68862503887601,188.98,SA(1.0),-1.8455190527977976,0.6511374639264712,0.3001321722343469,0.5778413935661662
TAP017,98.95262064237038,217.83,SA(1.0),-1.9475548322554073,0.6589570937553654,0.30586540746314034,0.5836701156714507
TAP020,100.10708960480885,218.5,SA(1.0),-1.9600445770282617,0.6593635620454324,0.3061623404371501,0.583973396869487
TAP021,100.64194987891956,167.18,SA(1.0),-1.716430802529506,0.642609408929343,0.2938324626166436,0.5714974508754683
TAP024,96.12094949935707,194.98,SA(1.0),-1.8206967164208967,0.6515164574371544,0.3004109758631275,0.5781236372026513
TAP026,97.04891677159061,194.28,SA(1.0),-1.8251572933012963,0.6515150893493391,0.30040996961368194,0.5781226183143019
TAP028,95.95079486383781,287.94,SA(1.0),-2.188974480921078,0.672917378453527,0.31600543624945304,0.5941029897968534
TAP032,94.42845888739913,308.88,SA(1.0),-2.2444066183588793,0.675713133789491,0.3180222497247337,0.5961963500858033
TAP034,91.89598828035317,538.69,SA(1.0),-2.794489013480499,0.6889215181299632,0.32749207619731086,0.606103784982793
TAP035,89.039962013356,438.13,SA(1.0),-2.5490678736363823,0.6857897111507174,0.3252551934638979,0.6037520907168329
TAP036,87.5599551150271,671.52,SA(1.0),-2.989458495908006,0.6904313393615097,0.32856863731062935,0.607238079297045
TAP041,111.82723819014045,363.56,SA(1.0),-2.5567951188213565,0.6824027938009875,0.32283025148867484,0.6012106134385453
TAP042,106.68190483381903,375.85,SA(1.0),-2.54864667481168,0.683020035729978,0.32327263884811236,0.6016736409223512
TAP043,91.48433103527901,388.16,SA(1.0),-2.4472940866331223,0.6830925886943677,0.3233246252329045,0.6017280710147853
TAP046,117.32193358845494,816.9,SA(1.0),-3.4691881441776484,0.6910046725833926,0.3289771388542161,0.6076689062667066
TAP047,85.80907617073753,403.2,SA(1.0),-2.43134751888935,0.683783216245627,0.32381933884966035,0.602246230877523
TAP049,108.6027661355923,573.04,SA(1.0),-3.0092573219024565,0.6896593047268916,0.32801829364164303,0.6066580219800974
TAP051,103.74251653105222,403.17,SA(1.0),-2.596182375357114,0.6845829026851552,0.3243918544579661,0.6028463116003568
TAP052,100.31096345926947,433.88,SA(1.0),-2.642795819806106,0.6859810594610329,0.32539201120673983,0.6038957302234502
TAP053,91.65600419476041,538.69,SA(1.0),-2.792207518566612,0.6889179936299582,0.3274895617135304,0.6061011375305336
TAP059,118.32453599408895,456.18,SA(1.0),-2.8450489022174605,0.6873133276319493,0.3263440734524159,0.6048959878053313
TAP060,120.15382017573265,631.27,SA(1.0),-3.20733070866873,0.6903145900841625,0.32848543245406203,0.6071503553062727
TAP065,121.46351678308714,1023.45,SA(1.0),-3.743662241184155,0.6911583519534676,0.32908660723398975,0.6077843963234456
TAP066,115.01873277372866,662.78,SA(1.0),-3.219172733261451,0.6904991519134785,0.3286169627356025,0.6072890338180501
TAP067,96.47463981057544,807.68,SA(1.0),-3.280252183738497,0.6909644388286417,0.3289484776840474,0.6076386712143389
TAP069,122.45755568413036,671.52,SA(1.0),-3.2923290698626326,0.690574840731944,0.3286708982561313,0.6073459074460431
TAP072,100.78864973474847,671.52,SA(1.0),-3.1132264671386327,0.6904921251924923,0.32861195537585725,0.6072837538884932
TAP075,108.27200165265872,856.38,SA(1.0),-3.444625574630393,0.6910507319054632,0.32900994894538516,0.6077035194583222
TAP077,117.94442647334881,1022.77,SA(1.0),-3.716725905539589,0.6911577796892788,0.3290861996230569,0.6077839662599427
TAP078,118.90698625816037,671.52,SA(1.0),-3.2644654308281336,0.690562401267704,0.3286620341502645,0.6073365601977438
TAP079,118.27326344912967,631.27,SA(1.0),-3.1924730926008555,0.690305161250583,0.32847871240880017,0.6071432706894232
TAP081,122.7494636646256,671.52,SA(1.0),-3.2945985836604854,0.6905758467928415,0.3286716151509239,0.6073466634202686
TAP083,121.86621664827865,435.22,SA(1.0),-2.823117313994499,0.6866570991117213,0.3258752377825453,0.60440326038225
TAP084,122.81401514518838,224.22,SA(1.0),-2.1609022807385587,0.6646354443938916,0.31000416119059954,0.5879095967826843
TAP086,93.25545980723025,887.68,SA(1.0),-3.3471721399609224,0.6910741565983417,0.32902663497335716,0.60772112304594
TAP087,103.15361263828753,573.04,SA(1.0),-2.9627877207471114,0.6896083596631952,0.32798196673098373,0.60661974845585
TAP090,104.64066341996687,324.38,SA(1.0),-2.3819178645987096,0.6784367511879904,0.31998276647410306,0.5982369551624965
TAP094,108.94222775860766,416.34,SA(1.0),-2.6733657703347227,0.6854592602871875,0.32501886905103855,0.6035040449526764
TAP095,108.81195663904354,206.24,SA(1.0),-1.9754936405512464,0.657739148932653,0.30497504419768656,0.5827615382429333
TAP097,98.42016825129102,237.23,SA(1.0),-2.0236589202228363,0.6636836452733084,0.3093118246776779,0.5871985832048916
TAP098,107.08953823454839,538.69,SA(1.0),-2.9302116511415486,0.6891256884245314,0.32763772640468414,0.6062571522736484
TAP100,99.46634920648815,236.32,SA(1.0),-2.02884603011029,0.6636525732950567,0.30928921361270484,0.5871753744700005
TAP103,114.99244567347492,429.49,SA(1.0),-2.7551334939531027,0.6862402378525817,0.3255772979062903,0.6040902971708838
TAW,123.14546871727185,481.92,SA(1.0),-2.940808034747583,0.688154811756484,0.32694493294327154,0.6055279149356547
TCU,8.966003941063503,472.81,SA(1.0),-0.725142848224835,0.6816772135839382,0.3223099524984719,0.6006663949647881
TCU003,85.87715173895934,517.33,SA(1.0),-2.698084042541943,0.6883733306198403,0.3271009053071686,0.6056920340039835
TCU006,72.13607981372333,607.4,SA(1.0),-2.720134449407579,0.6897403644403358,0.32807609135727644,0.6067189206032882
TCU007,89.06974444890936,463.88,SA(1.0),-2.6114195719320117,0.6868517060454731,0.3260142962896187,0.6045493732627316
TCU008,84.7584785592634,441.58,SA(1.0),-2.5191942401722556,0.6858078467986367,0.32526816163402195,0.6037657043570843
TCU009,81.06016716272919,460.1,SA(1.0),-2.524118991036884,0.6864681387205351,0.3257401949991845,0.6042613928097087
TCU010,81.66395774542653,446.15,SA(1.0),-2.4988777774570297,0.6859027397577792,0.3253360134456477,0.6038369372293492
TCU011,76.57844520726454,471.07,SA(1.0),-2.4974052005241902,0.6867379232529817,0.32593299397307957,0.6044639432369499
TCU014,93.21256831945598,496.47,SA(1.0),-2.723455388335871,0.687984587346262,0.32682341450197155,0.6054000728107645
TCU015,49.226738245658176,426.0,SA(1.0),-2.0224226016766433,0.683029313886945,0.32327928708534226,0.6016806014576701
TCU017,53.6114321384972,558.76,SA(1.0),-2.3782868440733305,0.6886408984047737,0.32729185351191536,0.6058930017589482
TCU018,65.56957606032032,573.04,SA(1.0),-2.5784361255936186,0.6891525971795416,0.3276569208564183,0.6062773659095302
TCU025,54.44992612807512,665.2,SA(1.0),-2.5748589896137224,0.690162286073927,0.32837687792570575,0.6070359191699904
TCU026,55.62700868478751,569.98,SA(1.0),-2.4294778180305054,0.6889118080992667,0.32748514875524753,0.6060964912316802
TCU029,27.893894423621465,406.53,SA(1.0),-1.4664406752666177,0.6787782069592393,0.3202282609690501,0.5984928697315766
TCU031,30.15523078028506,489.22,SA(1.0),-1.720335221655441,0.6852002538919069,0.32483359819259094,0.6033096397529116
TCU033,40.407957354293515,423.4,SA(1.0),-1.8415389796240391,0.6820189362424147,0.3225550305445197,0.6009226919194006
TCU034,35.21698353563212,393.77,SA(1.0),-1.6466056985770476,0.6786598771478956,0.32014319339443836,0.5984041816144068
TCU036,19.699612049739354,478.07,SA(1.0),-1.3152388946371056,0.6835149976346034,0.32362723767073115,0.602044984223807
TCU038,25.342828155086934,297.86,SA(1.0),-1.1039343174275564,0.6591757129340494,0.30602512606748145,0.5838332319571183
TCU039,19.708438206066337,540.66,SA(1.0),-1.4391684477865874,0.6866686891899951,0.3258835201573894,0.6044119621613511
TCU040,22.125103547818437,362.03,SA(1.0),-1.154394530925993,0.6715566282840773,0.31502218558020306,0.5930845872087306
TCU042,25.987540319450044,578.98,SA(1.0),-1.7574580745865438,0.6882175576518244,0.32698972167106866,0.6055750395960184
TCU045,25.372624034032317,704.64,SA(1.0),-1.9533310604228245,0.6901616936048163,0.32837645562065765,0.607035474015714
TCU046,16.252239941167144,465.55,SA(1.0),-1.1288570512085752,0.6821831098414158,0.32267275068465684,0.6010458312961687
TCU047,34.3639015403997,520.37,SA(1.0),-1.9038160796401802,0.6868358260861082,0.3260029498377961,0.6045374501984488
TCU048,15.724490368129416,551.21,SA(1.0),-1.2699476902364895,0.6867864454540067,0.325967665842185,0.6045003742635292
TCU049,7.973343563390163,487.27,SA(1.0),-0.686176024945768,0.6826390530937994,0.3229996066975272,0.6013878373246684
TCU050,12.061398269660884,542.41,SA(1.0),-1.0524309809885448,0.6861596879960716,0.3255197165929328,0.6040298266974266
TCU051,11.684106742389506,350.06,SA(1.0),-0.6321539728913717,0.6656185992571398,0.31071872427359987,0.5886441998888833
TCU052,4.409004259240465,579.1,SA(1.0),-0.5604113462230661,0.6870241596443547,0.32613750825054455,0.6046788582769848
TCU053,8.360955408325248,454.55,SA(1.0),-0.6481245849332345,0.6799888439565898,0.3210981455641315,0.5994003743915207
TCU054,10.227617412004046,460.69,SA(1.0),-0.7823307699895272,0.6808603006243692,0.3217238178065358,0.6000537759420346
TCU055,9.165535239523313,359.13,SA(1.0),-0.5005310376105263,0.6665304062790555,0.3113809066330543,0.589325642984335
TCU056,13.309665432524499,403.2,SA(1.0),-0.842114182949526,0.6752320194070655,0.3176754991439123,0.595836015423883
TCU057,14.550574484923569,555.23,SA(1.0),-1.2159359025140728,0.6868533047788538,0.3260154385995092,0.6045505736333419
TCU059,17.77385436882762,272.67,SA(1.0),-0.746215694457659,0.6469295916898808,0.29703011997746004,0.5747094956847429
TCU060,9.40150493354199,375.42,SA(1.0),-0.5509664452052758,0.6697549724931176,0.3137186838116668,0.5917366902658074
TCU061,17.668321986901795,379.64,SA(1.0),-1.007798460262359,0.6730423028929959,0.3160956504150175,0.5941965005553418
TCU063,10.256304917085805,476.14,SA(1.0),-0.8151118714769657,0.6821264309012881,0.3226321108892378,0.6010033184245195
TCU064,17.156230171822553,645.72,SA(1.0),-1.5057365738952178,0.6892613412599445,0.32773448595548366,0.6063590547447548
TCU065,1.5301625387352142,305.85,SA(1.0),0.1712908584826307,0.6482078841672863,0.2979737638324894,0.5756605746133131
TCU067,1.4845734764737275,433.63,SA(1.0),-0.06453152220296021,0.676420551276191,0.31853186437817627,0.5967262467535255
TCU068,0.649001480476048,487.34,SA(1.0),-0.061559151600727446,0.6816613709197124,0.32229858885233686,0.6006545132003371
TCU070,20.340829249903962,401.26,SA(1.0),-1.175403102573716,0.6766757882015597,0.3187156645346523,0.5969174545265342
TCU071,10.01426691522794,624.85,SA(1.0),-0.9484181988744584,0.6885210226527315,0.3272063094768314,0.6058029627472247
TCU072,12.748228787930415,468.14,SA(1.0),-0.796509694427633,0.6814872777158995,0.3221737060613959,0.6005239485743201
TCU074,22.222133630574767,549.43,SA(1.0),-1.4025025092078123,0.6869138255969206,0.32605868029964996,0.6045960145398308
TCU075,2.71684542140007,573.02,SA(1.0),-0.43108662115109253,0.6867165251194673,0.3259177033975587,0.6044478773924324
TCU076,4.3340083071477284,614.98,SA(1.0),-0.6402286534431882,0.6881291315623854,0.32692660153934405,0.6055086282710905
TCU078,17.667409336015933,443.04,SA(1.0),-0.9969042913491524,0.6800088082561958,0.32111248382776175,0.5994153418423466
TCU079,21.222776888973897,363.99,SA(1.0),-0.97099938814783,0.6704963789735571,0.31425532348532664,0.5922913015381743
TCU081,54.870046821119146,430.47,SA(1.0),-2.126995949457207,0.6837452286712161,0.3237921340700723,0.6022177277737696
TCU082,8.966003941063503,472.81,SA(1.0),-0.725142848224835,0.6816772135839382,0.3223099524984719,0.6006663949647881
TCU083,79.97899565103198,354.63,SA(1.0),-2.2462128864113264,0.6796228651269989,0.32083526244736454,0.5991260077594376
TCU084,19.942894152069616,665.2,SA(1.0),-1.5069305704063924,0.689540754503296,0.3279337580954471,0.6065689593297464
TCU085,57.92066683550797,999.66,SA(1.0),-3.0619910043246614,0.6911371968064584,0.3290715387864827,0.607768498007412
TCU087,7.308530515924621,538.69,SA(1.0),-0.7361273801252639,0.6855964531508393,0.32511699058213483,0.6036070236568052
TCU088,20.395798012081535,665.2,SA(1.0),-1.5557401034200842,0.6895665666944134,0.32795216481686723,0.6065883509387987
TCU089,15.126942233893988,671.52,SA(1.0),-1.287586655819703,0.6895185874115951,0.32791795042652144,0.6065523062145185
TCU092,88.45294085502088,422.28,SA(1.0),-2.5089195478454185,0.6850098590346725,0.3246973833840686,0.603166739963537
TCU094,53.92101623044264,589.85,SA(1.0),-2.43940982600897,0.6892348042266142,0.327715558155313,0.606339119882802
TCU095,44.56466924675996,446.63,SA(1.0),-1.9810870530278497,0.6839855135463068,0.3239642009118759,0.6023980239581922
TCU096,53.85469792017198,454.58,SA(1.0),-2.166623077982909,0.6850574037072302,0.32473140022897345,0.6032024238010166
TCU098,47.1372515839405,346.56,SA(1.0),-1.7817045298037868,0.6749265326289571,0.31745525931675866,0.5956072386889503
TCU100,13.491602319643608,535.13,SA(1.0),-1.1208565390738712,0.6859608567930301,0.3253775668228266,0.6038805644005153
TCU101,2.7276625208825007,389.41,SA(1.0),-0.08908025887150517,0.6701364271044321,0.31399482602811823,0.5920220267522701
TCU102,1.9961663796457592,714.27,SA(1.0),-0.5918931089325312,0.6898374502592174,0.328145311648498,0.6067918607094597
TCU103,6.545253590327707,494.1,SA(1.0),-0.5971814927690736,0.6829398402784614,0.3232151730886044,0.6016134783437568
TCU104,13.599900519557263,410.45,SA(1.0),-0.8738204177143489,0.6762449356460061,0.3184053794598358,0.5965946926665614
TCU105,17.911571028764843,575.54,SA(1.0),-1.4216261275700401,0.6877292513349363,0.32664110891663317,0.6052083187691856
TCU106,15.67278608418154,451.37,SA(1.0),-1.0702449379442596,0.6809450580244747,0.32178464814231034,0.6001173320842222
TCU107,16.73758483873565,409.0,SA(1.0),-1.0309453305107483,0.6767993776122464,0.31880465005372266,0.5970100440029862
TCU109,13.739015155167076,535.13,SA(1.0),-1.1345671393866965,0.6859815159017066,0.3253923375474964,0.6038960728669955
TCU110,12.337401625868438,212.72,SA(1.0),-0.34074377622450913,0.6123565513183286,0.27103789395783523,0.549107463053798
TCU111,22.753679890361862,237.53,SA(1.0),-0.8404262216397886,0.636334199604832,0.2891637656981715,0.5668381869581257
TCU112,28.530660346449324,190.54,SA(1.0),-0.8632107810725684,0.6169219508303769,0.27452660329262724,0.5524742867328492
TCU113,31.866925843887017,230.3,SA(1.0),-1.091641000237393,0.6399295981597717,0.2918422473520968,0.5695067982574084
TCU115,22.519806127058114,215.34,SA(1.0),-0.764118141663497,0.6251359545860141,0.28075768105951043,0.5585428240003208
TCU116,15.552380292106827,493.09,SA(1.0),-1.1495774062545325,0.6839710830071459,0.3239538681458027,0.6023871958328297
TCU117,26.02127503510998,198.58,SA(1.0),-0.8205505573475957,0.619174810289884,0.27624134898208025,0.5541373140387448
TCU118,27.553377287252555,236.19,SA(1.0),-0.9911595392672561,0.6394306345353594,0.29147110404858373,0.5691363034344165
TCU119,38.709117009183,221.7,SA(1.0),-1.2214505897036605,0.640621801963638,0.29235682621890124,0.5700208586660227
TCU120,8.190427877741287,459.34,SA(1.0),-0.6461237650307686,0.6804035650815276,0.321395951280199,0.5997113087781057
TCU122,14.73072540652075,475.46,SA(1.0),-1.0714525694380495,0.6827019137119186,0.32304466131474135,0.6014349921495755
TCU123,16.255745645165277,270.22,SA(1.0),-0.6726280135795561,0.6449375313598122,0.29555729982223516,0.5732279667621584
TCU128,13.269189808642082,599.64,SA(1.0),-1.2244825368220051,0.6881530121198352,0.3269436483120662,0.6055265633463143
TCU129,6.355595224258387,511.18,SA(1.0),-0.6154515012725313,0.6840279003828371,0.3239945507105184,0.6024298296167296
TCU136,8.87050666409296,462.1,SA(1.0),-0.697469309075015,0.6807624820749437,0.32165360860696096,0.5999804272398875
TCU138,10.62709176562196,652.85,SA(1.0),-1.1555583766672997,0.6891765385506177,0.32767399830981947,0.6062953505679121
TCU140,33.698793168228846,223.6,SA(1.0),-1.1146809172366674,0.6382779870315577,0.29061303074517586,0.5682806129810877
TCU141,27.08308313875785,223.04,SA(1.0),-0.9345843839553358,0.6331256608568713,0.28676526912965616,0.5644588407106809
TCU145,36.03895088690123,240.43,SA(1.0),-1.2280390346523054,0.6464752085156509,0.29669441828992554,0.5743714977094154
TCU147,72.40184826834715,537.92,SA(1.0),-2.5915332265005193,0.6885827189651601,0.32725033725766384,0.6058493027331119
TTN,83.21058040106071,298.72,SA(1.0),-2.1052344189895473,0.6730415875437977,0.3160951338513295,0.5941959650813742
TTN001,55.943705673847546,484.6,SA(1.0),-2.252767462258223,0.6864851271697484,0.3257523367652852,0.6042741471527819
TTN002,68.37147822691496,667.36,SA(1.0),-2.7808384824991426,0.6902888887252737,0.3284671146730846,0.607131043907254
TTN003,95.02819768257147,506.64,SA(1.0),-2.7585196917800716,0.6882755762001842,0.3270311341400461,0.6056186143909141
TTN004,66.76657920094912,463.59,SA(1.0),-2.361036123168623,0.6860723983766761,0.32545731347081563,0.6039642977218801
TTN005,82.74873732730376,407.59,SA(1.0),-2.411457417731283,0.6839015812816998,0.3239041009391534,0.602335044866566
TTN006,81.1387708588908,283.21,SA(1.0),-2.0328025318771763,0.6702241999919134,0.3140583543585318,0.5920876863374303
TTN007,81.9983553609081,282.7,SA(1.0),-2.039790363936108,0.6702595587547063,0.3140839450717744,0.5921141372659533
TTN008,82.7187919705734,292.61,SA(1.0),-2.080272733688078,0.6720229729447422,0.31535927784700535,0.5934335700323206
TTN009,83.68450130501424,313.96,SA(1.0),-2.1586131306207026,0.6752717940005498,0.3177041706207241,0.5958658034682968
TTN010,83.81152591090317,311.34,SA(1.0),-2.151662860206573,0.6749319450794575,0.3174591618696494,0.5956112918957797
TTN012,81.57676615324058,288.3,SA(1.0),-2.0544093350619725,0.6711605617754661,0.3147357936322214,0.5927882251609381
TTN013,81.26976308172648,297.76,SA(1.0),-2.0824866133152167,0.6726480952356483,0.315810942765294,0.5939014299139563
TTN014,63.02404599943716,533.97,SA(1.0),-2.4592829058365657,0.688277292944598,0.3270323594908566,0.6056199037589395
TTN015,83.21058040106071,487.91,SA(1.0),-2.603516752245441,0.6874996243248122,0.3264771300218193,0.6050358807702846
TTN016,123.14546871727185,826.15,SA(1.0),-3.5258849273430948,0.691023858012187,0.32899080561511246,0.6076833239136701
TTN018,74.43304938901571,573.04,SA(1.0),-2.6783868382178584,0.6892764235931567,0.32774524341565925,0.606370384781268
TTN020,50.35796250220993,453.71,SA(1.0),-2.0907321459244974,0.6847450585797693,0.3245079042636485,0.6029680052206969
TTN022,53.02499720160041,398.81,SA(1.0),-2.0064707204346943,0.6812197672947867,0.32198177984149123,0.6003233335489042
TTN023,54.09146602124198,527.54,SA(1.0),-2.311575183852394,0.6878591333945366,0.32673384676094563,0.605305857211937
TTN024,59.92050910835589,671.52,SA(1.0),-2.6601198548034555,0.6902575779126409,0.3284447984834362,0.6071075178376565
TTN025,65.75784285873038,704.96,SA(1.0),-2.7941815808967467,0.6905217839708689,0.32863309054868606,0.6073060397647387
TTN026,70.29054746653149,573.04,SA(1.0),-2.6290043325399286,0.6892156491618524,0.32770189539038613,0.6063247304927798
TTN027,76.08977283968429,428.95,SA(1.0),-2.3925539085906258,0.6848078970875506,0.32455287201194005,0.6030151649687383
TTN028,78.48198120220177,616.17,SA(1.0),-2.8018734354103247,0.6898999785203723,0.328189890503818,0.6068388386824809
TTN031,55.63093116970684,510.62,SA(1.0),-2.3023776871592956,0.6874023712835815,0.3264076723555167,0.6049628513171239
TTN032,57.234125398309374,734.26,SA(1.0),-2.716104884170269,0.6906307376294137,0.3287107282535848,0.607387909732772
TTN033,58.96031847975615,670.8,SA(1.0),-2.644682980083472,0.6902439520402619,0.32843508674316224,0.6070972797865025
TTN036,79.85049273122117,538.69,SA(1.0),-2.672910580399678,0.688729732061212,0.32735524090999235,0.6059597264454707
TTN040,47.98883144575936,728.01,SA(1.0),-2.5471211412735797,0.6905452991601874,0.3286498474112733,0.6073237093912763
TTN041,45.1590519289211,418.24,SA(1.0),-1.9091402126556614,0.6820089551623,0.32254787317220823,0.6009152056934964
TTN042,64.91469915710697,845.34,SA(1.0),-2.981113278077508,0.6909884460907503,0.32896557974769103,0.6076567122744347
TTN044,58.77993734254324,419.63,SA(1.0),-2.148250054869733,0.6832583490327506,0.32344338686702834,0.6018524295996037
TTN045,61.00750348291904,539.98,SA(1.0),-2.4426881181154076,0.688373648393018,0.3271011321062493,0.6056922726737765
TTN046,65.63785661871987,528.12,SA(1.0),-2.482969385674603,0.6881951017232599,0.3269736926117118,0.6055581742291569
TTN047,73.91058687727796,573.04,SA(1.0),-2.672318414027672,0.689268999832577,0.3277399484400201,0.6063648079553545
TTN048,79.66111305108983,373.54,SA(1.0),-2.2902371905650742,0.6812696978802985,0.3220176056641822,0.6003607772766475
TTN050,89.29934402229367,573.04,SA(1.0),-2.835643820470066,0.6894640488208797,0.32787905709979887,0.6065113342154681
TTN051,36.67924057370646,665.2,SA(1.0),-2.1939604482662647,0.6899343714341433,0.3282144097050982,0.6068646786130828
WGK,10.40266620061039,258.89,SA(1.0),-0.3494466841147428,0.6355220171525957,0.28855737130769765,0.5662357086494065
WNT,6.355595224258387,511.18,SA(1.0),-0.6154515012725313,0.6840279003828371,0.3239945507105184,0.6024298296167296
WTC,43.046970143373564,207.69,SA(1.0),-1.2545216717517629,0.6371282552621963,0.2897561457370503,0.5674273430678677
ALS,21.15138156147171,553.43,SA(2.0),-2.243905575818336,0.6936106385207861,0.3336225403198749,0.6081050225575563
CHK,63.02404599943716,424.57,SA(2.0),-2.9527545747337838,0.6925731277925327,0.3328879579260886,0.6073245794533023
CHY002,25.505683407066318,235.13,SA(2.0),-1.5906666068892985,0.6805805517496164,0.32435818072500056,0.5983156842475218
CHY004,48.07893833473184,271.3,SA(2.0),-2.270587448957674,0.6860869556248463,0.3282836369500808,0.6024493044144025
CHY006,10.589594525139994,438.19,SA(2.0),-1.5638722976448225,0.6898682731073459,0.3309703962139929,0.6052906996394907
CHY008,41.23915234428305,210.73,SA(2.0),-1.8782644046157537,0.6813334163176528,0.32489581383541677,0.5988805676788204
CHY010,20.724953105809405,538.69,SA(2.0),-2.289580151635801,0.6934053158121848,0.3334772081461265,0.6079505601968476
CHY012,59.82694761124689,198.4,SA(2.0),-2.1007945882828265,0.682605244575816,0.325803377599295,0.5998350432137994
CHY014,37.42185396368311,347.63,SA(2.0),-2.3197989522880844,0.6887923851213976,0.3302066646005833,0.6044820166511008
CHY015,38.851553931384295,228.66,SA(2.0),-1.9163738633024305,0.6823383598850181,0.32561300089632084,0.5996347313305568
CHY016,67.39311492490651,200.86,SA(2.0),-2.1996571247146273,0.6834433146484632,0.3264009587535086,0.6004641358669713
CHY017,59.79653364012802,190.57,SA(2.0),-2.0571964557456734,0.6820331047430683,0.3253952082279682,0.5994056342976319
CHY019,52.664018987304125,497.53,SA(2.0),-2.99414259533938,0.6938118715277032,0.3337649580274269,0.6082564145701417
CHY022,67.37194759211643,564.07,SA(2.0),-3.3134382069727173,0.6950705117557835,0.3346552892133185,0.6092034583897213
CHY023,82.48037770558093,279.78,SA(2.0),-2.6968452930749662,0.6886022408726836,0.3300716288810907,0.604339115019593
CHY024,11.325693557566668,427.73,SA(2.0),-1.5828159220784332,0.6895426504189451,0.33073930953115255,0.6050459287340425
CHY025,20.997755926782464,277.5,SA(2.0),-1.6005855850098853,0.682926445892969,0.32603245116586127,0.6000761379081679
CHY026,30.210404768019664,226.01,SA(2.0),-1.6929291130060675,0.680741051224733,0.3244728209065461,0.5984361012802478
CHY027,42.57072697901259,210.01,SA(2.0),-1.9003183407281816,0.6814670166409629,0.32499118915917097,0.598980819174072
CHY028,3.81905953609022,542.61,SA(2.0),-1.3046738255643873,0.6925503979867567,0.33287185885729037,0.607307483349668
CHY029,11.759168799911324,544.74,SA(2.0),-1.8636822888847784,0.6930542646034834,0.3332286789010507,0.607686482689006
CHY032,36.21575834030445,192.71,SA(2.0),-1.6766507145021965,0.6790266323261446,0.3232475610568929,0.5971500495511621
CHY033,44.61021757313737,197.63,SA(2.0),-1.8729016545512838,0.6807812921603508,0.3245015617423334,0.5984662932716457
CHY034,15.559574786944564,378.75,SA(2.0),-1.684790971150086,0.6879321220797497,0.3295955838233133,0.6038355369745284
CHY035,13.44254351914465,573.04,SA(2.0),-2.010209926485998,0.6937188293653125,0.3336991121470162,0.6081864161326465
CHY036,16.839316616786387,233.14,SA(2.0),-1.241941407651896,0.6784905425838432,0.3228641105212728,0.5967480058726843
CHY039,32.69010874984208,201.21,SA(2.0),-1.6368206869174322,0.6791186100036325,0.32331333491629266,0.5972190334530297
CHY041,21.610943270708972,492.26,SA(2.0),-2.2206401570766436,0.6923931999855739,0.3327605117914263,0.607189249887192
CHY042,30.629771574103184,665.2,SA(2.0),-2.84935789500682,0.6955544095595153,0.33499738533937057,0.609567624200524
CHY044,55.933003322544856,194.47,SA(2.0),-2.0297018100682447,0.6819238559763704,0.3253172499580133,0.5993236456451865
CHY046,24.881430138705287,442.15,SA(2.0),-2.2366488734965113,0.6912410044304077,0.33194401787805944,0.6063227648710953
CHY047,24.93307771977854,169.52,SA(2.0),-1.228455942057674,0.6741760928699511,0.31977249961097914,0.5935140711810792
CHY050,45.48094043081733,538.93,SA(2.0),-2.9655209449521562,0.6943227112831166,0.33412640495698925,0.6086407585054225
CHY052,40.52523944488567,573.04,SA(2.0),-2.935754875958396,0.6946991246554505,0.33439265790546274,0.6089239887998906
CHY054,49.228155688795745,172.1,SA(2.0),-1.8021136835740807,0.6792970441075729,0.32344092160056664,0.5973528641995968
CHY055,55.04100932988003,225.77,SA(2.0),-2.17778971952284,0.6840107086184836,0.3268053308655582,0.60089011077119
CHY057,58.30189007907089,411.46,SA(2.0),-2.8658439228776764,0.6921050175297554,0.33255635421069035,0.6069725089029625
CHY058,60.47926509005612,269.28,SA(2.0),-2.4365892868819845,0.686940913654536,0.32889102909448076,0.6030907973379316
CHY059,74.0105222831666,191.09,SA(2.0),-2.211425508038271,0.6832991478967475,0.3262981872142588,0.600355909887718
CHY060,69.53930995385498,228.92,SA(2.0),-2.3626731330586463,0.6853612756138934,0.32776719537947097,0.6019042646004253
CHY061,62.41616207975734,538.69,SA(2.0),-3.2049599353258813,0.6946649241236221,0.33436846923487373,0.6088982538891083
CHY062,59.70708366780761,602.63,SA(2.0),-3.2997837619271913,0.6954017940928496,0.33488950442189325,0.6094527668782977
CHY063,73.64708029924377,246.88,SA(2.0),-2.4830804542866876,0.6866025933946612,0.32865043698211066,0.6028366375128026
CHY065,85.87815923556157,250.0,SA(2.0),-2.601281782579978,0.6873901160469506,0.3292103848104237,0.6034282841995501
CHY066,90.36922111828896,211.97,SA(2.0),-2.459028600518175,0.6856259624924892,0.32795559483841097,0.6021030545163646
CHY067,84.21459469490114,227.97,SA(2.0),-2.4904458057810848,0.686190289983708,0.32835715481024147,0.6025269230107884
CHY069,86.69064381036402,224.42,SA(2.0),-2.4930495194510374,0.6861276153507787,0.3283125652034117,0.6024798453695374
CHY070,84.43554371983527,265.45,SA(2.0),-2.6562805191267302,0.6880579322205436,0.32968497502566396,0.6039300748712035
CHY071,79.42270364079795,202.95,SA(2.0),-2.3250400130176816,0.6844511493050459,0.3271191118794713,0.6012208100425203
CHY074,21.15138156147171,553.43,SA(2.0),-2.3308135346986987,0.6936106385207861,0.3336225403198749,0.6081050225575563
CHY076,42.877573217177414,169.84,SA(2.0),-1.6797088138837615,0.6781187838150678,0.3225981119552505,0.596469230661343
CHY078,77.88051206740859,160.67,SA(2.0),-2.05875550881375,0.6813963692149168,0.32494075614921614,0.598927806143985
CHY079,50.68613779255426,573.04,SA(2.0),-3.11697512645586,0.6949170915737602,0.33454680407807547,0.6090880068122173
CHY080,4.988369897004964,496.21,SA(2.0),-1.247253784399732,0.6913003090257042,0.3319860593802868,0.6063673586500042
CHY081,43.161132192340126,573.04,SA(2.0),-2.9883080504953154,0.6947620089078994,0.3344371319679528,0.6089713078485638
CHY082,36.69569501183828,193.69,SA(2.0),-1.6929089161895385,0.6791991000966774,0.32337089025715404,0.597279402714033
CHY086,31.247850964812436,665.2,SA(2.0),-2.865313248246699,0.6955656307974706,0.33500531697818914,0.6095760693654453
CHY087,29.89661912611536,505.2,SA(2.0),-2.5366378728907035,0.6931532177205956,0.33329873949320166,0.6077609180332825
CHY088,38.170938955225544,318.52,SA(2.0),-2.2545824263958645,0.687597617299746,0.32935787151036444,0.6035841911369533
CHY090,59.17740188206011,180.33,SA(2.0),-1.9902053145187377,0.6811907558737982,0.3247939603581784,0.5987735207929343
CHY092,24.650496063812138,253.72,SA(2.0),-1.6415734303799272,0.6818690242467549,0.3252781205299009,0.5992824964336576
CHY093,50.52955404993735,190.49,SA(2.0),-1.9308516467389956,0.6809950933030585,0.32465424836090734,0.5986267084954159
CHY094,37.57279552970941,221.92,SA(2.0),-1.8568907238043422,0.6816496032126941,0.3251215200296525,0.5991178337970182
CHY096,83.07046778565815,293.61,SA(2.0),-2.754246342223378,0.6891990791069438,0.3304954283681471,0.6047876837945811
CHY099,65.94429160338161,228.84,SA(2.0),-2.3244330607431305,0.6851018093109204,0.3275824773344448,0.6017094063287732
CHY100,54.13764361475702,230.11,SA(2.0),-2.1857479335349996,0.684204591997532,0.3269434704744771,0.601035681823146
CHY101,10.40266620061039,258.89,SA(2.0),-1.0101927904376602,0.679254850559926,0.32341075324258034,0.597321217349806
CHY102,42.67253817797281,804.36,SA(2.0),-3.3543429199651573,0.6966515106558013,0.33577257973104413,0.6103933993743459
CHY104,18.66688688746901,223.24,SA(2.0),-1.2781530765540845,0.6780240339961783,0.3225303053894827,0.5963981830805807
CHY107,51.35844504410688,175.68,SA(2.0),-1.8565410057077805,0.679892223277877,0.3238663742798874,0.597799303181707
CHY109,43.43968322952119,573.04,SA(2.0),-2.9934845386948905,0.6947682210442139,0.33444152531734245,0.608975982380546
CHY110,43.43968322952119,573.04,SA(2.0),-2.9934845386948905,0.6947682210442139,0.33444152531734245,0.608975982380546
CHY116,82.01615041444819,195.38,SA(2.0),-2.3058653799274387,0.6841408867346116,0.32689808335081944,0.6009878501297521
ENA,65.88362730496057,665.2,SA(2.0),-3.4769012248858986,0.6960146040445032,0.33532262094366916,0.6099139848590907
ESL,43.897780904479816,493.29,SA(2.0),-2.8282575564406565,0.6934507941075169,0.3335094004880743,0.6079847725349962
HEN,162.89527803630148,204.23,SA(2.0),-2.8350604463979128,0.6880867402440934,0.32970544272504776,0.6039517225219436
HSN,54.870046821119146,321.49,SA(2.0),-2.5550578836697637,0.6889767542103443,0.33033758181413814,0.6046205834102978
HWA,54.910390623144146,260.38,SA(2.0),-2.3206990935923573,0.6860171933286263,0.32823400109007883,0.6023969041013442
HWA002,56.44202545573511,789.18,SA(2.0),-3.547732880960034,0.6966656561812706,0.3357825710194049,0.6104040477438519
HWA003,55.34036308551032,1525.85,SA(2.0),-3.930570889251216,0.697398407393507,0.3363,0.6109556846736104
HWA005,48.52595230785456,459.32,SA(2.0),-2.8340927758064476,0.6928980576808768,0.33311807195850807,0.6075689824806545
HWA006,49.18260421653337,559.11,SA(2.0),-3.0590330495093987,0.6946928949405414,0.3343882519184815,0.6089193011062897
HWA007,55.59377109620273,358.72,SA(2.0),-2.674888206970031,0.6903849924171496,0.33133699243142517,0.6056791520279737
HWA009,55.351901573503156,373.23,SA(2.0),-2.714316593299026,0.690855773618214,0.3316708828203743,0.606033105886778
HWA011,52.50669252247871,355.76,SA(2.0),-2.62133060093306,0.6901208756533238,0.33114962624448047,0.6054805926292364
HWA012,55.940482597974515,414.42,SA(2.0),-2.83577886442161,0.6920797783192156,0.33253847203422165,0.60695352719588
HWA013,53.649974548577966,330.55,SA(2.0),-2.559063289982793,0.6892349732956962,0.33052091028217145,0.6048146627522879
HWA014,54.562707264600675,277.28,SA(2.0),-2.383288968908387,0.6868870331338519,0.3288527165048087,0.6030503189078281
HWA015,50.48367897862757,453.05,SA(2.0),-2.8512984208735057,0.6928265321206428,0.3330674222296623,0.6075151815877559
HWA016,51.54840213276211,576.55,SA(2.0),-3.130634553204986,0.6949697925837585,0.33458407082039443,0.6091276649087328
HWA017,50.52422325112912,578.11,SA(2.0),-3.1173966425503132,0.6949701926605575,0.33458435372373796,0.6091279659726033
HWA019,54.910390623144146,494.82,SA(2.0),-3.013880547660107,0.6938090034981387,0.33376292838683497,0.6082542568447217
HWA020,43.897780904479816,626.43,SA(2.0),-3.088818576183758,0.695403851063563,0.33489095852828243,0.6094543149162555
HWA022,61.14643046699228,567.64,SA(2.0),-3.24677604586788,0.6950215401864783,0.33462066208579755,0.6091666059695385
HWA023,50.46681972096665,671.52,SA(2.0),-3.2807152744519215,0.6959122864348117,0.33525031818097234,0.6098369737646975
HWA024,42.66088086872478,671.52,SA(2.0),-3.1406188090206815,0.6958119415230074,0.33517940460467566,0.6097614490067998
HWA025,52.97661131498272,494.32,SA(2.0),-2.9845197156850247,0.6937488371295801,0.3337203490776925,0.6082089917373039
HWA026,51.216871807519986,457.49,SA(2.0),-2.873442224619546,0.6929517356058575,0.3331560815339869,0.6076093590590008
HWA027,50.999260902587345,437.8,SA(2.0),-2.8223429601784664,0.6924860468697667,0.3328262788853218,0.6072590824291282
HWA028,53.17903686421587,406.7,SA(2.0),-2.7758227741774735,0.6917618192801364,0.33231316906423664,0.6067144075100311
HWA029,53.68312510210313,614.05,SA(2.0),-3.2319875020060076,0.6954309027482015,0.3349100816212904,0.6094746735719205
HWA030,46.3240822341362,592.18,SA(2.0),-3.072483198441878,0.6950626430017168,0.3346497254019278,0.609197536916349
HWA031,50.812995101814906,602.29,SA(2.0),-3.166824712026666,0.6952607533437258,0.3347897955977912,0.6093466237730988
HWA032,47.149347167648216,573.04,SA(2.0),-3.051228681070122,0.6948376958233164,0.33449065804137074,0.6090282614297192
HWA033,53.337780221409545,395.57,SA(2.0),-2.748140626681466,0.6914506883019932,0.3320926567563332,0.6064804380042447
HWA034,43.827097965114945,379.18,SA(2.0),-2.5419692247236036,0.6904357350504254,0.3313729856674197,0.6057173008957903
HWA035,47.804623815661444,677.49,SA(2.0),-3.246140183015049,0.6959285806488118,0.3352618328232975,0.6098492377758892
HWA036,43.05936412870529,503.04,SA(2.0),-2.8331892981135987,0.6936116615940667,0.3336232644240592,0.6081057922223043
HWA037,45.498025716459686,469.64,SA(2.0),-2.8050761616353377,0.6930154425402496,0.3332011908888231,0.6076572800432231
HWA038,41.859772602007936,642.73,SA(2.0),-3.0762779329049925,0.6955345702275635,0.33498336192599293,0.6095526930581151
HWA039,45.291665715542166,459.67,SA(2.0),-2.7780128539779763,0.6927837246483658,0.33303710759132377,0.607482982564012
HWA041,47.47960397850945,484.97,SA(2.0),-2.875210533275708,0.6934058426252397,0.3334775810625973,0.6079509565050931
HWA043,57.422369838378636,543.06,SA(2.0),-3.150188862139286,0.6946353575478649,0.3343475575258848,0.6088760060407417
HWA044,58.67615362772547,534.41,SA(2.0),-3.149317607419375,0.6945356082242174,0.3342770042089634,0.6088009490370924
HWA045,62.479427036765046,484.45,SA(2.0),-3.0898688236381533,0.6938053389565338,0.3337603350666759,0.6082514998754801
HWA046,51.02049634079368,617.52,SA(2.0),-3.197478300379266,0.6954272923998209,0.33490752945182817,0.6094719564762753
HWA048,50.7224249000127,345.89,SA(2.0),-2.563541616208532,0.6896563017463611,0.3308199711194906,0.6051313586709642
HWA049,50.09848662493223,508.61,SA(2.0),-2.9707543884962155,0.6939268771528305,0.33384634168871086,0.6083429386260221
HWA050,52.588798916808756,313.9,SA(2.0),-2.4877799311913105,0.6884743189742075,0.32998077182269653,0.6042429793669897
HWA051,52.76943285780981,440.5,SA(2.0),-2.856143887486371,0.6926159381757181,0.33291827898859166,0.6073567792741795
HWA053,41.01531883433213,843.24,SA(2.0),-3.361900165234923,0.6968038390282854,0.33588016756612143,0.6105080696602714
HWA054,42.366722327932806,452.83,SA(2.0),-2.70546139633424,0.692499224217045,0.332835612579276,0.6072689935606685
HWA055,46.95869477154732,369.75,SA(2.0),-2.5729518124464086,0.6903003722331374,0.3312769660434146,0.6056155345384384
HWA056,40.36324611604254,511.3,SA(2.0),-2.97022828758173,0.6936750885951499,0.33366815539310385,0.6081535090863593
HWA057,49.81118228871056,671.52,SA(2.0),-3.270094827715312,0.6959046503813711,0.33524492196302663,0.6098312264228706
HWA058,45.22518970943778,529.54,SA(2.0),-2.9304479344554637,0.6941484860603426,0.3340031451940215,0.6085096709998675
HWA059,48.38288493912992,208.56,SA(2.0),-1.9837954808488296,0.6820338757542126,0.32539575838787843,0.5994062129303384
HWA060,56.69388929890098,573.04,SA(2.0),-3.1990919278511143,0.6950164420032751,0.3346170571644017,0.6091627694709578
HWA2,54.910390623144146,260.38,SA(2.0),-2.3206990935923573,0.6860171933286263,0.32823400109007883,0.6023969041013442
ILA001,102.14533163111949,909.09,SA(2.0),-4.1379223941852885,0.6971351608863308,0.33611413874793167,0.61075749547406
ILA002,96.5430887001664,219.78,SA(2.0),-2.540930589573429,0.6863529145069505,0.32847284410812855,0.6026490802579079
ILA003,91.77508445604383,263.82,SA(2.0),-2.7041022439381734,0.6882847115268621,0.3298460873780278,0.6041004906164389
ILA004,87.85445904337864,124.27,SA(2.0),-1.858858469586532,0.679203707664678,0.32337418484656755,0.5972828585186949
ILA005,86.15882510967322,239.33,SA(2.0),-2.5551922691619344,0.6868659945449809,0.32883775629020423,0.6030345135233056
ILA006,84.0230749317769,279.41,SA(2.0),-2.7054482557572443,0.688637889801131,0.3300969472314695,0.6043659063003299
ILA007,83.01426463964907,496.27,SA(2.0),-3.3218024959699144,0.6943765191638913,0.33416446967846875,0.608681244635211
ILA008,83.77120048773067,299.28,SA(2.0),-2.777782569226847,0.6894353750882012,0.33066316731803264,0.6049652933865012
ILA010,79.14352703450395,573.04,SA(2.0),-3.4457754375465948,0.6953128955065591,0.33482665862737954,0.609385864071476
ILA012,87.16828457720456,259.21,SA(2.0),-2.6496282412433194,0.6878788945385496,0.329557761967778,0.6037955407903958
ILA013,83.10768677806287,199.48,SA(2.0),-2.3334554180020963,0.6844397230347982,0.327110972769568,0.6012122303826646
ILA014,79.65880504821489,300.77,SA(2.0),-2.748042467872357,0.6893301370862621,0.3305884656408027,0.6048861911803118
ILA015,84.4098971671404,782.59,SA(2.0),-3.8441573518644123,0.6967496915851547,0.33584192508311805,0.6104673079538931
ILA016,81.37675877808526,271.1,SA(2.0),-2.650536259787483,0.6881578244715537,0.32975594530875896,0.604005138980579
ILA021,75.9361246011624,573.04,SA(2.0),-3.416313230174937,0.6952778382960778,0.3348018743168759,0.6093594812420446
ILA024,66.86639827014352,671.52,SA(2.0),-3.498293623060192,0.6960687089989827,0.3353608522170774,0.6099547085216622
ILA027,82.20017425265452,215.0,SA(2.0),-2.4069139578592242,0.6853218655816358,0.32773914097382484,0.6018746671176923
ILA030,84.59458810632478,200.98,SA(2.0),-2.3537347762569323,0.6846254835579926,0.327243284616418,0.601351715230341
ILA031,82.26156099466952,649.25,SA(2.0),-3.610512404327027,0.6960198964903882,0.3353263607168302,0.6099179683522178
ILA032,83.16745823634133,295.48,SA(2.0),-2.758905365681228,0.6892627975080429,0.33054066273982335,0.604835576255342
ILA035,92.41248666952322,293.01,SA(2.0),-2.8226195127909164,0.6895127960101503,0.3307181199481992,0.6050234879735361
ILA036,88.96142770127999,181.0,SA(2.0),-2.274900841200125,0.6836194470342594,0.32652650300767405,0.600596362956858
ILA037,83.10530005645415,210.17,SA(2.0),-2.3898713341640185,0.6850914640011065,0.32757511164063985,0.6017016372595323
ILA039,85.105398122443,227.18,SA(2.0),-2.4903868650765086,0.6861719017014402,0.3283440727488368,0.6025131107082048
ILA041,86.92925202295595,196.88,SA(2.0),-2.3500935265544136,0.6845139787133698,0.3271638650531825,0.6012679872215639
ILA042,84.64451794546719,209.36,SA(2.0),-2.3983557373995366,0.6851349450024374,0.32760606904651257,0.6017342905198145
ILA043,76.15127489591175,573.04,SA(2.0),-3.4183357271597385,0.695280249089558,0.3348035786883885,0.6093612955148086
ILA044,79.50525087467304,158.13,SA(2.0),-2.0518549043986347,0.6812972156517902,0.32486996910693244,0.598853403787056
ILA046,78.60335463818913,396.93,SA(2.0),-3.03964379033029,0.6923338015148769,0.33271843533006784,0.6071445754608636
ILA048,87.92935080981664,199.59,SA(2.0),-2.3726999318162356,0.6847407690619699,0.3273253902979053,0.6014382841837572
ILA049,86.95811873375148,190.0,SA(2.0),-2.3118311331584813,0.6840809544801104,0.32685538243057544,0.600942851907385
ILA050,65.88362730496057,621.06,SA(2.0),-3.401397869908343,0.6956494674446859,0.3350645743226,0.6096391658924892
ILA051,78.04823034364469,520.64,SA(2.0),-3.3307081627450685,0.6946584852344275,0.33436391520311853,0.608893408831325
ILA052,84.06986671281122,612.47,SA(2.0),-3.561581588133273,0.6957396353598774,0.33512830300256957,0.6097070286107198
ILA054,114.92568764400566,677.3,SA(2.0),-3.9405635566368495,0.6963689430806269,0.33557297639095357,0.6101806965181265
ILA055,89.2530675683504,266.77,SA(2.0),-2.6969828871696597,0.688310380528035,0.3298643219660136,0.604119780371865
ILA056,90.99352301582981,223.71,SA(2.0),-2.519638599356065,0.6862907109406269,0.3284285947501202,0.6026023548525614
ILA059,85.27547272039952,236.84,SA(2.0),-2.536773751635585,0.6866933440565964,0.32871497879941264,0.6029048112965535
ILA061,77.51126528132811,497.73,SA(2.0),-3.2765743167022086,0.6943142062269825,0.33412038819110923,0.6086343591711096
ILA062,72.19750000793086,447.51,SA(2.0),-3.1096289005656366,0.6933190473297384,0.33341613925647123,0.607885663158398
ILA063,60.16791606248126,996.51,SA(2.0),-3.853139952806724,0.6972430322559624,0.33619030365193026,0.6108387068284982
ILA064,71.3059446511398,488.61,SA(2.0),-3.1964885179845055,0.6940597198669387,0.333940339851255,0.6084428848805792
ILA066,69.33530918828765,481.17,SA(2.0),-3.1594480493579438,0.6938938367846369,0.33382296134243417,0.6083180806192365
ILA067,38.0530901443823,665.2,SA(2.0),-3.030657671593261,0.6956841504673543,0.3350890879696142,0.6096652690904876
KAU001,47.872270820263516,573.04,SA(2.0),-3.0637898681276994,0.6948528453903657,0.33450137154409476,0.609039661419687
KAU003,115.67129144447121,913.77,SA(2.0),-4.228128115703047,0.6971575731219479,0.33612996384007976,0.6107743684619967
KAU006,115.55793209386754,218.49,SA(2.0),-2.6581106429098673,0.6871141274091509,0.32901418557844003,0.6032209294888521
KAU007,108.23991364360973,290.86,SA(2.0),-2.9236658116437755,0.6899469634741484,0.3310262330540806,0.6053498537517156
KAU008,109.31472860629879,285.94,SA(2.0),-2.9119566845443847,0.6897992664542021,0.3309214281990584,0.6052388258856587
KAU010,100.62762664372208,215.36,SA(2.0),-2.5473970765724525,0.6863108653470998,0.3284429320765805,0.6026174941556408
KAU011,104.19724162361148,155.32,SA(2.0),-2.216582409556242,0.6828063310054416,0.32594679415690037,0.5999859773694315
KAU012,87.20034181709256,516.18,SA(2.0),-3.3993252326115138,0.6947194857862269,0.33440705825486655,0.6089393100469092
KAU015,108.83525214819949,233.21,SA(2.0),-2.687447424483918,0.687564402247891,0.3293342645304664,0.6035592344125607
KAU018,79.82224640898121,538.69,SA(2.0),-3.383968347907254,0.6949208441303861,0.3345494576869895,0.6090908306387723
KAU020,75.40786468933833,373.33,SA(2.0),-2.9436806286112156,0.6916142368521374,0.33220857674022475,0.6066034241222173
KAU022,99.29885279683903,217.05,SA(2.0),-2.5465804198239548,0.6863379307680689,0.32846218539881966,0.6026378248782812
KAU030,102.44967456859456,259.36,SA(2.0),-2.761170118206838,0.6885060399004963,0.3300033025004033,0.604266817985475
KAU032,113.1787121371236,194.13,SA(2.0),-2.5152545260653563,0.6857220059107474,0.32802394807521096,0.6021751895249507
KAU033,121.30415327080891,182.93,SA(2.0),-2.4988663005707927,0.6854518113293984,0.32783164110403157,0.6019722591164735
KAU034,108.86832940689311,1010.4,SA(2.0),-4.299028543646887,0.6972931294528284,0.3362256739962008,0.6108764232870012
KAU037,136.63858595740618,283.21,SA(2.0),-3.0596598359223615,0.6904489109976902,0.331382331545965,0.605727206782935
KAU038,143.3217590914785,667.59,SA(2.0),-4.036196702336305,0.6964210821657173,0.3356098098367356,0.6102199433206186
KAU039,152.7137646620572,464.82,SA(2.0),-3.6851204729288374,0.6947098857136478,0.33440026865666167,0.6089320862219547
KAU040,141.54082737203709,567.64,SA(2.0),-3.8476915271834717,0.6957371377558373,0.3351265378034785,0.6097051488322357
KAU042,160.2092768679782,806.48,SA(2.0),-4.3353504269626715,0.6969791448250846,0.33600397056126646,0.6106400413403709
KAU043,172.12019900001243,538.49,SA(2.0),-3.9413373091435906,0.6956603064891931,0.3350722353226775,0.6096473235736398
KAU044,121.91611938734569,221.24,SA(2.0),-2.7091706329077936,0.6874929754798378,0.32928349741522245,0.6035055672188285
KAU046,162.89527803630148,204.23,SA(2.0),-2.8350604463979128,0.6880867402440934,0.32970544272504776,0.6039517225219436
KAU047,57.34078848787392,573.04,SA(2.0),-3.2078948283093593,0.6950270918331212,0.3346245876367446,0.6091707837141769
KAU048,94.06716422546164,295.66,SA(2.0),-2.844631965313826,0.6896710961387469,0.3308304706527587,0.6051424795342786
KAU050,41.405707951930495,665.2,SA(2.0),-3.1045514944085038,0.6957381919425195,0.33512728285763654,0.6097059422474934
KAU051,125.39181021164151,1004.58,SA(2.0),-4.389735588868929,0.6972932270438782,0.3362257428976876,0.610876496760322
KAU052,169.07733558731505,573.04,SA(2.0),-3.995602453215239,0.6959272186659723,0.33526087035485963,0.6098482126636577
KAU054,35.06562470884893,497.22,SA(2.0),-2.6385263064918516,0.6931815667419486,0.33331881024097254,0.6077822432502986
KAU057,114.76630263975981,535.13,SA(2.0),-3.6308828752484144,0.6952335920885122,0.33477059284833455,0.6093261833634515
KAU058,110.06905598566512,229.66,SA(2.0),-2.6785973265702463,0.6874431207895024,0.32924806130457024,0.6034681088905961
KAU062,114.45650676026153,246.84,SA(2.0),-2.784051261797301,0.6883948262102204,0.3299243076591234,0.6041832403904032
KAU063,93.6060399190571,227.24,SA(2.0),-2.558320415847282,0.686621681782619,0.328664012976519,0.6028509769985967
KAU064,102.44159350370471,244.84,SA(2.0),-2.6998819340381304,0.6878643597353059,0.32954743373734735,0.6037846191409575
KAU066,101.67439153000315,214.97,SA(2.0),-2.5523060921810607,0.6863376171191902,0.32846196228292235,0.602637589274101
KAU069,71.14795101360905,500.15,SA(2.0),-3.22041859080381,0.694245054975882,0.3340714669587631,0.6085823291244048
KAU073,110.99667430146175,216.33,SA(2.0),-2.619443622873428,0.6868190152104059,0.3288043492104523,0.602999220227425
KAU074,105.92197691458655,228.34,SA(2.0),-2.6458912414116362,0.6872105660515473,0.32908274776755303,0.6032933840302288
KAU075,116.89998968320606,196.3,SA(2.0),-2.5497831345566686,0.6860091616970496,0.3282282864279911,0.6023908713790684
KAU077,83.2746332190764,665.2,SA(2.0),-3.645874222387977,0.6961388282713433,0.33541039735554373,0.6100074864891373
KAU078,89.35199696595875,531.85,SA(2.0),-3.4491481014231513,0.6949485950040728,0.33456908142369296,0.6091117134429784
KAU081,162.4731162832657,295.0,SA(2.0),-3.234781253091551,0.6913951847243562,0.3320533139515181,0.6064387010686582
KAU082,169.92818795624305,573.04,SA(2.0),-3.9996405463620968,0.6959313541447476,0.3352637927588565,0.6098513252807513
KAU083,111.33662490367176,202.14,SA(2.0),-2.547842559349051,0.6860833285378896,0.3282810563390012,0.6024465799940931
KAU085,88.81470945306066,260.75,SA(2.0),-2.670253041346225,0.6880295836781338,0.32966483337732455,0.6039087726226594
KAU086,99.09116222127146,216.8,SA(2.0),-2.543961388876506,0.6863147850678498,0.32844572044132825,0.6026204385237076
KAU087,113.8969815243451,276.11,SA(2.0),-2.902502023458192,0.6895702262124632,0.33075888144412424,0.6050666568441361
KAU088,111.19576926643339,227.46,SA(2.0),-2.6751556068979596,0.6873814372500943,0.32920421566920105,0.603421763496836
NCU,80.12485352707097,466.16,SA(2.0),-3.2315153290357497,0.6938399401744331,0.33378482137443555,0.6082775317248673
NSK,57.92066683550797,665.2,SA(2.0),-3.3793472917109155,0.6959420996510045,0.3352713862094321,0.6098594130255387
NST,37.88427385619578,491.08,SA(2.0),-2.711639759537488,0.6932041267797108,0.3333347821847025,0.6077992138612046
NSY,13.269189808642082,599.64,SA(2.0),-2.0522641076555725,0.6941864014858875,0.3340299705988565,0.6085381982666764
PNG,110.99680090093074,465.86,SA(2.0),-3.4575087281989836,0.6942888579072808,0.3341024557224007,0.6086152867735558
SGL,94.06716422546164,295.66,SA(2.0),-2.844631965313826,0.6896710961387469,0.3308304706527587,0.6051424795342786
SSD,86.12829009110234,535.13,SA(2.0),-3.4302607716171227,0.6949524198735397,0.3345717861108586,0.6091145917039573
STY,41.405707951930495,665.2,SA(2.0),-3.1045514944085038,0.6957381919425195,0.33512728285763654,0.6097059422474934
TAI1,77.88051206740859,160.67,SA(2.0),-2.05875550881375,0.6813963692149168,0.32494075614921614,0.598927806143985
TAP,99.45326800656716,235.82,SA(2.0),-2.637590966004404,0.6873047480367377,0.32914970110652286,0.6033641445556159
TAP003,102.49615603578604,212.39,SA(2.0),-2.544745646944331,0.6862371858316205,0.32839051736958996,0.602562148927258
TAP005,106.45776496285161,179.84,SA(2.0),-2.3901450423526165,0.6845492076633221,0.32718895763309325,0.6012944401168632
TAP006,105.19861667361013,184.77,SA(2.0),-2.4114201147240504,0.6847865221043843,0.3273579734780204,0.6014726411535125
TAP007,103.22929751249532,207.39,SA(2.0),-2.5238132302021956,0.6859990092368463,0.32822106270844853,0.6023832456737749
TAP008,103.88983230695109,194.14,SA(2.0),-2.45649628159512,0.6852789806367684,0.32770861202312274,0.6018424602073593
TAP010,101.02607768818412,226.38,SA(2.0),-2.6040419097638754,0.6869029017118208,0.3288640002576519,0.6030622403323346
TAP012,101.22135041662736,207.99,SA(2.0),-2.513458399022106,0.6859364052047761,0.32817651728355585,0.6023362229593092
TAP013,101.93097443003171,205.11,SA(2.0),-2.5031466884137887,0.6858103242990677,0.32808679935679363,0.6022415238116743
TAP014,102.68862503887601,188.98,SA(2.0),-2.4193490847463304,0.6849114791977325,0.3274469566536323,0.6015664758903211
TAP017,98.95262064237038,217.83,SA(2.0),-2.5481048157780526,0.6863632976831916,0.328480230132632,0.6026568798400618
TAP020,100.10708960480885,218.5,SA(2.0),-2.559344598427532,0.6864528052553144,0.3285438986779997,0.6027241163951803
TAP021,100.64194987891956,167.18,SA(2.0),-2.272680548800464,0.6834086227018751,0.3263762290290393,0.6004380923193148
TAP024,96.12094949935707,194.98,SA(2.0),-2.4081562844467888,0.6849242940975645,0.3274560818205845,0.6015760991959019
TAP026,97.04891677159061,194.28,SA(2.0),-2.4108550202971175,0.6849323644731378,0.32746182848859834,0.6015821596304756
TAP028,95.95079486383781,287.94,SA(2.0),-2.829575481454497,0.6894414267088624,0.33066746280720843,0.6049698421433874
TAP032,94.42845888739913,308.88,SA(2.0),-2.894751891050343,0.6901646831153838,0.3311807059215783,0.6055135257325333
TAP034,91.89598828035317,538.69,SA(2.0),-3.4827637343271793,0.6950596159948382,0.3346475850685199,0.6091952590054356
TAP035,89.039962013356,438.13,SA(2.0),-3.2345761044293324,0.6934722527972558,0.3335245899260683,0.6080009155538739
TAP036,87.5599551150271,671.52,SA(2.0),-3.691587295858506,0.6962056559022289,0.3354576145071173,0.610057787573806
TAP041,111.82723819014045,363.56,SA(2.0),-3.189272846945852,0.6922492090193261,0.3326585090676028,0.6070809531955375
TAP042,106.68190483381903,375.85,SA(2.0),-3.192746488348269,0.6924499177368111,0.3328006876983836,0.60723190861581
TAP043,91.48433103527901,388.16,SA(2.0),-3.1213355173062807,0.6924277507273753,0.3327849859267111,0.6072152362376383
TAP046,117.32193358845494,816.9,SA(2.0),-4.126044980487205,0.6969400291191439,0.3359763478492123,0.6106105943025376
TAP047,85.80907617073753,403.2,SA(2.0),-3.1181831952596526,0.6926597825485077,0.3329493314691769,0.6073897571036032
TAP049,108.6027661355923,573.04,SA(2.0),-3.6673120682550735,0.6955710102633471,0.3350091193877318,0.6095801179876438
TAP051,103.74251653105222,403.17,SA(2.0),-3.249864781156356,0.6930205682544841,0.3332048201991372,0.6076611356832267
TAP052,100.31096345926947,433.88,SA(2.0),-3.3067007010563785,0.6935834293966694,0.33360328223733404,0.6080845530139064
TAP053,91.65600419476041,538.69,SA(2.0),-3.480940868663947,0.6950570768865093,0.33464578971462844,0.6091933482534848
TAP059,118.32453599408895,456.18,SA(2.0),-3.477211776581499,0.6942220994357161,0.3340552264956792,0.6085650573240742
TAP060,120.15382017573265,631.27,SA(2.0),-3.8455163884652874,0.6961084161812771,0.3353889089528042,0.6099845955676697
TAP065,121.46351678308714,1023.45,SA(2.0),-4.3876041731873965,0.6973120954559242,0.33623906433894485,0.610890702238627
TAP066,115.01873277372866,662.78,SA(2.0),-3.8682607539444063,0.6962856279000037,0.33551411605071024,0.6101179833038958
TAP067,96.47463981057544,807.68,SA(2.0),-3.97921311281217,0.6968703353920458,0.33592712977734995,0.6105581281327551
TAP069,122.45755568413036,671.52,SA(2.0),-3.9273566246476266,0.6963664678263669,0.3355712277256408,0.6101788333232124
TAP072,100.78864973474847,671.52,SA(2.0),-3.789908096437065,0.6962737540110764,0.335505727142407,0.6101090456462038
TAP075,108.27200165265872,856.38,SA(2.0),-4.1159192174961685,0.6970287698910297,0.3360390137315982,0.6106774003564376
TAP077,117.94442647334881,1022.77,SA(2.0),-4.3706151407848,0.6973102173193453,0.3362377383479414,0.6108892882418334
TAP078,118.90698625816037,671.52,SA(2.0),-3.9063190761840003,0.6963524898846284,0.33556135283043215,0.6101683117428598
TAP079,118.27326344912967,631.27,SA(2.0),-3.8342717914577453,0.696099131182868,0.3353823483238301,0.6099776068564622
TAP081,122.7494636646256,671.52,SA(2.0),-3.9290649005107907,0.696367599240531,0.3355720270235654,0.6101796849710062
TAP083,121.86621664827865,435.22,SA(2.0),-3.4466084161622,0.6939201556679987,0.33384158540879805,0.6083378816858602
TAP084,122.81401514518838,224.22,SA(2.0),-2.7288964639558313,0.6876675945629634,0.32940760474247655,0.6036367703758914
TAP086,93.25545980723025,887.68,SA(2.0),-4.041467338395036,0.6970795913721166,0.33607490055916167,0.6107156604522818
TAP087,103.15361263828753,573.04,SA(2.0),-3.6312847498330045,0.6955298213321235,0.33498000514591153,0.6095491190336844
TAP090,104.64066341996687,324.38,SA(2.0),-3.0188796418010284,0.6909770765634037,0.33175689645717843,0.6061243123231478
TAP094,108.94222775860766,416.34,SA(2.0),-3.3190924354560636,0.69338243969296,0.3334610146416117,0.6079333511074616
TAP095,108.81195663904354,206.24,SA(2.0),-2.553866871274919,0.6861932359897432,0.3283592506851947,0.6025291358992799
TAP097,98.42016825129102,237.23,SA(2.0),-2.6368979085364423,0.6873291291774631,0.32916703277104464,0.6033824627485919
TAP098,107.08953823454839,538.69,SA(2.0),-3.5894489108785486,0.6952065728140481,0.3347514901293776,0.6093058499144871
TAP100,99.46634920648815,236.32,SA(2.0),-2.6399685427462813,0.6873297157733301,0.32916744975700335,0.6033829034746655
TAP103,114.99244567347492,429.49,SA(2.0),-3.39101515762324,0.6937245068119633,0.3337031301916872,0.6081906874096081
TAW,123.14546871727185,481.92,SA(2.0),-3.5658677878653973,0.6946560423927168,0.3343621874498104,0.6088915706728825
TCU,8.966003941063503,472.81,SA(2.0),-1.5407201638306876,0.6909271553272957,0.3317214991197096,0.6060867767823692
TCU003,85.87715173895934,517.33,SA(2.0),-3.394550773084185,0.6947236635761542,0.3344100129599234,0.6089424537382966
TCU006,72.13607981372333,607.4,SA(2.0),-3.447355031987722,0.69559066603071,0.3350230127091529,0.6095949110879532
TCU007,89.06974444890936,463.88,SA(2.0),-3.2986968917792208,0.6939481645152616,0.3338614049812402,0.6083589543173117
TCU008,84.7584785592634,441.58,SA(2.0),-3.2114901298198033,0.6934665747207669,0.3335205707464802,0.6079966440235465
TCU009,81.06016716272919,460.1,SA(2.0),-3.2252402115702847,0.6937475829877898,0.33371946151199694,0.6082080482117472
TCU010,81.66395774542653,446.15,SA(2.0),-3.1971776723942424,0.6934974417439747,0.33354241952695834,0.6080198648741174
TCU011,76.57844520726454,471.07,SA(2.0),-3.209066567353889,0.6938584391699378,0.33379791235678125,0.6082914493181676
TCU014,93.21256831945598,496.47,SA(2.0),-3.405256562356574,0.6945236330045441,0.33426853374172083,0.608791938310611
TCU015,49.226738245658176,426.0,SA(2.0),-2.774564950320322,0.6921437309240543,0.3325837823495831,0.6070016243598652
TCU017,53.6114321384972,558.76,SA(2.0),-3.1364474839123684,0.6947897425006884,0.33445674558739297,0.6089921769737792
TCU018,65.56957606032032,573.04,SA(2.0),-3.3156028527922716,0.6951571367301819,0.33471653774983157,0.6092686469068226
TCU025,54.44992612807512,665.2,SA(2.0),-3.3374884186375873,0.6959109232125515,0.335249354826145,0.6098359477229917
TCU026,55.62700868478751,569.98,SA(2.0),-3.1853982881380727,0.694969041906441,0.3345835399992973,0.6091271000127111
TCU029,27.893894423621465,406.53,SA(2.0),-2.246134657395566,0.6903081543028581,0.33128248649898756,0.6056213850551073
TCU031,30.15523078028506,489.22,SA(2.0),-2.5125908310420737,0.692816689922129,0.3330604524341014,0.6075077784350149
TCU033,40.407957354293515,423.4,SA(2.0),-2.607385467349669,0.6916636245315991,0.33224357918967634,0.6066405637504158
TCU034,35.21698353563212,393.77,SA(2.0),-2.413308703292697,0.6904201965758481,0.33136196390659733,0.6057056188577052
TCU036,19.699612049739354,478.07,SA(2.0),-2.120875532672393,0.6919103945226014,0.3324184542898871,0.606826140913478
TCU038,25.342828155086934,297.86,SA(2.0),-1.83376631684721,0.6849645052663038,0.3274847146372216,0.6016062958062273
TCU039,19.708438206066337,540.66,SA(2.0),-2.2529736430573006,0.6933963615948044,0.333470869681494,0.6079438241702771
TCU040,22.125103547818437,362.03,SA(2.0),-1.923687862519157,0.687946148783935,0.3296055505330147,0.6038460769802817
TCU042,25.987540319450044,578.98,SA(2.0),-2.564691218214857,0.6943531074012156,0.33414790792125204,0.6086636291003221
TCU045,25.372624034032317,704.64,SA(2.0),-2.786115147433394,0.695824332102192,0.33518816126409867,0.6097707747128047
TCU046,16.252239941167144,465.55,SA(2.0),-1.9361965424302943,0.6912919547269863,0.33198013705499485,0.6063610766459243
TCU047,34.3639015403997,520.37,SA(2.0),-2.6927099189532333,0.6936536594161752,0.33365298893615053,0.6081373875987434
TCU048,15.724490368129416,551.21,SA(2.0),-2.0904388264936555,0.6934065228509751,0.3334780625754869,0.6079514682219129
TCU049,7.973343563390163,487.27,SA(2.0),-1.5057205446447535,0.6913029018961516,0.3319878974477124,0.6063693083577758
TCU050,12.061398269660884,542.41,SA(2.0),-1.876672530364205,0.6930196261107439,0.33320415310632645,0.607660426988109
TCU051,11.684106742389506,350.06,SA(2.0),-1.395334581111394,0.6859413109543501,0.3281800080040375,0.6023399077101254
TCU052,4.409004259240465,579.1,SA(2.0),-1.4058212930130596,0.6933950761002906,0.33346995970918086,0.607942857126955
TCU053,8.360955408325248,454.55,SA(2.0),-1.459271344813453,0.6902558862554024,0.3312454079465607,0.6055820904093412
TCU054,10.227617412004046,460.69,SA(2.0),-1.5940352681258494,0.6906336996687561,0.3315133956866322,0.605866136698918
TCU055,9.165535239523313,359.13,SA(2.0),-1.2680370544245716,0.6860785808130625,0.3282776784029739,0.6024430138302042
TCU056,13.309665432524499,403.2,SA(2.0),-1.6335113215397308,0.6887560051420017,0.33018082983194147,0.6044546750837979
TCU057,14.550574484923569,555.23,SA(2.0),-2.0383901121675096,0.6934274893236894,0.3334929040493952,0.6079672408102728
TCU059,17.77385436882762,272.67,SA(2.0),-1.446666694701763,0.6819664738248462,0.3253476621475513,0.5993556291186539
TCU060,9.40150493354199,375.42,SA(2.0),-1.3289291211205392,0.6869784781516808,0.3289177390570659,0.6031190184177475
TCU061,17.668321986901795,379.64,SA(2.0),-1.787442871976201,0.6882266243739981,0.3298048225707289,0.6040568396320981
TCU063,10.256304917085805,476.14,SA(2.0),-1.6304776556087588,0.691138035935359,0.33187101860675794,0.6062453395495083
TCU064,17.156230171822553,645.72,SA(2.0),-2.33045384257238,0.6950008644680509,0.33460604222451573,0.609151047046776
TCU065,1.5301625387352142,305.85,SA(2.0),-0.5212804005309317,0.6813211704013502,0.3248870711891676,0.5988713786876031
TCU067,1.4845734764737275,433.63,SA(2.0),-0.8677983205479294,0.6888010329136945,0.3302128056210621,0.6044885159759772
TCU068,0.649001480476048,487.34,SA(2.0),-0.8925613854083352,0.6907488284530043,0.3315950440392657,0.6059526968153499
TCU070,20.340829249903962,401.26,SA(2.0),-1.9615081074244802,0.6894279790612188,0.33065791753382834,0.604959734101889
TCU071,10.01426691522794,624.85,SA(2.0),-1.8808995145198182,0.6944084420856516,0.33418705190721404,0.6087052642924873
TCU072,12.748228787930415,468.14,SA(2.0),-1.6629729565553042,0.6909516825680017,0.3317388906486833,0.6061052186499746
TCU074,22.222133630574767,549.43,SA(2.0),-2.271710243061749,0.6935728394737016,0.3335957868019756,0.6080765861991267
TCU075,2.71684542140007,573.02,SA(2.0),-1.2678799370454525,0.6931959524288015,0.3333289949766198,0.6077930647609842
TCU076,4.3340083071477284,614.98,SA(2.0),-1.4794618229639336,0.6940800304249625,0.33395471065061894,0.6084581660796231
TCU078,17.667409336015933,443.04,SA(2.0),-1.8528812312567324,0.6905121906446671,0.33142721547250714,0.605774781806768
TCU079,21.222776888973897,363.99,SA(2.0),-1.795399101491575,0.687642405011567,0.32938970266949896,0.6036178434617312
TCU081,54.870046821119146,430.47,SA(2.0),-2.8703451106367903,0.6924695073052163,0.33281456356814787,0.6072466424974882
TCU082,8.966003941063503,472.81,SA(2.0),-1.5407201638306876,0.6909271553272957,0.3317214991197096,0.6060867767823692
TCU083,79.97899565103198,354.63,SA(2.0),-2.9325185853631757,0.6912178921894451,0.3319276329603034,0.606305385890798
TCU084,19.942894152069616,665.2,SA(2.0),-2.3867324114101787,0.6952519573171583,0.33478357692901045,0.6093400042439008
TCU085,57.92066683550797,999.66,SA(2.0),-3.827212004951492,0.6972456741994857,0.3361921689844076,0.6108406958474975
TCU087,7.308530515924621,538.69,SA(2.0),-1.565006740585147,0.6926567647287338,0.3329471941485474,0.6073874872213667
TCU088,20.395798012081535,665.2,SA(2.0),-2.424106823773938,0.695274494525097,0.3347995103487085,0.6093569648468738
TCU089,15.126942233893988,671.52,SA(2.0),-2.1741475756102417,0.6952014431142385,0.33474786337489365,0.6093019895536723
TCU092,88.45294085502088,422.28,SA(2.0),-3.1921750413153775,0.6931457643747784,0.33329346255446457,0.6077553113623537
TCU094,53.92101623044264,589.85,SA(2.0),-3.1992622355246283,0.695179438919309,0.334732306023593,0.6092854303200537
TCU095,44.56466924675996,446.63,SA(2.0),-2.744829659420045,0.6924695244155179,0.33281457568779854,0.6072466553666674
TCU096,53.85469792017198,454.58,SA(2.0),-2.915114230407182,0.6929942460763605,0.3331861823978935,0.6076413357845737
TCU098,47.1372515839405,346.56,SA(2.0),-2.517543603254967,0.6894998397370852,0.33070892391575085,0.6050137491329864
TCU100,13.491602319643608,535.13,SA(2.0),-1.9425350514733182,0.6929382563783422,0.3331465369644305,0.6075992199314153
TCU101,2.7276625208825007,389.41,SA(2.0),-0.8696605511343853,0.686850860448512,0.32882699453115116,0.6030231439724942
TCU102,1.9961663796457592,714.27,SA(2.0),-1.4378752921886497,0.6953991006295368,0.3348876003653862,0.6094507398288085
TCU103,6.545253590327707,494.1,SA(2.0),-1.4191173483488266,0.691402696863353,0.3320586388965449,0.6064443499317077
TCU104,13.599900519557263,410.45,SA(2.0),-1.667890954147744,0.6890909926535813,0.3304186920480705,0.6047064445675607
TCU105,17.911571028764843,575.54,SA(2.0),-2.241091322911421,0.6939727740169308,0.3338788188037551,0.6083774695293732
TCU106,15.67278608418154,451.37,SA(2.0),-1.8750334963193052,0.6907956286662222,0.3316282324947246,0.6059878843646844
TCU107,16.73758483873565,409.0,SA(2.0),-1.822580687954453,0.6893651857838226,0.3306133450610941,0.6049125353621614
TCU109,13.739015155167076,535.13,SA(2.0),-1.9559371066940199,0.6929526010616773,0.33315669435566647,0.6076100100592066
TCU110,12.337401625868438,212.72,SA(2.0),-0.9209669701213226,0.6752855862254681,0.3205684904394024,0.5943454095904812
TCU111,22.753679890361862,237.53,SA(2.0),-1.5050443043850459,0.6802150589887903,0.32409706936107263,0.598041483600166
TCU112,28.530660346449324,190.54,SA(2.0),-1.4645588939379395,0.6772632923811193,0.32198571629717115,0.5958277987032085
TCU113,31.866925843887017,230.3,SA(2.0),-1.7580149653893322,0.6813725251233708,0.32492373400402275,0.5989099139886411
TCU115,22.519806127058114,215.34,SA(2.0),-1.3940047381289378,0.6782184913937334,0.32266946132332003,0.5965439973696073
TCU116,15.552380292106827,493.09,SA(2.0),-1.96284359453534,0.6920295981583192,0.3325029180815645,0.60691578838782
TCU117,26.02127503510998,198.58,SA(2.0),-1.430320377603665,0.6774608441605632,0.3221271666169867,0.5959759088235488
TCU118,27.553377287252555,236.19,SA(2.0),-1.6610444970727647,0.6810603148279204,0.3247008217231983,0.5986756457429898
TCU119,38.709117009183,221.7,SA(2.0),-1.8804994232430632,0.6818026439414664,0.3252307476326392,0.5992326810846422
TCU120,8.190427877741287,459.34,SA(2.0),-1.458722254679643,0.6904091906434267,0.3313541570997796,0.6056973444696666
TCU122,14.73072540652075,475.46,SA(2.0),-1.8824748768309205,0.6914708644429306,0.33210695791198946,0.6064956099428073
TCU123,16.255745645165277,270.22,SA(2.0),-1.367338532857072,0.6814742937147198,0.32499638388921187,0.5989862798536476
TCU128,13.269189808642082,599.64,SA(2.0),-2.0522641076555725,0.6941864014858875,0.3340299705988565,0.6085381982666764
TCU129,6.355595224258387,511.18,SA(2.0),-1.4408516344341407,0.6918836233292558,0.3323994841490571,0.606806007854784
TCU136,8.87050666409296,462.1,SA(2.0),-1.5104145619354803,0.6905636441008063,0.3314637096944749,0.6058134661010449
TCU138,10.62709176562196,652.85,SA(2.0),-1.9898232099233768,0.6948857984809584,0.33452467500178584,0.6090644586129359
TCU140,33.698793168228846,223.6,SA(2.0),-1.774036907513466,0.6811610489855136,0.32477274957131613,0.5987512303043162
TCU141,27.08308313875785,223.04,SA(2.0),-1.5861777907568912,0.6798950473075743,0.3238683925399542,0.5978014215999782
TCU145,36.03895088690123,240.43,SA(2.0),-1.9072550416237015,0.6827794872823953,0.32592765019167785,0.5999658282720292
TCU147,72.40184826834715,537.92,SA(2.0),-3.3154762694854742,0.6948155690441776,0.3344750101822375,0.6090116111781256
TTN,83.21058040106071,298.72,SA(2.0),-2.7710411797433006,0.6893918125695028,0.3306322457567126,0.6049325493835963
TTN001,55.943705673847546,484.6,SA(2.0),-3.005751835497554,0.6936477272158371,0.3336487903946376,0.6081329247293651
TTN002,68.37147822691496,667.36,SA(2.0),-3.5444131180538982,0.6960506041953127,0.33534805927874595,0.6099410813665846
TTN003,95.02819768257147,506.64,SA(2.0),-3.438821890957133,0.6946856461002388,0.33438312512826984,0.6089138465556174
TTN004,66.76657920094912,463.59,SA(2.0),-3.091177559105527,0.6935138872238775,0.33355406003715976,0.6080322366495875
TTN005,82.74873732730376,407.59,SA(2.0),-3.1046124034364757,0.6926922516354159,0.3329723268807578,0.6074141791293287
TTN006,81.1387708588908,283.21,SA(2.0),-2.695776640728278,0.6886755285413585,0.3301236780879992,0.6043941932028886
TTN007,81.9983553609081,282.7,SA(2.0),-2.7011913604436044,0.6886910949103019,0.3301347330444699,0.6044058919686398
TTN008,82.7187919705734,292.61,SA(2.0),-2.744591454291328,0.6891302217989912,0.33044654357282915,0.604735929507663
TTN009,83.68450130501424,313.96,SA(2.0),-2.828946229784403,0.6899820701434561,0.3310511429399521,0.6053762448903992
TTN010,83.81152591090317,311.34,SA(2.0),-2.820927862608529,0.6898913324482188,0.3309867588978512,0.6053080339971332
TTN012,81.57676615324058,288.3,SA(2.0),-2.718854215842664,0.6889073073084988,0.3302882707820983,0.60456838839524
TTN013,81.26976308172648,297.76,SA(2.0),-2.7511485658962007,0.6892769715209845,0.33055072474948305,0.6048462299103233
TTN014,63.02404599943716,533.97,SA(2.0),-3.202641372230422,0.6946092758879174,0.3343291102649288,0.608856380584944
TTN015,83.21058040106071,487.91,SA(2.0),-3.3048721774104095,0.6942499392259573,0.3340749224093686,0.6085860040556469
TTN016,123.14546871727185,826.15,SA(2.0),-4.168831329405861,0.6969750728577849,0.33600109505479064,0.6106369758760897
TTN018,74.43304938901571,573.04,SA(2.0),-3.401987468430435,0.6952607453404164,0.3347897899395792,0.6093466177501305
TTN020,50.35796250220993,453.71,SA(2.0),-2.8508343339032742,0.6928370791754188,0.3330748911202527,0.6075231149393061
TTN022,53.02499720160041,398.81,SA(2.0),-2.7523397407199552,0.6915313849714789,0.3321498545925078,0.6065411202010526
TTN023,54.09146602124198,527.54,SA(2.0),-3.071849616087678,0.694337338928104,0.3341367529693619,0.6086517645952013
TTN024,59.92050910835589,671.52,SA(2.0),-3.4158595235705076,0.6960095462731428,0.3353190469849291,0.6099101780036672
TTN025,65.75784285873038,704.96,SA(2.0),-3.5395131918338665,0.6962827273904513,0.3355120668454564,0.6101158000440371
TTN026,70.29054746653149,573.04,SA(2.0),-3.360591452244511,0.6952112004744287,0.334754761925682,0.6093093324684732
TTN027,76.08977283968429,428.95,SA(2.0),-3.1010896479712295,0.6930183537293028,0.3332032521852499,0.6076594698832939
TTN028,78.48198120220177,616.17,SA(2.0),-3.5195610870379452,0.6957254123059504,0.33511825072033463,0.6096963238879071
TTN031,55.63093116970684,510.62,SA(2.0),-3.0583148795517445,0.6941005163681202,0.333969205343842,0.6084735792986362
TTN032,57.234125398309374,734.26,SA(2.0),-3.478983538996431,0.6963971358987715,0.3355928932528632,0.6102019181272577
TTN033,58.96031847975615,670.8,SA(2.0),-3.402287877556743,0.6959952062966556,0.3353089139018033,0.6098993846905547
TTN036,79.85049273122117,538.69,SA(2.0),-3.384218370186922,0.6949211980399006,0.3345497079526711,0.6090910969584051
TTN040,47.98883144575936,728.01,SA(2.0),-3.3284521579529347,0.6962869616989166,0.3355150583761245,0.6101189872760675
TTN041,45.1590519289211,418.24,SA(2.0),-2.673454077301349,0.6917233532521739,0.33228590904096383,0.6066854803662702
TTN042,64.91469915710697,845.34,SA(2.0),-3.7330664786089325,0.6969083901430051,0.3359540045236691,0.6105867760574458
TTN044,58.77993734254324,419.63,SA(2.0),-2.887417352174298,0.6923153651920602,0.33270537513028153,0.6071307093537884
TTN045,61.00750348291904,539.98,SA(2.0),-3.1903322574576025,0.6946581194915069,0.3343636565236081,0.6088931336216884
TTN046,65.63785661871987,528.12,SA(2.0),-3.220886291712098,0.6945712054163845,0.3343021828703117,0.6088277341922871
TTN047,73.91058687727796,573.04,SA(2.0),-3.3969252060973436,0.6952546983982613,0.334785514839282,0.6093420670679599
TTN048,79.66111305108983,373.54,SA(2.0),-2.983044253510302,0.6917464004532373,0.33230224216913595,0.6067028122477887
TTN050,89.29934402229367,573.04,SA(2.0),-3.530693843689074,0.6954131001694132,0.33489749684828213,0.6094612756295424
TTN051,36.67924057370646,665.2,SA(2.0),-2.9979264134702683,0.6956603991085537,0.33507230078548866,0.6096473932808959
WGK,10.40266620061039,258.89,SA(2.0),-1.0101927904376602,0.679254850559926,0.32341075324258034,0.597321217349806
WNT,6.355595224258387,511.18,SA(2.0),-1.4408516344341407,0.6918836233292558,0.3323994841490571,0.606806007854784
WTC,43.046970143373564,207.69,SA(2.0),-1.8973594955901312,0.6813545881776727,0.3249109287375079,0.5988964545041956
ALS,21.15138156147171,553.43,SA(3.0),-2.834634152125818,0.6892956790021001,0.3383248559610685,0.6005537652283004
CHK,63.02404599943716,424.57,SA(3.0),-3.445862553159495,0.6892693392437357,0.33830600100372515,0.600534155320381
CHY002,25.505683407066318,235.13,SA(3.0),-2.0831648822842532,0.6870379870712479,0.33670751297792395,0.5988733141350793
CHY004,48.07893833473184,271.3,SA(3.0),-2.760223870860326,0.6880657844420964,0.3374440994038883,0.5996382271815367
CHY006,10.589594525139994,438.19,SA(3.0),-2.0894652723554987,0.6882332163666495,0.33756404391120715,0.5997628501071869
CHY008,41.23915234428305,210.73,SA(3.0),-2.3627836404458407,0.6873900341488236,0.3369598700830723,0.5991352977422711
CHY010,20.724953105809405,538.69,SA(3.0),-2.8174183280644733,0.6892163462183266,0.3382680656671902,0.6004947024281878
CHY012,59.82694761124689,198.4,SA(3.0),-2.573773665806316,0.687738581688834,0.3372096597878753,0.5993946964139025
CHY014,37.42185396368311,347.63,SA(3.0),-2.83163108718749,0.6883753831202261,0.3376658784634522,0.59986867113346
CHY015,38.851553931384295,228.66,SA(3.0),-2.404890222645297,0.6874751182164041,0.33702085173532753,0.5991986178741179
CHY016,67.39311492490651,200.86,SA(3.0),-2.6681174605556937,0.6878939004251741,0.33732095152476105,0.5995102950780655
CHY017,59.79653364012802,190.57,SA(3.0),-2.5290466440506014,0.6876742598211462,0.33716356734627706,0.5993468248642798
CHY019,52.664018987304125,497.53,SA(3.0),-3.494961236705346,0.6895270729088897,0.33849048194865566,0.6007260423058652
CHY022,67.37194759211643,564.07,SA(3.0),-3.804246642555145,0.6899488030968547,0.3387922804579192,0.6010400499109065
CHY023,82.48037770558093,279.78,SA(3.0),-3.162648170400667,0.6886442849717882,0.33785846735947284,0.6000688354329139
CHY024,11.325693557566668,427.73,SA(3.0),-2.1070843418767833,0.6881751979813526,0.33752248235221344,0.5997196653633043
CHY025,20.997755926782464,277.5,SA(3.0),-2.1015789142006667,0.6872482828987542,0.3368582660469801,0.5990298080589213
CHY026,30.210404768019664,226.01,SA(3.0),-2.1832786693470316,0.6871463518298978,0.33678519821153297,0.5989539540722276
CHY027,42.57072697901259,210.01,SA(3.0),-2.384191568766262,0.6874233847926048,0.3369837736502115,0.5991601173778046
CHY028,3.81905953609022,542.61,SA(3.0),-1.841648362134643,0.6888137039440976,0.33797978834990156,0.6001949528346124
CHY029,11.759168799911324,544.74,SA(3.0),-2.396590608782865,0.6890333899227999,0.33813708515532354,0.6003584962929789
CHY032,36.21575834030445,192.71,SA(3.0),-2.159143756277511,0.6870567213284268,0.3367209437195369,0.5988872551517455
CHY033,44.61021757313737,197.63,SA(3.0),-2.3537400115122833,0.6873727163441575,0.3369474575983304,0.5991224098565893
CHY034,15.559574786944564,378.75,SA(3.0),-2.202258460859296,0.687928557539037,0.3373457830732864,0.5995360897564144
CHY035,13.44254351914465,573.04,SA(3.0),-2.545155542018458,0.6892510310406728,0.33829289513127275,0.6005205249567513
CHY036,16.839316616786387,233.14,SA(3.0),-1.7316645247230142,0.6865982684169177,0.3363922263685716,0.5985461153761718
CHY039,32.69010874984208,201.21,SA(3.0),-2.1216740854140843,0.6870056867107117,0.3366843561882082,0.5988492780917318
CHY041,21.610943270708972,492.26,SA(3.0),-2.751179761459867,0.6889507430998818,0.33807791211351657,0.6002969696398981
CHY042,30.629771574103184,665.2,SA(3.0),-3.377486501689918,0.6900241610394303,0.3388461992140305,0.6010961621041805
CHY044,55.933003322544856,194.47,SA(3.0),-2.504391231489411,0.6876264876643051,0.33712933298300934,0.5993112708601266
CHY046,24.881430138705287,442.15,SA(3.0),-2.7556133431894096,0.6887100042044538,0.3379055305550675,0.6001177570373977
CHY047,24.93307771977854,169.52,SA(3.0),-1.7039540868525167,0.6863262699628381,0.3361971514600373,0.5983437341455656
CHY050,45.48094043081733,538.93,SA(3.0),-3.472680929845808,0.6896427818754514,0.33857329399281727,0.6008121929419914
CHY052,40.52523944488567,573.04,SA(3.0),-3.4486594610860672,0.6897411879019845,0.33864371744735533,0.6008854623985144
CHY054,49.228155688795745,172.1,SA(3.0),-2.2763104915230805,0.6872715811260123,0.3368749663457629,0.5990471461187258
CHY055,55.04100932988003,225.77,SA(3.0),-2.65752600111922,0.6878613875334548,0.33729765576998866,0.5994860964789092
CHY057,58.30189007907089,411.46,SA(3.0),-3.3590569720155052,0.6891462035426824,0.33821785160614215,0.6004424824345941
CHY058,60.47926509005612,269.28,SA(3.0),-2.9179721659605757,0.6882863643710593,0.33760211514950644,0.599802410153302
CHY059,74.0105222831666,191.09,SA(3.0),-2.674081269598928,0.6879225205784841,0.3373414576801911,0.5995315965395476
CHY060,69.53930995385498,228.92,SA(3.0),-2.8330372858716792,0.6881382652215442,0.33749602467260853,0.5996921755303318
CHY061,62.41616207975734,538.69,SA(3.0),-3.7012901409022274,0.6898069030354244,0.3386907433759488,0.600934392281529
CHY062,59.70708366780761,602.63,SA(3.0),-3.7956922209990216,0.6900480791820027,0.33886331212941584,0.6011139719516205
CHY063,73.64708029924377,246.88,SA(3.0),-2.953126049928567,0.6883227481374492,0.3376281769664787,0.5998294922073959
CHY065,85.87815923556157,250.0,SA(3.0),-3.0629791813990375,0.6884887800362731,0.33774709813946424,0.5999530797772495
CHY066,90.36922111828896,211.97,SA(3.0),-2.9126222682876923,0.6882826605114623,0.3375994620265736,0.5997996532177264
CHY067,84.21459469490114,227.97,SA(3.0),-2.9499118058757743,0.6883236416468299,0.33762881698234254,0.5998301572887591
CHY069,86.69064381036402,224.42,SA(3.0),-2.9504047441610326,0.6883275161353946,0.33763159225280454,0.5998330412556129
CHY070,84.43554371983527,265.45,SA(3.0),-3.1193015019892125,0.6885741995055588,0.3378082751192093,0.6000166643400046
CHY071,79.42270364079795,202.95,SA(3.0),-2.7852922879154898,0.6880871745760164,0.33745942356925807,0.599654148038942
CHY074,21.15138156147171,553.43,SA(3.0),-2.9532228447852287,0.6892956790021001,0.3383248559610685,0.6005537652283004
CHY076,42.877573217177414,169.84,SA(3.0),-2.1557339237029747,0.6870654062646958,0.33672716996361224,0.598893718028473
CHY078,77.88051206740859,160.67,SA(3.0),-2.5148889144440014,0.6877426633030609,0.33721258456687137,0.5993977341773308
CHY079,50.68613779255426,573.04,SA(3.0),-3.621724164586252,0.6898525533488121,0.3387234096583719,0.6009683827883814
CHY080,4.988369897004964,496.21,SA(3.0),-1.8197965490967456,0.6884987493364441,0.3377542382803371,0.5999605006677664
CHY081,43.161132192340126,573.04,SA(3.0),-3.49885744489555,0.6897731274704347,0.3386665737455939,0.6009092437363273
CHY082,36.69569501183828,193.69,SA(3.0),-2.1755026938213704,0.687083362331453,0.33674004257980045,0.598907080034999
CHY086,31.247850964812436,665.2,SA(3.0),-3.3939484791586993,0.6900315737768181,0.3388515028968154,0.6011016817423503
CHY087,29.89661912611536,505.2,SA(3.0),-3.0572630488592947,0.689220168758586,0.33827080209753807,0.6004975482646887
CHY088,38.170938955225544,318.52,SA(3.0),-2.755325923130939,0.6881853430667094,0.337529749916033,0.5997272166022356
CHY090,59.17740188206011,180.33,SA(3.0),-2.460804541422096,0.6875768523906689,0.3370937623145171,0.5992743306300575
CHY092,24.650496063812138,253.72,SA(3.0),-2.1378973345554364,0.6871806966821148,0.336809818389832,0.5989795122779452
CHY093,50.52955404993735,190.49,SA(3.0),-2.407777707495784,0.6874676911497829,0.33701552872965346,0.599193090555862
CHY094,37.57279552970941,221.92,SA(3.0),-2.3446900275755502,0.6873744459069338,0.33694869726377796,0.599123696992622
CHY096,83.07046778565815,293.61,SA(3.0),-3.2203931133701245,0.6887362229193108,0.3379243058603137,0.600137274521408
CHY099,65.94429160338161,228.84,SA(3.0),-2.7974940762066645,0.6880821310480364,0.3374558103411188,0.5996503940919459
CHY100,54.13764361475702,230.11,SA(3.0),-2.6666166659679473,0.6878769563392515,0.33730881101096616,0.5994976839629331
CHY101,10.40266620061039,258.89,SA(3.0),-1.5025496193539993,0.6865373356806987,0.3363485290604909,0.5985007771777716
CHY102,42.67253817797281,804.36,SA(3.0),-3.881573660617461,0.6906245031373713,0.33927564915929315,0.6015432139267147
CHY104,18.66688688746901,223.24,SA(3.0),-1.7661258904550474,0.6865874436861497,0.3363844636515165,0.5985380609797203
CHY107,51.35844504410688,175.68,SA(3.0),-2.3304418529007687,0.6873588031822085,0.33693748527637873,0.5991120557355762
CHY109,43.43968322952119,573.04,SA(3.0),-3.5038815032471815,0.6897763420168354,0.338668874082706,0.6009116372093974
CHY110,43.43968322952119,573.04,SA(3.0),-3.5038815032471815,0.6897763420168354,0.338668874082706,0.6009116372093974
CHY116,82.01615041444819,195.38,SA(3.0),-2.763312558734073,0.6880655635790507,0.33744394117363413,0.5996380627916824
ENA,65.88362730496057,665.2,SA(3.0),-3.9704191562110305,0.6903098876139031,0.33905061270593045,0.6013089247310842
ESL,43.897780904479816,493.29,SA(3.0),-3.3439079482231193,0.6893918458691933,0.33839369289946775,0.6006253622323938
HEN,162.89527803630148,204.23,SA(3.0),-3.2286383453451863,0.6888107869866369,0.3379776996315597,0.6001927813802073
HSN,54.870046821119146,321.49,SA(3.0),-3.0447609670708298,0.6885521092169122,0.33779245450394696,0.6000002206560073
HWA,54.910390623144146,260.38,SA(3.0),-2.8103282989474927,0.6881198440153923,0.3374828279496201,0.5996784643180835
HWA002,56.44202545573511,789.18,SA(3.0),-4.050856579541996,0.6906462216220915,0.3392911821118183,0.6015593879094866
HWA003,55.34036308551032,1525.85,SA(3.0),-4.432251704385902,0.6913578329157775,0.3398,0.6020893730452316
HWA005,48.52595230785456,459.32,SA(3.0),-3.3433090757139254,0.689277299326074,0.33831169915509873,0.6005400815774382
HWA006,49.18260421653337,559.11,SA(3.0),-3.5698275067986,0.6897749721111208,0.33866789377549156,0.6009106172107211
HWA007,55.59377109620273,358.72,SA(3.0),-3.1721263498675443,0.6887988700375565,0.3379691663315105,0.6001839101260533
HWA009,55.351901573503156,373.23,SA(3.0),-3.2126341443189403,0.6888839150604273,0.3380300625390421,0.6002472201092092
HWA011,52.50669252247871,355.76,SA(3.0),-3.121415600601713,0.6887322132998069,0.3379214345802852,0.6001342897119384
HWA012,55.940482597974515,414.42,SA(3.0),-3.3355075903308746,0.6891308855766582,0.3382068853983534,0.6004310785800601
HWA013,53.649974548577966,330.55,SA(3.0),-3.0562746257350373,0.6885882735710418,0.33781835455683434,0.6000271409061935
HWA014,54.562707264600675,277.28,SA(3.0),-2.875009380503881,0.6882370266574973,0.33756677336241714,0.5997656862342486
HWA015,50.48367897862757,453.05,SA(3.0),-3.3581798916318952,0.6892703450830124,0.33830672102614057,0.6005349041641095
HWA016,51.54840213276211,576.55,SA(3.0),-3.638974317376956,0.6898744116388867,0.3387390505827197,0.6009846582438007
HWA017,50.52422325112912,578.11,SA(3.0),-3.6268962269627694,0.6898713843861787,0.33873688441441946,0.6009824041784542
HWA019,54.910390623144146,494.82,SA(3.0),-3.517214561665992,0.6895368218098225,0.3384974594097844,0.6007333007289609
HWA020,43.897780904479816,626.43,SA(3.0),-3.606688915104807,0.690009111493774,0.3388354314496033,0.6010849560077083
HWA022,61.14643046699228,567.64,SA(3.0),-3.744759512592687,0.6899182777493438,0.33877043874564866,0.6010173207193794
HWA023,50.46681972096665,671.52,SA(3.0),-3.7908217344591972,0.69023807168564,0.338999238045398,0.6012554467187389
HWA024,42.66088086872478,671.52,SA(3.0),-3.660307037004036,0.6901755973866469,0.33895454408208614,0.6012089256440893
HWA025,52.97661131498272,494.32,SA(3.0),-3.489901653749153,0.6895130208225327,0.33848042454198035,0.6007155800257683
HWA026,51.216871807519986,457.49,SA(3.0),-3.379678389010893,0.6893037431256798,0.33833062848807827,0.6005597689771894
HWA027,50.999260902587345,437.8,SA(3.0),-3.328119135741495,0.6891944281159301,0.3382523750870741,0.6004783847017287
HWA028,53.17903686421587,406.7,SA(3.0),-3.278014695077329,0.6890498753155074,0.33814888789122766,0.6003707690171485
HWA029,53.68312510210313,614.05,SA(3.0),-3.7382575484719127,0.6900461956162224,0.3388619644885384,0.601112569413908
HWA030,46.3240822341362,592.18,SA(3.0),-3.5870355947306556,0.6898900386798463,0.3387502325337279,0.6009962940218726
HWA031,50.812995101814906,602.29,SA(3.0),-3.6762151859298395,0.6899750581487853,0.33881106630474483,0.6010595995547043
HWA032,47.149347167648216,573.04,SA(3.0),-3.564574413943083,0.6898154101387174,0.3386968309324225,0.6009407265123416
HWA033,53.337780221409545,395.57,SA(3.0),-3.2496331357032457,0.6889875460969934,0.33810426253408365,0.6003243675989173
HWA034,43.827097965114945,379.18,SA(3.0),-3.0531005466122467,0.688727766828772,0.33791825046281915,0.6001309797078423
HWA035,47.804623815661444,677.49,SA(3.0),-3.7593898656206246,0.6902399940381534,0.33900061326246983,0.6012568781955507
HWA036,43.05936412870529,503.04,SA(3.0),-3.350151082067759,0.6894304173033923,0.33842130137433896,0.6006540793828244
HWA037,45.498025716459686,469.64,SA(3.0),-3.3180980486590492,0.6892896279047315,0.33832052439464283,0.600549260186354
HWA038,41.859772602007936,642.73,SA(3.0),-3.5968895101469416,0.6900551956977277,0.33886840379067684,0.6011192710450963
HWA039,45.291665715542166,459.67,SA(3.0),-3.2909223486768866,0.6892322834485455,0.3382794745580623,0.6005065675248002
HWA041,47.47960397850945,484.97,SA(3.0),-3.3864076321948007,0.6893983042057176,0.33839831566572365,0.6006301705678132
HWA043,57.422369838378636,543.06,SA(3.0),-3.6517470851830107,0.6897835380203705,0.3386740235423126,0.6009169951844939
HWA044,58.67615362772547,534.41,SA(3.0),-3.6494555920989,0.6897566983546127,0.3386548169543291,0.6008970110415646
HWA045,62.479427036765046,484.45,SA(3.0),-3.5852175245382045,0.6895629645279348,0.33851616999333745,0.6007527650386602
HWA046,51.02049634079368,617.52,SA(3.0),-3.7067404893814486,0.6900381261412771,0.3388561909762736,0.6011065607407861
HWA048,50.7224249000127,345.89,SA(3.0),-3.064703595113687,0.6886387650436618,0.33785451430611624,0.6000647264119413
HWA049,50.09848662493223,508.61,SA(3.0),-3.4795930873992216,0.6895496773096086,0.3385066602496917,0.6007428721544561
HWA050,52.588798916808756,313.9,SA(3.0),-2.984669654892019,0.6884581812549796,0.33772518260214507,0.5999303029296504
HWA051,52.76943285780981,440.5,SA(3.0),-3.3601317832809054,0.6892329484190417,0.3382799505839351,0.6005070625890555
HWA053,41.01531883433213,843.24,SA(3.0),-3.8849890699381824,0.6907289096773331,0.33935031816150746,0.6016209672440955
HWA054,42.366722327932806,452.83,SA(3.0),-3.2216118651579313,0.6891475468260188,0.33821881326400705,0.6004434824782482
HWA055,46.95869477154732,369.75,SA(3.0),-3.079578145671639,0.6887260546363488,0.33791702435947607,0.6001297051329723
HWA056,40.36324611604254,511.3,SA(3.0),-3.554624498084044,0.6894334507404555,0.3384234726032511,0.6006563378430703
HWA057,49.81118228871056,671.52,SA(3.0),-3.780960434286202,0.6902333054991038,0.3389958283920972,0.601251897587837
HWA058,45.22518970943778,529.54,SA(3.0),-3.4453823220528967,0.6895920470921935,0.3385369842701381,0.6007744183086379
HWA059,48.38288493912992,208.56,SA(3.0),-2.4718005131362792,0.6875634158518477,0.3370841329369591,0.5992643307756598
HWA060,56.69388929890098,573.04,SA(3.0),-3.701782552516855,0.6899050549424895,0.33876097733234,0.6010074750550424
HWA2,54.910390623144146,260.38,SA(3.0),-2.8103282989474927,0.6881198440153923,0.3374828279496201,0.5996784643180835
ILA001,102.14533163111949,909.09,SA(3.0),-4.595722356021524,0.6910199122427508,0.33955840894359735,0.601837690770254
ILA002,96.5430887001664,219.78,SA(3.0),-2.991834116102389,0.6883992662285374,0.3376829850692921,0.5998864487039868
ILA003,91.77508445604383,263.82,SA(3.0),-3.1626704581387353,0.6886367994328366,0.3378531066457797,0.6000632632172179
ILA004,87.85445904337864,124.27,SA(3.0),-2.3047828365010896,0.6875901591642193,0.33710329860936267,0.5992842339375893
ILA005,86.15882510967322,239.33,SA(3.0),-3.0165073107593177,0.6884207231958671,0.3376983536852849,0.5999024204349979
ILA006,84.0230749317769,279.41,SA(3.0),-3.1718364635776735,0.6886568639875611,0.33786747566882275,0.6000781992393656
ILA007,83.01426463964907,496.27,SA(3.0),-3.79743772808609,0.6897707652190866,0.3386648833097388,0.6009074848624582
ILA008,83.77120048773067,299.28,SA(3.0),-3.2457552722953626,0.6887764035956888,0.3379530787333857,0.6001671856448311
ILA010,79.14352703450395,573.04,SA(3.0),-3.925882388413914,0.6900536107169649,0.33886726978484016,0.6011180908374734
ILA012,87.16828457720456,259.21,SA(3.0),-3.1117940438155225,0.6885615714422532,0.3377992311857855,0.6000072641871241
ILA013,83.10768677806287,199.48,SA(3.0),-2.793208240149726,0.6881072601398873,0.33747381292414286,0.5996690979595857
ILA014,79.65880504821489,300.77,SA(3.0),-3.219705685339619,0.688743298462442,0.33792937262301737,0.6001425416478474
ILA015,84.4098971671404,782.59,SA(3.0),-4.322160142453422,0.6907167232913819,0.33934160302167016,0.6016118917483818
ILA016,81.37675877808526,271.1,SA(3.0),-3.118568743559273,0.6885759352098347,0.3378095181854064,0.6000179563758423
ILA021,75.9361246011624,573.04,SA(3.0),-3.8995403228484657,0.6900361063136103,0.33885474583407477,0.6011050567431393
ILA024,66.86639827014352,671.52,SA(3.0),-3.9908099657453544,0.690335813420096,0.3390691585422075,0.601328230682599
ILA027,82.20017425265452,215.0,SA(3.0),-2.8691288091738834,0.6882072324951444,0.337545430524647,0.599743509502651
ILA030,84.59458810632478,200.98,SA(3.0),-2.8124679594969404,0.6881366184336849,0.33749484494089094,0.5996909497963687
ILA031,82.26156099466952,649.25,SA(3.0),-4.087781719163144,0.690331919063163,0.3390663727626828,0.60132533069794
ILA032,83.16745823634133,295.48,SA(3.0),-3.227154404650351,0.688747297959601,0.33793223663328487,0.6001455189290985
ILA035,92.41248666952322,293.01,SA(3.0),-3.28261638857227,0.6888202710535642,0.3379844907834486,0.6001998415562592
ILA036,88.96142770127999,181.0,SA(3.0),-2.7278531989495,0.6880444654184404,0.3374288259643872,0.5996223593239688
ILA037,83.10530005645415,210.17,SA(3.0),-2.850821530801841,0.6881840964376843,0.3375288568797793,0.5997262887044235
ILA039,85.105398122443,227.18,SA(3.0),-2.951448599506003,0.6883267110992745,0.3376310156113628,0.5998324420285917
ILA041,86.92925202295595,196.88,SA(3.0),-2.806494005096691,0.6881354504935961,0.3374940082470464,0.599690080477714
ILA042,84.64451794546719,209.36,SA(3.0),-2.8579863494675597,0.6881970948397823,0.33753816838980527,0.5997359637590294
ILA043,76.15127489591175,573.04,SA(3.0),-3.90135280149433,0.6900373108448756,0.3388556076498919,0.6011059536572982
ILA044,79.50525087467304,158.13,SA(3.0),-2.5090091422979013,0.6877441868716982,0.3372136763146266,0.5993988681021909
ILA046,78.60335463818913,396.93,SA(3.0),-3.5170391332967705,0.6892740611159284,0.3383093811159342,0.6005376707386458
ILA048,87.92935080981664,199.59,SA(3.0),-2.8285964345590027,0.6881667151848736,0.3375164055527658,0.599713351419726
ILA049,86.95811873375148,190.0,SA(3.0),-2.7674176508668573,0.6880860214410472,0.33745859745422346,0.5996532897489996
ILA050,65.88362730496057,621.06,SA(3.0),-3.894859303566267,0.6901561125541065,0.33894060430174994,0.6011944165171206
ILA051,78.04823034364469,520.64,SA(3.0),-3.811410630918415,0.689841656749752,0.33871561240015075,0.6009602693220522
ILA052,84.06986671281122,612.47,SA(3.0),-4.037068324346579,0.6902179731441378,0.33898485979868115,0.6012404804056944
ILA054,114.92568764400566,677.3,SA(3.0),-4.404479855643386,0.6905172311070452,0.3391989254687487,0.6014633284054703
ILA055,89.2530675683504,266.77,SA(3.0),-3.157930234680282,0.6886306568000569,0.33784870762446,0.6000586906639714
ILA056,90.99352301582981,223.71,SA(3.0),-2.9755032105582804,0.6883682918637135,0.33766079920055014,0.5998633927208864
ILA059,85.27547272039952,236.84,SA(3.0),-2.9985971243815808,0.6883942184191937,0.33767936952896777,0.5998826913218045
ILA061,77.51126528132811,497.73,SA(3.0),-3.7574866467927963,0.6897415820220641,0.33864399948686835,0.6008857558486785
ILA062,72.19750000793086,447.51,SA(3.0),-3.594593843249821,0.6894722600974129,0.33845125060711434,0.6006852323857437
ILA063,60.16791606248126,996.51,SA(3.0),-4.349773930896667,0.6911349932393125,0.3396406903195311,0.6019234007406398
ILA064,71.3059446511398,488.61,SA(3.0),-3.6832103447883178,0.6896568104847602,0.3385833337314774,0.6008226380283048
ILA066,69.33530918828765,481.17,SA(3.0),-3.6479638981898646,0.6896073343717646,0.3385479251548152,0.6007858004253266
ILA067,38.0530901443823,665.2,SA(3.0),-3.5567609040271293,0.6901068832738662,0.33890538403716375,0.6011577588392186
KAU001,47.872270820263516,573.04,SA(3.0),-3.576282427752803,0.6898229933205627,0.33870225731551423,0.6009463728180048
KAU003,115.67129144447121,913.77,SA(3.0),-4.671915024924861,0.6910420041301341,0.33957420483163664,0.6018541441953805
KAU006,115.55793209386754,218.49,SA(3.0),-3.092986444445011,0.6885628652818163,0.33780015780793426,0.6000082273019591
KAU007,108.23991364360973,290.86,SA(3.0),-3.3697124194569406,0.6889367816438055,0.3380679157412007,0.6002865761018856
KAU008,109.31472860629879,285.94,SA(3.0),-3.3567841695183316,0.6889169968223063,0.3380537496925633,0.6002718474403604
KAU010,100.62762664372208,215.36,SA(3.0),-2.994402940213872,0.6884100927922933,0.33769073965499213,0.5998945075674207
KAU011,104.19724162361148,155.32,SA(3.0),-2.654279892469828,0.6880280933604789,0.3374170964969765,0.5996101735667982
KAU012,87.20034181709256,516.18,SA(3.0),-3.8712234112073807,0.6898771303377474,0.3387409959598132,0.600986682563931
KAU015,108.83525214819949,233.21,SA(3.0),-3.129168730850227,0.6885990968785,0.33782610583138445,0.6000351976681768
KAU018,79.82224640898121,538.69,SA(3.0),-3.8631484822094695,0.6899252957759625,0.33877546037273903,0.6010225463331539
KAU020,75.40786468933833,373.33,SA(3.0),-3.4231163361870207,0.6891199831710224,0.3381990802440135,0.6004229620257152
KAU022,99.29885279683903,217.05,SA(3.0),-2.9949328860288977,0.6884083394791755,0.3376894838386585,0.5998932024696196
KAU030,102.44967456859456,259.36,SA(3.0),-3.210261809253877,0.6887060102649062,0.33790267045340383,0.6001147839167633
KAU032,113.1787121371236,194.13,SA(3.0),-2.9500052223945965,0.6883852124214251,0.33767291886912154,0.5998759876365267
KAU033,121.30415327080891,182.93,SA(3.0),-2.9258831318439373,0.6883815174230606,0.337670272268558,0.5998732372391299
KAU034,108.86832940689311,1010.4,SA(3.0),-4.749189545852806,0.6911953317738241,0.33968382907546457,0.6019683404719531
KAU037,136.63858595740618,283.21,SA(3.0),-3.480386195242194,0.6890843476570121,0.33817356798507725,0.6003964324528688
KAU038,143.3217590914785,667.59,SA(3.0),-4.455734950446791,0.6905555568881887,0.33922633766831733,0.6014918694224364
KAU039,152.7137646620572,464.82,SA(3.0),-4.095800778574252,0.6899586666266697,0.33879933798600614,0.601047394332174
KAU040,141.54082737203709,567.64,SA(3.0),-4.269115975419458,0.6902687775800157,0.3390212042913769,0.6012783118844665
KAU042,160.2092768679782,806.48,SA(3.0),-4.739756491607143,0.6908909774385457,0.3394662148723014,0.6017416652237582
KAU043,172.12019900001243,538.49,SA(3.0),-4.334451788486968,0.6902620283675103,0.3390163761080437,0.6012732860659943
KAU044,121.91611938734569,221.24,SA(3.0),-3.1388950878615187,0.6886306552640861,0.3378487065244786,0.6000586895206013
KAU046,162.89527803630148,204.23,SA(3.0),-3.2286383453451863,0.6888107869866369,0.3379776996315597,0.6001927813802073
KAU047,57.34078848787392,573.04,SA(3.0),-3.7098973428828406,0.6899104016684221,0.3387648031248877,0.6010114562086479
KAU048,94.06716422546164,295.66,SA(3.0),-3.303352414661812,0.6888504325615749,0.3380060879185343,0.6002222946294788
KAU050,41.405707951930495,665.2,SA(3.0),-3.625885099317715,0.6901398340284252,0.33892895823000935,0.6011822949704214
KAU051,125.39181021164151,1004.58,SA(3.0),-4.823043977449044,0.6911945559419654,0.33968327440893814,0.6019677626340407
KAU052,169.07733558731505,573.04,SA(3.0),-4.391513847530343,0.6903562642001082,0.3390837876341806,0.6013434596667594
KAU054,35.06562470884893,497.22,SA(3.0),-3.1678569363065794,0.6892692020832906,0.33830590281842376,0.6005340532049346
KAU057,114.76630263975981,535.13,SA(3.0),-4.077097212235139,0.6900735955191303,0.3388815682197317,0.601132971940182
KAU058,110.06905598566512,229.66,SA(3.0),-3.1190066058418533,0.6885873108115866,0.3378176650594458,0.6000264242385637
KAU062,114.45650676026153,246.84,SA(3.0),-3.2219816242480626,0.6887282225664959,0.3379185768169924,0.600131318964094
KAU063,93.6060399190571,227.24,SA(3.0),-3.0107219839534594,0.6884204032896148,0.3376981245531089,0.5999021823087068
KAU064,102.44159350370471,244.84,SA(3.0),-3.1471039819551896,0.6886170539006591,0.33783896589953477,0.6000485647368521
KAU066,101.67439153000315,214.97,SA(3.0),-2.9984959649141185,0.6884174627493174,0.3376960183950506,0.5998999934808613
KAU069,71.14795101360905,500.15,SA(3.0),-3.707508199139251,0.689707032303623,0.3386192747984631,0.6008600312419139
KAU073,110.99667430146175,216.33,SA(3.0),-3.057984550241314,0.6885107569673397,0.3377628382367313,0.5999694388600195
KAU074,105.92197691458655,228.34,SA(3.0),-3.0896998902707944,0.6885431673436201,0.33778605044987225,0.5999935644797041
KAU075,116.89998968320606,196.3,SA(3.0),-2.9816647972528014,0.6884318691666821,0.33770633693269836,0.5999107170903272
KAU077,83.2746332190764,665.2,SA(3.0),-4.12213131801715,0.6903861658844493,0.3391051769019783,0.6013657265282986
KAU078,89.35199696595875,531.85,SA(3.0),-3.9191640844382447,0.6899502555166119,0.33879331969255283,0.6010411313871438
KAU081,162.4731162832657,295.0,SA(3.0),-3.6331587692521854,0.689285629781563,0.3383176624023629,0.6005462835868414
KAU082,169.92818795624305,573.04,SA(3.0),-4.394764967892455,0.6903582936349213,0.3390852393425218,0.6013449709198081
KAU083,111.33662490367176,202.14,SA(3.0),-2.9848514177908463,0.6884217038786695,0.337699056096961,0.5999031504188257
KAU085,88.81470945306066,260.75,SA(3.0),-3.130204616627381,0.6885888938119873,0.33781879875323645,0.6000276026068606
KAU086,99.09116222127146,216.8,SA(3.0),-2.992481398404137,0.6884046532991333,0.33768684359518214,0.5998904586227579
KAU087,113.8969815243451,276.11,SA(3.0),-3.3427819522408555,0.6888950368673536,0.33803802601683813,0.6002554995892266
KAU088,111.19576926643339,227.46,SA(3.0),-3.114429782489502,0.6885829988342045,0.3378145769543493,0.6000232144514578
NCU,80.12485352707097,466.16,SA(3.0),-3.7072403357149257,0.6896210839490077,0.33855776543335175,0.6007960376798268
NSK,57.92066683550797,665.2,SA(3.0),-3.881182824197827,0.6902651958648115,0.3390186420428887,0.6012756447501282
NST,37.88427385619578,491.08,SA(3.0),-3.224541902808484,0.6892894278932029,0.33832038121978214,0.6005491112778707
NSY,13.269189808642082,599.64,SA(3.0),-2.586297351134898,0.6894040752260525,0.33840244644607886,0.6006344671908177
PNG,110.99680090093074,465.86,SA(3.0),-3.9049395149674524,0.6897953456133197,0.33868247300172294,0.6009257868582745
SGL,94.06716422546164,295.66,SA(3.0),-3.303352414661812,0.6888504325615749,0.3380060879185343,0.6002222946294788
SSD,86.12829009110234,535.13,SA(3.0),-3.903390179577756,0.6899462135734672,0.33879042760100286,0.6010381217446145
STY,41.405707951930495,665.2,SA(3.0),-3.625885099317715,0.6901398340284252,0.33892895823000935,0.6011822949704214
TAI1,77.88051206740859,160.67,SA(3.0),-2.5148889144440014,0.6877426633030609,0.33721258456687137,0.5993977341773308
TAP,99.45326800656716,235.82,SA(3.0),-3.0874492019151294,0.688532254392961,0.3377782346838413,0.5999854410844658
TAP003,102.49615603578604,212.39,SA(3.0),-2.990028035326715,0.6884082094780962,0.33768939072489584,0.5998931057019133
TAP005,106.45776496285161,179.84,SA(3.0),-2.828971141855034,0.6882256638620998,0.3375586337543801,0.5997572285319321
TAP006,105.19861667361013,184.77,SA(3.0),-2.851801062283196,0.6882474611809486,0.3375742479589974,0.5997734530111671
TAP007,103.22929751249532,207.39,SA(3.0),-2.9680383861966213,0.6883819504623616,0.3376705824400911,0.5998735595747948
TAP008,103.88983230695109,194.14,SA(3.0),-2.8988791562737353,0.6882989644485875,0.33761114070014997,0.5998117889272779
TAP010,101.02607768818412,226.38,SA(3.0),-3.051788713819641,0.6884860682467591,0.33774515591274434,0.5999510611936252
TAP012,101.22135041662736,207.99,SA(3.0),-2.9593783044949453,0.6883666254838774,0.3376596056171499,0.599862152343796
TAP013,101.93097443003171,205.11,SA(3.0),-2.9482206583362167,0.688354186482158,0.33765069585020724,0.5998528933325106
TAP014,102.68862503887601,188.98,SA(3.0),-2.862194681460273,0.6882516969052029,0.3375772821344249,0.5997766058122193
TAP017,98.95262064237038,217.83,SA(3.0),-2.9968239649951434,0.6884101361861665,0.33769077073597914,0.5998945398681311
TAP020,100.10708960480885,218.5,SA(3.0),-3.007157782222275,0.6884257689785539,0.33770196770997307,0.5999061763297038
TAP021,100.64194987891956,167.18,SA(3.0),-2.714773354711881,0.6880763430288707,0.337451663737858,0.5996460860178574
TAP024,96.12094949935707,194.98,SA(3.0),-2.8569445610852244,0.6882256889635738,0.3375586517356011,0.5997572472157623
TAP026,97.04891677159061,194.28,SA(3.0),-2.8588364437959894,0.6882306328710023,0.3375621932544765,0.599760927126174
TAP028,95.95079486383781,287.94,SA(3.0),-3.2861828754691476,0.6888213815659733,0.3379852859730926,0.6002006682503302
TAP032,94.42845888739913,308.88,SA(3.0),-3.353915491278688,0.688929922306916,0.33806300443677034,0.6002814697131651
TAP034,91.89598828035317,538.69,SA(3.0),-3.950429186526478,0.6899890761563109,0.3388210962460218,0.6010700374778994
TAP035,89.039962013356,438.13,SA(3.0),-3.703470952664037,0.6895528637867281,0.3385089408385572,0.600745244616082
TAP036,87.5599551150271,671.52,SA(3.0),-4.163688953749089,0.6904209745347448,0.3391300756873712,0.6013916476322103
TAP041,111.82723819014045,363.56,SA(3.0),-3.635260052511679,0.6893428200194749,0.3383586003919171,0.6005888619123944
TAP042,106.68190483381903,375.85,SA(3.0),-3.643799851101371,0.6893710834326633,0.3383788313698856,0.6006099043088405
TAP043,91.48433103527901,388.16,SA(3.0),-3.5865970600151265,0.689330365715042,0.3383496854683227,0.60057958959685
TAP046,117.32193358845494,816.9,SA(3.0),-4.57350062292967,0.6908570677969819,0.3394419666821621,0.6017164110941212
TAP047,85.80907617073753,403.2,SA(3.0),-3.5891140169887796,0.6893634413405598,0.3383733611906056,0.6006042146817415
TAP049,108.6027661355923,573.04,SA(3.0),-4.1194252348737415,0.6901815807896041,0.3389588246741751,0.6012133811191652
TAP051,103.74251653105222,403.17,SA(3.0),-3.70436169150443,0.6894830721716612,0.33845898927924994,0.6006932822891735
TAP052,100.31096345926947,433.88,SA(3.0),-3.7650654361826543,0.6896028358122557,0.33854470561243,0.6007824510270735
TAP053,91.65600419476041,538.69,SA(3.0),-3.948833442689196,0.6899879125247858,0.33882026366648793,0.6010691710271647
TAP059,118.32453599408895,456.18,SA(3.0),-3.9193810264799804,0.6897893958915811,0.3386782154163794,0.6009213568237103
TAP060,120.15382017573265,631.27,SA(3.0),-4.286819839316788,0.6904008404462538,0.33911567375241436,0.6013766542727941
TAP065,121.46351678308714,1023.45,SA(3.0),-4.824484902201657,0.6912200598749885,0.33970150782216235,0.6019867579581233
TAP066,115.01873277372866,662.78,SA(3.0),-4.314304715190729,0.6904773152122587,0.3391703752158186,0.6014336034831191
TAP067,96.47463981057544,807.68,SA(3.0),-4.447758055986347,0.6908024685089518,0.33940292254956556,0.6016757487741009
TAP069,122.45755568413036,671.52,SA(3.0),-4.366367770862248,0.6905198143088646,0.33920077310439833,0.6014652520956861
TAP072,100.78864973474847,671.52,SA(3.0),-4.24935591577769,0.6904629880670343,0.3391601273947311,0.6014229342784055
TAP075,108.27200165265872,856.38,SA(3.0),-4.569559054315424,0.6909254950910524,0.3394908972838393,0.6017673723526639
TAP077,117.94442647334881,1022.77,SA(3.0),-4.812563617895578,0.6912176816447265,0.33969980757752893,0.6019849866484216
TAP078,118.90698625816037,671.52,SA(3.0),-4.3486627193068115,0.6905112702062969,0.33919466192119374,0.6014588893732311
TAP079,118.27326344912967,631.27,SA(3.0),-4.27733774989896,0.6903956425795632,0.33911195568170815,0.6013727835598941
TAP081,122.7494636646256,671.52,SA(3.0),-4.36780228156068,0.6905205056028398,0.33920126755202623,0.6014657668970864
TAP083,121.86621664827865,435.22,SA(3.0),-3.885195385935154,0.689719654200648,0.33862830742608185,0.6008694290779057
TAP084,122.81401514518838,224.22,SA(3.0),-3.1580846861312746,0.6886558000150667,0.3378667137207732,0.600077407218366
TAP086,93.25545980723025,887.68,SA(3.0),-4.505664618368266,0.6909678553837213,0.33952118693620054,0.6017989205665067
TAP087,103.15361263828753,573.04,SA(3.0),-4.088517144431011,0.6901612720707859,0.33894429552516303,0.6011982584782797
TAP090,104.64066341996687,324.38,SA(3.0),-3.4697930645159905,0.6890947838253272,0.338181039533314,0.6004042018469237
TAP094,108.94222775860766,416.34,SA(3.0),-3.7691681431859916,0.6895729829315711,0.33852334017077923,0.6007602241733083
TAP095,108.81195663904354,206.24,SA(3.0),-2.993347386847342,0.6884260575204489,0.3377021743767556,0.5999063911097796
TAP097,98.42016825129102,237.23,SA(3.0),-3.0877415710349627,0.6885316160345119,0.3377777774949759,0.5999849659030224
TAP098,107.08953823454839,538.69,SA(3.0),-4.042829435372652,0.6900562050432884,0.33886912594630214,0.6011200226237137
TAP100,99.46634920648815,236.32,SA(3.0),-3.0898534370859556,0.6885355801249554,0.3377806165519377,0.5999879166948295
TAP103,114.99244567347492,429.49,SA(3.0),-3.835819030014248,0.6896622933411409,0.33858725757649616,0.6008267203307368
TAW,123.14546871727185,481.92,SA(3.0),-4.003900799341723,0.6899111915813378,0.3387653683374756,0.6010120443754484
TCU,8.966003941063503,472.81,SA(3.0),-2.0701739367756584,0.6884487878987309,0.33771845477863993,0.5999233108166071
TCU003,85.87715173895934,517.33,SA(3.0),-3.8653875546001477,0.689875271374536,0.3387396657707765,0.6009852983955534
TCU006,72.13607981372333,607.4,SA(3.0),-3.9317230026907053,0.6901428500196353,0.33893111595638137,0.6011845407774444
TCU007,89.06974444890936,463.88,SA(3.0),-3.767075288316419,0.6896690459725787,0.33859209012541075,0.6008317480603306
TCU008,84.7584785592634,441.58,SA(3.0),-3.6825560841144207,0.6895407559930824,0.33850027516165526,0.6007362298804654
TCU009,81.06016716272919,460.1,SA(3.0),-3.7000510772787925,0.6896001235736673,0.3385427645048425,0.6007804316339173
TCU010,81.66395774542653,446.15,SA(3.0),-3.670885028172811,0.6895403242744071,0.33849996617471345,0.6007359084491057
TCU011,76.57844520726454,471.07,SA(3.0),-3.689519650421802,0.689617427298924,0.3385551484558146,0.600793315116312
TCU014,93.21256831945598,496.47,SA(3.0),-3.869829951486607,0.6898305757297428,0.3387076831184208,0.6009520185573719
TCU015,49.226738245658176,426.0,SA(3.0),-3.2747290091534835,0.6891062036120358,0.3381892152223087,0.6004127035330877
TCU017,53.6114321384972,558.76,SA(3.0),-3.6362535472294084,0.6898191067890653,0.3386994761896773,0.6009434789729414
TCU018,65.56957606032032,573.04,SA(3.0),-3.8049487159934756,0.6899732771860265,0.3388097920119942,0.6010582734374552
TCU025,54.44992612807512,665.2,SA(3.0),-3.838718352660432,0.6902440399538134,0.3390035076334372,0.6012598909822505
TCU026,55.62700868478751,569.98,SA(3.0),-3.6844369967654904,0.6898846993588296,0.3387464119881354,0.6009923183989851
TCU029,27.893894423621465,406.53,SA(3.0),-2.7607594445098975,0.6885473895789447,0.33778907436500366,0.59999670743731
TCU031,30.15523078028506,489.22,SA(3.0),-3.0302750759045556,0.6891333579739362,0.33820865540738465,0.6004329192174278
TCU033,40.407957354293515,423.4,SA(3.0),-3.1143337853077515,0.688943990684052,0.3380730774100183,0.6002919428329743
TCU034,35.21698353563212,393.77,SA(3.0),-2.9222656558782796,0.6886460471421665,0.33785972932094027,0.6000701471892366
TCU036,19.699612049739354,478.07,SA(3.0),-2.6452988144384606,0.6888091634309168,0.3379765370654986,0.6001915727662402
TCU038,25.342828155086934,297.86,SA(3.0),-2.3376750973288423,0.6876123042336937,0.3371191686771366,0.5993007150371223
TCU039,19.708438206066337,540.66,SA(3.0),-2.780345696111908,0.6892048071831639,0.3382598052107322,0.6004861117654426
TCU040,22.125103547818437,362.03,SA(3.0),-2.4371204556422548,0.6880328824557996,0.33742052757177116,0.5996137380961378
TCU042,25.987540319450044,578.98,SA(3.0),-3.088369797770813,0.6895487807993642,0.3385060186087896,0.600742204666457
TCU045,25.372624034032317,704.64,SA(3.0),-3.3221809056312646,0.690125783851967,0.33891890627515003,0.6011718327621046
TCU046,16.252239941167144,465.55,SA(3.0),-2.4617778246402784,0.6886228599460302,0.33784312391338617,0.6000528867230741
TCU047,34.3639015403997,520.37,SA(3.0),-3.208157798400645,0.6893884603482102,0.3383912695938221,0.6006228416601862
TCU048,15.724490368129416,551.21,SA(3.0),-2.6210488855450116,0.6891734434495509,0.3382373525142649,0.6004627619763379
TCU049,7.973343563390163,487.27,SA(3.0),-2.036796845693912,0.6885270701299028,0.33777452173706807,0.5999815820231176
TCU050,12.061398269660884,542.41,SA(3.0),-2.409273813744279,0.6890261252134251,0.3381318839371388,0.6003530880171667
TCU051,11.684106742389506,350.06,SA(3.0),-1.908924448342095,0.6875197652718207,0.33705284988259504,0.5992318449694077
TCU052,4.409004259240465,579.1,SA(3.0),-1.9555904624649993,0.6890749343903408,0.33816682871653964,0.6003894245911158
TCU053,8.360955408325248,454.55,SA(3.0),-1.9871668310636148,0.6882876965474971,0.33760306940325513,0.5998034017477396
TCU054,10.227617412004046,460.69,SA(3.0),-2.121940074054135,0.688396732392309,0.33768117018708527,0.5998845626197502
TCU055,9.165535239523313,359.13,SA(3.0),-1.7828640442342447,0.6874974281030627,0.3370368411525282,0.5992152212304451
TCU056,13.309665432524499,403.2,SA(3.0),-2.1544861635338117,0.6880472349335434,0.33743081012111137,0.5996244206840687
TCU057,14.550574484923569,555.23,SA(3.0),-2.569960987769141,0.6891695349992686,0.3382345544966925,0.6004598522095645
TCU059,17.77385436882762,272.67,SA(3.0),-1.9463597296375323,0.6870539615965744,0.33671896525593137,0.5988852015056992
TCU060,9.40150493354199,375.42,SA(3.0),-1.8465162997409421,0.6876566436978916,0.3371509434519741,0.5993337141787477
TCU061,17.668321986901795,379.64,SA(3.0),-2.3044576205965157,0.6880149404351127,0.33740767322621684,0.599600383847444
TCU063,10.256304917085805,476.14,SA(3.0),-2.159717405862871,0.6885143483348954,0.3377654103880341,0.599972112192249
TCU064,17.156230171822553,645.72,SA(3.0),-2.862543575280058,0.6897300567128954,0.3386357517350935,0.6008771744541326
TCU065,1.5301625387352142,305.85,SA(3.0),-1.0177125447573894,0.6866209826676346,0.3364085152082965,0.5985630165110585
TCU067,1.4845734764737275,433.63,SA(3.0),-1.3934169810573627,0.6878857965319541,0.33731514506601573,0.5995042635206974
TCU068,0.649001480476048,487.34,SA(3.0),-1.4360872528609492,0.6883117523772081,0.33762030073247656,0.5998213075524202
TCU070,20.340829249903962,401.26,SA(3.0),-2.479753288961244,0.6882794021406968,0.3375971280076658,0.599797227879665
TCU071,10.01426691522794,624.85,SA(3.0),-2.5051582781370523,0.6894697901446497,0.3384494827466169,0.6006833934367212
TCU072,12.748228787930415,468.14,SA(3.0),-2.25611562086528,0.6885159386812253,0.3377665493982414,0.5999732960104925
TCU074,22.222133630574767,549.43,SA(3.0),-2.8660149017791356,0.6892944094815239,0.338323947199628,0.6005528200697638
TCU075,2.71684542140007,573.02,SA(3.0),-1.8073220314902207,0.6889972469537561,0.33811120810144646,0.6003315894287385
TCU076,4.3340083071477284,614.98,SA(3.0),-2.020056008548534,0.6893028708890112,0.33833000411797304,0.6005591195955359
TCU078,17.667409336015933,443.04,SA(3.0),-2.442279723455369,0.6884831301838369,0.33774305162144425,0.5999488741794325
TCU079,21.222776888973897,363.99,SA(3.0),-2.376364454113216,0.6879879669358975,0.33738834809543355,0.5995803075635691
TCU081,54.870046821119146,430.47,SA(3.0),-3.3660598741245478,0.6892081909403284,0.3382622275497028,0.6004886309268088
TCU082,8.966003941063503,472.81,SA(3.0),-2.0701739367756584,0.6884487878987309,0.33771845477863993,0.5999233108166071
TCU083,79.97899565103198,354.63,SA(3.0),-3.4047898947514463,0.6890613525786522,0.3381571049744881,0.6003793134117753
TCU084,19.942894152069616,665.2,SA(3.0),-2.9852917037533158,0.6898606643124203,0.3387292135682762,0.6009744221187713
TCU085,57.92066683550797,999.66,SA(3.0),-4.32619800485719,0.6911382031478588,0.33964298527192577,0.6019257914444482
TCU087,7.308530515924621,538.69,SA(3.0),-2.1000965499843005,0.6888766662362831,0.338024872177084,0.600241823829764
TCU088,20.395798012081535,665.2,SA(3.0),-3.009751832771566,0.6898700646744772,0.3387359400856674,0.6009814215333503
TCU089,15.126942233893988,671.52,SA(3.0),-2.775812405102748,0.6898129153070944,0.33869504567161157,0.6009388689059625
TCU092,88.45294085502088,422.28,SA(3.0),-3.659562244025393,0.6894757170089577,0.3384537248752145,0.6006878061548353
TCU094,53.92101623044264,589.85,SA(3.0),-3.6997714492720895,0.6899526596689484,0.3387950399081915,0.6010429215271257
TCU095,44.56466924675996,446.63,SA(3.0),-3.2502732295907064,0.6891515735936183,0.3382216960257499,0.6004464803161275
TCU096,53.85469792017198,454.58,SA(3.0),-3.4125021833959437,0.6893243024089499,0.33834534526260474,0.6005750754324677
TCU098,47.1372515839405,346.56,SA(3.0),-3.0147933450159616,0.688582020404625,0.3378138762320495,0.6000224861199728
TCU100,13.491602319643608,535.13,SA(3.0),-2.473905208921469,0.6890162434857947,0.3381248090064988,0.6003457314927746
TCU101,2.7276625208825007,389.41,SA(3.0),-1.3880774699109593,0.6875255569611128,0.3370570006644347,0.5992361552658382
TCU102,1.9961663796457592,714.27,SA(3.0),-1.9828439504738298,0.6898273620073028,0.33870538345364565,0.600949625670466
TCU103,6.545253590327707,494.1,SA(3.0),-1.9512835416888659,0.6885353927859268,0.33778048238105796,0.5999877772432455
TCU104,13.599900519557263,410.45,SA(3.0),-2.1896238057839836,0.6881169433069304,0.33748074990332133,0.5996763052770763
TCU105,17.911571028764843,575.54,SA(3.0),-2.7709667663143334,0.6893676263500725,0.3383763568072926,0.6006073304692151
TCU106,15.67278608418154,451.37,SA(3.0),-2.39984311200867,0.6885025163108827,0.3377569362234505,0.5999633047106842
TCU107,16.73758483873565,409.0,SA(3.0),-2.34310854454722,0.688216651659105,0.3375521779222194,0.5997505204673325
TCU109,13.739015155167076,535.13,SA(3.0),-2.4871513470589384,0.6890226843818898,0.33812942044156935,0.6003505264632271
TCU110,12.337401625868438,212.72,SA(3.0),-1.400476113871017,0.686118523328036,0.33604813321993604,0.5981891675826643
TCU111,22.753679890361862,237.53,SA(3.0),-1.9978444563387348,0.6869375144622454,0.33663548045321245,0.5987985488255649
TCU112,28.530660346449324,190.54,SA(3.0),-1.9469159439565988,0.6867241827983002,0.3364825189232702,0.5986398063101419
TCU113,31.866925843887017,230.3,SA(3.0),-2.248908603748382,0.6872506259281874,0.3368599455553393,0.5990315516891737
TCU115,22.519806127058114,215.34,SA(3.0),-1.8814237555684499,0.6866989120675364,0.3364643980279221,0.5986210025504001
TCU116,15.552380292106827,493.09,SA(3.0),-2.490652414053438,0.6887938160173257,0.3379655473083141,0.6001801478025587
TCU117,26.02127503510998,198.58,SA(3.0),-1.9143138120996188,0.6866922439606507,0.3364596164736977,0.5986160408793654
TCU118,27.553377287252555,236.19,SA(3.0),-2.153718100296894,0.6871356269214415,0.33677750992210226,0.5989459730187613
TCU119,38.709117009183,221.7,SA(3.0),-2.3678849933674817,0.6874091190421923,0.3369735489559733,0.5991495007478342
TCU120,8.190427877741287,459.34,SA(3.0),-1.9871574221471568,0.6883198344333132,0.3376260898935465,0.599827323400242
TCU122,14.73072540652075,475.46,SA(3.0),-2.4095820059048805,0.6886471794325026,0.33786054019905465,0.600070990064296
TCU123,16.255745645165277,270.22,SA(3.0),-1.8660897761299264,0.686956407275102,0.33664902578095146,0.5988126075301455
TCU128,13.269189808642082,599.64,SA(3.0),-2.586297351134898,0.6894040752260525,0.33840244644607886,0.6006344671908177
TCU129,6.355595224258387,511.18,SA(3.0),-1.974487730917307,0.6886561573490835,0.3378669696202657,0.6000776732177461
TCU136,8.87050666409296,462.1,SA(3.0),-2.0389057763235026,0.688363515004652,0.33765737766034293,0.5998598370462056
TCU138,10.62709176562196,652.85,SA(3.0),-2.5271625896494596,0.6896462515424939,0.3385757771094001,0.6008147763007986
TCU140,33.698793168228846,223.6,SA(3.0),-2.2632750400115995,0.6872561498672375,0.33686390516298453,0.5990356624848662
TCU141,27.08308313875785,223.04,SA(3.0),-2.076096179967529,0.6869879367638916,0.33667163067339434,0.598836069687545
TCU145,36.03895088690123,240.43,SA(3.0),-2.3987610095426,0.6874886829800824,0.3370305735822489,0.5992087129677843
TCU147,72.40184826834715,537.92,SA(3.0),-3.7999742153234255,0.6898770282618011,0.33874092291897795,0.6009866065590255
TTN,83.21058040106071,298.72,SA(3.0),-3.2394516646595557,0.6887674151903536,0.33794664231721555,0.6001604945133601
TTN001,55.943705673847546,484.6,SA(3.0),-3.507773633361384,0.6894981610940975,0.33846978898486807,0.6007045164610308
TTN002,68.37147822691496,667.36,SA(3.0),-4.04873141231317,0.69032949341393,0.3390646376012167,0.6013235244071936
TTN003,95.02819768257147,506.64,SA(3.0),-3.903245312032596,0.689880353884116,0.33874330257824964,0.6009890827907388
TTN004,66.76657920094912,463.59,SA(3.0),-3.5817897667932863,0.689502594307257,0.33847296198060844,0.6007078171328483
TTN005,82.74873732730376,407.59,SA(3.0),-3.5785177641313775,0.6893618441918861,0.33837221795439554,0.6006030255870022
TTN006,81.1387708588908,283.21,SA(3.0),-3.1649264724781276,0.6886502163909322,0.3378627150826686,0.6000732507721412
TTN007,81.9983553609081,282.7,SA(3.0),-3.169571022570908,0.6886562049799777,0.33786700373042433,0.6000777086741771
TTN008,82.7187919705734,292.61,SA(3.0),-3.2130458650190863,0.6887251750001947,0.3379163944502749,0.6001290503223246
TTN009,83.68450130501424,313.96,SA(3.0),-3.297895130891572,0.6888630188489294,0.33801510019584713,0.6002316642574365
TTN010,83.81152591090317,311.34,SA(3.0),-3.289613218131864,0.6888488058403325,0.33800492311655606,0.6002210836488695
TTN012,81.57676615324058,288.3,SA(3.0),-3.1880061458874493,0.6886866779146933,0.3378888262485316,0.6001003927957106
TTN013,81.26976308172648,297.76,SA(3.0),-3.2212039547904427,0.6887417629659454,0.3379282730633286,0.6001413986035915
TTN014,63.02404599943716,533.97,SA(3.0),-3.698308686629683,0.6897914969456744,0.33867971892005955,0.6009229212226672
TTN015,83.21058040106071,487.91,SA(3.0),-3.7801950741669774,0.6897363954369009,0.338640287866085,0.6008818940725906
TTN016,123.14546871727185,826.15,SA(3.0),-4.609139362165111,0.690884297503441,0.33946143821069313,0.6017366903428368
TTN018,74.43304938901571,573.04,SA(3.0),-3.886684938320594,0.6900275627738006,0.3388486330981731,0.6010986950867977
TTN020,50.35796250220993,453.71,SA(3.0),-3.357861498321287,0.689272200116317,0.3383080489363949,0.6005362852301582
TTN022,53.02499720160041,398.81,SA(3.0),-3.2543142673940304,0.6890019769596527,0.338114594649405,0.6003351107001642
TTN023,54.09146602124198,527.54,SA(3.0),-3.5767019729287606,0.6896824974468807,0.3386017166646856,0.6008417634920983
TTN024,59.92050910835589,671.52,SA(3.0),-3.9155736252545,0.6902988504779946,0.33904271727481394,0.6013007058320747
TTN025,65.75784285873038,704.96,SA(3.0),-4.033129615769797,0.6904376153767857,0.33914197875478597,0.6014040397049812
TTN026,70.29054746653149,573.04,SA(3.0),-3.849373300291596,0.6900027698254897,0.33883089403196476,0.6010802339258439
TTN027,76.08977283968429,428.95,SA(3.0),-3.581866269612359,0.6894142015042336,0.33840969459416553,0.6006420063901655
TTN028,78.48198120220177,616.17,SA(3.0),-4.00047202440392,0.6902052425251429,0.33897575237322436,0.6012310006247165
TTN031,55.63093116970684,510.62,SA(3.0),-3.561218327452292,0.6896196383495795,0.3385567308529658,0.6007949613566655
TTN032,57.234125398309374,734.26,SA(3.0),-3.981493212603403,0.6904881416418619,0.339178119004973,0.6014416657800491
TTN033,58.96031847975615,670.8,SA(3.0),-3.9030176556655913,0.690290812289959,0.3390369671091247,0.6012947201376192
TTN036,79.85049273122117,538.69,SA(3.0),-3.8633715739503955,0.6899254590483599,0.33877557719918994,0.601022667905667
TTN040,47.98883144575936,728.01,SA(3.0),-3.841464338322946,0.6904163504311506,0.3391267680780929,0.6013882041706311
TTN041,45.1590519289211,418.24,SA(3.0),-3.184781128891167,0.6889934830708345,0.3381085132620815,0.6003287873938623
TTN042,64.91469915710697,845.34,SA(3.0),-4.227732779833906,0.6908208605712102,0.33941607493148357,0.6016894460421031
TTN044,58.77993734254324,419.63,SA(3.0),-3.384516282864635,0.6891948621558335,0.33825268580679035,0.6004787078377476
TTN045,61.00750348291904,539.98,SA(3.0),-3.6881268564948604,0.6898009481085493,0.33868648209849334,0.6009299583605401
TTN046,65.63785661871987,528.12,SA(3.0),-3.713841178975059,0.6897869335538556,0.33867645337729346,0.6009195234217384
TTN047,73.91058687727796,573.04,SA(3.0),-3.8821351208660593,0.6900245390397561,0.33884646966722287,0.6010964435688234
TTN048,79.66111305108983,373.54,SA(3.0),-3.458572945608709,0.6891603205843538,0.33822795796723054,0.6004529922627138
TTN050,89.29934402229367,573.04,SA(3.0),-4.001043209130901,0.6901034904083686,0.3389029566260547,0.6011552324183262
TTN051,36.67924057370646,665.2,SA(3.0),-3.526137489080382,0.6900924589305777,0.3388950641647672,0.6011470180892603
WGK,10.40266620061039,258.89,SA(3.0),-1.5025496193539993,0.6865373356806987,0.3363485290604909,0.5985007771777716
WNT,6.355595224258387,511.18,SA(3.0),-1.974487730917307,0.6886561573490835,0.3378669696202657,0.6000776732177461
WTC,43.046970143373564,207.69,SA(3.0),-2.3806120643123156,0.6874168167621821,0.33697906615659023,0.599155229418624
