{
"type": "FeatureCollection",
"name": "convergent_boundary",
"crs": { "type": "name", "properties": { "name": "urn:ogc:def:crs:OGC:1.3:CRS84" } },
"features": [
{ "type": "Feature", "properties": { "Name": "North American:Pacific", "Description": "<html xmlns:fo=\"http://www.w3.org/1999/XSL/Format\" xmlns:msxsl=\"urn:schemas-microsoft-com:xslt\">\n<head>\n<META http-equiv=\"Content-Type\" content=\"text/html\">\n<meta http-equiv=\"content-type\" content=\"text/html; charset=UTF-8\">\n</head>\n<body style=\"margin:0px 0px 0px 0px;overflow:auto;background:#FFFFFF;\">\n<table style=\"font-family:Arial,Verdana,Times;font-size:12px;text-align:left;width:100%;border-collapse:collapse;padding:3px 3px 3px 3px\">\n<tr style=\"text-align:center;font-weight:bold;background:#9CBCE2\">\n<td>North American:Pacific</td>\n</tr>\n<tr>\n<td>\n<table style=\"font-family:Arial,Verdana,Times;font-size:12px;text-align:left;width:100%;border-spacing:0px; padding:3px 3px 3px 3px\">\n<tr>\n<td>NAME</td>\n<td>North American:Pacific</td>\n</tr>\n<tr bgcolor=\"#D4E4F3\">\n<td>LABEL</td>\n<td>Convergent Boundary</td>\n</tr>\n</table>\n</td>\n</tr>\n</table>\n</body>\n</html>", "LABEL": "Convergent Boundary" }, "geometry": { "type": "MultiLineString", "coordinates": [ [ [ 165.780511842947305, 54.649324544092508, 0.0 ], [ 165.40695167897681, 54.80454916780991, 0.0 ], [ 164.870557597055495, 54.981218272305462, 0.0 ], [ 164.065994262325404, 55.208999633925998, 0.0 ] ] ] } },
{ "type": "Feature", "properties": { "Name": "North American:Pacific", "Description": "<html xmlns:fo=\"http://www.w3.org/1999/XSL/Format\" xmlns:msxsl=\"urn:schemas-microsoft-com:xslt\">\n<head>\n<META http-equiv=\"Content-Type\" content=\"text/html\">\n<meta http-equiv=\"content-type\" content=\"text/html; charset=UTF-8\">\n</head>\n<body style=\"margin:0px 0px 0px 0px;overflow:auto;background:#FFFFFF;\">\n<table style=\"font-family:Arial,Verdana,Times;font-size:12px;text-align:left;width:100%;border-collapse:collapse;padding:3px 3px 3px 3px\">\n<tr style=\"text-align:center;font-weight:bold;background:#9CBCE2\">\n<td>North American:Pacific</td>\n</tr>\n<tr>\n<td>\n<table style=\"font-family:Arial,Verdana,Times;font-size:12px;text-align:left;width:100%;border-spacing:0px; padding:3px 3px 3px 3px\">\n<tr>\n<td>NAME</td>\n<td>North American:Pacific</td>\n</tr>\n<tr bgcolor=\"#D4E4F3\">\n<td>LABEL</td>\n<td>Convergent Boundary</td>\n</tr>\n</table>\n</td>\n</tr>\n</table>\n</body>\n</html>", "LABEL": "Convergent Boundary" }, "geometry": { "type": "MultiLineString", "coordinates": [ [ [ 168.155971349498287, 53.574464106633293, 0.0 ], [ 167.418429486631595, 53.920789596562713, 0.0 ], [ 166.508475240739813, 54.320285758680882, 0.0 ] ] ] } },
{ "type": "Feature", "properties": { "Name": "North American:Pacific", "Description": "<html xmlns:fo=\"http://www.w3.org/1999/XSL/Format\" xmlns:msxsl=\"urn:schemas-microsoft-com:xslt\">\n<head>\n<META http-equiv=\"Content-Type\" content=\"text/html\">\n<meta http-equiv=\"content-type\" content=\"text/html; charset=UTF-8\">\n</head>\n<body style=\"margin:0px 0px 0px 0px;overflow:auto;background:#FFFFFF;\">\n<table style=\"font-family:Arial,Verdana,Times;font-size:12px;text-align:left;width:100%;border-collapse:collapse;padding:3px 3px 3px 3px\">\n<tr style=\"text-align:center;font-weight:bold;background:#9CBCE2\">\n<td>North American:Pacific</td>\n</tr>\n<tr>\n<td>\n<table style=\"font-family:Arial,Verdana,Times;font-size:12px;text-align:left;width:100%;border-spacing:0px; padding:3px 3px 3px 3px\">\n<tr>\n<td>NAME</td>\n<td>North American:Pacific</td>\n</tr>\n<tr bgcolor=\"#D4E4F3\">\n<td>LABEL</td>\n<td>Convergent Boundary</td>\n</tr>\n</table>\n</td>\n</tr>\n</table>\n</body>\n</html>", "LABEL": "Convergent Boundary" }, "geometry": { "type": "MultiLineString", "coordinates": [ [ [ 180.000000000099988, 50.399216484653103, 0.0 ], [ 179.975798086412595, 50.400484844400133, 0.0 ] ], [ [ 180.000000000099988, 50.4168236949576, 0.0 ], [ 179.966219620439205, 50.418847866535877, 0.0 ] ], [ [ 180.000000000099988, 50.424894861208941, 0.0 ], [ 179.985376552385986, 50.424967283613292, 0.0 ] ], [ [ -145.580039072645093, 59.228893906628571, 0.0 ], [ -145.790765318664512, 59.101018035054317, 0.0 ], [ -146.145168551587403, 58.858714495677482, 0.0 ], [ -146.406193399405794, 58.644141810596132, 0.0 ], [ -146.739033428449886, 58.348820900164469, 0.0 ], [ -147.03596586643161, 58.096139089947087, 0.0 ], [ -147.419104496375411, 57.841647664807972, 0.0 ], [ -147.802243127218503, 57.595625953974661, 0.0 ], [ -148.175803291188913, 57.373803250219851, 0.0 ], [ -148.750511236104586, 57.114165735260542, 0.0 ], [ -149.152806797995311, 56.947032672120201, 0.0 ], [ -149.602994687954492, 56.784401975770614, 0.0 ], [ -150.080993652634902, 56.623001098721772, 0.0 ], [ -150.546997070458389, 56.499000549735626, 0.0 ], [ -151.21800231925161, 56.308998108276107, 0.0 ], [ -152.007189591526412, 56.024970461417702, 0.0 ], [ -152.428642084464599, 55.852938522195082, 0.0 ], [ -153.233233207346586, 55.512003886070552, 0.0 ], [ -154.009088933207693, 55.195482768714839, 0.0 ], [ -154.532572727349503, 54.994521877682587, 0.0 ], [ -154.853975100370604, 54.838960143096187, 0.0 ], [ -155.274489843231692, 54.601602691511061, 0.0 ], [ -155.592454321209914, 54.49377619771343, 0.0 ], [ -156.07823338476291, 54.37019511771058, 0.0 ], [ -156.873144580158197, 54.23071844679896, 0.0 ], [ -157.936259891480802, 54.028076283094038, 0.0 ], [ -159.229352768215705, 53.767851762648782, 0.0 ], [ -159.928580768088011, 53.631435421707408, 0.0 ], [ -160.800221150985294, 53.517415558681137, 0.0 ], [ -161.595233808793211, 53.391636648912247, 0.0 ], [ -162.332775671659903, 53.231012602649571, 0.0 ], [ -163.099052931547504, 53.058240913487403, 0.0 ], [ -163.779123999473001, 52.884770211875832, 0.0 ], [ -164.392145807383088, 52.693143573217412, 0.0 ], [ -165.139266136223199, 52.500667946668443, 0.0 ], [ -165.943857259105187, 52.289724358792171, 0.0 ], [ -166.796340710955008, 52.101367444651892, 0.0 ], [ -167.878707340771086, 51.83513179719472, 0.0 ], [ -168.817396984583212, 51.597141837126117, 0.0 ], [ -169.277163340515699, 51.465710361843783, 0.0 ], [ -170.014705203382391, 51.273855913219847, 0.0 ], [ -170.800139395216888, 51.129434414466687, 0.0 ], [ -171.63346591601919, 51.008735275812398, 0.0 ], [ -172.409321641880211, 50.905892101739141, 0.0 ], [ -173.156441969821003, 50.814958025392627, 0.0 ], [ -174.04723928466521, 50.711683794571513, 0.0 ], [ -174.803938079478797, 50.638646316874087, 0.0 ], [ -175.484009147404208, 50.589891171140657, 0.0 ], [ -176.106609421287686, 50.504447379443043, 0.0 ], [ -176.911200544169787, 50.44943700371482, 0.0 ], [ -177.351809969054813, 50.406606647378908, 0.0 ], [ -178.012724105932705, 50.382114667258122, 0.0 ], [ -178.520382790833111, 50.369863906294313, 0.0 ], [ -178.999306077813202, 50.369863906294313, 0.0 ], [ -179.439915502698312, 50.369863906294313, 0.0 ], [ -179.999999999900012, 50.399216484653103, 0.0 ] ] ] } },
{ "type": "Feature", "properties": { "Name": "North American:Pacific", "Description": "<html xmlns:fo=\"http://www.w3.org/1999/XSL/Format\" xmlns:msxsl=\"urn:schemas-microsoft-com:xslt\">\n<head>\n<META http-equiv=\"Content-Type\" content=\"text/html\">\n<meta http-equiv=\"content-type\" content=\"text/html; charset=UTF-8\">\n</head>\n<body style=\"margin:0px 0px 0px 0px;overflow:auto;background:#FFFFFF;\">\n<table style=\"font-family:Arial,Verdana,Times;font-size:12px;text-align:left;width:100%;border-collapse:collapse;padding:3px 3px 3px 3px\">\n<tr style=\"text-align:center;font-weight:bold;background:#9CBCE2\">\n<td>North American:Pacific</td>\n</tr>\n<tr>\n<td>\n<table style=\"font-family:Arial,Verdana,Times;font-size:12px;text-align:left;width:100%;border-spacing:0px; padding:3px 3px 3px 3px\">\n<tr>\n<td>NAME</td>\n<td>North American:Pacific</td>\n</tr>\n<tr bgcolor=\"#D4E4F3\">\n<td>LABEL</td>\n<td>Convergent Boundary</td>\n</tr>\n</table>\n</td>\n</tr>\n</table>\n</body>\n</html>", "LABEL": "Convergent Boundary" }, "geometry": { "type": "MultiLineString", "coordinates": [ [ [ 179.994955017460086, 50.400484844400133, 0.0 ], [ 179.46813940151219, 50.424967283613292, 0.0 ], [ 178.759332935666492, 50.486117739242331, 0.0 ], [ 178.27083118271301, 50.534980890855479, 0.0 ], [ 177.696123237797195, 50.63255470143838, 0.0 ], [ 177.245935346938694, 50.705601702056981, 0.0 ], [ 176.671227402023106, 50.827092870939282, 0.0 ], [ 175.962420937076701, 50.948267004518698, 0.0 ], [ 175.349399128267208, 51.087225709099243, 0.0 ], [ 174.975838964296798, 51.165582467157208, 0.0 ], [ 174.228718635456687, 51.339897035020222, 0.0 ], [ 172.964004516994891, 51.683998107626621, 0.0 ], [ 171.862837594879096, 52.06005739133559, 0.0 ], [ 170.69999694840061, 52.498001098871669, 0.0 ], [ 169.77473206123571, 52.884770211875832, 0.0 ], [ 168.874356280418112, 53.253996082453277, 0.0 ] ], [ [ -179.995466516566495, 50.41272765445774, 0.0 ], [ -179.999999999900012, 50.412930891347628, 0.0 ] ] ] } },
{ "type": "Feature", "properties": { "Name": "North America:Juan de Fuca", "Description": "<html xmlns:fo=\"http://www.w3.org/1999/XSL/Format\" xmlns:msxsl=\"urn:schemas-microsoft-com:xslt\">\n<head>\n<META http-equiv=\"Content-Type\" content=\"text/html\">\n<meta http-equiv=\"content-type\" content=\"text/html; charset=UTF-8\">\n</head>\n<body style=\"margin:0px 0px 0px 0px;overflow:auto;background:#FFFFFF;\">\n<table style=\"font-family:Arial,Verdana,Times;font-size:12px;text-align:left;width:100%;border-collapse:collapse;padding:3px 3px 3px 3px\">\n<tr style=\"text-align:center;font-weight:bold;background:#9CBCE2\">\n<td>North America:Juan de Fuca</td>\n</tr>\n<tr>\n<td>\n<table style=\"font-family:Arial,Verdana,Times;font-size:12px;text-align:left;width:100%;border-spacing:0px; padding:3px 3px 3px 3px\">\n<tr>\n<td>NAME</td>\n<td>North America:Juan de Fuca</td>\n</tr>\n<tr bgcolor=\"#D4E4F3\">\n<td>LABEL</td>\n<td>Convergent Boundary</td>\n</tr>\n</table>\n</td>\n</tr>\n</table>\n</body>\n</html>", "LABEL": "Convergent Boundary" }, "geometry": { "type": "MultiLineString", "coordinates": [ [ [ -124.7843861357115, 40.375345118782263, 0.0 ], [ -124.953002930041194, 40.6329994199873, 0.0 ], [ -124.932998656862495, 40.88399887115105, 0.0 ], [ -125.088996887296503, 41.13499832141548, 0.0 ], [ -125.181999206498205, 41.380001067994947, 0.0 ], [ -125.308998107776404, 41.652000427277933, 0.0 ], [ -125.280998230284098, 41.81800079340195, 0.0 ], [ -125.313003539781505, 41.986000061054028, 0.0 ], [ -125.331001281583795, 42.141998290588667, 0.0 ], [ -125.290000915210001, 42.284999847065372, 0.0 ], [ -125.208999634125803, 42.359001159675813, 0.0 ], [ -125.197998046772398, 42.492000579563133, 0.0 ], [ -125.267997741402596, 42.56100082432863, 0.0 ], [ -125.289001464446002, 42.861999511868021, 0.0 ], [ -125.289001464446002, 43.050998687639378, 0.0 ], [ -125.343002319701299, 43.143001556077017, 0.0 ], [ -125.393997192816201, 43.266998291038362, 0.0 ], [ -125.4739990231364, 43.425998687789267, 0.0 ], [ -125.480003356669599, 43.736999511917993, 0.0 ], [ -125.449996947800898, 43.924999236925323, 0.0 ], [ -125.429000854605704, 44.001998900928577, 0.0 ], [ -125.361999511368296, 44.066001891873839, 0.0 ], [ -125.372001647957603, 44.323001861646667, 0.0 ], [ -125.372001647957603, 44.522998809847252, 0.0 ], [ -125.375999451013797, 44.666999817087969, 0.0 ], [ -125.433998107526605, 44.724998474500069, 0.0 ], [ -125.436996459818701, 44.881000518958842, 0.0 ], [ -125.434997558290704, 45.104000091730882, 0.0 ], [ -125.516998291038306, 45.473999023136457, 0.0 ], [ -125.654998779669896, 45.945999145544192, 0.0 ], [ -125.773002624071793, 46.294998168830489, 0.0 ], [ -125.875999450913895, 46.643001556276829, 0.0 ], [ -125.998001098372001, 46.970001220679819, 0.0 ], [ -126.084999084040504, 47.349998473750588, 0.0 ], [ -126.370002746229702, 47.748001098471953, 0.0 ], [ -126.4860000610539, 47.995998382419486, 0.0 ], [ -126.733001709161499, 48.29100036627392, 0.0 ], [ -127.017997741502498, 48.564998627084996, 0.0 ], [ -127.3779983521422, 48.749999999800202, 0.0 ], [ -127.608001709211507, 48.87699890107848, 0.0 ], [ -127.818000793102101, 49.080001831419452, 0.0 ], [ -127.851997375178698, 49.491001129198821, 0.0 ], [ -128.029006957604992, 49.780998230284133, 0.0 ], [ -128.283004761060909, 49.884998321915077, 0.0 ], [ -128.41400146449601, 50.08599853490449, 0.0 ], [ -128.718994141066702, 50.310001373364742, 0.0 ], [ -129.009994506940899, 50.479000091780847, 0.0 ], [ -129.460006713438986, 50.646999359432932, 0.0 ], [ -129.738006592230391, 50.835998535204283, 0.0 ], [ -129.981994629248703, 51.101001739139008, 0.0 ], [ -130.212005615266889, 51.277999877692253, 0.0 ], [ -130.548004150571103, 51.397998809597432, 0.0 ], [ -130.850006103798592, 51.611999511468362, 0.0 ] ] ] } },
{ "type": "Feature", "properties": { "Name": "Eurasian:African", "Description": "<html xmlns:fo=\"http://www.w3.org/1999/XSL/Format\" xmlns:msxsl=\"urn:schemas-microsoft-com:xslt\">\n<head>\n<META http-equiv=\"Content-Type\" content=\"text/html\">\n<meta http-equiv=\"content-type\" content=\"text/html; charset=UTF-8\">\n</head>\n<body style=\"margin:0px 0px 0px 0px;overflow:auto;background:#FFFFFF;\">\n<table style=\"font-family:Arial,Verdana,Times;font-size:12px;text-align:left;width:100%;border-collapse:collapse;padding:3px 3px 3px 3px\">\n<tr style=\"text-align:center;font-weight:bold;background:#9CBCE2\">\n<td>Eurasian:African</td>\n</tr>\n<tr>\n<td>\n<table style=\"font-family:Arial,Verdana,Times;font-size:12px;text-align:left;width:100%;border-spacing:0px; padding:3px 3px 3px 3px\">\n<tr>\n<td>NAME</td>\n<td>Eurasian:African</td>\n</tr>\n<tr bgcolor=\"#D4E4F3\">\n<td>LABEL</td>\n<td>Convergent Boundary</td>\n</tr>\n</table>\n</td>\n</tr>\n</table>\n</body>\n</html>", "LABEL": "Convergent Boundary" }, "geometry": { "type": "MultiLineString", "coordinates": [ [ [ 32.789569567781371, 34.329291608720837, 0.0 ], [ 32.172000884733109, 34.48699951151832, 0.0 ], [ 31.739999771372428, 34.633998871051119, 0.0 ], [ 31.256000519208669, 34.826000214038693, 0.0 ], [ 30.7929992677021, 34.991001129398683, 0.0 ], [ 30.221000671643711, 35.153999328306377, 0.0 ], [ 29.731000899971612, 35.42699813835344, 0.0 ] ] ] } },
{ "type": "Feature", "properties": { "Name": "North American:Pacific", "Description": "<html xmlns:fo=\"http://www.w3.org/1999/XSL/Format\" xmlns:msxsl=\"urn:schemas-microsoft-com:xslt\">\n<head>\n<META http-equiv=\"Content-Type\" content=\"text/html\">\n<meta http-equiv=\"content-type\" content=\"text/html; charset=UTF-8\">\n</head>\n<body style=\"margin:0px 0px 0px 0px;overflow:auto;background:#FFFFFF;\">\n<table style=\"font-family:Arial,Verdana,Times;font-size:12px;text-align:left;width:100%;border-collapse:collapse;padding:3px 3px 3px 3px\">\n<tr style=\"text-align:center;font-weight:bold;background:#9CBCE2\">\n<td>North American:Pacific</td>\n</tr>\n<tr>\n<td>\n<table style=\"font-family:Arial,Verdana,Times;font-size:12px;text-align:left;width:100%;border-spacing:0px; padding:3px 3px 3px 3px\">\n<tr>\n<td>NAME</td>\n<td>North American:Pacific</td>\n</tr>\n<tr bgcolor=\"#D4E4F3\">\n<td>LABEL</td>\n<td>Convergent Boundary</td>\n</tr>\n</table>\n</td>\n</tr>\n</table>\n</body>\n</html>", "LABEL": "Convergent Boundary" }, "geometry": { "type": "MultiLineString", "coordinates": [ [ [ 164.065994262325404, 55.208999633925998, 0.0 ], [ 163.741387002308301, 54.773676772065407, 0.0 ], [ 163.448825633696089, 54.315795237760092, 0.0 ], [ 163.020201781287312, 53.724963687824022, 0.0 ], [ 162.490264196735296, 53.144720457982828, 0.0 ], [ 162.227494574215314, 52.830513219809291, 0.0 ], [ 161.879867802157406, 52.513889862127492, 0.0 ], [ 161.453225327986587, 52.105375821936661, 0.0 ], [ 160.744894619690996, 51.538687667701772, 0.0 ], [ 159.936573158424608, 50.797017969703582, 0.0 ], [ 159.447038801199795, 50.366325781809451, 0.0 ], [ 159.037610066851101, 49.983347393067788, 0.0 ], [ 158.726088203407897, 49.764762715427032, 0.0 ], [ 158.281056969403693, 49.429213508396742, 0.0 ], [ 157.675814491445607, 49.091340156423144, 0.0 ], [ 157.024002075535492, 48.659000397050761, 0.0 ], [ 156.352996825842894, 48.182998657562052, 0.0 ], [ 155.742004394787102, 47.724998473900477, 0.0 ], [ 155.141006469573, 47.263000488082128, 0.0 ], [ 154.664001464396193, 46.853000641066792, 0.0 ], [ 154.195007324128795, 46.439998626835227, 0.0 ], [ 153.527999877492505, 45.896999359033259, 0.0 ], [ 152.972961085086098, 45.492990529289557, 0.0 ], [ 152.2999064342346, 45.11519521049064, 0.0 ], [ 151.419006347365098, 44.70399856548147, 0.0 ], [ 150.876998901378187, 44.446998596608012, 0.0 ], [ 150.339004516345398, 44.187000274543102, 0.0 ], [ 149.32364653316111, 43.656282107233487, 0.0 ], [ 148.480909231276087, 43.105478541601492, 0.0 ], [ 147.564592263022604, 42.546168184414228, 0.0 ], [ 146.981481464797895, 42.212962014385482, 0.0 ], [ 146.451921658457906, 41.969007496898541, 0.0 ], [ 145.876021695444905, 41.734655148816103, 0.0 ], [ 145.501215198822507, 41.553201209468277, 0.0 ], [ 145.096662155134396, 41.294406247750203, 0.0 ], [ 144.738824718885809, 40.985620778476182, 0.0 ], [ 144.592866314728695, 40.783499197230242, 0.0 ], [ 144.479003905905614, 40.548999786610921, 0.0 ], [ 144.3990020755854, 40.367000580212682, 0.0 ], [ 144.328002929291898, 40.202999114717443, 0.0 ], [ 144.283004760761202, 40.067001342537992, 0.0 ], [ 144.2539978026565, 39.928001404041602, 0.0 ], [ 144.225006103349102, 39.766998290838501, 0.0 ], [ 144.235992431905288, 39.556999206947921, 0.0 ], [ 144.203002929541611, 39.374000548886272, 0.0 ], [ 144.161129237824213, 39.130804938696997, 0.0 ], [ 144.131378686976888, 38.898750641728782, 0.0 ], [ 144.080849492709888, 38.688404576010441, 0.0 ], [ 144.042064569324509, 38.513059959749398, 0.0 ], [ 144.015370988580287, 38.344816595409611, 0.0 ], [ 143.988831339394892, 38.17646256949206, 0.0 ], [ 143.946925271184313, 37.940782902109277, 0.0 ], [ 143.843002318901995, 37.709999084590152, 0.0 ], [ 143.74299621540311, 37.479000091680923, 0.0 ], [ 143.636993408219297, 37.290000915909623, 0.0 ], [ 143.518005370951187, 37.058998108076253, 0.0 ], [ 143.408004760711208, 36.860000610639702, 0.0 ], [ 143.262662599899187, 36.673409433498591, 0.0 ], [ 143.137710285801091, 36.54250700869153, 0.0 ], [ 143.000857752083704, 36.393754254455303, 0.0 ], [ 142.886993407919505, 36.263999939245878, 0.0 ], [ 142.780703674734809, 36.155749846778072, 0.0 ], [ 142.680999756033998, 36.063999176121122, 0.0 ], [ 142.606002807583508, 36.000999450864022, 0.0 ], [ 142.530799047438109, 35.85824433830561, 0.0 ], [ 142.447497504706092, 35.685691143031882, 0.0 ], [ 142.32499694845049, 35.502998352492, 0.0 ], [ 142.220993041895412, 35.333000183311867, 0.0 ], [ 142.169998168780609, 35.216999053563541, 0.0 ], [ 142.090490893639895, 35.049029352922332, 0.0 ], [ 142.029006957705008, 34.888999939295793, 0.0 ], [ 141.992004394387294, 34.666000366523747, 0.0 ], [ 141.882995605063201, 34.213001251606563, 0.0 ] ] ] } },
{ "type": "Feature", "properties": { "Name": "Eurasian:African", "Description": "<html xmlns:fo=\"http://www.w3.org/1999/XSL/Format\" xmlns:msxsl=\"urn:schemas-microsoft-com:xslt\">\n<head>\n<META http-equiv=\"Content-Type\" content=\"text/html\">\n<meta http-equiv=\"content-type\" content=\"text/html; charset=UTF-8\">\n</head>\n<body style=\"margin:0px 0px 0px 0px;overflow:auto;background:#FFFFFF;\">\n<table style=\"font-family:Arial,Verdana,Times;font-size:12px;text-align:left;width:100%;border-collapse:collapse;padding:3px 3px 3px 3px\">\n<tr style=\"text-align:center;font-weight:bold;background:#9CBCE2\">\n<td>Eurasian:African</td>\n</tr>\n<tr>\n<td>\n<table style=\"font-family:Arial,Verdana,Times;font-size:12px;text-align:left;width:100%;border-spacing:0px; padding:3px 3px 3px 3px\">\n<tr>\n<td>NAME</td>\n<td>Eurasian:African</td>\n</tr>\n<tr bgcolor=\"#D4E4F3\">\n<td>LABEL</td>\n<td>Convergent Boundary</td>\n</tr>\n</table>\n</td>\n</tr>\n</table>\n</body>\n</html>", "LABEL": "Convergent Boundary" }, "geometry": { "type": "MultiLineString", "coordinates": [ [ [ 26.168371138517269, 33.996032900298189, 0.0 ], [ 25.06191460557466, 33.75261246229536, 0.0 ], [ 23.807510732334489, 33.799232277547617, 0.0 ], [ 22.827979086465749, 34.021620404857863, 0.0 ], [ 21.506331371395731, 34.302324344492952, 0.0 ], [ 20.18468365722504, 34.816948232774791, 0.0 ], [ 19.35426783539236, 35.670756048752708, 0.0 ], [ 19.0969558917011, 36.676611832070421, 0.0 ], [ 18.92151592931674, 37.44854766584217, 0.0 ] ] ] } },
{ "type": "Feature", "properties": { "Name": "Eurasian:Philippine", "Description": "<html xmlns:fo=\"http://www.w3.org/1999/XSL/Format\" xmlns:msxsl=\"urn:schemas-microsoft-com:xslt\">\n<head>\n<META http-equiv=\"Content-Type\" content=\"text/html\">\n<meta http-equiv=\"content-type\" content=\"text/html; charset=UTF-8\">\n</head>\n<body style=\"margin:0px 0px 0px 0px;overflow:auto;background:#FFFFFF;\">\n<table style=\"font-family:Arial,Verdana,Times;font-size:12px;text-align:left;width:100%;border-collapse:collapse;padding:3px 3px 3px 3px\">\n<tr style=\"text-align:center;font-weight:bold;background:#9CBCE2\">\n<td>Eurasian:Philippine</td>\n</tr>\n<tr>\n<td>\n<table style=\"font-family:Arial,Verdana,Times;font-size:12px;text-align:left;width:100%;border-spacing:0px; padding:3px 3px 3px 3px\">\n<tr>\n<td>NAME</td>\n<td>Eurasian:Philippine</td>\n</tr>\n<tr bgcolor=\"#D4E4F3\">\n<td>LABEL</td>\n<td>Convergent Boundary</td>\n</tr>\n</table>\n</td>\n</tr>\n</table>\n</body>\n</html>", "LABEL": "Convergent Boundary" }, "geometry": { "type": "MultiLineString", "coordinates": [ [ [ 138.673995971636799, 35.034000396401211, 0.0 ], [ 138.507995605512889, 34.582000732248048, 0.0 ], [ 138.382995605762602, 34.058998107776517, 0.0 ], [ 138.065994263024891, 33.750000000099988, 0.0 ], [ 137.546005248743313, 33.404998778970537, 0.0 ], [ 137.029998779620087, 33.053001403392102, 0.0 ], [ 136.524002075135712, 32.86800003067691, 0.0 ], [ 136.0249938961515, 32.686000824278672, 0.0 ], [ 135.61199951176809, 32.536998749192954, 0.0 ], [ 135.356002807683495, 32.459999084290359, 0.0 ], [ 135.026000976963587, 32.32600021363902, 0.0 ], [ 134.690994262575288, 32.200000763124763, 0.0 ], [ 134.042007446386606, 31.881999969622939, 0.0 ], [ 133.500000000399694, 31.514999389610178, 0.0 ], [ 133.197006225357086, 31.215999603598899, 0.0 ], [ 132.964996337810788, 30.969999313717381, 0.0 ], [ 132.824005126735301, 30.75399971031845, 0.0 ] ] ] } },
{ "type": "Feature", "properties": { "Name": "Pacific:Philippine", "Description": "<html xmlns:fo=\"http://www.w3.org/1999/XSL/Format\" xmlns:msxsl=\"urn:schemas-microsoft-com:xslt\">\n<head>\n<META http-equiv=\"Content-Type\" content=\"text/html\">\n<meta http-equiv=\"content-type\" content=\"text/html; charset=UTF-8\">\n</head>\n<body style=\"margin:0px 0px 0px 0px;overflow:auto;background:#FFFFFF;\">\n<table style=\"font-family:Arial,Verdana,Times;font-size:12px;text-align:left;width:100%;border-collapse:collapse;padding:3px 3px 3px 3px\">\n<tr style=\"text-align:center;font-weight:bold;background:#9CBCE2\">\n<td>Pacific:Philippine</td>\n</tr>\n<tr>\n<td>\n<table style=\"font-family:Arial,Verdana,Times;font-size:12px;text-align:left;width:100%;border-spacing:0px; padding:3px 3px 3px 3px\">\n<tr>\n<td>NAME</td>\n<td>Pacific:Philippine</td>\n</tr>\n<tr bgcolor=\"#D4E4F3\">\n<td>LABEL</td>\n<td>Convergent Boundary</td>\n</tr>\n</table>\n</td>\n</tr>\n</table>\n</body>\n</html>", "LABEL": "Convergent Boundary" }, "geometry": { "type": "MultiLineString", "coordinates": [ [ [ 141.882995605063201, 34.213001251606563, 0.0 ], [ 141.870336817190406, 33.817356544968618, 0.0 ], [ 141.917937698366103, 33.543651476634409, 0.0 ], [ 142.013139461616902, 33.269946408300143, 0.0 ], [ 142.030989791945387, 33.002191449775637, 0.0 ], [ 142.025039682135713, 32.555933186167643, 0.0 ], [ 142.098999023386313, 31.982999801499719, 0.0 ], [ 142.158996582326495, 31.315000533947511, 0.0 ], [ 142.204731846897289, 30.890030279873539, 0.0 ], [ 142.310644970988704, 30.485294841983428, 0.0 ], [ 142.473007201721089, 30.128000259004811, 0.0 ], [ 142.58097467594061, 29.56821914359864, 0.0 ], [ 142.824238743423308, 28.979140242828009, 0.0 ], [ 143.123660575874993, 28.480416947484169, 0.0 ], [ 143.272679009628604, 27.97227339939792, 0.0 ], [ 143.275032852883896, 27.46589502713385, 0.0 ], [ 143.25999450654129, 26.736999511718128, 0.0 ], [ 143.231002807233807, 26.329000472793609, 0.0 ], [ 143.155560617028897, 25.618104711863001, 0.0 ], [ 143.215061718723405, 24.927891930768059, 0.0 ], [ 143.334063922112392, 24.672037192762279, 0.0 ], [ 143.522003174007295, 24.391000747686409, 0.0 ] ] ] } },
{ "type": "Feature", "properties": { "Name": "Eurasian:Philippine", "Description": "<html xmlns:fo=\"http://www.w3.org/1999/XSL/Format\" xmlns:msxsl=\"urn:schemas-microsoft-com:xslt\">\n<head>\n<META http-equiv=\"Content-Type\" content=\"text/html\">\n<meta http-equiv=\"content-type\" content=\"text/html; charset=UTF-8\">\n</head>\n<body style=\"margin:0px 0px 0px 0px;overflow:auto;background:#FFFFFF;\">\n<table style=\"font-family:Arial,Verdana,Times;font-size:12px;text-align:left;width:100%;border-collapse:collapse;padding:3px 3px 3px 3px\">\n<tr style=\"text-align:center;font-weight:bold;background:#9CBCE2\">\n<td>Eurasian:Philippine</td>\n</tr>\n<tr>\n<td>\n<table style=\"font-family:Arial,Verdana,Times;font-size:12px;text-align:left;width:100%;border-spacing:0px; padding:3px 3px 3px 3px\">\n<tr>\n<td>NAME</td>\n<td>Eurasian:Philippine</td>\n</tr>\n<tr bgcolor=\"#D4E4F3\">\n<td>LABEL</td>\n<td>Convergent Boundary</td>\n</tr>\n</table>\n</td>\n</tr>\n</table>\n</body>\n</html>", "LABEL": "Convergent Boundary" }, "geometry": { "type": "MultiLineString", "coordinates": [ [ [ 132.824005126735301, 30.75399971031845, 0.0 ], [ 132.630004883118886, 30.493000030926741, 0.0 ], [ 132.438041567964092, 30.269636464751098, 0.0 ], [ 132.340138950852008, 30.066511307550851, 0.0 ], [ 132.230604340517999, 29.83114950734392, 0.0 ], [ 132.059872749927507, 29.6057845098473, 0.0 ], [ 131.95269196845959, 29.284547449305361, 0.0 ], [ 131.796727594802803, 29.0052652631814, 0.0 ], [ 131.591366568312509, 28.821243019250009, 0.0 ], [ 131.4234612222576, 28.63729829418099, 0.0 ], [ 131.244079706713109, 28.452856972471348, 0.0 ], [ 130.907772247990891, 28.25459164099146, 0.0 ], [ 130.705442003345894, 28.090124740364502, 0.0 ], [ 130.522994994823193, 27.708999634025929, 0.0 ], [ 130.410495421326686, 27.387226191735412, 0.0 ], [ 130.215007864521311, 27.092891306988289, 0.0 ], [ 130.007426374127903, 26.84062303562462, 0.0 ], [ 129.836010251971601, 26.610309032935561, 0.0 ], [ 129.360000610140105, 26.1909999850613, 0.0 ], [ 129.024525900250211, 25.788109490160881, 0.0 ], [ 128.73044888710649, 25.49693582582773, 0.0 ], [ 128.302390064350107, 25.218428407445121, 0.0 ], [ 127.906997680498705, 24.968999862353829, 0.0 ], [ 127.384693598131093, 24.539837382589209, 0.0 ], [ 126.901000976114204, 24.100999832576239, 0.0 ], [ 126.426002502313693, 23.760999679291839, 0.0 ], [ 125.954002380805306, 23.497999190909979, 0.0 ], [ 125.550003051499701, 23.379999160532861, 0.0 ] ] ] } },
{ "type": "Feature", "properties": { "Name": "Eurasian:Philippine", "Description": "<html xmlns:fo=\"http://www.w3.org/1999/XSL/Format\" xmlns:msxsl=\"urn:schemas-microsoft-com:xslt\">\n<head>\n<META http-equiv=\"Content-Type\" content=\"text/html\">\n<meta http-equiv=\"content-type\" content=\"text/html; charset=UTF-8\">\n</head>\n<body style=\"margin:0px 0px 0px 0px;overflow:auto;background:#FFFFFF;\">\n<table style=\"font-family:Arial,Verdana,Times;font-size:12px;text-align:left;width:100%;border-collapse:collapse;padding:3px 3px 3px 3px\">\n<tr style=\"text-align:center;font-weight:bold;background:#9CBCE2\">\n<td>Eurasian:Philippine</td>\n</tr>\n<tr>\n<td>\n<table style=\"font-family:Arial,Verdana,Times;font-size:12px;text-align:left;width:100%;border-spacing:0px; padding:3px 3px 3px 3px\">\n<tr>\n<td>NAME</td>\n<td>Eurasian:Philippine</td>\n</tr>\n<tr bgcolor=\"#D4E4F3\">\n<td>LABEL</td>\n<td>Convergent Boundary</td>\n</tr>\n</table>\n</td>\n</tr>\n</table>\n</body>\n</html>", "LABEL": "Convergent Boundary" }, "geometry": { "type": "MultiLineString", "coordinates": [ [ [ 125.550003051499701, 23.379999160532861, 0.0 ], [ 125.012805166325407, 23.29469539687511, 0.0 ], [ 124.484254179886506, 23.264743430265131, 0.0 ], [ 123.9727950310659, 23.298918713927549, 0.0 ] ] ] } },
{ "type": "Feature", "properties": { "Name": "North American:Cocos", "Description": "<html xmlns:fo=\"http://www.w3.org/1999/XSL/Format\" xmlns:msxsl=\"urn:schemas-microsoft-com:xslt\">\n<head>\n<META http-equiv=\"Content-Type\" content=\"text/html\">\n<meta http-equiv=\"content-type\" content=\"text/html; charset=UTF-8\">\n</head>\n<body style=\"margin:0px 0px 0px 0px;overflow:auto;background:#FFFFFF;\">\n<table style=\"font-family:Arial,Verdana,Times;font-size:12px;text-align:left;width:100%;border-collapse:collapse;padding:3px 3px 3px 3px\">\n<tr style=\"text-align:center;font-weight:bold;background:#9CBCE2\">\n<td>North American:Cocos</td>\n</tr>\n<tr>\n<td>\n<table style=\"font-family:Arial,Verdana,Times;font-size:12px;text-align:left;width:100%;border-spacing:0px; padding:3px 3px 3px 3px\">\n<tr>\n<td>NAME</td>\n<td>North American:Cocos</td>\n</tr>\n<tr bgcolor=\"#D4E4F3\">\n<td>LABEL</td>\n<td>Convergent Boundary</td>\n</tr>\n</table>\n</td>\n</tr>\n</table>\n</body>\n</html>", "LABEL": "Convergent Boundary" }, "geometry": { "type": "MultiLineString", "coordinates": [ [ [ -105.247001647707904, 18.7619991301558, 0.0 ], [ -105.545997619694305, 18.98100089987167, 0.0 ], [ -105.738998413445998, 19.16399955793332, 0.0 ], [ -105.948997497336606, 19.402000427677649, 0.0 ], [ -106.1210021969937, 19.643999099578821, 0.0 ], [ -106.271003722843503, 19.916000366323889, 0.0 ], [ -106.351997375878199, 20.202999115117109, 0.0 ], [ -106.385002136139605, 20.427999496879352, 0.0 ], [ -106.387001037667702, 20.63800048823202, 0.0 ], [ -106.380996704134503, 20.84000015288478, 0.0 ], [ -106.442001342787705, 21.121000289631699, 0.0 ], [ -106.525001526299405, 21.184000014888849, 0.0 ], [ -106.5510025022637, 21.236000061153959, 0.0 ], [ -106.624000549185993, 21.311000823629168, 0.0 ], [ -106.757003783997405, 21.482999801799451, 0.0 ], [ -106.807998657112293, 21.63999938956022, 0.0 ], [ -106.861999511468198, 21.71599960369878, 0.0 ], [ -106.889999389859895, 21.798999786311128, 0.0 ] ] ] } },
{ "type": "Feature", "properties": { "Name": "North American:Cocos", "Description": "<html xmlns:fo=\"http://www.w3.org/1999/XSL/Format\" xmlns:msxsl=\"urn:schemas-microsoft-com:xslt\">\n<head>\n<META http-equiv=\"Content-Type\" content=\"text/html\">\n<meta http-equiv=\"content-type\" content=\"text/html; charset=UTF-8\">\n</head>\n<body style=\"margin:0px 0px 0px 0px;overflow:auto;background:#FFFFFF;\">\n<table style=\"font-family:Arial,Verdana,Times;font-size:12px;text-align:left;width:100%;border-collapse:collapse;padding:3px 3px 3px 3px\">\n<tr style=\"text-align:center;font-weight:bold;background:#9CBCE2\">\n<td>North American:Cocos</td>\n</tr>\n<tr>\n<td>\n<table style=\"font-family:Arial,Verdana,Times;font-size:12px;text-align:left;width:100%;border-spacing:0px; padding:3px 3px 3px 3px\">\n<tr>\n<td>NAME</td>\n<td>North American:Cocos</td>\n</tr>\n<tr bgcolor=\"#D4E4F3\">\n<td>LABEL</td>\n<td>Convergent Boundary</td>\n</tr>\n</table>\n</td>\n</tr>\n</table>\n</body>\n</html>", "LABEL": "Convergent Boundary" }, "geometry": { "type": "MultiLineString", "coordinates": [ [ [ -90.898002624521496, 12.566316499906581, 0.0 ], [ -91.354407656388219, 12.81327001270097, 0.0 ], [ -91.813463288899641, 13.042826310485911, 0.0 ], [ -92.105998741748522, 13.16634448471024, 0.0 ], [ -92.304022740157279, 13.272167044373649, 0.0 ], [ -92.65056473737269, 13.452839105940029, 0.0 ], [ -92.956601825413884, 13.63337326546389, 0.0 ], [ -93.312144913956558, 13.796174543420481, 0.0 ], [ -93.663187456835601, 13.9852315303109, 0.0 ], [ -94.055000305119961, 14.204438488445531, 0.0 ], [ -94.54199981703789, 14.46145884045319, 0.0 ], [ -94.873001098521854, 14.68247637038826, 0.0 ], [ -95.116996765388365, 14.86949192231441, 0.0 ], [ -95.466003417623597, 15.072508789449101, 0.0 ], [ -95.80544707582186, 15.234218401058399, 0.0 ], [ -96.219497254394753, 15.291015947328161, 0.0 ], [ -96.723558341744024, 15.31285701114223, 0.0 ], [ -97.217002868487555, 15.340530954539989, 0.0 ], [ -97.691001892423344, 15.490544297481391, 0.0 ], [ -98.166000366223898, 15.62255560525705, 0.0 ], [ -98.587997436432488, 15.7535665152825, 0.0 ], [ -99.027999878291723, 15.901579206615169, 0.0 ], [ -99.434997558990119, 16.116599301716459, 0.0 ], [ -99.80599975608385, 16.280613510605068, 0.0 ], [ -100.335998535004407, 16.42462559299679, 0.0 ], [ -100.866996764688906, 16.618643502895399, 0.0 ], [ -101.703002929741402, 17.008679013825489, 0.0 ], [ -102.431999206098496, 17.262704591943422, 0.0 ], [ -103.199996948200607, 17.597735802964959, 0.0 ], [ -103.791999816538294, 17.902765874245748, 0.0 ], [ -104.191001892023706, 18.120787864068749, 0.0 ], [ -104.405998229734493, 18.1917940916241, 0.0 ], [ -104.724998474000401, 18.350810444146699, 0.0 ], [ -105.042999267502196, 18.604835920641278, 0.0 ], [ -105.247001647707904, 18.74484965768562, 0.0 ] ] ] } },
{ "type": "Feature", "properties": { "Name": "Pacific:Philippine", "Description": "<html xmlns:fo=\"http://www.w3.org/1999/XSL/Format\" xmlns:msxsl=\"urn:schemas-microsoft-com:xslt\">\n<head>\n<META http-equiv=\"Content-Type\" content=\"text/html\">\n<meta http-equiv=\"content-type\" content=\"text/html; charset=UTF-8\">\n</head>\n<body style=\"margin:0px 0px 0px 0px;overflow:auto;background:#FFFFFF;\">\n<table style=\"font-family:Arial,Verdana,Times;font-size:12px;text-align:left;width:100%;border-collapse:collapse;padding:3px 3px 3px 3px\">\n<tr style=\"text-align:center;font-weight:bold;background:#9CBCE2\">\n<td>Pacific:Philippine</td>\n</tr>\n<tr>\n<td>\n<table style=\"font-family:Arial,Verdana,Times;font-size:12px;text-align:left;width:100%;border-spacing:0px; padding:3px 3px 3px 3px\">\n<tr>\n<td>NAME</td>\n<td>Pacific:Philippine</td>\n</tr>\n<tr bgcolor=\"#D4E4F3\">\n<td>LABEL</td>\n<td>Convergent Boundary</td>\n</tr>\n</table>\n</td>\n</tr>\n</table>\n</body>\n</html>", "LABEL": "Convergent Boundary" }, "geometry": { "type": "MultiLineString", "coordinates": [ [ [ 143.522003174007295, 24.391000747686409, 0.0 ], [ 144.030226813916414, 23.791420885165788, 0.0 ], [ 144.705993652784997, 23.250000000399719, 0.0 ], [ 145.292007446386606, 22.71199989298071, 0.0 ], [ 146.061996460168501, 22.201000213189332, 0.0 ], [ 146.544998169030407, 21.729999542445, 0.0 ], [ 146.822006226006607, 21.330999374421651, 0.0 ], [ 147.018997192066905, 20.805000305120021, 0.0 ], [ 147.207000731998306, 20.302999496229798, 0.0 ], [ 147.46000671363899, 19.74500083891763, 0.0 ], [ 147.619003295465802, 19.172000884633182, 0.0 ], [ 147.754995788624797, 18.644575576002069, 0.0 ], [ 147.811004638453397, 18.05999946560291, 0.0 ], [ 147.838297331356813, 17.27605023433091, 0.0 ], [ 147.787002563117909, 16.523000717509149, 0.0 ], [ 147.707394907448986, 15.8480237900659, 0.0 ], [ 147.626901892608288, 15.47628665620425, 0.0 ], [ 147.462005615167101, 14.96599960369878, 0.0 ], [ 147.201004028313406, 14.215999603399039, 0.0 ], [ 146.877196769215601, 13.60084517916175, 0.0 ], [ 146.576873972555887, 13.265675969870189, 0.0 ], [ 146.220993041995399, 13.001999855009331, 0.0 ], [ 145.690994263074799, 12.64700031311401, 0.0 ], [ 145.431275298316507, 12.39411239896811, 0.0 ], [ 145.226198960313809, 12.272007569593709, 0.0 ], [ 144.888176826299514, 12.14338426697037, 0.0 ], [ 144.619003296065301, 12.020999908519, 0.0 ], [ 144.227871030423813, 11.88357000645067, 0.0 ], [ 143.896227482812208, 11.67179231626244, 0.0 ], [ 143.488766787057699, 11.522293686804231, 0.0 ] ] ] } },
{ "type": "Feature", "properties": { "Name": "Pacific:Philippine", "Description": "<html xmlns:fo=\"http://www.w3.org/1999/XSL/Format\" xmlns:msxsl=\"urn:schemas-microsoft-com:xslt\">\n<head>\n<META http-equiv=\"Content-Type\" content=\"text/html\">\n<meta http-equiv=\"content-type\" content=\"text/html; charset=UTF-8\">\n</head>\n<body style=\"margin:0px 0px 0px 0px;overflow:auto;background:#FFFFFF;\">\n<table style=\"font-family:Arial,Verdana,Times;font-size:12px;text-align:left;width:100%;border-collapse:collapse;padding:3px 3px 3px 3px\">\n<tr style=\"text-align:center;font-weight:bold;background:#9CBCE2\">\n<td>Pacific:Philippine</td>\n</tr>\n<tr>\n<td>\n<table style=\"font-family:Arial,Verdana,Times;font-size:12px;text-align:left;width:100%;border-spacing:0px; padding:3px 3px 3px 3px\">\n<tr>\n<td>NAME</td>\n<td>Pacific:Philippine</td>\n</tr>\n<tr bgcolor=\"#D4E4F3\">\n<td>LABEL</td>\n<td>Convergent Boundary</td>\n</tr>\n</table>\n</td>\n</tr>\n</table>\n</body>\n</html>", "LABEL": "Convergent Boundary" }, "geometry": { "type": "MultiLineString", "coordinates": [ [ [ 143.488766787057699, 11.51634357609521, 0.0 ], [ 143.119859955472606, 11.45684247440073, 0.0 ] ] ] } },
{ "type": "Feature", "properties": { "Name": "Cocos:Caribbean", "Description": "<html xmlns:fo=\"http://www.w3.org/1999/XSL/Format\" xmlns:msxsl=\"urn:schemas-microsoft-com:xslt\">\n<head>\n<META http-equiv=\"Content-Type\" content=\"text/html\">\n<meta http-equiv=\"content-type\" content=\"text/html; charset=UTF-8\">\n</head>\n<body style=\"margin:0px 0px 0px 0px;overflow:auto;background:#FFFFFF;\">\n<table style=\"font-family:Arial,Verdana,Times;font-size:12px;text-align:left;width:100%;border-collapse:collapse;padding:3px 3px 3px 3px\">\n<tr style=\"text-align:center;font-weight:bold;background:#9CBCE2\">\n<td>Cocos:Caribbean</td>\n</tr>\n<tr>\n<td>\n<table style=\"font-family:Arial,Verdana,Times;font-size:12px;text-align:left;width:100%;border-spacing:0px; padding:3px 3px 3px 3px\">\n<tr>\n<td>NAME</td>\n<td>Cocos:Caribbean</td>\n</tr>\n<tr bgcolor=\"#D4E4F3\">\n<td>LABEL</td>\n<td>Convergent Boundary</td>\n</tr>\n</table>\n</td>\n</tr>\n</table>\n</body>\n</html>", "LABEL": "Convergent Boundary" }, "geometry": { "type": "MultiLineString", "coordinates": [ [ [ -86.657003715349163, 10.2082515014057, 0.0 ], [ -86.983999564828025, 10.52027878293956, 0.0 ], [ -87.501940776945276, 11.071749280405021, 0.0 ], [ -87.899000480487757, 11.37035680642151, 0.0 ], [ -88.348043315846326, 11.62688774647239, 0.0 ], [ -88.982620220246929, 11.897392269737511, 0.0 ], [ -89.675704214677751, 12.16762454933354, 0.0 ], [ -90.355286573016883, 12.424308939805769, 0.0 ], [ -90.90435311430474, 12.587922275892369, 0.0 ] ] ] } },
{ "type": "Feature", "properties": { "Name": "South American:Caribbean", "Description": "<html xmlns:fo=\"http://www.w3.org/1999/XSL/Format\" xmlns:msxsl=\"urn:schemas-microsoft-com:xslt\">\n<head>\n<META http-equiv=\"Content-Type\" content=\"text/html\">\n<meta http-equiv=\"content-type\" content=\"text/html; charset=UTF-8\">\n</head>\n<body style=\"margin:0px 0px 0px 0px;overflow:auto;background:#FFFFFF;\">\n<table style=\"font-family:Arial,Verdana,Times;font-size:12px;text-align:left;width:100%;border-collapse:collapse;padding:3px 3px 3px 3px\">\n<tr style=\"text-align:center;font-weight:bold;background:#9CBCE2\">\n<td>South American:Caribbean</td>\n</tr>\n<tr>\n<td>\n<table style=\"font-family:Arial,Verdana,Times;font-size:12px;text-align:left;width:100%;border-spacing:0px; padding:3px 3px 3px 3px\">\n<tr>\n<td>NAME</td>\n<td>South American:Caribbean</td>\n</tr>\n<tr bgcolor=\"#D4E4F3\">\n<td>LABEL</td>\n<td>Convergent Boundary</td>\n</tr>\n</table>\n</td>\n</tr>\n</table>\n</body>\n</html>", "LABEL": "Convergent Boundary" }, "geometry": { "type": "MultiLineString", "coordinates": [ [ [ -61.392782186448699, 19.034578249986279, 0.0 ], [ -61.048723069913713, 18.874702614134382, 0.0 ], [ -60.728668077369832, 18.668921364129691, 0.0 ], [ -60.480625457698693, 18.455251357364322, 0.0 ], [ -60.286001252755568, 18.190999984861438, 0.0 ], [ -60.059000062902562, 17.822999954084651, 0.0 ], [ -59.827001619229293, 17.548000335946821, 0.0 ], [ -59.473001527198683, 17.24300003042714, 0.0 ], [ -59.112390364123939, 16.90595593791625, 0.0 ], [ -58.856346370088893, 16.38143467147296, 0.0 ], [ -58.75255886200182, 16.044103753685309, 0.0 ], [ -58.710552201922553, 15.75954706984146, 0.0 ], [ -58.67400174128727, 15.41199970252433, 0.0 ], [ -58.534002351127583, 15.28400039630128, 0.0 ], [ -58.295999573921172, 15.149999618187911, 0.0 ], [ -57.920999574670589, 14.864000320158709, 0.0 ], [ -57.799001741237312, 14.498999595854739, 0.0 ], [ -57.718999910017772, 13.87399959530512, 0.0 ], [ -57.576002168465273, 13.10200023612202, 0.0 ], [ -57.47599987989048, 12.427000045915459, 0.0 ], [ -57.432001161224548, 11.66100025206004, 0.0 ], [ -57.5410023207005, 11.144000053659621, 0.0 ], [ -57.770002412081617, 10.633999824632269, 0.0 ], [ -58.165002870486042, 10.159999847415071, 0.0 ] ] ] } },
{ "type": "Feature", "properties": { "Name": "Pacific:Philippine", "Description": "<html xmlns:fo=\"http://www.w3.org/1999/XSL/Format\" xmlns:msxsl=\"urn:schemas-microsoft-com:xslt\">\n<head>\n<META http-equiv=\"Content-Type\" content=\"text/html\">\n<meta http-equiv=\"content-type\" content=\"text/html; charset=UTF-8\">\n</head>\n<body style=\"margin:0px 0px 0px 0px;overflow:auto;background:#FFFFFF;\">\n<table style=\"font-family:Arial,Verdana,Times;font-size:12px;text-align:left;width:100%;border-collapse:collapse;padding:3px 3px 3px 3px\">\n<tr style=\"text-align:center;font-weight:bold;background:#9CBCE2\">\n<td>Pacific:Philippine</td>\n</tr>\n<tr>\n<td>\n<table style=\"font-family:Arial,Verdana,Times;font-size:12px;text-align:left;width:100%;border-spacing:0px; padding:3px 3px 3px 3px\">\n<tr>\n<td>NAME</td>\n<td>Pacific:Philippine</td>\n</tr>\n<tr bgcolor=\"#D4E4F3\">\n<td>LABEL</td>\n<td>Convergent Boundary</td>\n</tr>\n</table>\n</td>\n</tr>\n</table>\n</body>\n</html>", "LABEL": "Convergent Boundary" }, "geometry": { "type": "MultiLineString", "coordinates": [ [ [ 143.107959734953909, 11.444942253881949, 0.0 ], [ 142.889110218661699, 11.389859678781191, 0.0 ], [ 142.677995639087499, 11.36319752934253, 0.0 ], [ 142.276580691545803, 11.3171217967336, 0.0 ], [ 141.932015852949405, 11.267830635275629, 0.0 ], [ 141.625768068142008, 11.125706319790879, 0.0 ], [ 141.086411246182109, 10.9460423262924, 0.0 ], [ 140.573212796833189, 10.873731676175961, 0.0 ], [ 140.100006103498913, 10.94600009952501, 0.0 ], [ 139.751866561392688, 10.895569154393, 0.0 ], [ 139.456377776313388, 10.917295549250239, 0.0 ], [ 139.240388115819002, 11.105785974043499, 0.0 ], [ 139.091635361582689, 11.135536524890769, 0.0 ], [ 138.980046573790503, 11.09643682979589, 0.0 ], [ 138.871481284233909, 10.94513299838923, 0.0 ], [ 138.755799969592999, 10.620604732122731, 0.0 ], [ 138.5977762158997, 9.957414707922453, 0.0 ], [ 138.431173130435695, 9.374303909697744, 0.0 ] ] ] } },
{ "type": "Feature", "properties": { "Name": "Cocos:Caribbean", "Description": "<html xmlns:fo=\"http://www.w3.org/1999/XSL/Format\" xmlns:msxsl=\"urn:schemas-microsoft-com:xslt\">\n<head>\n<META http-equiv=\"Content-Type\" content=\"text/html\">\n<meta http-equiv=\"content-type\" content=\"text/html; charset=UTF-8\">\n</head>\n<body style=\"margin:0px 0px 0px 0px;overflow:auto;background:#FFFFFF;\">\n<table style=\"font-family:Arial,Verdana,Times;font-size:12px;text-align:left;width:100%;border-collapse:collapse;padding:3px 3px 3px 3px\">\n<tr style=\"text-align:center;font-weight:bold;background:#9CBCE2\">\n<td>Cocos:Caribbean</td>\n</tr>\n<tr>\n<td>\n<table style=\"font-family:Arial,Verdana,Times;font-size:12px;text-align:left;width:100%;border-spacing:0px; padding:3px 3px 3px 3px\">\n<tr>\n<td>NAME</td>\n<td>Cocos:Caribbean</td>\n</tr>\n<tr bgcolor=\"#D4E4F3\">\n<td>LABEL</td>\n<td>Convergent Boundary</td>\n</tr>\n</table>\n</td>\n</tr>\n</table>\n</body>\n</html>", "LABEL": "Convergent Boundary" }, "geometry": { "type": "MultiLineString", "coordinates": [ [ [ -82.874999999750173, 7.366000175567706, 0.0 ], [ -83.073997497186724, 7.592000007194599, 0.0 ], [ -83.233001708861764, 7.848999976967434, 0.0 ], [ -83.360000610139991, 7.927999973320141, 0.0 ], [ -83.605003356719521, 8.043999672247139, 0.0 ], [ -83.837997436232683, 8.182000159979452, 0.0 ], [ -83.996015895617063, 8.316925950172504, 0.0 ], [ -84.157997131262562, 8.473999977516996, 0.0 ], [ -84.418998718116313, 8.63700008388679, 0.0 ], [ -84.685997009554285, 8.772000312764249, 0.0 ], [ -85.043998718665875, 8.937000274842831, 0.0 ], [ -85.380996703834796, 9.08899974804001, 0.0 ], [ -85.611999511668103, 9.20300006879819, 0.0 ], [ -85.910003661839482, 9.423000335996733, 0.0 ], [ -86.204002380005818, 9.684000015388449, 0.0 ], [ -86.448997497636356, 9.937999725407053, 0.0 ], [ -86.648002624921162, 10.23499965660892, 0.0 ] ] ] } },
{ "type": "Feature", "properties": { "Name": "Pacific:Australia", "Description": "<html xmlns:fo=\"http://www.w3.org/1999/XSL/Format\" xmlns:msxsl=\"urn:schemas-microsoft-com:xslt\">\n<head>\n<META http-equiv=\"Content-Type\" content=\"text/html\">\n<meta http-equiv=\"content-type\" content=\"text/html; charset=UTF-8\">\n</head>\n<body style=\"margin:0px 0px 0px 0px;overflow:auto;background:#FFFFFF;\">\n<table style=\"font-family:Arial,Verdana,Times;font-size:12px;text-align:left;width:100%;border-collapse:collapse;padding:3px 3px 3px 3px\">\n<tr style=\"text-align:center;font-weight:bold;background:#9CBCE2\">\n<td>Pacific:Australia</td>\n</tr>\n<tr>\n<td>\n<table style=\"font-family:Arial,Verdana,Times;font-size:12px;text-align:left;width:100%;border-spacing:0px; padding:3px 3px 3px 3px\">\n<tr>\n<td>NAME</td>\n<td>Pacific:Australia</td>\n</tr>\n<tr bgcolor=\"#D4E4F3\">\n<td>LABEL</td>\n<td>Convergent Boundary</td>\n</tr>\n</table>\n</td>\n</tr>\n</table>\n</body>\n</html>", "LABEL": "Convergent Boundary" }, "geometry": { "type": "MultiLineString", "coordinates": [ [ [ 133.458234395500995, -0.051239585738244, 0.0 ], [ 133.904537875222786, 0.136721041243106, 0.0 ], [ 134.470993042095301, 0.259000003647316, 0.0 ], [ 134.772742951326194, 0.261798434849936, 0.0 ], [ 134.952472161860896, 0.246456855099837, 0.0 ], [ 135.164155310819012, 0.189804783164277, 0.0 ], [ 135.697961393003993, -0.036163543412727, 0.0 ], [ 136.4301615787939, -0.269285725056136, 0.0 ], [ 136.942993164103314, -0.421999991106645, 0.0 ], [ 137.434596377520904, -0.459651650902913, 0.0 ], [ 138.118484105257295, -0.557989056050076, 0.0 ], [ 138.703351813635294, -0.714632075210034, 0.0 ] ] ] } },
{ "type": "Feature", "properties": { "Name": "Pacific:Australia", "Description": "<html xmlns:fo=\"http://www.w3.org/1999/XSL/Format\" xmlns:msxsl=\"urn:schemas-microsoft-com:xslt\">\n<head>\n<META http-equiv=\"Content-Type\" content=\"text/html\">\n<meta http-equiv=\"content-type\" content=\"text/html; charset=UTF-8\">\n</head>\n<body style=\"margin:0px 0px 0px 0px;overflow:auto;background:#FFFFFF;\">\n<table style=\"font-family:Arial,Verdana,Times;font-size:12px;text-align:left;width:100%;border-collapse:collapse;padding:3px 3px 3px 3px\">\n<tr style=\"text-align:center;font-weight:bold;background:#9CBCE2\">\n<td>Pacific:Australia</td>\n</tr>\n<tr>\n<td>\n<table style=\"font-family:Arial,Verdana,Times;font-size:12px;text-align:left;width:100%;border-spacing:0px; padding:3px 3px 3px 3px\">\n<tr>\n<td>NAME</td>\n<td>Pacific:Australia</td>\n</tr>\n<tr bgcolor=\"#D4E4F3\">\n<td>LABEL</td>\n<td>Convergent Boundary</td>\n</tr>\n</table>\n</td>\n</tr>\n</table>\n</body>\n</html>", "LABEL": "Convergent Boundary" }, "geometry": { "type": "MultiLineString", "coordinates": [ [ [ 138.692366279180504, -0.708876101151077, 0.0 ], [ 139.247767995696591, -0.897140733158267, 0.0 ], [ 139.916770466883605, -1.144979358710373, 0.0 ], [ 140.415055659291312, -1.329022776280056, 0.0 ], [ 141.068868715119208, -1.57485750996608, 0.0 ], [ 141.642082157665499, -1.791676520754777, 0.0 ], [ 142.075837545266609, -2.004465459912979, 0.0 ], [ 142.509787296146897, -2.276318418560095, 0.0 ], [ 143.109199370354787, -2.609360924566943, 0.0 ] ] ] } },
{ "type": "Feature", "properties": { "Name": "South American:Nazca", "Description": "<html xmlns:fo=\"http://www.w3.org/1999/XSL/Format\" xmlns:msxsl=\"urn:schemas-microsoft-com:xslt\">\n<head>\n<META http-equiv=\"Content-Type\" content=\"text/html\">\n<meta http-equiv=\"content-type\" content=\"text/html; charset=UTF-8\">\n</head>\n<body style=\"margin:0px 0px 0px 0px;overflow:auto;background:#FFFFFF;\">\n<table style=\"font-family:Arial,Verdana,Times;font-size:12px;text-align:left;width:100%;border-collapse:collapse;padding:3px 3px 3px 3px\">\n<tr style=\"text-align:center;font-weight:bold;background:#9CBCE2\">\n<td>South American:Nazca</td>\n</tr>\n<tr>\n<td>\n<table style=\"font-family:Arial,Verdana,Times;font-size:12px;text-align:left;width:100%;border-spacing:0px; padding:3px 3px 3px 3px\">\n<tr>\n<td>NAME</td>\n<td>South American:Nazca</td>\n</tr>\n<tr bgcolor=\"#D4E4F3\">\n<td>LABEL</td>\n<td>Convergent Boundary</td>\n</tr>\n</table>\n</td>\n</tr>\n</table>\n</body>\n</html>", "LABEL": "Convergent Boundary" }, "geometry": { "type": "MultiLineString", "coordinates": [ [ [ -81.585497387494399, -3.231429248560914, 0.0 ], [ -81.638498791086306, -2.986426161138354, 0.0 ], [ -81.518496044257006, -2.42341979448787, 0.0 ], [ -81.585497387494399, -1.800414231231741, 0.0 ], [ -81.401499279568043, -1.081409882360163, 0.0 ], [ -81.215494640265376, -0.270407540275699, 0.0 ], [ -80.87349940127632, 0.445592237491837, 0.0 ], [ -80.560495861594688, 1.066590247741772, 0.0 ], [ -80.278498180646466, 1.562587577454792, 0.0 ], [ -79.777498729982369, 2.087583429631593, 0.0 ], [ -79.464495190300738, 2.440580251477456, 0.0 ], [ -79.151499279568043, 2.793576311597576, 0.0 ], [ -78.648500927375835, 3.405568362489987, 0.0 ], [ -78.328501232345957, 4.079557830729357, 0.0 ], [ -78.066500194728178, 4.845543319968272, 0.0 ], [ -77.947282851922068, 5.50627305355863, 0.0 ], [ -77.983287215432597, 5.848907466806224, 0.0 ], [ -78.036501415707733, 6.066515644381525, 0.0 ], [ -78.072496899312398, 6.135514127375132, 0.0 ], [ -78.127304668575562, 6.267893369383558, 0.0 ], [ -78.167809577749779, 6.362456737188722, 0.0 ], [ -78.203813940361044, 6.45250070144624, 0.0 ], [ -78.257820485626894, 6.547029410279095, 0.0 ], [ -78.311827030892744, 6.628039596450265, 0.0 ], [ -78.383835757014538, 6.727033719830331, 0.0 ], [ -78.455844484035651, 6.848498544871973, 0.0 ], [ -78.545855392812086, 6.983422698298909, 0.0 ], [ -78.631365755924833, 7.122802900733348, 0.0 ] ] ] } },
{ "type": "Feature", "properties": { "Name": "Australia:Pacific", "Description": "<html xmlns:fo=\"http://www.w3.org/1999/XSL/Format\" xmlns:msxsl=\"urn:schemas-microsoft-com:xslt\">\n<head>\n<META http-equiv=\"Content-Type\" content=\"text/html\">\n<meta http-equiv=\"content-type\" content=\"text/html; charset=UTF-8\">\n</head>\n<body style=\"margin:0px 0px 0px 0px;overflow:auto;background:#FFFFFF;\">\n<table style=\"font-family:Arial,Verdana,Times;font-size:12px;text-align:left;width:100%;border-collapse:collapse;padding:3px 3px 3px 3px\">\n<tr style=\"text-align:center;font-weight:bold;background:#9CBCE2\">\n<td>Australia:Pacific</td>\n</tr>\n<tr>\n<td>\n<table style=\"font-family:Arial,Verdana,Times;font-size:12px;text-align:left;width:100%;border-spacing:0px; padding:3px 3px 3px 3px\">\n<tr>\n<td>NAME</td>\n<td>Australia:Pacific</td>\n</tr>\n<tr bgcolor=\"#D4E4F3\">\n<td>LABEL</td>\n<td>Convergent Boundary</td>\n</tr>\n</table>\n</td>\n</tr>\n</table>\n</body>\n</html>", "LABEL": "Convergent Boundary" }, "geometry": { "type": "MultiLineString", "coordinates": [ [ [ 148.56075535297731, -7.408192435732303, 0.0 ], [ 147.898863074771214, -7.324249628717325, 0.0 ], [ 147.263792690780093, -7.05729599581349, 0.0 ], [ 146.35942385532681, -6.393315286771042, 0.0 ], [ 145.411037562933302, -5.477524129634844, 0.0 ], [ 144.473943906386211, -4.387809016173094, 0.0 ], [ 144.311839853026896, -4.069258053416377, 0.0 ] ] ] } },
{ "type": "Feature", "properties": { "Name": "Australia:Pacific", "Description": "<html xmlns:fo=\"http://www.w3.org/1999/XSL/Format\" xmlns:msxsl=\"urn:schemas-microsoft-com:xslt\">\n<head>\n<META http-equiv=\"Content-Type\" content=\"text/html\">\n<meta http-equiv=\"content-type\" content=\"text/html; charset=UTF-8\">\n</head>\n<body style=\"margin:0px 0px 0px 0px;overflow:auto;background:#FFFFFF;\">\n<table style=\"font-family:Arial,Verdana,Times;font-size:12px;text-align:left;width:100%;border-collapse:collapse;padding:3px 3px 3px 3px\">\n<tr style=\"text-align:center;font-weight:bold;background:#9CBCE2\">\n<td>Australia:Pacific</td>\n</tr>\n<tr>\n<td>\n<table style=\"font-family:Arial,Verdana,Times;font-size:12px;text-align:left;width:100%;border-spacing:0px; padding:3px 3px 3px 3px\">\n<tr>\n<td>NAME</td>\n<td>Australia:Pacific</td>\n</tr>\n<tr bgcolor=\"#D4E4F3\">\n<td>LABEL</td>\n<td>Convergent Boundary</td>\n</tr>\n</table>\n</td>\n</tr>\n</table>\n</body>\n</html>", "LABEL": "Convergent Boundary" }, "geometry": { "type": "MultiLineString", "coordinates": [ [ [ 154.927001952777914, -7.293000220983345, 0.0 ], [ 154.539993286460998, -6.817999839720756, 0.0 ], [ 154.225006103149212, -6.506999969772721, 0.0 ], [ 153.929992675421687, -6.264999866150845, 0.0 ] ] ] } },
{ "type": "Feature", "properties": { "Name": "Australia:Pacific", "Description": "<html xmlns:fo=\"http://www.w3.org/1999/XSL/Format\" xmlns:msxsl=\"urn:schemas-microsoft-com:xslt\">\n<head>\n<META http-equiv=\"Content-Type\" content=\"text/html\">\n<meta http-equiv=\"content-type\" content=\"text/html; charset=UTF-8\">\n</head>\n<body style=\"margin:0px 0px 0px 0px;overflow:auto;background:#FFFFFF;\">\n<table style=\"font-family:Arial,Verdana,Times;font-size:12px;text-align:left;width:100%;border-collapse:collapse;padding:3px 3px 3px 3px\">\n<tr style=\"text-align:center;font-weight:bold;background:#9CBCE2\">\n<td>Australia:Pacific</td>\n</tr>\n<tr>\n<td>\n<table style=\"font-family:Arial,Verdana,Times;font-size:12px;text-align:left;width:100%;border-spacing:0px; padding:3px 3px 3px 3px\">\n<tr>\n<td>NAME</td>\n<td>Australia:Pacific</td>\n</tr>\n<tr bgcolor=\"#D4E4F3\">\n<td>LABEL</td>\n<td>Convergent Boundary</td>\n</tr>\n</table>\n</td>\n</tr>\n</table>\n</body>\n</html>", "LABEL": "Convergent Boundary" }, "geometry": { "type": "MultiLineString", "coordinates": [ [ [ 153.929992675421687, -6.264999866150845, 0.0 ], [ 153.424012798152205, -5.959397997819281, 0.0 ], [ 153.009919988117105, -5.761534078734712, 0.0 ], [ 152.644963701113994, -5.753964295315939, 0.0 ], [ 152.273317328631805, -5.884450829542118, 0.0 ], [ 151.903450164993188, -6.069169201797195, 0.0 ], [ 151.558228667519103, -6.237765522161055, 0.0 ], [ 151.147994994973203, -6.442999839570916, 0.0 ], [ 150.6629943845833, -6.693999767375317, 0.0 ], [ 150.145996093644811, -6.881000041618563, 0.0 ], [ 149.860000610539799, -6.939000129852047, 0.0 ], [ 149.313995361496808, -7.032000064950978, 0.0 ], [ 148.587005615616704, -7.394999981164176, 0.0 ] ] ] } },
{ "type": "Feature", "properties": { "Name": "Australia:Pacific", "Description": "<html xmlns:fo=\"http://www.w3.org/1999/XSL/Format\" xmlns:msxsl=\"urn:schemas-microsoft-com:xslt\">\n<head>\n<META http-equiv=\"Content-Type\" content=\"text/html\">\n<meta http-equiv=\"content-type\" content=\"text/html; charset=UTF-8\">\n</head>\n<body style=\"margin:0px 0px 0px 0px;overflow:auto;background:#FFFFFF;\">\n<table style=\"font-family:Arial,Verdana,Times;font-size:12px;text-align:left;width:100%;border-collapse:collapse;padding:3px 3px 3px 3px\">\n<tr style=\"text-align:center;font-weight:bold;background:#9CBCE2\">\n<td>Australia:Pacific</td>\n</tr>\n<tr>\n<td>\n<table style=\"font-family:Arial,Verdana,Times;font-size:12px;text-align:left;width:100%;border-spacing:0px; padding:3px 3px 3px 3px\">\n<tr>\n<td>NAME</td>\n<td>Australia:Pacific</td>\n</tr>\n<tr bgcolor=\"#D4E4F3\">\n<td>LABEL</td>\n<td>Convergent Boundary</td>\n</tr>\n</table>\n</td>\n</tr>\n</table>\n</body>\n</html>", "LABEL": "Convergent Boundary" }, "geometry": { "type": "MultiLineString", "coordinates": [ [ [ 155.453994751356703, -7.488999843667784, 0.0 ], [ 154.927001952777914, -7.293000220983345, 0.0 ] ] ] } },
{ "type": "Feature", "properties": { "Name": "Australia:Pacific", "Description": "<html xmlns:fo=\"http://www.w3.org/1999/XSL/Format\" xmlns:msxsl=\"urn:schemas-microsoft-com:xslt\">\n<head>\n<META http-equiv=\"Content-Type\" content=\"text/html\">\n<meta http-equiv=\"content-type\" content=\"text/html; charset=UTF-8\">\n</head>\n<body style=\"margin:0px 0px 0px 0px;overflow:auto;background:#FFFFFF;\">\n<table style=\"font-family:Arial,Verdana,Times;font-size:12px;text-align:left;width:100%;border-collapse:collapse;padding:3px 3px 3px 3px\">\n<tr style=\"text-align:center;font-weight:bold;background:#9CBCE2\">\n<td>Australia:Pacific</td>\n</tr>\n<tr>\n<td>\n<table style=\"font-family:Arial,Verdana,Times;font-size:12px;text-align:left;width:100%;border-spacing:0px; padding:3px 3px 3px 3px\">\n<tr>\n<td>NAME</td>\n<td>Australia:Pacific</td>\n</tr>\n<tr bgcolor=\"#D4E4F3\">\n<td>LABEL</td>\n<td>Convergent Boundary</td>\n</tr>\n</table>\n</td>\n</tr>\n</table>\n</body>\n</html>", "LABEL": "Convergent Boundary" }, "geometry": { "type": "MultiLineString", "coordinates": [ [ [ 156.296005249043105, -8.17399978636098, 0.0 ], [ 156.046997070458502, -7.883999824532225, 0.0 ], [ 155.811996459569087, -7.70599985111221, 0.0 ], [ 155.453994751356703, -7.488999843667784, 0.0 ] ] ] } },
{ "type": "Feature", "properties": { "Name": "Pacific:Australian", "Description": "<html xmlns:fo=\"http://www.w3.org/1999/XSL/Format\" xmlns:msxsl=\"urn:schemas-microsoft-com:xslt\">\n<head>\n<META http-equiv=\"Content-Type\" content=\"text/html\">\n<meta http-equiv=\"content-type\" content=\"text/html; charset=UTF-8\">\n</head>\n<body style=\"margin:0px 0px 0px 0px;overflow:auto;background:#FFFFFF;\">\n<table style=\"font-family:Arial,Verdana,Times;font-size:12px;text-align:left;width:100%;border-collapse:collapse;padding:3px 3px 3px 3px\">\n<tr style=\"text-align:center;font-weight:bold;background:#9CBCE2\">\n<td>Pacific:Australian</td>\n</tr>\n<tr>\n<td>\n<table style=\"font-family:Arial,Verdana,Times;font-size:12px;text-align:left;width:100%;border-spacing:0px; padding:3px 3px 3px 3px\">\n<tr>\n<td>NAME</td>\n<td>Pacific:Australian</td>\n</tr>\n<tr bgcolor=\"#D4E4F3\">\n<td>LABEL</td>\n<td>Convergent Boundary</td>\n</tr>\n</table>\n</td>\n</tr>\n</table>\n</body>\n</html>", "LABEL": "Convergent Boundary" }, "geometry": { "type": "MultiLineString", "coordinates": [ [ [ 162.496633898735496, -11.341116473146659, 0.0 ], [ 162.260877937367013, -11.36853331296197, 0.0 ], [ 162.0377963392298, -11.3487939207028, 0.0 ], [ 161.818227251086796, -11.31926719042843, 0.0 ], [ 161.552001953027798, -11.28299999195599, 0.0 ], [ 161.460998535354207, -11.24499988533637, 0.0 ], [ 161.384002685375691, -11.232000350635641, 0.0 ], [ 161.305999755684297, -11.194000244016021, 0.0 ], [ 161.20199585002851, -11.1680002213331, 0.0 ], [ 161.125000000049994, -11.13000011471348, 0.0 ], [ 161.059997558340712, -11.053999900574921, 0.0 ], [ 160.996002197243712, -11.02900028193744, 0.0 ], [ 160.930999755534287, -10.9650001526349, 0.0 ], [ 160.867004394437288, -10.91399955713382, 0.0 ], [ 160.776000976763697, -10.83800029717594, 0.0 ], [ 160.725006103648894, -10.78699970257418, 0.0 ], [ 160.621994018908907, -10.72299957237232, 0.0 ], [ 160.544006348014591, -10.671999931051911, 0.0 ], [ 160.492996216102597, -10.633999824432291, 0.0 ], [ 160.363998413296287, -10.56999969512975, 0.0 ], [ 160.287002563317714, -10.51900005380941, 0.0 ], [ 160.210006714238489, -10.46800041158969, 0.0 ], [ 160.132003784547095, -10.41699981698793, 0.0 ], [ 160.067993163753613, -10.37899971036831, 0.0 ], [ 159.977996825793014, -10.31499958016644, 0.0 ], [ 159.914001464696014, -10.276000022782799, 0.0 ], [ 159.837005615616704, -10.251000404145319, 0.0 ], [ 159.772003173907393, -10.199999809543559, 0.0 ], [ 159.707992554013202, -10.17399978596131, 0.0 ], [ 159.643997192016911, -10.12300014464091, 0.0 ], [ 159.580001830919912, -10.08399963397591, 0.0 ], [ 159.503005981840602, -10.02099990871875, 0.0 ], [ 159.438995361047091, -9.968999862453643, 0.0 ], [ 159.361999511968008, -9.930999755834023, 0.0 ], [ 159.285003661989407, -9.880000114513621, 0.0 ], [ 159.220993042095301, -9.829000473193219, 0.0 ], [ 159.057648591609308, -9.72203635999, 0.0 ], [ 158.904229093397987, -9.654448233399194, 0.0 ], [ 158.708999633926112, -9.545999526556841, 0.0 ], [ 158.580001831119688, -9.506999969173194, 0.0 ], [ 158.477996826092806, -9.480999946490272, 0.0 ], [ 158.388000488132093, -9.442000389106624, 0.0 ], [ 158.272994995123014, -9.390000343740837, 0.0 ], [ 158.14500427202961, -9.312999725556836, 0.0 ], [ 158.055999755884102, -9.248999595354974, 0.0 ], [ 157.992004394787102, -9.210000037971326, 0.0 ], [ 157.916000366623706, -9.159000396650924, 0.0 ], [ 157.826995849578907, -9.107000351285137, 0.0 ], [ 157.723999023636111, -9.067999839720756, 0.0 ], [ 157.647994995472686, -9.00399971041827, 0.0 ], [ 157.572006225207303, -8.965000153034566, 0.0 ], [ 157.419006347964711, -8.899999618787319, 0.0 ], [ 157.317001342937687, -8.822999953884732, 0.0 ], [ 157.24099731477429, -8.784000396501028, 0.0 ], [ 157.177001952777914, -8.746000289881408, 0.0 ], [ 157.048995971786809, -8.706000328452376, 0.0 ], [ 156.934997558490608, -8.642000198250514, 0.0 ], [ 156.858001709411411, -8.614999771522207, 0.0 ], [ 156.781997680348695, -8.602000236821425, 0.0 ], [ 156.705993652185413, -8.562999725257043, 0.0 ], [ 156.46699523913901, -8.381999969622825, 0.0 ], [ 156.296005249043105, -8.17399978636098, 0.0 ] ] ] } },
{ "type": "Feature", "properties": { "Name": "Pacific:Australian", "Description": "<html xmlns:fo=\"http://www.w3.org/1999/XSL/Format\" xmlns:msxsl=\"urn:schemas-microsoft-com:xslt\">\n<head>\n<META http-equiv=\"Content-Type\" content=\"text/html\">\n<meta http-equiv=\"content-type\" content=\"text/html; charset=UTF-8\">\n</head>\n<body style=\"margin:0px 0px 0px 0px;overflow:auto;background:#FFFFFF;\">\n<table style=\"font-family:Arial,Verdana,Times;font-size:12px;text-align:left;width:100%;border-collapse:collapse;padding:3px 3px 3px 3px\">\n<tr style=\"text-align:center;font-weight:bold;background:#9CBCE2\">\n<td>Pacific:Australian</td>\n</tr>\n<tr>\n<td>\n<table style=\"font-family:Arial,Verdana,Times;font-size:12px;text-align:left;width:100%;border-spacing:0px; padding:3px 3px 3px 3px\">\n<tr>\n<td>NAME</td>\n<td>Pacific:Australian</td>\n</tr>\n<tr bgcolor=\"#D4E4F3\">\n<td>LABEL</td>\n<td>Convergent Boundary</td>\n</tr>\n</table>\n</td>\n</tr>\n</table>\n</body>\n</html>", "LABEL": "Convergent Boundary" }, "geometry": { "type": "MultiLineString", "coordinates": [ [ [ 166.154006958054794, -13.779000282736829, 0.0 ], [ 166.132003784247303, -13.67599964097059, 0.0 ], [ 166.089996338160489, -13.5129995346008, 0.0 ], [ 166.020004272479213, -13.260999679391659, 0.0 ], [ 165.951995849528913, -13.071999549439621, 0.0 ], [ 165.908996581627008, -12.869999885686131, 0.0 ], [ 165.893997192116814, -12.74400043517193, 0.0 ], [ 165.837997436232712, -12.51700019860022, 0.0 ], [ 165.77000427207949, -12.31599998471148, 0.0 ], [ 165.714996338010707, -12.12699985475945, 0.0 ], [ 165.621002196993913, -11.88700008348701, 0.0 ], [ 165.542171321749208, -11.66625868768824, 0.0 ], [ 165.434086687450787, -11.50389521858944, 0.0 ], [ 165.284500228402891, -11.333415136899021, 0.0 ], [ 165.119301555722302, -11.1784912392792, 0.0 ], [ 164.957972435579507, -11.05012659426689, 0.0 ], [ 164.785041848802393, -10.968609641921381, 0.0 ], [ 164.577460414166808, -10.89601470081772, 0.0 ] ] ] } },
{ "type": "Feature", "properties": { "Name": "South American:Nazca", "Description": "<html xmlns:fo=\"http://www.w3.org/1999/XSL/Format\" xmlns:msxsl=\"urn:schemas-microsoft-com:xslt\">\n<head>\n<META http-equiv=\"Content-Type\" content=\"text/html\">\n<meta http-equiv=\"content-type\" content=\"text/html; charset=UTF-8\">\n</head>\n<body style=\"margin:0px 0px 0px 0px;overflow:auto;background:#FFFFFF;\">\n<table style=\"font-family:Arial,Verdana,Times;font-size:12px;text-align:left;width:100%;border-collapse:collapse;padding:3px 3px 3px 3px\">\n<tr style=\"text-align:center;font-weight:bold;background:#9CBCE2\">\n<td>South American:Nazca</td>\n</tr>\n<tr>\n<td>\n<table style=\"font-family:Arial,Verdana,Times;font-size:12px;text-align:left;width:100%;border-spacing:0px; padding:3px 3px 3px 3px\">\n<tr>\n<td>NAME</td>\n<td>South American:Nazca</td>\n</tr>\n<tr bgcolor=\"#D4E4F3\">\n<td>LABEL</td>\n<td>Convergent Boundary</td>\n</tr>\n</table>\n</td>\n</tr>\n</table>\n</body>\n</html>", "LABEL": "Convergent Boundary" }, "geometry": { "type": "MultiLineString", "coordinates": [ [ [ -75.916000366623564, -15.736000061153851, 0.0 ], [ -76.402999877642173, -15.21899986275344, 0.0 ], [ -76.76499938980993, -14.84300041183951, 0.0 ], [ -77.125000000449631, -14.46700000764417, 0.0 ], [ -77.638999939095868, -13.913999557433559, 0.0 ], [ -78.148002624821231, -13.387000084086541, 0.0 ], [ -78.406997680298673, -13.01399993874611, 0.0 ], [ -78.665000915759606, -12.640999794304999, 0.0 ], [ -79.147003173857343, -11.89000034324118, 0.0 ], [ -79.617996215652795, -11.29100036627386, 0.0 ], [ -79.997001647807735, -10.560000419283879, 0.0 ], [ -80.367996215952587, -9.920999526706737, 0.0 ], [ -80.700996398964605, -9.434000015688127, 0.0 ], [ -81.041000366273863, -8.664999962078525, 0.0 ], [ -81.375000000049909, -7.987999916163176, 0.0 ], [ -81.549003601235199, -7.306000232324834, 0.0 ], [ -81.783996582276416, -6.65500020999167, 0.0 ], [ -81.954002380405484, -6.002999782713744, 0.0 ], [ -81.998001099071416, -5.252999782414008, 0.0 ], [ -82.010002136289529, -4.504000187058921, 0.0 ], [ -81.92600250201383, -3.720999956382855, 0.0 ], [ -81.598999023586032, -3.244999885136565, 0.0 ] ] ] } },
{ "type": "Feature", "properties": { "Name": "South American:Nazca", "Description": "<html xmlns:fo=\"http://www.w3.org/1999/XSL/Format\" xmlns:msxsl=\"urn:schemas-microsoft-com:xslt\">\n<head>\n<META http-equiv=\"Content-Type\" content=\"text/html\">\n<meta http-equiv=\"content-type\" content=\"text/html; charset=UTF-8\">\n</head>\n<body style=\"margin:0px 0px 0px 0px;overflow:auto;background:#FFFFFF;\">\n<table style=\"font-family:Arial,Verdana,Times;font-size:12px;text-align:left;width:100%;border-collapse:collapse;padding:3px 3px 3px 3px\">\n<tr style=\"text-align:center;font-weight:bold;background:#9CBCE2\">\n<td>South American:Nazca</td>\n</tr>\n<tr>\n<td>\n<table style=\"font-family:Arial,Verdana,Times;font-size:12px;text-align:left;width:100%;border-spacing:0px; padding:3px 3px 3px 3px\">\n<tr>\n<td>NAME</td>\n<td>South American:Nazca</td>\n</tr>\n<tr bgcolor=\"#D4E4F3\">\n<td>LABEL</td>\n<td>Convergent Boundary</td>\n</tr>\n</table>\n</td>\n</tr>\n</table>\n</body>\n</html>", "LABEL": "Convergent Boundary" }, "geometry": { "type": "MultiLineString", "coordinates": [ [ [ -71.306999206248349, -21.965000152235181, 0.0 ], [ -71.24900054973557, -21.261999130355552, 0.0 ], [ -71.322998046522571, -20.757999419937221, 0.0 ], [ -71.36199951136831, -20.249000549135989, 0.0 ], [ -71.486999512017803, -19.811000823728989, 0.0 ], [ -71.7460021973435, -19.29800033584678, 0.0 ], [ -72.265998840574014, -18.722000121808151, 0.0 ], [ -72.736999511318345, -18.25699996967279, 0.0 ], [ -73.400001525949619, -17.746999740645489, 0.0 ], [ -73.948997497436494, -17.374000549485739, 0.0 ], [ -74.609001159775687, -16.82299995408459, 0.0 ], [ -75.291999816838029, -16.32999992355758, 0.0 ], [ -75.916000366623564, -15.736000061153851, 0.0 ] ] ] } },
{ "type": "Feature", "properties": { "Name": "Pacific:Australian", "Description": "<html xmlns:fo=\"http://www.w3.org/1999/XSL/Format\" xmlns:msxsl=\"urn:schemas-microsoft-com:xslt\">\n<head>\n<META http-equiv=\"Content-Type\" content=\"text/html\">\n<meta http-equiv=\"content-type\" content=\"text/html; charset=UTF-8\">\n</head>\n<body style=\"margin:0px 0px 0px 0px;overflow:auto;background:#FFFFFF;\">\n<table style=\"font-family:Arial,Verdana,Times;font-size:12px;text-align:left;width:100%;border-collapse:collapse;padding:3px 3px 3px 3px\">\n<tr style=\"text-align:center;font-weight:bold;background:#9CBCE2\">\n<td>Pacific:Australian</td>\n</tr>\n<tr>\n<td>\n<table style=\"font-family:Arial,Verdana,Times;font-size:12px;text-align:left;width:100%;border-spacing:0px; padding:3px 3px 3px 3px\">\n<tr>\n<td>NAME</td>\n<td>Pacific:Australian</td>\n</tr>\n<tr bgcolor=\"#D4E4F3\">\n<td>LABEL</td>\n<td>Convergent Boundary</td>\n</tr>\n</table>\n</td>\n</tr>\n</table>\n</body>\n</html>", "LABEL": "Convergent Boundary" }, "geometry": { "type": "MultiLineString", "coordinates": [ [ [ 172.438995361146993, -23.177999496579449, 0.0 ], [ 172.360992431455713, -23.177000045815419, 0.0 ], [ 172.277999877792212, -23.170999527206391, 0.0 ], [ 172.197006225656907, -23.176000595051391, 0.0 ], [ 172.059997558840308, -23.173000335297221, 0.0 ], [ 171.949996948600386, -23.155000686932109, 0.0 ], [ 171.85400390605551, -23.149000167423772, 0.0 ], [ 171.703002929441709, -23.14599990856885, 0.0 ], [ 171.619995116981187, -23.127000808540458, 0.0 ], [ 171.496002196943891, -23.110000610040061, 0.0 ], [ 171.384994506991006, -23.090999603448889, 0.0 ], [ 171.287994384733111, -23.072000503420441, 0.0 ], [ 171.162002563167789, -23.030000686282619, 0.0 ], [ 171.037002563417701, -22.999999999800082, 0.0 ], [ 170.938995361446814, -22.96800041178955, 0.0 ], [ 170.841995239189004, -22.948999405198322, 0.0 ], [ 170.744995116931108, -22.91699981718779, 0.0 ], [ 170.660003661739694, -22.884000778413171, 0.0 ], [ 170.546997070258612, -22.826999664302999, 0.0 ], [ 170.4199981689803, -22.759000777763621, 0.0 ], [ 170.320999145194492, -22.701999664552829, 0.0 ], [ 170.220993041695607, -22.643999099678641, 0.0 ], [ 170.108993529927488, -22.586999893030569, 0.0 ], [ 170.035995483005195, -22.51600074763633, 0.0 ], [ 169.949996948100789, -22.444999694780051, 0.0 ], [ 169.835006713888788, -22.350000381512359, 0.0 ], [ 169.718994140267512, -22.229999542145091, 0.0 ], [ 169.576995849479005, -22.124000548986089, 0.0 ], [ 169.4909973145744, -22.05200004536573, 0.0 ], [ 169.419006347365098, -21.979999542644752, 0.0 ], [ 169.320007324478496, -21.909000396351189, 0.0 ], [ 169.287994385132805, -21.82299995398466, 0.0 ], [ 169.214996338210511, -21.72500038186206, 0.0 ], [ 169.143005371001095, -21.639999389360302, 0.0 ], [ 169.054000854855587, -21.506000518708898, 0.0 ], [ 168.996002197443488, -21.420000076342379, 0.0 ], [ 168.878997802906412, -21.260999679591521, 0.0 ], [ 168.776000976963587, -21.100999832076528, 0.0 ], [ 168.70500183067, -21.016000747936118, 0.0 ], [ 168.645004272629194, -20.89299964881468, 0.0 ], [ 168.585006713688898, -20.78100013704665, 0.0 ], [ 168.511993407969499, -20.645999908169191, 0.0 ], [ 168.395996094044591, -20.474000930898171, 0.0 ], [ 168.335006714188609, -20.325000763274549, 0.0 ], [ 168.263000488182001, -20.201000213389079, 0.0 ], [ 168.190994263074799, -20.09000015238507, 0.0 ], [ 168.160003662239291, -20.00300025925452, 0.0 ], [ 168.0749969482506, -19.892999649014541, 0.0 ], [ 168.003005981041298, -19.768999100028399, 0.0 ], [ 167.942993164203187, -19.631999969622878, 0.0 ], [ 167.886001586504108, -19.533000945836928, 0.0 ], [ 167.811996459868908, -19.371999740995189, 0.0 ], [ 167.727005004677295, -19.23600006135371, 0.0 ], [ 167.67999267582141, -19.04800033544706, 0.0 ], [ 167.606994628899088, -18.885999679841291, 0.0 ], [ 167.520996093994711, -18.711999893580192, 0.0 ], [ 167.503997802956292, -18.611000060804152, 0.0 ], [ 167.485992431305704, -18.486000061053922, 0.0 ], [ 167.455001831369486, -18.360000610539711, 0.0 ], [ 167.423995971736787, -18.246999740545562, 0.0 ], [ 167.393997192716398, -18.146999359432868, 0.0 ], [ 167.350006103898608, -18.021999358783319, 0.0 ], [ 167.320007323978899, -17.922000885132721, 0.0 ], [ 167.274993896651011, -17.759000777863552, 0.0 ], [ 167.244995117630708, -17.632999419887259, 0.0 ], [ 167.214996337710886, -17.520999908119219, 0.0 ], [ 167.171005248893209, -17.395999908369049, 0.0 ], [ 167.154998779669995, -17.306999206248349, 0.0 ], [ 167.059005737125204, -17.20899963412575, 0.0 ], [ 166.949996947800997, -17.09799957312174, 0.0 ], [ 166.867996215952587, -16.98699951211773, 0.0 ], [ 166.809997558540488, -16.83600044206668, 0.0 ], [ 166.727996825793014, -16.736999511718071, 0.0 ], [ 166.6589965819268, -16.624999999949981, 0.0 ], [ 166.604003906655095, -16.538000106819428, 0.0 ], [ 166.56199645966899, -16.437999725706732, 0.0 ], [ 166.505996703784888, -16.299999237075099, 0.0 ], [ 166.4499969479009, -16.187000274542982, 0.0 ], [ 166.395004272629194, -16.086999893430288, 0.0 ], [ 166.339996337661006, -15.975000381662261, 0.0 ], [ 166.285003662389187, -15.88700008358694, 0.0 ], [ 166.270004272878992, -15.798999786410951, 0.0 ], [ 166.227005004977087, -15.673999786660771, 0.0 ], [ 166.225006103449005, -15.56000041918395, 0.0 ], [ 166.208999634225904, -15.434000015388341, 0.0 ], [ 166.192993164103314, -15.345000267448309, 0.0 ], [ 166.216995239438802, -15.24400043467227, 0.0 ], [ 166.227996825892888, -15.130000114813409, 0.0 ], [ 166.212997436382693, -15.041000365974069, 0.0 ], [ 166.261993407969499, -14.888999938596269, 0.0 ], [ 166.270996093794793, -14.68599986989801, 0.0 ], [ 166.26800537135091, -14.55900001533837, 0.0 ], [ 166.251998901228404, -14.42000007594271, 0.0 ], [ 166.249999999700293, -14.34500026674886, 0.0 ], [ 166.233993530477193, -14.1809997554343, 0.0 ], [ 166.203994750557399, -13.991000175617559, 0.0 ], [ 166.160995483554814, -13.82800006834845, 0.0 ], [ 166.154006958054794, -13.779000282736829, 0.0 ] ] ] } },
{ "type": "Feature", "properties": { "Name": "Pacific:Australian", "Description": "<html xmlns:fo=\"http://www.w3.org/1999/XSL/Format\" xmlns:msxsl=\"urn:schemas-microsoft-com:xslt\">\n<head>\n<META http-equiv=\"Content-Type\" content=\"text/html\">\n<meta http-equiv=\"content-type\" content=\"text/html; charset=UTF-8\">\n</head>\n<body style=\"margin:0px 0px 0px 0px;overflow:auto;background:#FFFFFF;\">\n<table style=\"font-family:Arial,Verdana,Times;font-size:12px;text-align:left;width:100%;border-collapse:collapse;padding:3px 3px 3px 3px\">\n<tr style=\"text-align:center;font-weight:bold;background:#9CBCE2\">\n<td>Pacific:Australian</td>\n</tr>\n<tr>\n<td>\n<table style=\"font-family:Arial,Verdana,Times;font-size:12px;text-align:left;width:100%;border-spacing:0px; padding:3px 3px 3px 3px\">\n<tr>\n<td>NAME</td>\n<td>Pacific:Australian</td>\n</tr>\n<tr bgcolor=\"#D4E4F3\">\n<td>LABEL</td>\n<td>Convergent Boundary</td>\n</tr>\n</table>\n</td>\n</tr>\n</table>\n</body>\n</html>", "LABEL": "Convergent Boundary" }, "geometry": { "type": "MultiLineString", "coordinates": [ [ [ -173.40699768109809, -14.58399963397591, 0.0 ], [ -173.272994995522595, -14.69699954978933, 0.0 ], [ -173.130004882918996, -14.78499984696532, 0.0 ], [ -172.938995361746493, -14.86699962643155, 0.0 ], [ -172.774002075335488, -15.03299999255557, 0.0 ], [ -172.602005004627188, -15.15100002293269, 0.0 ], [ -172.427993774493103, -15.373000144940701, 0.0 ], [ -172.35499572757081, -15.560999869947979, 0.0 ], [ -172.330993652235207, -15.732000350635641, 0.0 ], [ -172.300003051399699, -16.04100036577421, 0.0 ], [ -172.30700683569691, -16.33200073254773, 0.0 ], [ -172.311004638753104, -16.715999603598789, 0.0 ], [ -172.335006714088593, -16.962999344244281, 0.0 ], [ -172.373992920137113, -17.270999908618819, 0.0 ], [ -172.445007324328486, -17.67700004601528, 0.0 ], [ -172.539993286261108, -17.934999465652769, 0.0 ], [ -172.591003418173187, -18.152000427277869, 0.0 ], [ -172.697998047172092, -18.482999801299741, 0.0 ], [ -172.785995483604694, -18.777000426928112, 0.0 ], [ -172.87399292003721, -19.070999145094451, 0.0 ], [ -172.970001220479901, -19.461000442216569, 0.0 ], [ -173.052993774143403, -19.778999328256361, 0.0 ], [ -173.218002319351513, -20.20400047314325, 0.0 ], [ -173.402999878041896, -20.586000442666261, 0.0 ], [ -173.550994873414709, -20.89299964881468, 0.0 ], [ -173.703002929741388, -21.247999191609381, 0.0 ], [ -173.817993163953304, -21.525999069501442, 0.0 ], [ -173.951995849528799, -21.91500091585954, 0.0 ], [ -174.1390075685444, -22.29000091511011, 0.0 ], [ -174.322998046622502, -22.6170005795131, 0.0 ], [ -174.488998412746497, -22.90600013729647, 0.0 ], [ -174.662994384982909, -23.22100067104407, 0.0 ], [ -174.841995239088988, -23.513000488581611, 0.0 ], [ -174.985000610489806, -23.75000000009987, 0.0 ] ] ] } },
{ "type": "Feature", "properties": { "Name": "Pacific:Australian", "Description": "<html xmlns:fo=\"http://www.w3.org/1999/XSL/Format\" xmlns:msxsl=\"urn:schemas-microsoft-com:xslt\">\n<head>\n<META http-equiv=\"Content-Type\" content=\"text/html\">\n<meta http-equiv=\"content-type\" content=\"text/html; charset=UTF-8\">\n</head>\n<body style=\"margin:0px 0px 0px 0px;overflow:auto;background:#FFFFFF;\">\n<table style=\"font-family:Arial,Verdana,Times;font-size:12px;text-align:left;width:100%;border-collapse:collapse;padding:3px 3px 3px 3px\">\n<tr style=\"text-align:center;font-weight:bold;background:#9CBCE2\">\n<td>Pacific:Australian</td>\n</tr>\n<tr>\n<td>\n<table style=\"font-family:Arial,Verdana,Times;font-size:12px;text-align:left;width:100%;border-spacing:0px; padding:3px 3px 3px 3px\">\n<tr>\n<td>NAME</td>\n<td>Pacific:Australian</td>\n</tr>\n<tr bgcolor=\"#D4E4F3\">\n<td>LABEL</td>\n<td>Convergent Boundary</td>\n</tr>\n</table>\n</td>\n</tr>\n</table>\n</body>\n</html>", "LABEL": "Convergent Boundary" }, "geometry": { "type": "MultiLineString", "coordinates": [ [ [ -174.985000610489806, -23.75000000009987, 0.0 ], [ -175.102005005026911, -24.069999695129809, 0.0 ], [ -175.208999634025901, -24.472000122007959, 0.0 ], [ -175.229003906305195, -24.836000442266538, 0.0 ], [ -175.261001586853695, -25.14200019855031, 0.0 ], [ -175.296997070458389, -25.426000595051391, 0.0 ], [ -175.382003784447107, -25.729000091580929, 0.0 ], [ -175.414993285911407, -26.02499961873735, 0.0 ], [ -175.423004150820901, -26.437000274742839, 0.0 ], [ -175.507449742711401, -26.906948964423119, 0.0 ], [ -175.644426152644797, -27.329620267161548, 0.0 ], [ -175.785003662089309, -27.78400039630122, 0.0 ], [ -175.884994506791003, -28.263999938846041, 0.0 ], [ -175.99499511703101, -28.697000503870129, 0.0 ], [ -176.078002929491589, -29.06500053374759, 0.0 ], [ -176.193051832775808, -29.473841755392641, 0.0 ], [ -176.373342982892297, -29.88202946758582, 0.0 ], [ -176.571233551587113, -30.235361013499929, 0.0 ], [ -176.737304078320506, -30.69897348563779, 0.0 ], [ -176.919006347464887, -31.03700065585554, 0.0 ], [ -177.108001709211493, -31.45199966415311, 0.0 ], [ -177.300994873114888, -31.792999267302321, 0.0 ], [ -177.420028919698893, -32.013244438779793, 0.0 ], [ -177.527355241151412, -32.346339630669377, 0.0 ], [ -177.66600036652369, -32.69599914574394, 0.0 ], [ -177.809997558840308, -33.191001891823817, 0.0 ], [ -177.981002807733404, -33.578998565931052, 0.0 ], [ -178.170158040161397, -33.859369310345357, 0.0 ], [ -178.294006347415007, -34.241001128898922, 0.0 ], [ -178.412994384683088, -34.48500061068961, 0.0 ], [ -178.539001465045487, -34.706001281933602, 0.0 ], [ -178.773193080895908, -35.143961821181051, 0.0 ], [ -178.945708507341692, -35.641281357548557, 0.0 ], [ -179.195270148498508, -36.244685260616222, 0.0 ], [ -179.759045748462512, -37.062276473980042, 0.0 ] ] ] } },
{ "type": "Feature", "properties": { "Name": "Pacific:Australian", "Description": "<html xmlns:fo=\"http://www.w3.org/1999/XSL/Format\" xmlns:msxsl=\"urn:schemas-microsoft-com:xslt\">\n<head>\n<META http-equiv=\"Content-Type\" content=\"text/html\">\n<meta http-equiv=\"content-type\" content=\"text/html; charset=UTF-8\">\n</head>\n<body style=\"margin:0px 0px 0px 0px;overflow:auto;background:#FFFFFF;\">\n<table style=\"font-family:Arial,Verdana,Times;font-size:12px;text-align:left;width:100%;border-collapse:collapse;padding:3px 3px 3px 3px\">\n<tr style=\"text-align:center;font-weight:bold;background:#9CBCE2\">\n<td>Pacific:Australian</td>\n</tr>\n<tr>\n<td>\n<table style=\"font-family:Arial,Verdana,Times;font-size:12px;text-align:left;width:100%;border-spacing:0px; padding:3px 3px 3px 3px\">\n<tr>\n<td>NAME</td>\n<td>Pacific:Australian</td>\n</tr>\n<tr bgcolor=\"#D4E4F3\">\n<td>LABEL</td>\n<td>Convergent Boundary</td>\n</tr>\n</table>\n</td>\n</tr>\n</table>\n</body>\n</html>", "LABEL": "Convergent Boundary" }, "geometry": { "type": "MultiLineString", "coordinates": [ [ [ 180.000000000099988, -37.404451181676677, 0.0 ], [ 179.569000244066103, -38.203998565681218, 0.0 ], [ 179.365997314624508, -38.53799819945732, 0.0 ], [ 179.214996338010707, -38.888999939195799, 0.0 ], [ 179.125000000049994, -39.229999542344963, 0.0 ], [ 178.949996948100789, -39.685001373714393, 0.0 ], [ 178.792007445986911, -40.087001800592589, 0.0 ], [ 178.565994263024891, -40.423999786660772, 0.0 ], [ 178.283996582076696, -40.806999206947808, 0.0 ], [ 178.01499939000999, -41.187999725706732, 0.0 ], [ 177.606994628699198, -41.499999999700208, 0.0 ], [ 177.123001098921691, -41.657001494923009, 0.0 ], [ 176.67300415032139, -41.756000518708902, 0.0 ], [ 175.690997229338706, -42.040834643404033, 0.0 ], [ 174.593298422184489, -42.154570639023753, 0.0 ] ], [ [ -179.813351714010395, -37.058200060284491, 0.0 ], [ -179.999999999900012, -37.404451181676677, 0.0 ] ] ] } },
{ "type": "Feature", "properties": { "Name": "South American:Nazca", "Description": "<html xmlns:fo=\"http://www.w3.org/1999/XSL/Format\" xmlns:msxsl=\"urn:schemas-microsoft-com:xslt\">\n<head>\n<META http-equiv=\"Content-Type\" content=\"text/html\">\n<meta http-equiv=\"content-type\" content=\"text/html; charset=UTF-8\">\n</head>\n<body style=\"margin:0px 0px 0px 0px;overflow:auto;background:#FFFFFF;\">\n<table style=\"font-family:Arial,Verdana,Times;font-size:12px;text-align:left;width:100%;border-collapse:collapse;padding:3px 3px 3px 3px\">\n<tr style=\"text-align:center;font-weight:bold;background:#9CBCE2\">\n<td>South American:Nazca</td>\n</tr>\n<tr>\n<td>\n<table style=\"font-family:Arial,Verdana,Times;font-size:12px;text-align:left;width:100%;border-spacing:0px; padding:3px 3px 3px 3px\">\n<tr>\n<td>NAME</td>\n<td>South American:Nazca</td>\n</tr>\n<tr bgcolor=\"#D4E4F3\">\n<td>LABEL</td>\n<td>Convergent Boundary</td>\n</tr>\n</table>\n</td>\n</tr>\n</table>\n</body>\n</html>", "LABEL": "Convergent Boundary" }, "geometry": { "type": "MultiLineString", "coordinates": [ [ [ -76.0059967036849, -45.659000396550987, 0.0 ], [ -75.820999145893836, -44.84899902328624, 0.0 ], [ -75.781997681048097, -44.050998688138918, 0.0 ], [ -75.632003784147287, -43.647998809597368, 0.0 ], [ -75.557998657511973, -42.972000121908081, 0.0 ], [ -75.402000427078008, -42.284999847764709, 0.0 ], [ -75.397003174157135, -41.826000213339107, 0.0 ], [ -75.391998291388006, -41.367000579812839, 0.0 ], [ -75.18900299089529, -40.862998962831853, 0.0 ], [ -75.19499969458019, -40.359001159875561, 0.0 ], [ -75.127998352242116, -39.812999725756697, 0.0 ], [ -75.149002075285523, -39.563999176121058, 0.0 ], [ -74.987998962082372, -39.068000793301913, 0.0 ], [ -74.835998535603892, -38.541999816538237, 0.0 ], [ -74.654998779070354, -38.138000488131979, 0.0 ], [ -74.596000671793547, -37.562999725756697, 0.0 ], [ -74.442001342887636, -36.724998474100232, 0.0 ], [ -74.262001038017445, -36.165000915260009, 0.0 ], [ -73.89700317355755, -35.577999114767287, 0.0 ], [ -73.675003051549538, -34.888000488331841, 0.0 ], [ -73.246002197043708, -34.290000915409848, 0.0 ], [ -72.938003540131206, -33.837001800492658, 0.0 ], [ -72.861000061203811, -33.359001159475902, 0.0 ], [ -72.888999938696202, -32.742000579962742, 0.0 ], [ -72.762001037417917, -32.31900024406599, 0.0 ], [ -72.678001404041538, -31.531000137146581, 0.0 ], [ -72.617996216152392, -30.965000152235181, 0.0 ], [ -72.599998474350059, -30.190000534197232, 0.0 ], [ -72.5550003049201, -29.535999297929209, 0.0 ], [ -72.432998657462008, -28.90099906915168, 0.0 ], [ -72.169998169080202, -28.277999877592212, 0.0 ], [ -71.958000182762191, -27.75499916058277, 0.0 ], [ -71.847000121758185, -27.247999191309589, 0.0 ], [ -71.752998351792485, -26.6520004273778, 0.0 ], [ -71.627998352042255, -25.840000152584938, 0.0 ], [ -71.524002075335488, -25.09300041203932, 0.0 ], [ -71.466003417923332, -24.26300048798208, 0.0 ], [ -71.389999389759964, -23.52300071680958, 0.0 ], [ -71.347999572622143, -22.757999420436882, 0.0 ], [ -71.306999206248349, -21.965000152235181, 0.0 ] ] ] } },
{ "type": "Feature", "properties": { "Name": "Pacific:Australian", "Description": "<html xmlns:fo=\"http://www.w3.org/1999/XSL/Format\" xmlns:msxsl=\"urn:schemas-microsoft-com:xslt\">\n<head>\n<META http-equiv=\"Content-Type\" content=\"text/html\">\n<meta http-equiv=\"content-type\" content=\"text/html; charset=UTF-8\">\n</head>\n<body style=\"margin:0px 0px 0px 0px;overflow:auto;background:#FFFFFF;\">\n<table style=\"font-family:Arial,Verdana,Times;font-size:12px;text-align:left;width:100%;border-collapse:collapse;padding:3px 3px 3px 3px\">\n<tr style=\"text-align:center;font-weight:bold;background:#9CBCE2\">\n<td>Pacific:Australian</td>\n</tr>\n<tr>\n<td>\n<table style=\"font-family:Arial,Verdana,Times;font-size:12px;text-align:left;width:100%;border-spacing:0px; padding:3px 3px 3px 3px\">\n<tr>\n<td>NAME</td>\n<td>Pacific:Australian</td>\n</tr>\n<tr bgcolor=\"#D4E4F3\">\n<td>LABEL</td>\n<td>Convergent Boundary</td>\n</tr>\n</table>\n</td>\n</tr>\n</table>\n</body>\n</html>", "LABEL": "Convergent Boundary" }, "geometry": { "type": "MultiLineString", "coordinates": [ [ [ 163.235000610789598, -50.07899856533146, 0.0 ], [ 163.2960052494428, -49.985000610289887, 0.0 ], [ 163.412002563367707, -49.847000121658262, 0.0 ], [ 163.447998046972288, -49.761001586753757, 0.0 ], [ 163.544998169230212, -49.573001861746491, 0.0 ], [ 163.740005493458909, -49.321998596557933, 0.0 ], [ 163.867996215652909, -49.11600112884895, 0.0 ], [ 163.964004516994891, -48.916999816488271, 0.0 ], [ 164.130004883118886, -48.742000579463138, 0.0 ], [ 164.214996338310499, -48.591999053613392, 0.0 ], [ 164.287002563417701, -48.429000854705642, 0.0 ], [ 164.309005737225107, -48.273998260111568, 0.0 ], [ 164.389007568444612, -48.201999663953302, 0.0 ], [ 164.397994995472686, -48.058998107476611, 0.0 ], [ 164.483001708562, -47.919998168980271, 0.0 ], [ 164.479995727321011, -47.758998870701312, 0.0 ], [ 164.527999877991988, -47.65800094628662, 0.0 ], [ 164.651000976214192, -47.520999908419007, 0.0 ], [ 164.699005126885112, -47.44400024441569, 0.0 ], [ 164.738998412646708, -47.256000518509097, 0.0 ], [ 164.837997436432602, -47.147998809797173, 0.0 ], [ 164.923004150421292, -47.011001586853702, 0.0 ], [ 164.942993163903509, -46.783000946236662, 0.0 ], [ 165.020996093594903, -46.601001739838352, 0.0 ], [ 165.16799926715251, -46.404998778870493, 0.0 ], [ 165.427001953377498, -46.189998627134912, 0.0 ], [ 165.73300170876189, -46.064998626485362, 0.0 ], [ 165.9199981689803, -45.95800018346165, 0.0 ], [ 166.018997192766307, -45.887001037168091, 0.0 ], [ 166.205001831169596, -45.736000061453637, 0.0 ], [ 166.390757408627593, -45.594400348397301, 0.0 ], [ 166.648773550259193, -45.383377803642702, 0.0 ], [ 166.9696383580239, -45.231870820781687, 0.0 ] ] ] } },
{ "type": "Feature", "properties": { "Name": "Antarctica:South American", "Description": "<html xmlns:fo=\"http://www.w3.org/1999/XSL/Format\" xmlns:msxsl=\"urn:schemas-microsoft-com:xslt\">\n<head>\n<META http-equiv=\"Content-Type\" content=\"text/html\">\n<meta http-equiv=\"content-type\" content=\"text/html; charset=UTF-8\">\n</head>\n<body style=\"margin:0px 0px 0px 0px;overflow:auto;background:#FFFFFF;\">\n<table style=\"font-family:Arial,Verdana,Times;font-size:12px;text-align:left;width:100%;border-collapse:collapse;padding:3px 3px 3px 3px\">\n<tr style=\"text-align:center;font-weight:bold;background:#9CBCE2\">\n<td>Antarctica:South American</td>\n</tr>\n<tr>\n<td>\n<table style=\"font-family:Arial,Verdana,Times;font-size:12px;text-align:left;width:100%;border-spacing:0px; padding:3px 3px 3px 3px\">\n<tr>\n<td>NAME</td>\n<td>Antarctica:South American</td>\n</tr>\n<tr bgcolor=\"#D4E4F3\">\n<td>LABEL</td>\n<td>Convergent Boundary</td>\n</tr>\n</table>\n</td>\n</tr>\n</table>\n</body>\n</html>", "LABEL": "Convergent Boundary" }, "geometry": { "type": "MultiLineString", "coordinates": [ [ [ -76.483001708861764, -52.068000793401843, 0.0 ], [ -76.62599945041427, -51.376998901278228, 0.0 ], [ -76.757003784596918, -50.729000091980602, 0.0 ], [ -76.98999786411008, -49.845001221029463, 0.0 ], [ -77.024002075135627, -49.192001342987567, 0.0 ], [ -76.925003051349677, -48.506999969472993, 0.0 ], [ -76.650001525749758, -47.875000000449631, 0.0 ], [ -76.320999145793905, -47.478000640517109, 0.0 ], [ -75.997001647707862, -47.08000183071988, 0.0 ], [ -75.958000182862122, -46.422000884832933, 0.0 ], [ -76.0059967036849, -45.659000396550987, 0.0 ] ] ] } },
{ "type": "Feature", "properties": { "Name": "Antarctica:Scotia", "Description": "<html xmlns:fo=\"http://www.w3.org/1999/XSL/Format\" xmlns:msxsl=\"urn:schemas-microsoft-com:xslt\">\n<head>\n<META http-equiv=\"Content-Type\" content=\"text/html\">\n<meta http-equiv=\"content-type\" content=\"text/html; charset=UTF-8\">\n</head>\n<body style=\"margin:0px 0px 0px 0px;overflow:auto;background:#FFFFFF;\">\n<table style=\"font-family:Arial,Verdana,Times;font-size:12px;text-align:left;width:100%;border-collapse:collapse;padding:3px 3px 3px 3px\">\n<tr style=\"text-align:center;font-weight:bold;background:#9CBCE2\">\n<td>Antarctica:Scotia</td>\n</tr>\n<tr>\n<td>\n<table style=\"font-family:Arial,Verdana,Times;font-size:12px;text-align:left;width:100%;border-spacing:0px; padding:3px 3px 3px 3px\">\n<tr>\n<td>NAME</td>\n<td>Antarctica:Scotia</td>\n</tr>\n<tr bgcolor=\"#D4E4F3\">\n<td>LABEL</td>\n<td>Convergent Boundary</td>\n</tr>\n</table>\n</td>\n</tr>\n</table>\n</body>\n</html>", "LABEL": "Convergent Boundary" }, "geometry": { "type": "MultiLineString", "coordinates": [ [ [ -64.616996765188503, -57.958999633626149, 0.0 ], [ -65.866996765388365, -57.73600006085411, 0.0 ], [ -67.101997375178655, -57.501998901627992, 0.0 ], [ -68.097000122057921, -57.071998596358071, 0.0 ], [ -69.2559967036849, -56.852001189902978, 0.0 ], [ -70.401000976413911, -56.62200164775777, 0.0 ], [ -71.547996520822721, -56.255001067745013, 0.0 ], [ -72.277000427028042, -55.962001800342762, 0.0 ], [ -72.995002746779278, -55.665000915859537, 0.0 ], [ -73.480003357169153, -55.359001159575833, 0.0 ], [ -74.120002746329646, -55.004001617680437, 0.0 ], [ -74.749000549036055, -54.645000457804827, 0.0 ], [ -75.238998413246122, -54.293998718066348, 0.0 ], [ -75.720001220579832, -53.941001891723893, 0.0 ], [ -76.019996643330387, -53.435001373214789, 0.0 ], [ -76.311996459968611, -52.929000854705642, 0.0 ], [ -76.483001708861764, -52.068000793401843, 0.0 ] ] ] } },
{ "type": "Feature", "properties": { "Name": "South America:Scotia", "Description": "<html xmlns:fo=\"http://www.w3.org/1999/XSL/Format\" xmlns:msxsl=\"urn:schemas-microsoft-com:xslt\">\n<head>\n<META http-equiv=\"Content-Type\" content=\"text/html\">\n<meta http-equiv=\"content-type\" content=\"text/html; charset=UTF-8\">\n</head>\n<body style=\"margin:0px 0px 0px 0px;overflow:auto;background:#FFFFFF;\">\n<table style=\"font-family:Arial,Verdana,Times;font-size:12px;text-align:left;width:100%;border-collapse:collapse;padding:3px 3px 3px 3px\">\n<tr style=\"text-align:center;font-weight:bold;background:#9CBCE2\">\n<td>South America:Scotia</td>\n</tr>\n<tr>\n<td>\n<table style=\"font-family:Arial,Verdana,Times;font-size:12px;text-align:left;width:100%;border-spacing:0px; padding:3px 3px 3px 3px\">\n<tr>\n<td>NAME</td>\n<td>South America:Scotia</td>\n</tr>\n<tr bgcolor=\"#D4E4F3\">\n<td>LABEL</td>\n<td>Convergent Boundary</td>\n</tr>\n</table>\n</td>\n</tr>\n</table>\n</body>\n</html>", "LABEL": "Convergent Boundary" }, "geometry": { "type": "MultiLineString", "coordinates": [ [ [ -28.64699935913308, -55.005001068444528, 0.0 ], [ -27.604000091431029, -55.095001220429943, 0.0 ], [ -26.9950008395171, -55.231998443373413, 0.0 ], [ -26.413999557633421, -55.423999786361037, 0.0 ], [ -25.72100067144379, -55.840000152884727, 0.0 ], [ -25.149000167923361, -56.29199981703789, 0.0 ], [ -24.695999145544079, -56.73400115952586, 0.0 ], [ -24.232999801499599, -57.173999786460911, 0.0 ], [ -24.129999160632739, -57.424999236725341, 0.0 ], [ -23.819000243966059, -58.194999694380328, 0.0 ], [ -23.990999222136342, -58.92100143426876, 0.0 ], [ -24.455999374271641, -59.386001587303383, 0.0 ], [ -25.06900024416586, -59.97299957287197, 0.0 ], [ -26.07099914549411, -60.390998840024402, 0.0 ] ] ] } },
{ "type": "Feature", "properties": { "Name": "Philippine:Sunda", "Description": "<html xmlns:fo=\"http://www.w3.org/1999/XSL/Format\" xmlns:msxsl=\"urn:schemas-microsoft-com:xslt\">\n<head>\n<META http-equiv=\"Content-Type\" content=\"text/html\">\n<meta http-equiv=\"content-type\" content=\"text/html; charset=UTF-8\">\n</head>\n<body style=\"margin:0px 0px 0px 0px;overflow:auto;background:#FFFFFF;\">\n<table style=\"font-family:Arial,Verdana,Times;font-size:12px;text-align:left;width:100%;border-collapse:collapse;padding:3px 3px 3px 3px\">\n<tr style=\"text-align:center;font-weight:bold;background:#9CBCE2\">\n<td>Philippine:Sunda</td>\n</tr>\n<tr>\n<td>\n<table style=\"font-family:Arial,Verdana,Times;font-size:12px;text-align:left;width:100%;border-spacing:0px; padding:3px 3px 3px 3px\">\n<tr>\n<td>NAME</td>\n<td>Philippine:Sunda</td>\n</tr>\n<tr bgcolor=\"#D4E4F3\">\n<td>LABEL</td>\n<td>Convergent Boundary</td>\n</tr>\n</table>\n</td>\n</tr>\n</table>\n</body>\n</html>", "LABEL": "Convergent Boundary" }, "geometry": { "type": "MultiLineString", "coordinates": [ [ [ 128.429624643762395, -2.069467789207067, 0.0 ], [ 129.303527606713686, -2.199321749299259, 0.0 ], [ 130.151452960785605, -2.302160294561872, 0.0 ], [ 130.628890136970313, -2.477205432984306, 0.0 ], [ 131.106310208948997, -2.651250267186015, 0.0 ], [ 131.531822229911995, -2.932431224321476, 0.0 ], [ 132.372728145187807, -3.533133654794312, 0.0 ] ] ] } },
{ "type": "Feature", "properties": { "Name": "Eurasian:Arabian", "Description": "<html xmlns:fo=\"http://www.w3.org/1999/XSL/Format\" xmlns:msxsl=\"urn:schemas-microsoft-com:xslt\">\n<head>\n<META http-equiv=\"Content-Type\" content=\"text/html\">\n<meta http-equiv=\"content-type\" content=\"text/html; charset=UTF-8\">\n</head>\n<body style=\"margin:0px 0px 0px 0px;overflow:auto;background:#FFFFFF;\">\n<table style=\"font-family:Arial,Verdana,Times;font-size:12px;text-align:left;width:100%;border-collapse:collapse;padding:3px 3px 3px 3px\">\n<tr style=\"text-align:center;font-weight:bold;background:#9CBCE2\">\n<td>Eurasian:Arabian</td>\n</tr>\n<tr>\n<td>\n<table style=\"font-family:Arial,Verdana,Times;font-size:12px;text-align:left;width:100%;border-spacing:0px; padding:3px 3px 3px 3px\">\n<tr>\n<td>NAME</td>\n<td>Eurasian:Arabian</td>\n</tr>\n<tr bgcolor=\"#D4E4F3\">\n<td>LABEL</td>\n<td>Convergent Boundary</td>\n</tr>\n</table>\n</td>\n</tr>\n</table>\n</body>\n</html>", "LABEL": "Convergent Boundary" }, "geometry": { "type": "MultiLineString", "coordinates": [ [ [ 65.027999878091975, 24.3819999693232, 0.0 ], [ 64.16100311310322, 24.350000381312611, 0.0 ], [ 63.366001129348717, 24.284999847065372, 0.0 ], [ 62.581001282183479, 24.283000946436569, 0.0 ], [ 61.955001830869833, 24.086999892930749, 0.0 ], [ 61.365001678085036, 24.121999740695511, 0.0 ], [ 60.86999893200516, 24.177000045815529, 0.0 ], [ 60.374000549186057, 24.23200035093549, 0.0 ], [ 59.603000640766993, 24.311000823928911, 0.0 ], [ 58.715999603498972, 24.363000870194071, 0.0 ], [ 58.117095815319658, 24.417200325434749, 0.0 ], [ 57.83200073254784, 24.443000793052189, 0.0 ] ] ] } },
{ "type": "Feature", "properties": { "Name": "Philippine:Sunda", "Description": "<html xmlns:fo=\"http://www.w3.org/1999/XSL/Format\" xmlns:msxsl=\"urn:schemas-microsoft-com:xslt\">\n<head>\n<META http-equiv=\"Content-Type\" content=\"text/html\">\n<meta http-equiv=\"content-type\" content=\"text/html; charset=UTF-8\">\n</head>\n<body style=\"margin:0px 0px 0px 0px;overflow:auto;background:#FFFFFF;\">\n<table style=\"font-family:Arial,Verdana,Times;font-size:12px;text-align:left;width:100%;border-collapse:collapse;padding:3px 3px 3px 3px\">\n<tr style=\"text-align:center;font-weight:bold;background:#9CBCE2\">\n<td>Philippine:Sunda</td>\n</tr>\n<tr>\n<td>\n<table style=\"font-family:Arial,Verdana,Times;font-size:12px;text-align:left;width:100%;border-spacing:0px; padding:3px 3px 3px 3px\">\n<tr>\n<td>NAME</td>\n<td>Philippine:Sunda</td>\n</tr>\n<tr bgcolor=\"#D4E4F3\">\n<td>LABEL</td>\n<td>Convergent Boundary</td>\n</tr>\n</table>\n</td>\n</tr>\n</table>\n</body>\n</html>", "LABEL": "Convergent Boundary" }, "geometry": { "type": "MultiLineString", "coordinates": [ [ [ 119.267068118998495, 16.64074415062208, 0.0 ], [ 119.271645343557793, 17.0432659639531, 0.0 ], [ 119.279622571124804, 17.41995714190864, 0.0 ], [ 119.399552957603007, 18.024250596787681, 0.0 ], [ 119.640849418166198, 18.422390824077301, 0.0 ], [ 119.997947109871205, 18.918832239916011, 0.0 ], [ 120.174957691444305, 19.254612230969709, 0.0 ], [ 120.308937223074395, 19.735988229972861, 0.0 ], [ 120.328377500821006, 20.117748540962449, 0.0 ], [ 120.309964311803597, 20.460600260094001, 0.0 ], [ 120.281865504389501, 20.81022827191725, 0.0 ], [ 120.3141384818056, 21.225573531793088, 0.0 ], [ 120.419457136937396, 21.548585587854632, 0.0 ] ] ] } },
{ "type": "Feature", "properties": { "Name": "Eurasian:Philippine", "Description": "<html xmlns:fo=\"http://www.w3.org/1999/XSL/Format\" xmlns:msxsl=\"urn:schemas-microsoft-com:xslt\">\n<head>\n<META http-equiv=\"Content-Type\" content=\"text/html\">\n<meta http-equiv=\"content-type\" content=\"text/html; charset=UTF-8\">\n</head>\n<body style=\"margin:0px 0px 0px 0px;overflow:auto;background:#FFFFFF;\">\n<table style=\"font-family:Arial,Verdana,Times;font-size:12px;text-align:left;width:100%;border-collapse:collapse;padding:3px 3px 3px 3px\">\n<tr style=\"text-align:center;font-weight:bold;background:#9CBCE2\">\n<td>Eurasian:Philippine</td>\n</tr>\n<tr>\n<td>\n<table style=\"font-family:Arial,Verdana,Times;font-size:12px;text-align:left;width:100%;border-spacing:0px; padding:3px 3px 3px 3px\">\n<tr>\n<td>NAME</td>\n<td>Eurasian:Philippine</td>\n</tr>\n<tr bgcolor=\"#D4E4F3\">\n<td>LABEL</td>\n<td>Convergent Boundary</td>\n</tr>\n</table>\n</td>\n</tr>\n</table>\n</body>\n</html>", "LABEL": "Convergent Boundary" }, "geometry": { "type": "MultiLineString", "coordinates": [ [ [ 122.876134427362004, 16.96314407863639, 0.0 ], [ 122.889527392974898, 16.60778695910091, 0.0 ], [ 122.884366806982598, 16.442404684428709, 0.0 ], [ 122.825795366862707, 16.227279119535812, 0.0 ], [ 122.743878836739, 16.036941138322899, 0.0 ], [ 122.602674691383996, 15.861997232086649, 0.0 ] ] ] } },
{ "type": "Feature", "properties": { "Name": "Cocos:Caribbean", "Description": "<html xmlns:fo=\"http://www.w3.org/1999/XSL/Format\" xmlns:msxsl=\"urn:schemas-microsoft-com:xslt\">\n<head>\n<META http-equiv=\"Content-Type\" content=\"text/html\">\n<meta http-equiv=\"content-type\" content=\"text/html; charset=UTF-8\">\n</head>\n<body style=\"margin:0px 0px 0px 0px;overflow:auto;background:#FFFFFF;\">\n<table style=\"font-family:Arial,Verdana,Times;font-size:12px;text-align:left;width:100%;border-collapse:collapse;padding:3px 3px 3px 3px\">\n<tr style=\"text-align:center;font-weight:bold;background:#9CBCE2\">\n<td>Cocos:Caribbean</td>\n</tr>\n<tr>\n<td>\n<table style=\"font-family:Arial,Verdana,Times;font-size:12px;text-align:left;width:100%;border-spacing:0px; padding:3px 3px 3px 3px\">\n<tr>\n<td>NAME</td>\n<td>Cocos:Caribbean</td>\n</tr>\n<tr bgcolor=\"#D4E4F3\">\n<td>LABEL</td>\n<td>Convergent Boundary</td>\n</tr>\n</table>\n</td>\n</tr>\n</table>\n</body>\n</html>", "LABEL": "Convergent Boundary" }, "geometry": { "type": "MultiLineString", "coordinates": [ [ [ -82.660249375708077, 7.312399362140923, 0.0 ], [ -82.768216311233743, 7.310428658855585, 0.0 ], [ -82.823643755654757, 7.336294799465463, 0.0 ], [ -82.874999999750173, 7.366000175567706, 0.0 ] ] ] } },
{ "type": "Feature", "properties": { "Name": "Africa:Eurasia", "Description": "<html xmlns:fo=\"http://www.w3.org/1999/XSL/Format\" xmlns:msxsl=\"urn:schemas-microsoft-com:xslt\">\n<head>\n<META http-equiv=\"Content-Type\" content=\"text/html\">\n<meta http-equiv=\"content-type\" content=\"text/html; charset=UTF-8\">\n</head>\n<body style=\"margin:0px 0px 0px 0px;overflow:auto;background:#FFFFFF;\">\n<table style=\"font-family:Arial,Verdana,Times;font-size:12px;text-align:left;width:100%;border-collapse:collapse;padding:3px 3px 3px 3px\">\n<tr style=\"text-align:center;font-weight:bold;background:#9CBCE2\">\n<td>Africa:Eurasia</td>\n</tr>\n<tr>\n<td>\n<table style=\"font-family:Arial,Verdana,Times;font-size:12px;text-align:left;width:100%;border-spacing:0px; padding:3px 3px 3px 3px\">\n<tr>\n<td>NAME</td>\n<td>Africa:Eurasia</td>\n</tr>\n<tr bgcolor=\"#D4E4F3\">\n<td>LABEL</td>\n<td>Convergent Boundary</td>\n</tr>\n</table>\n</td>\n</tr>\n</table>\n</body>\n</html>", "LABEL": "Convergent Boundary" }, "geometry": { "type": "MultiLineString", "coordinates": [ [ [ 12.47064290914301, 37.665571135699402, 0.0 ], [ 11.128626902309749, 37.265821686721502, 0.0 ], [ 10.186360343555069, 36.851795471483847, 0.0 ], [ 8.387487823604204, 36.323555127966813, 0.0 ], [ 6.631445601533358, 35.738207721209392, 0.0 ], [ 4.932510442702835, 35.42411886799141, 0.0 ], [ 3.833199458688114, 35.438395634251151, 0.0 ], [ 2.648227877114891, 35.395565336371249, 0.0 ], [ 1.20627450826197, 35.324181505971751, 0.0 ], [ -0.521214182188714, 35.30990473971201, 0.0 ], [ -1.320713080144458, 35.381288570111451, 0.0 ] ] ] } },
{ "type": "Feature", "properties": { "Name": "Eurasian:Indian", "Description": "<html xmlns:fo=\"http://www.w3.org/1999/XSL/Format\" xmlns:msxsl=\"urn:schemas-microsoft-com:xslt\">\n<head>\n<META http-equiv=\"Content-Type\" content=\"text/html\">\n<meta http-equiv=\"content-type\" content=\"text/html; charset=UTF-8\">\n</head>\n<body style=\"margin:0px 0px 0px 0px;overflow:auto;background:#FFFFFF;\">\n<table style=\"font-family:Arial,Verdana,Times;font-size:12px;text-align:left;width:100%;border-collapse:collapse;padding:3px 3px 3px 3px\">\n<tr style=\"text-align:center;font-weight:bold;background:#9CBCE2\">\n<td>Eurasian:Indian</td>\n</tr>\n<tr>\n<td>\n<table style=\"font-family:Arial,Verdana,Times;font-size:12px;text-align:left;width:100%;border-spacing:0px; padding:3px 3px 3px 3px\">\n<tr>\n<td>NAME</td>\n<td>Eurasian:Indian</td>\n</tr>\n<tr bgcolor=\"#D4E4F3\">\n<td>LABEL</td>\n<td>Convergent Boundary</td>\n</tr>\n</table>\n</td>\n</tr>\n</table>\n</body>\n</html>", "LABEL": "Convergent Boundary" }, "geometry": { "type": "MultiLineString", "coordinates": [ [ [ 72.021415320360802, 32.41089290618271, 0.0 ], [ 71.831436613808762, 32.498575385645609, 0.0 ], [ 71.703566331521017, 32.637405979102709, 0.0 ], [ 71.637804471699042, 32.721435022108608, 0.0 ], [ 71.564735738063916, 32.936987784758507, 0.0 ], [ 71.528201371696014, 33.19272835023321, 0.0 ], [ 71.504487204421025, 33.136445098362628, 0.0 ], [ 71.461740993152375, 33.136445098362628, 0.0 ], [ 71.402553931119087, 33.106851567345977, 0.0 ], [ 71.356519548438484, 33.070681696203387, 0.0 ], [ 71.320349677295837, 33.07725803632934, 0.0 ], [ 71.264450784875862, 33.044376334800063, 0.0 ], [ 71.188822872077935, 32.991765612892777, 0.0 ], [ 71.162517511573981, 32.929290380346799, 0.0 ], [ 71.132923979658017, 32.830645276658231, 0.0 ], [ 71.123059469918644, 32.662948600297739, 0.0 ], [ 71.1789583614393, 32.547862645844482, 0.0 ], [ 71.113194959280008, 32.459082051895223, 0.0 ], [ 71.021126195717443, 32.393318649735932, 0.0 ], [ 70.869870370121532, 32.347284267954649, 0.0 ], [ 70.748208074643003, 32.281520864896038, 0.0 ], [ 70.595306201020435, 32.373889953458622, 0.0 ], [ 70.56279002174216, 32.418019053136852, 0.0 ], [ 70.537241595423325, 32.457502985374497, 0.0 ], [ 70.490789911125546, 32.499309500433128, 0.0 ], [ 70.474531821486437, 32.499309500433128, 0.0 ], [ 70.448983395167602, 32.478406242454177, 0.0 ], [ 70.444338226827767, 32.449373940554949, 0.0 ], [ 70.428080137188658, 32.420341637756451, 0.0 ], [ 70.396725250669817, 32.397115795157852, 0.0 ], [ 70.368854240630753, 32.378535121798507, 0.0 ], [ 70.33749935321265, 32.357631863819513, 0.0 ], [ 70.322402556332975, 32.336728605840563, 0.0 ], [ 70.295692837254705, 32.294922089882618, 0.0 ], [ 70.202789468659091, 32.277502708383338, 0.0 ], [ 70.187692671779416, 32.241502653524719, 0.0 ], [ 70.138918402862032, 32.206663890526158, 0.0 ], [ 70.098273179663579, 32.188083216267437, 0.0 ], [ 70.087821550224419, 32.16369608180878, 0.0 ], [ 70.111047392822968, 32.114921813790723, 0.0 ], [ 70.147047447681643, 32.027824905395107, 0.0 ], [ 70.180724918819976, 31.965115132357539, 0.0 ], [ 70.209757221618531, 31.90124406656048, 0.0 ], [ 70.22601531125764, 31.806018113345321, 0.0 ], [ 70.22949918773736, 31.743308339408369, 0.0 ], [ 70.237628232556915, 31.677114689891081, 0.0 ], [ 70.265499242596036, 31.615566207814311, 0.0 ], [ 70.301499298353974, 31.544727389957131, 0.0 ], [ 70.354535056947384, 31.36526189122333, 0.0 ], [ 70.414318565549422, 31.24569487311993, 0.0 ], [ 70.436737381724868, 31.036452592113509, 0.0 ], [ 70.444210319850413, 30.834683250131949, 0.0 ], [ 70.503993829351828, 30.580603337673949, 0.0 ], [ 70.496520890326906, 30.32652342431663, 0.0 ], [ 70.332116240771938, 30.05749763470811, 0.0 ], [ 70.167711592116348, 29.825836537526239, 0.0 ], [ 70.033198696862428, 29.377460221212289, 0.0 ], [ 69.891212863482906, 29.10096149257885, 0.0 ], [ 69.786591722530034, 28.921610965873409, 0.0 ], [ 69.779118784404432, 28.7497333781929, 0.0 ], [ 69.554930626247483, 28.570382851487469, 0.0 ], [ 69.308323651915032, 28.555436974336939, 0.0 ], [ 68.949622598504163, 28.719841623891849, 0.0 ], [ 68.47882746601482, 29.0038132906509, 0.0 ], [ 68.314422817359173, 29.15327206305534, 0.0 ], [ 68.239693430707291, 29.392406098362809, 0.0 ], [ 68.194855799255777, 29.57175662506825, 0.0 ], [ 67.993086456374897, 29.698796581297248, 0.0 ], [ 67.791317114393394, 29.661431888870649, 0.0 ], [ 67.544710140060943, 29.474608423140239, 0.0 ], [ 67.469980754308438, 29.145799124929741, 0.0 ], [ 67.469980754308438, 29.026232106826338, 0.0 ], [ 67.380305490506032, 28.846881580120851, 0.0 ], [ 67.298103166627868, 28.68247693056594, 0.0 ], [ 67.320521981903994, 28.510599342885431, 0.0 ], [ 67.380305490506032, 28.36114057048098, 0.0 ], [ 67.380305490506032, 28.219154737101459, 0.0 ], [ 67.484926631458904, 27.875399560841121, 0.0 ], [ 67.50734544763435, 27.651211402684108, 0.0 ], [ 67.357886675229906, 27.42702324452716, 0.0 ], [ 67.342940798079439, 27.150524515893721, 0.0 ], [ 67.342940798079439, 26.933809296761691, 0.0 ], [ 67.283157289477401, 26.679729384303698, 0.0 ], [ 67.37283255238043, 26.455541225247369, 0.0 ], [ 67.529764262910476, 26.35092008519382, 0.0 ], [ 67.701641851490308, 26.26871776041634, 0.0 ], [ 67.903411193471868, 26.096840172735821, 0.0 ], [ 67.933302947772859, 25.910016707005472, 0.0 ], [ 67.94077588679778, 25.685828548848519, 0.0 ], [ 67.94077588679778, 25.439221575415448, 0.0 ], [ 67.851100622995432, 25.252398109685089, 0.0 ], [ 67.597020710537436, 24.983372320076569, 0.0 ] ] ] } },
{ "type": "Feature", "properties": { "Name": "Eurasian:Indian", "Description": "<html xmlns:fo=\"http://www.w3.org/1999/XSL/Format\" xmlns:msxsl=\"urn:schemas-microsoft-com:xslt\">\n<head>\n<META http-equiv=\"Content-Type\" content=\"text/html\">\n<meta http-equiv=\"content-type\" content=\"text/html; charset=UTF-8\">\n</head>\n<body style=\"margin:0px 0px 0px 0px;overflow:auto;background:#FFFFFF;\">\n<table style=\"font-family:Arial,Verdana,Times;font-size:12px;text-align:left;width:100%;border-collapse:collapse;padding:3px 3px 3px 3px\">\n<tr style=\"text-align:center;font-weight:bold;background:#9CBCE2\">\n<td>Eurasian:Indian</td>\n</tr>\n<tr>\n<td>\n<table style=\"font-family:Arial,Verdana,Times;font-size:12px;text-align:left;width:100%;border-spacing:0px; padding:3px 3px 3px 3px\">\n<tr>\n<td>NAME</td>\n<td>Eurasian:Indian</td>\n</tr>\n<tr bgcolor=\"#D4E4F3\">\n<td>LABEL</td>\n<td>Convergent Boundary</td>\n</tr>\n</table>\n</td>\n</tr>\n</table>\n</body>\n</html>", "LABEL": "Convergent Boundary" }, "geometry": { "type": "MultiLineString", "coordinates": [ [ [ 73.238009725268682, 32.728741895022502, 0.0 ], [ 73.135713499078804, 32.717781585651721, 0.0 ], [ 72.971308849523837, 32.648366288473483, 0.0 ], [ 72.77402327095723, 32.666633471657462, 0.0 ], [ 72.719221720506027, 32.644712852016539, 0.0 ], [ 72.576737691491303, 32.597218175378543, 0.0 ], [ 72.456174282117502, 32.546070062283597, 0.0 ], [ 72.33195743538738, 32.505882259458758, 0.0 ], [ 72.182166532559506, 32.40358603326888, 0.0 ], [ 72.021415320360802, 32.41089290618271, 0.0 ] ] ] } },
{ "type": "Feature", "properties": { "Name": "Eurasian:Indian", "Description": "<html xmlns:fo=\"http://www.w3.org/1999/XSL/Format\" xmlns:msxsl=\"urn:schemas-microsoft-com:xslt\">\n<head>\n<META http-equiv=\"Content-Type\" content=\"text/html\">\n<meta http-equiv=\"content-type\" content=\"text/html; charset=UTF-8\">\n</head>\n<body style=\"margin:0px 0px 0px 0px;overflow:auto;background:#FFFFFF;\">\n<table style=\"font-family:Arial,Verdana,Times;font-size:12px;text-align:left;width:100%;border-collapse:collapse;padding:3px 3px 3px 3px\">\n<tr style=\"text-align:center;font-weight:bold;background:#9CBCE2\">\n<td>Eurasian:Indian</td>\n</tr>\n<tr>\n<td>\n<table style=\"font-family:Arial,Verdana,Times;font-size:12px;text-align:left;width:100%;border-spacing:0px; padding:3px 3px 3px 3px\">\n<tr>\n<td>NAME</td>\n<td>Eurasian:Indian</td>\n</tr>\n<tr bgcolor=\"#D4E4F3\">\n<td>LABEL</td>\n<td>Convergent Boundary</td>\n</tr>\n</table>\n</td>\n</tr>\n</table>\n</body>\n</html>", "LABEL": "Convergent Boundary" }, "geometry": { "type": "MultiLineString", "coordinates": [ [ [ 78.532950856396951, 29.783436364696509, 0.0 ], [ 78.378817881040447, 29.80398742837718, 0.0 ], [ 78.234960437973882, 29.855365086229821, 0.0 ], [ 78.070551932126023, 30.00436029499167, 0.0 ], [ 77.97293438121676, 30.096840080205599, 0.0 ], [ 77.870179064612216, 30.173906567434191, 0.0 ], [ 77.814418804484319, 30.20762207359985, 0.0 ], [ 77.773790431882958, 30.232188066126412, 0.0 ], [ 77.649255133417739, 30.307488479110081, 0.0 ], [ 77.531086519727182, 30.307488479110081, 0.0 ], [ 77.412917906036569, 30.410243795714681, 0.0 ], [ 77.212545038522762, 30.45648368787192, 0.0 ], [ 77.2176828042181, 30.5232746437099, 0.0 ], [ 77.150891848380184, 30.600341130938489, 0.0 ], [ 76.95051898176564, 30.677407618167081, 0.0 ], [ 76.811799304394413, 30.749336340599712, 0.0 ], [ 76.703906222094531, 30.898331549361561, 0.0 ], [ 76.585737607504655, 30.918882612142909, 0.0 ], [ 76.447017930133427, 31.01136239735678, 0.0 ], [ 76.318573785052195, 31.134668777642052, 0.0 ], [ 76.215818468447594, 31.232286327651931, 0.0 ], [ 76.133614214624345, 31.34531717654653, 0.0 ], [ 76.035996663715139, 31.504587916699052, 0.0 ], [ 75.965609272250163, 31.83340492929409, 0.0 ], [ 75.862853955645619, 31.96698684096998, 0.0 ], [ 75.790925234112308, 32.105706518341208, 0.0 ], [ 75.677894386117089, 32.213599600641089, 0.0 ], [ 75.65220555674108, 32.342043746621641, 0.0 ], [ 75.462108221517269, 32.465350126007543, 0.0 ], [ 75.236046524627454, 32.527003316150171, 0.0 ], [ 75.066500252184937, 32.573243209206787, 0.0 ], [ 74.922642809118429, 32.675998524912082, 0.0 ], [ 74.794198664037197, 32.835269265963923, 0.0 ], [ 74.794198664037197, 32.973988943335137, 0.0 ], [ 74.747958770980574, 32.9894022404211, 0.0 ] ] ] } },
{ "type": "Feature", "properties": { "Name": "Eurasian:Indian", "Description": "<html xmlns:fo=\"http://www.w3.org/1999/XSL/Format\" xmlns:msxsl=\"urn:schemas-microsoft-com:xslt\">\n<head>\n<META http-equiv=\"Content-Type\" content=\"text/html\">\n<meta http-equiv=\"content-type\" content=\"text/html; charset=UTF-8\">\n</head>\n<body style=\"margin:0px 0px 0px 0px;overflow:auto;background:#FFFFFF;\">\n<table style=\"font-family:Arial,Verdana,Times;font-size:12px;text-align:left;width:100%;border-collapse:collapse;padding:3px 3px 3px 3px\">\n<tr style=\"text-align:center;font-weight:bold;background:#9CBCE2\">\n<td>Eurasian:Indian</td>\n</tr>\n<tr>\n<td>\n<table style=\"font-family:Arial,Verdana,Times;font-size:12px;text-align:left;width:100%;border-spacing:0px; padding:3px 3px 3px 3px\">\n<tr>\n<td>NAME</td>\n<td>Eurasian:Indian</td>\n</tr>\n<tr bgcolor=\"#D4E4F3\">\n<td>LABEL</td>\n<td>Convergent Boundary</td>\n</tr>\n</table>\n</td>\n</tr>\n</table>\n</body>\n</html>", "LABEL": "Convergent Boundary" }, "geometry": { "type": "MultiLineString", "coordinates": [ [ [ 84.708545380465011, 27.342997596461942, 0.0 ], [ 84.585239000179797, 27.342997596461942, 0.0 ], [ 84.410554962041942, 27.348135363056599, 0.0 ], [ 84.246146456194083, 27.358410894447282, 0.0 ], [ 84.143391139589482, 27.425201850285191, 0.0 ], [ 83.989258164232979, 27.430339615980529, 0.0 ], [ 83.860814019151746, 27.507406103209121, 0.0 ], [ 83.704112160947545, 27.617868068356699, 0.0 ], [ 83.622842881893519, 27.63915287990153, 0.0 ], [ 83.544907645071817, 27.659564489309791, 0.0 ], [ 83.488325996347726, 27.674383492804001, 0.0 ], [ 83.149233451462692, 27.766863277118599, 0.0 ], [ 82.710363976416431, 27.850640785144151, 0.0 ], [ 82.520807980004349, 27.850640785144151, 0.0 ], [ 82.375853394618503, 27.900817373223219, 0.0 ], [ 82.180722222052964, 27.995595371429321, 0.0 ], [ 82.167920178473537, 28.034027100470379, 0.0 ], [ 82.049751564782923, 28.069991461237009, 0.0 ], [ 81.86479199525445, 28.172746777841549, 0.0 ], [ 81.674694659131262, 28.316604220908118, 0.0 ], [ 81.566801576831381, 28.32174198660346, 0.0 ], [ 81.474321792516776, 28.388532942441369, 0.0 ], [ 81.36129094362218, 28.470737196264619, 0.0 ], [ 81.376704241607513, 28.568354746274569, 0.0 ], [ 81.19688243777432, 28.66083453148849, 0.0 ], [ 81.001647335955852, 28.79441644316438, 0.0 ], [ 80.806412235036703, 28.850931866712362, 0.0 ], [ 80.60603936752284, 28.892033994073639, 0.0 ], [ 80.477595221542288, 28.938273886230888, 0.0 ], [ 80.410804265704371, 28.99992707637352, 0.0 ], [ 80.277222354028481, 28.99992707637352, 0.0 ], [ 80.159053740337924, 29.051304734226161, 0.0 ], [ 80.138502676657254, 29.11295792436874, 0.0 ], [ 80.092262784499951, 29.092406860688129, 0.0 ], [ 79.907303214971478, 29.071855797906782, 0.0 ], [ 79.753170239614917, 29.097544626383471, 0.0 ], [ 79.599037265157733, 29.205437709582672, 0.0 ], [ 79.439766525005155, 29.26709089882598, 0.0 ], [ 79.401233280491567, 29.310761909034909, 0.0 ], [ 79.375544452014879, 29.310761909034909, 0.0 ], [ 79.221411476658375, 29.326175206120919, 0.0 ], [ 79.118656160053774, 29.38269063056822, 0.0 ], [ 78.985074249277261, 29.4340682884208, 0.0 ], [ 78.717910425925481, 29.552236902111421, 0.0 ], [ 78.553501919178302, 29.624165623644672, 0.0 ], [ 78.507262027021, 29.747472003929889, 0.0 ], [ 78.532950856396951, 29.783436364696509, 0.0 ] ] ] } },
{ "type": "Feature", "properties": { "Name": "Eurasian:Indian", "Description": "<html xmlns:fo=\"http://www.w3.org/1999/XSL/Format\" xmlns:msxsl=\"urn:schemas-microsoft-com:xslt\">\n<head>\n<META http-equiv=\"Content-Type\" content=\"text/html\">\n<meta http-equiv=\"content-type\" content=\"text/html; charset=UTF-8\">\n</head>\n<body style=\"margin:0px 0px 0px 0px;overflow:auto;background:#FFFFFF;\">\n<table style=\"font-family:Arial,Verdana,Times;font-size:12px;text-align:left;width:100%;border-collapse:collapse;padding:3px 3px 3px 3px\">\n<tr style=\"text-align:center;font-weight:bold;background:#9CBCE2\">\n<td>Eurasian:Indian</td>\n</tr>\n<tr>\n<td>\n<table style=\"font-family:Arial,Verdana,Times;font-size:12px;text-align:left;width:100%;border-spacing:0px; padding:3px 3px 3px 3px\">\n<tr>\n<td>NAME</td>\n<td>Eurasian:Indian</td>\n</tr>\n<tr bgcolor=\"#D4E4F3\">\n<td>LABEL</td>\n<td>Convergent Boundary</td>\n</tr>\n</table>\n</td>\n</tr>\n</table>\n</body>\n</html>", "LABEL": "Convergent Boundary" }, "geometry": { "type": "MultiLineString", "coordinates": [ [ [ 95.284636334998936, 27.964667261784768, 0.0 ], [ 95.212707613465625, 27.88760077455618, 0.0 ], [ 94.924992727332551, 27.769432160865559, 0.0 ], [ 94.616726777518807, 27.640988014885011, 0.0 ], [ 94.371947804747435, 27.586186752216921, 0.0 ], [ 94.22882545762883, 27.507406103209121, 0.0 ], [ 94.153059714734127, 27.44516995722779, 0.0 ], [ 94.084968014562264, 27.38923748951856, 0.0 ], [ 93.966799400871707, 27.30189546999998, 0.0 ], [ 93.82807972350048, 27.137486964152121, 0.0 ], [ 93.663671216753301, 27.009042818171569, 0.0 ], [ 93.334854204158262, 26.952527393724271, 0.0 ], [ 93.026588254344517, 26.906287501567022, 0.0 ], [ 92.841628684815987, 26.91656303295764, 0.0 ], [ 92.687495709459483, 26.91656303295764, 0.0 ], [ 92.533362735002299, 26.93197633094297, 0.0 ], [ 92.348403165473769, 26.926838565247639, 0.0 ], [ 91.99903508919806, 26.865185375105, 0.0 ], [ 91.762697860917626, 26.829221014338369, 0.0 ], [ 91.577738291389096, 26.78298112128175, 0.0 ], [ 91.290023404356702, 26.78298112128175, 0.0 ], [ 91.084512772046878, 26.824083248643039, 0.0 ], [ 90.84303777807105, 26.79839441926708, 0.0 ], [ 90.545047359647981, 26.8138077163531, 0.0 ], [ 90.396052150886135, 26.89601197017635, 0.0 ], [ 90.275314654347881, 26.870323140800341, 0.0 ], [ 90.136594976976653, 26.793256653571749, 0.0 ], [ 89.967048704534136, 26.71619016634315, 0.0 ], [ 89.756400305629654, 26.685363571271861, 0.0 ], [ 89.545751906725172, 26.741878994819789, 0.0 ], [ 89.496720019813097, 26.776052734346251, 0.0 ], [ 89.299139147054063, 26.76756782419579, 0.0 ], [ 89.196383830449463, 26.741878994819789, 0.0 ], [ 89.047388620788297, 26.875460906495679, 0.0 ], [ 88.960046602169029, 26.921700798652981, 0.0 ], [ 88.785362564031175, 26.91656303295764, 0.0 ], [ 88.656918418050623, 26.90114973587168, 0.0 ], [ 88.451407785740798, 26.860047609409719, 0.0 ], [ 88.189381728084356, 26.777843355586469, 0.0 ], [ 87.999284392860488, 26.71619016634315, 0.0 ], [ 87.798911525346682, 26.690501336967198, 0.0 ], [ 87.67046737936613, 26.741878994819789, 0.0 ], [ 87.495783341228275, 26.741878994819789, 0.0 ], [ 87.233757284471153, 26.803532184962421, 0.0 ], [ 87.033384416957347, 26.803532184962421, 0.0 ], [ 86.157395343420433, 26.962802926014259, 0.0 ], [ 85.972435773891902, 27.019318349562241, 0.0 ], [ 85.741236311306807, 27.106660369080831, 0.0 ], [ 85.607654399630917, 27.111798134776169, 0.0 ], [ 85.325077279193124, 27.188864622004761, 0.0 ], [ 85.099015583202686, 27.276206640624029, 0.0 ], [ 84.95515814013612, 27.276206640624029, 0.0 ], [ 84.815590964151738, 27.339011870401521, 0.0 ], [ 84.708545380465011, 27.342997596461942, 0.0 ] ] ] } },
{ "type": "Feature", "properties": { "Name": "Eurasian:Indian", "Description": "<html xmlns:fo=\"http://www.w3.org/1999/XSL/Format\" xmlns:msxsl=\"urn:schemas-microsoft-com:xslt\">\n<head>\n<META http-equiv=\"Content-Type\" content=\"text/html\">\n<meta http-equiv=\"content-type\" content=\"text/html; charset=UTF-8\">\n</head>\n<body style=\"margin:0px 0px 0px 0px;overflow:auto;background:#FFFFFF;\">\n<table style=\"font-family:Arial,Verdana,Times;font-size:12px;text-align:left;width:100%;border-collapse:collapse;padding:3px 3px 3px 3px\">\n<tr style=\"text-align:center;font-weight:bold;background:#9CBCE2\">\n<td>Eurasian:Indian</td>\n</tr>\n<tr>\n<td>\n<table style=\"font-family:Arial,Verdana,Times;font-size:12px;text-align:left;width:100%;border-spacing:0px; padding:3px 3px 3px 3px\">\n<tr>\n<td>NAME</td>\n<td>Eurasian:Indian</td>\n</tr>\n<tr bgcolor=\"#D4E4F3\">\n<td>LABEL</td>\n<td>Convergent Boundary</td>\n</tr>\n</table>\n</td>\n</tr>\n</table>\n</body>\n</html>", "LABEL": "Convergent Boundary" }, "geometry": { "type": "MultiLineString", "coordinates": [ [ [ 94.580762416752179, 26.700776868357821, 0.0 ], [ 94.68351773335678, 26.777843355586469, 0.0 ], [ 94.781135284266043, 26.844634311424389, 0.0 ], [ 94.903004073978877, 26.95431622261566, 0.0 ], [ 95.084263468384393, 27.009042818171569, 0.0 ], [ 95.269223037912923, 27.111798134776169, 0.0 ], [ 95.43876931035544, 27.18372685630942, 0.0 ], [ 95.649417709259922, 27.307033235695311, 0.0 ], [ 95.911443766017044, 27.373824191533291, 0.0 ], [ 96.204296418744775, 27.497130571818499, 0.0 ], [ 96.271087373683429, 27.65126354627569, 0.0 ], [ 96.29677620305938, 27.84136088239887, 0.0 ], [ 96.168332057978148, 27.99035609116072, 0.0 ], [ 96.060438974778947, 28.031458217622689, 0.0 ], [ 95.849790575874408, 28.05714704699869, 0.0 ], [ 95.721346430793233, 28.283208742989132, 0.0 ], [ 95.639142176969926, 28.303759806669799, 0.0 ], [ 95.469595905426729, 28.180453426384592, 0.0 ], [ 95.389882794355515, 28.153882389960359, 0.0 ], [ 95.336013993750896, 28.07256034408465, 0.0 ], [ 95.284636334998936, 27.964667261784768, 0.0 ] ] ] } },
{ "type": "Feature", "properties": { "Name": "Eurasian:Indian", "Description": "<html xmlns:fo=\"http://www.w3.org/1999/XSL/Format\" xmlns:msxsl=\"urn:schemas-microsoft-com:xslt\">\n<head>\n<META http-equiv=\"Content-Type\" content=\"text/html\">\n<meta http-equiv=\"content-type\" content=\"text/html; charset=UTF-8\">\n</head>\n<body style=\"margin:0px 0px 0px 0px;overflow:auto;background:#FFFFFF;\">\n<table style=\"font-family:Arial,Verdana,Times;font-size:12px;text-align:left;width:100%;border-collapse:collapse;padding:3px 3px 3px 3px\">\n<tr style=\"text-align:center;font-weight:bold;background:#9CBCE2\">\n<td>Eurasian:Indian</td>\n</tr>\n<tr>\n<td>\n<table style=\"font-family:Arial,Verdana,Times;font-size:12px;text-align:left;width:100%;border-spacing:0px; padding:3px 3px 3px 3px\">\n<tr>\n<td>NAME</td>\n<td>Eurasian:Indian</td>\n</tr>\n<tr bgcolor=\"#D4E4F3\">\n<td>LABEL</td>\n<td>Convergent Boundary</td>\n</tr>\n</table>\n</td>\n</tr>\n</table>\n</body>\n</html>", "LABEL": "Convergent Boundary" }, "geometry": { "type": "MultiLineString", "coordinates": [ [ [ 93.964230518024067, 25.94552529225848, 0.0 ], [ 93.923128391562102, 26.0071784815018, 0.0 ], [ 94.020745941571988, 26.181862519639591, 0.0 ], [ 94.118363492481251, 26.34627102638683, 0.0 ], [ 94.174878916928549, 26.515817298829351, 0.0 ], [ 94.349562955066403, 26.64426144391058, 0.0 ], [ 94.580762416752179, 26.700776868357821, 0.0 ] ] ] } },
{ "type": "Feature", "properties": { "Name": "Eurasian:African", "Description": "<html xmlns:fo=\"http://www.w3.org/1999/XSL/Format\" xmlns:msxsl=\"urn:schemas-microsoft-com:xslt\">\n<head>\n<META http-equiv=\"Content-Type\" content=\"text/html\">\n<meta http-equiv=\"content-type\" content=\"text/html; charset=UTF-8\">\n</head>\n<body style=\"margin:0px 0px 0px 0px;overflow:auto;background:#FFFFFF;\">\n<table style=\"font-family:Arial,Verdana,Times;font-size:12px;text-align:left;width:100%;border-collapse:collapse;padding:3px 3px 3px 3px\">\n<tr style=\"text-align:center;font-weight:bold;background:#9CBCE2\">\n<td>Eurasian:African</td>\n</tr>\n<tr>\n<td>\n<table style=\"font-family:Arial,Verdana,Times;font-size:12px;text-align:left;width:100%;border-spacing:0px; padding:3px 3px 3px 3px\">\n<tr>\n<td>NAME</td>\n<td>Eurasian:African</td>\n</tr>\n<tr bgcolor=\"#D4E4F3\">\n<td>LABEL</td>\n<td>Convergent Boundary</td>\n</tr>\n</table>\n</td>\n</tr>\n</table>\n</body>\n</html>", "LABEL": "Convergent Boundary" }, "geometry": { "type": "MultiLineString", "coordinates": [ [ [ 15.084995787025999, 37.476316612721583, 0.0 ], [ 15.062365470989731, 37.476316612721583, 0.0 ], [ 15.01710483801793, 37.473083710944543, 0.0 ], [ 14.962145497916421, 37.468234356930047, 0.0 ], [ 14.90718615781498, 37.461768552476769, 0.0 ], [ 14.85545971949051, 37.461768552476769, 0.0 ], [ 14.81343198919501, 37.453686296685312, 0.0 ], [ 14.76170555176987, 37.437521785102383, 0.0 ], [ 14.722910723251349, 37.421357272620071, 0.0 ], [ 14.663102029135359, 37.403576309698963, 0.0 ], [ 14.61945784750174, 37.384178895439732, 0.0 ], [ 14.56611495873841, 37.351849872273817, 0.0 ], [ 14.516004972651441, 37.321137299546763, 0.0 ], [ 14.4901417530395, 37.283958922366423, 0.0 ], [ 14.469127888341401, 37.258095703653851, 0.0 ], [ 14.41578499867882, 37.204752814890533, 0.0 ], [ 14.352743402785849, 37.175656693501651, 0.0 ], [ 14.28323600243959, 37.149793474789078, 0.0 ], [ 14.23312601545331, 37.114231548946861, 0.0 ], [ 14.18913233119218, 37.070762118177242, 0.0 ], [ 14.14037666834861, 37.046384287205122, 0.0 ], [ 14.053699934904101, 37.01929780794751, 0.0 ], [ 13.95618861011633, 37.00304592003323, 0.0 ], [ 13.851745132931571, 36.978906146801307, 0.0 ], [ 13.679475125176911, 37.001658788622251, 0.0 ], [ 13.50395474001931, 37.05691520627181, 0.0 ], [ 13.3576877523879, 37.118672379626673, 0.0 ], [ 13.25042529449178, 37.193431061694177, 0.0 ], [ 13.17241623412195, 37.284441631676032, 0.0 ], [ 13.11379910574419, 37.387673925311447, 0.0 ], [ 13.0289330736025, 37.49604282991271, 0.0 ], [ 13.017106385251511, 37.515147480671772, 0.0 ], [ 12.99891148058043, 37.53789111128583, 0.0 ], [ 12.98593050069212, 37.55684419570315, 0.0 ], [ 12.95613711063919, 37.580844426529097, 0.0 ], [ 12.917240185686071, 37.589120368410313, 0.0 ], [ 12.88744679563314, 37.592430744982948, 0.0 ], [ 12.86179137697053, 37.595741121555591, 0.0 ], [ 12.827032422508349, 37.599051498128183, 0.0 ], [ 12.7980666272731, 37.599879092046542, 0.0 ], [ 12.772411208610441, 37.60153427988314, 0.0 ], [ 12.735169471493981, 37.595741121555591, 0.0 ], [ 12.70951405283131, 37.587465179674382, 0.0 ], [ 12.679760512637589, 37.565134126538737, 0.0 ], [ 12.638017083221881, 37.502518982864842, 0.0 ], [ 12.59395457474386, 37.449180156339203, 0.0 ] ] ] } },
{ "type": "Feature", "properties": { "Name": "Philippine:Sunda", "Description": "<html xmlns:fo=\"http://www.w3.org/1999/XSL/Format\" xmlns:msxsl=\"urn:schemas-microsoft-com:xslt\">\n<head>\n<META http-equiv=\"Content-Type\" content=\"text/html\">\n<meta http-equiv=\"content-type\" content=\"text/html; charset=UTF-8\">\n</head>\n<body style=\"margin:0px 0px 0px 0px;overflow:auto;background:#FFFFFF;\">\n<table style=\"font-family:Arial,Verdana,Times;font-size:12px;text-align:left;width:100%;border-collapse:collapse;padding:3px 3px 3px 3px\">\n<tr style=\"text-align:center;font-weight:bold;background:#9CBCE2\">\n<td>Philippine:Sunda</td>\n</tr>\n<tr>\n<td>\n<table style=\"font-family:Arial,Verdana,Times;font-size:12px;text-align:left;width:100%;border-spacing:0px; padding:3px 3px 3px 3px\">\n<tr>\n<td>NAME</td>\n<td>Philippine:Sunda</td>\n</tr>\n<tr bgcolor=\"#D4E4F3\">\n<td>LABEL</td>\n<td>Convergent Boundary</td>\n</tr>\n</table>\n</td>\n</tr>\n</table>\n</body>\n</html>", "LABEL": "Convergent Boundary" }, "geometry": { "type": "MultiLineString", "coordinates": [ [ [ 119.841961275692398, 13.194826538214221, 0.0 ], [ 119.618806442163702, 13.38013569940307, 0.0 ], [ 119.425012137000607, 13.517033267571261, 0.0 ], [ 119.241424566890302, 13.75916953214824, 0.0 ], [ 119.148875055439504, 14.040311491082489, 0.0 ], [ 119.103788332465697, 14.38864927794185, 0.0 ], [ 119.123376985759407, 14.737302824865541, 0.0 ], [ 119.144718513049, 15.19765378239617, 0.0 ], [ 119.179290220567296, 15.4954493752885, 0.0 ], [ 119.192088292740607, 15.772465841825181, 0.0 ], [ 119.214449838289497, 16.10196981235703, 0.0 ], [ 119.254997253020903, 16.555999756283772, 0.0 ] ] ] } },
{ "type": "Feature", "properties": { "Name": "Eurasian:Philippine", "Description": "<html xmlns:fo=\"http://www.w3.org/1999/XSL/Format\" xmlns:msxsl=\"urn:schemas-microsoft-com:xslt\">\n<head>\n<META http-equiv=\"Content-Type\" content=\"text/html\">\n<meta http-equiv=\"content-type\" content=\"text/html; charset=UTF-8\">\n</head>\n<body style=\"margin:0px 0px 0px 0px;overflow:auto;background:#FFFFFF;\">\n<table style=\"font-family:Arial,Verdana,Times;font-size:12px;text-align:left;width:100%;border-collapse:collapse;padding:3px 3px 3px 3px\">\n<tr style=\"text-align:center;font-weight:bold;background:#9CBCE2\">\n<td>Eurasian:Philippine</td>\n</tr>\n<tr>\n<td>\n<table style=\"font-family:Arial,Verdana,Times;font-size:12px;text-align:left;width:100%;border-spacing:0px; padding:3px 3px 3px 3px\">\n<tr>\n<td>NAME</td>\n<td>Eurasian:Philippine</td>\n</tr>\n<tr bgcolor=\"#D4E4F3\">\n<td>LABEL</td>\n<td>Convergent Boundary</td>\n</tr>\n</table>\n</td>\n</tr>\n</table>\n</body>\n</html>", "LABEL": "Convergent Boundary" }, "geometry": { "type": "MultiLineString", "coordinates": [ [ [ 124.890998839924606, 14.70400047264377, 0.0 ], [ 125.150001526149595, 14.13199996912334, 0.0 ], [ 125.494003295615698, 13.30599975558431, 0.0 ], [ 125.542702066447305, 13.182219681693031, 0.0 ], [ 125.685997009654301, 12.81799983962094, 0.0 ], [ 126.016592356052499, 12.250218959637319, 0.0 ], [ 126.146575487568697, 11.65526306843589, 0.0 ], [ 126.275181184164396, 11.05819449168251, 0.0 ], [ 126.563537706899794, 10.49372830501733, 0.0 ], [ 126.711380364312404, 10.03219840733067, 0.0 ], [ 126.823997497186795, 9.449000358679655, 0.0 ], [ 127.053001403492104, 8.749999999700265, 0.0 ], [ 127.143160556514502, 8.416520321555652, 0.0 ], [ 127.219001769616099, 8.135999679941335, 0.0 ], [ 127.228796229362501, 7.58487577849445, 0.0 ], [ 127.234001160025599, 7.291999817137878, 0.0 ], [ 127.250000000299806, 6.447000026929743, 0.0 ], [ 127.458999633426401, 5.896999835573979, 0.0 ], [ 127.498001098272098, 5.473999977217204, 0.0 ], [ 127.835998535104395, 5.223999976817538, 0.0 ], [ 128.151000976314094, 4.763000011841143, 0.0 ], [ 128.386993408119309, 4.335000038021406, 0.0 ], [ 128.684005737375003, 3.700000047564174, 0.0 ], [ 128.998001098871697, 3.114000081938286, 0.0 ], [ 129.216995239638692, 2.671000003647293, 0.0 ], [ 129.246002196843989, 1.927999973619933, 0.0 ], [ 129.217374206754414, 1.398446808773258, 0.0 ] ] ] } },
{ "type": "Feature", "properties": { "Name": "Australian:Sunda", "Description": "<html xmlns:fo=\"http://www.w3.org/1999/XSL/Format\" xmlns:msxsl=\"urn:schemas-microsoft-com:xslt\">\n<head>\n<META http-equiv=\"Content-Type\" content=\"text/html\">\n<meta http-equiv=\"content-type\" content=\"text/html; charset=UTF-8\">\n</head>\n<body style=\"margin:0px 0px 0px 0px;overflow:auto;background:#FFFFFF;\">\n<table style=\"font-family:Arial,Verdana,Times;font-size:12px;text-align:left;width:100%;border-collapse:collapse;padding:3px 3px 3px 3px\">\n<tr style=\"text-align:center;font-weight:bold;background:#9CBCE2\">\n<td>Australian:Sunda</td>\n</tr>\n<tr>\n<td>\n<table style=\"font-family:Arial,Verdana,Times;font-size:12px;text-align:left;width:100%;border-spacing:0px; padding:3px 3px 3px 3px\">\n<tr>\n<td>NAME</td>\n<td>Australian:Sunda</td>\n</tr>\n<tr bgcolor=\"#D4E4F3\">\n<td>LABEL</td>\n<td>Convergent Boundary</td>\n</tr>\n</table>\n</td>\n</tr>\n</table>\n</body>\n</html>", "LABEL": "Convergent Boundary" }, "geometry": { "type": "MultiLineString", "coordinates": [ [ [ 120.229895657358696, -11.47139224225811, 0.0 ], [ 120.018293584081704, -11.481252552163481, 0.0 ], [ 119.753229871961096, -11.451612292373341, 0.0 ], [ 119.269996643430403, -11.392999648914611, 0.0 ], [ 118.611103829977907, -11.420554799064689, 0.0 ], [ 118.128774202467497, -11.46265643204868, 0.0 ], [ 117.546537983241393, -11.44808734925169, 0.0 ], [ 116.852996826542395, -11.331000327702901, 0.0 ], [ 116.174003601485097, -11.274999618537491, 0.0 ], [ 115.570999145794005, -11.218999862653501, 0.0 ], [ 115.013000488481794, -11.151000022832759, 0.0 ], [ 114.410003661739694, -11.088000297575601, 0.0 ], [ 113.755996703984806, -10.96399974858946, 0.0 ], [ 113.204002380205793, -10.86999988518653, 0.0 ], [ 112.563003540281201, -10.75800037341844, 0.0 ], [ 112.169998169380094, -10.652000426978081, 0.0 ], [ 111.523002624871296, -10.576999664502861, 0.0 ], [ 111.014999389910002, -10.477000236671531, 0.0 ], [ 110.617718699558395, -10.345243920870191, 0.0 ], [ 110.179153755641394, -10.25989336998299, 0.0 ], [ 109.646078572268394, -10.187506775717051, 0.0 ], [ 109.010072678411504, -10.162346038139111, 0.0 ], [ 108.426004793786305, -10.07268432801925, 0.0 ], [ 107.816764621590096, -9.936615218017835, 0.0 ], [ 107.360001094774802, -9.706150044688741, 0.0 ], [ 106.809787147159199, -9.486581001511979, 0.0 ], [ 106.368528353300903, -9.2748569217095, 0.0 ], [ 106.189582803004001, -9.1936249132591, 0.0 ], [ 105.9581815127667, -9.088580717725904, 0.0 ], [ 105.630851064225297, -8.867004425513755, 0.0 ], [ 105.122963054901106, -8.499336948741131, 0.0 ], [ 104.853674894381001, -8.272181419037224, 0.0 ], [ 104.529625974858902, -8.047443243610758, 0.0 ], [ 104.127085908887594, -7.896108694960276, 0.0 ], [ 103.727301674133003, -7.754533721354108, 0.0 ], [ 103.206027842511006, -7.524743590843968, 0.0 ], [ 102.532791653611994, -7.14455574625066, 0.0 ], [ 101.858001708711896, -6.558000087733831, 0.0 ], [ 101.346000671593799, -5.982999801999199, 0.0 ], [ 100.791000366573698, -5.304999828679115, 0.0 ], [ 100.359001159775701, -4.656000136896751, 0.0 ], [ 99.980003356569682, -4.144999981363981, 0.0 ], [ 99.675003051949375, -3.729000091480998, 0.0 ], [ 99.370002746429691, -3.312000035872927, 0.0 ], [ 98.87400054958573, -2.664999961478998, 0.0 ], [ 98.301002502763367, -2.020999908518888, 0.0 ], [ 98.035003662089366, -1.633999944042159, 0.0 ], [ 97.76999664323057, -1.246999978666054, 0.0 ], [ 97.372001648357468, -0.546999990856818, 0.0 ], [ 97.011001586953739, 0.115999996702556, 0.0 ], [ 96.669998168880454, 0.759000003547385, 0.0 ], [ 96.379997253770284, 1.123000026130342, 0.0 ], [ 96.20200347937714, 1.345000028528546, 0.0 ], [ 96.088996886996824, 1.486999988458763, 0.0 ], [ 95.541999817038004, 1.881999969323147, 0.0 ], [ 94.97899627695665, 2.104000091331216, 0.0 ], [ 94.404998779370203, 2.457000016737425, 0.0 ], [ 93.753997802856361, 3.048000096926955, 0.0 ], [ 93.293900074628823, 3.793819556427422, 0.0 ], [ 92.988966704749657, 4.477167109074856, 0.0 ], [ 92.738510114050598, 5.030240790180358, 0.0 ], [ 92.537002563817339, 5.702000141193594, 0.0 ], [ 92.375999450614188, 6.333000182812214, 0.0 ], [ 92.31019095824621, 6.745983696190649, 0.0 ], [ 92.254966188638775, 6.957975157027931, 0.0 ], [ 92.141924792495217, 7.207449839138803, 0.0 ], [ 91.902999878341745, 7.663000106769573, 0.0 ], [ 91.827404449955452, 8.145820577957352, 0.0 ], [ 91.648322451819752, 8.543576971899768, 0.0 ], [ 91.526776268709909, 9.060035209157604, 0.0 ], [ 91.500056512298272, 9.591932131362796, 0.0 ], [ 91.558998107976379, 10.055999755784169, 0.0 ], [ 91.575996399014684, 10.513999938546361, 0.0 ], [ 91.591003418373134, 11.300000190656309, 0.0 ], [ 91.642997741352758, 11.79199981713788, 0.0 ], [ 91.69999694800083, 12.2829999919561, 0.0 ], [ 91.888999938696259, 13.154000282387191, 0.0 ], [ 92.062490668209819, 13.69773107672785, 0.0 ], [ 92.518768081781616, 14.23489060671619, 0.0 ], [ 93.05669412823147, 14.95772873129596, 0.0 ], [ 93.493759040747193, 15.613326100519149, 0.0 ], [ 93.66186093003796, 16.218492903224959, 0.0 ], [ 93.914013764423771, 16.705988382258109, 0.0 ], [ 93.914013764423771, 17.260724618446432, 0.0 ], [ 93.678671118877105, 17.832271042574629, 0.0 ], [ 93.325657151456426, 18.521488789476109, 0.0 ], [ 93.039883939392325, 18.756831435022779, 0.0 ], [ 92.630306117233602, 19.526837740069709, 0.0 ] ] ] } },
{ "type": "Feature", "properties": { "Name": "Eurasian:Arabian", "Description": "<html xmlns:fo=\"http://www.w3.org/1999/XSL/Format\" xmlns:msxsl=\"urn:schemas-microsoft-com:xslt\">\n<head>\n<META http-equiv=\"Content-Type\" content=\"text/html\">\n<meta http-equiv=\"content-type\" content=\"text/html; charset=UTF-8\">\n</head>\n<body style=\"margin:0px 0px 0px 0px;overflow:auto;background:#FFFFFF;\">\n<table style=\"font-family:Arial,Verdana,Times;font-size:12px;text-align:left;width:100%;border-collapse:collapse;padding:3px 3px 3px 3px\">\n<tr style=\"text-align:center;font-weight:bold;background:#9CBCE2\">\n<td>Eurasian:Arabian</td>\n</tr>\n<tr>\n<td>\n<table style=\"font-family:Arial,Verdana,Times;font-size:12px;text-align:left;width:100%;border-spacing:0px; padding:3px 3px 3px 3px\">\n<tr>\n<td>NAME</td>\n<td>Eurasian:Arabian</td>\n</tr>\n<tr bgcolor=\"#D4E4F3\">\n<td>LABEL</td>\n<td>Convergent Boundary</td>\n</tr>\n</table>\n</td>\n</tr>\n</table>\n</body>\n</html>", "LABEL": "Convergent Boundary" }, "geometry": { "type": "MultiLineString", "coordinates": [ [ [ 56.992000580262641, 26.54500007619259, 0.0 ], [ 57.081944159495443, 27.241552792627321, 0.0 ], [ 56.867792669196383, 27.826900200284062, 0.0 ], [ 56.785979999977087, 28.107908000154112, 0.0 ], [ 56.432784999927833, 28.183397000071519, 0.0 ], [ 56.132015000092217, 28.359176999718841, 0.0 ], [ 55.798063495334077, 28.34676164123681, 0.0 ], [ 55.538307000068073, 28.46686399967388, 0.0 ], [ 55.154445879973423, 28.816602500405111, 0.0 ], [ 54.472211207781072, 29.164156012789821, 0.0 ], [ 54.131671999962862, 29.797728000346979, 0.0 ], [ 53.995934171424949, 30.12958243628049, 0.0 ], [ 53.4552953748817, 30.43208271554494, 0.0 ], [ 52.820354000436851, 30.720822999681729, 0.0 ], [ 52.393326308862129, 31.004902393530699, 0.0 ], [ 51.524442527900419, 31.635647657213671, 0.0 ], [ 50.764973741145297, 32.169850277468363, 0.0 ], [ 49.800793481234223, 33.009366270736848, 0.0 ], [ 49.201169308217061, 33.38056218809453, 0.0 ] ] ] } },
{ "type": "Feature", "properties": { "Name": "Africa:Eurasia", "Description": "<html xmlns:fo=\"http://www.w3.org/1999/XSL/Format\" xmlns:msxsl=\"urn:schemas-microsoft-com:xslt\">\n<head>\n<META http-equiv=\"Content-Type\" content=\"text/html\">\n<meta http-equiv=\"content-type\" content=\"text/html; charset=UTF-8\">\n</head>\n<body style=\"margin:0px 0px 0px 0px;overflow:auto;background:#FFFFFF;\">\n<table style=\"font-family:Arial,Verdana,Times;font-size:12px;text-align:left;width:100%;border-collapse:collapse;padding:3px 3px 3px 3px\">\n<tr style=\"text-align:center;font-weight:bold;background:#9CBCE2\">\n<td>Africa:Eurasia</td>\n</tr>\n<tr>\n<td>\n<table style=\"font-family:Arial,Verdana,Times;font-size:12px;text-align:left;width:100%;border-spacing:0px; padding:3px 3px 3px 3px\">\n<tr>\n<td>NAME</td>\n<td>Africa:Eurasia</td>\n</tr>\n<tr bgcolor=\"#D4E4F3\">\n<td>LABEL</td>\n<td>Convergent Boundary</td>\n</tr>\n</table>\n</td>\n</tr>\n</table>\n</body>\n</html>", "LABEL": "Convergent Boundary" }, "geometry": { "type": "MultiLineString", "coordinates": [ [ [ -4.142991097361232, 34.302324344492952, 0.0 ], [ -5.277502852974237, 34.524548296067053, 0.0 ], [ -6.365230618498174, 34.910516212952928, 0.0 ], [ -6.950030492812971, 35.436836099206687, 0.0 ], [ -7.102078460152768, 35.729236036813688, 0.0 ], [ -6.996814482002719, 36.056723965638582, 0.0 ], [ -6.87985450767934, 36.372515897390826, 0.0 ], [ -6.423710605659892, 36.700003827114983, 0.0 ], [ -5.3008948480188, 37.21462771629615, 0.0 ], [ -4.248255075511281, 37.647379623271043, 0.0 ], [ -3.007270570180594, 37.814162732324291, 0.0 ] ] ] } },
{ "type": "Feature", "properties": { "Name": "Africa:Eurasia", "Description": "<html xmlns:fo=\"http://www.w3.org/1999/XSL/Format\" xmlns:msxsl=\"urn:schemas-microsoft-com:xslt\">\n<head>\n<META http-equiv=\"Content-Type\" content=\"text/html\">\n<meta http-equiv=\"content-type\" content=\"text/html; charset=UTF-8\">\n</head>\n<body style=\"margin:0px 0px 0px 0px;overflow:auto;background:#FFFFFF;\">\n<table style=\"font-family:Arial,Verdana,Times;font-size:12px;text-align:left;width:100%;border-collapse:collapse;padding:3px 3px 3px 3px\">\n<tr style=\"text-align:center;font-weight:bold;background:#9CBCE2\">\n<td>Africa:Eurasia</td>\n</tr>\n<tr>\n<td>\n<table style=\"font-family:Arial,Verdana,Times;font-size:12px;text-align:left;width:100%;border-spacing:0px; padding:3px 3px 3px 3px\">\n<tr>\n<td>NAME</td>\n<td>Africa:Eurasia</td>\n</tr>\n<tr bgcolor=\"#D4E4F3\">\n<td>LABEL</td>\n<td>Convergent Boundary</td>\n</tr>\n</table>\n</td>\n</tr>\n</table>\n</body>\n</html>", "LABEL": "Convergent Boundary" }, "geometry": { "type": "MultiLineString", "coordinates": [ [ [ 12.47064290914301, 37.665571135699402, 0.0 ], [ 11.128626902309749, 37.265821686721502, 0.0 ], [ 10.186360343555069, 36.851795471483847, 0.0 ], [ 8.387487823604204, 36.323555127966813, 0.0 ], [ 6.631445601533358, 35.738207721209392, 0.0 ], [ 4.932510442702835, 35.42411886799141, 0.0 ], [ 3.833199458688114, 35.438395634251151, 0.0 ], [ 2.648227877114891, 35.395565336371249, 0.0 ], [ 1.20627450826197, 35.324181505971751, 0.0 ], [ -0.521214182188714, 35.30990473971201, 0.0 ], [ -1.320713080144458, 35.381288570111451, 0.0 ] ] ] } },
{ "type": "Feature", "properties": { "Name": "Africa:Eurasia", "Description": "<html xmlns:fo=\"http://www.w3.org/1999/XSL/Format\" xmlns:msxsl=\"urn:schemas-microsoft-com:xslt\">\n<head>\n<META http-equiv=\"Content-Type\" content=\"text/html\">\n<meta http-equiv=\"content-type\" content=\"text/html; charset=UTF-8\">\n</head>\n<body style=\"margin:0px 0px 0px 0px;overflow:auto;background:#FFFFFF;\">\n<table style=\"font-family:Arial,Verdana,Times;font-size:12px;text-align:left;width:100%;border-collapse:collapse;padding:3px 3px 3px 3px\">\n<tr style=\"text-align:center;font-weight:bold;background:#9CBCE2\">\n<td>Africa:Eurasia</td>\n</tr>\n<tr>\n<td>\n<table style=\"font-family:Arial,Verdana,Times;font-size:12px;text-align:left;width:100%;border-spacing:0px; padding:3px 3px 3px 3px\">\n<tr>\n<td>NAME</td>\n<td>Africa:Eurasia</td>\n</tr>\n<tr bgcolor=\"#D4E4F3\">\n<td>LABEL</td>\n<td>Convergent Boundary</td>\n</tr>\n</table>\n</td>\n</tr>\n</table>\n</body>\n</html>", "LABEL": "Convergent Boundary" }, "geometry": { "type": "MultiLineString", "coordinates": [ [ [ 16.865695459078211, 40.330997372330899, 0.0 ], [ 17.465319632994689, 39.788480262554117, 0.0 ], [ 17.922176146112289, 39.317346983176783, 0.0 ], [ 18.39330942548963, 38.774829874299307, 0.0 ], [ 18.62173768204843, 38.232312764522533, 0.0 ], [ 18.67884474618813, 37.461367399086271, 0.0 ], [ 18.478970021249548, 36.890296757689271, 0.0 ], [ 17.965006443992252, 36.404886712052189, 0.0 ], [ 17.222614610176151, 36.20501198801287, 0.0 ], [ 16.351731881820911, 36.233565519633089, 0.0 ], [ 15.723554176284271, 36.504824074971111, 0.0 ], [ 15.33808149356611, 37.10444824798833, 0.0 ] ] ] } },
{ "type": "Feature", "properties": { "Name": "Eurasia", "Description": "<html xmlns:fo=\"http://www.w3.org/1999/XSL/Format\" xmlns:msxsl=\"urn:schemas-microsoft-com:xslt\">\n<head>\n<META http-equiv=\"Content-Type\" content=\"text/html\">\n<meta http-equiv=\"content-type\" content=\"text/html; charset=UTF-8\">\n</head>\n<body style=\"margin:0px 0px 0px 0px;overflow:auto;background:#FFFFFF;\">\n<table style=\"font-family:Arial,Verdana,Times;font-size:12px;text-align:left;width:100%;border-collapse:collapse;padding:3px 3px 3px 3px\">\n<tr style=\"text-align:center;font-weight:bold;background:#9CBCE2\">\n<td>Eurasia</td>\n</tr>\n<tr>\n<td>\n<table style=\"font-family:Arial,Verdana,Times;font-size:12px;text-align:left;width:100%;border-spacing:0px; padding:3px 3px 3px 3px\">\n<tr>\n<td>NAME</td>\n<td>Eurasia</td>\n</tr>\n<tr bgcolor=\"#D4E4F3\">\n<td>LABEL</td>\n<td>Convergent Boundary</td>\n</tr>\n</table>\n</td>\n</tr>\n</table>\n</body>\n</html>", "LABEL": "Convergent Boundary" }, "geometry": { "type": "MultiLineString", "coordinates": [ [ [ 8.185421709844093, 45.199374589565707, 0.0 ], [ 8.599447925081734, 45.270758419965148, 0.0 ], [ 9.170518566478734, 45.270758419965148, 0.0 ], [ 10.18416895473354, 45.070883695925893, 0.0 ], [ 11.426247600446461, 44.713964544827952, 0.0 ], [ 12.430237329189421, 44.267314195693643, 0.0 ], [ 13.21386916003377, 43.846258286690613, 0.0 ], [ 13.63492506903674, 43.577250344128117, 0.0 ], [ 13.915629008671891, 43.027538462829853, 0.0 ], [ 14.10276496812884, 42.676658538960453, 0.0 ], [ 14.93833204458827, 42.05848606188232, 0.0 ], [ 15.380911791446071, 41.587352783404299, 0.0 ], [ 16.037643029502249, 41.03055890736772, 0.0 ], [ 16.73720456543839, 40.459488265970784, 0.0 ] ] ] } }
]
}
