{
"type": "FeatureCollection",
"name": "divergent_boundary",
"crs": { "type": "name", "properties": { "name": "urn:ogc:def:crs:OGC:1.3:CRS84" } },
"features": [
{ "type": "Feature", "properties": { "Name": "Eurasian:North American", "Description": "<html xmlns:fo=\"http://www.w3.org/1999/XSL/Format\" xmlns:msxsl=\"urn:schemas-microsoft-com:xslt\">\n<head>\n<META http-equiv=\"Content-Type\" content=\"text/html\">\n<meta http-equiv=\"content-type\" content=\"text/html; charset=UTF-8\">\n</head>\n<body style=\"margin:0px 0px 0px 0px;overflow:auto;background:#FFFFFF;\">\n<table style=\"font-family:Arial,Verdana,Times;font-size:12px;text-align:left;width:100%;border-collapse:collapse;padding:3px 3px 3px 3px\">\n<tr style=\"text-align:center;font-weight:bold;background:#9CBCE2\">\n<td>Eurasian:North American</td>\n</tr>\n<tr>\n<td>\n<table style=\"font-family:Arial,Verdana,Times;font-size:12px;text-align:left;width:100%;border-spacing:0px; padding:3px 3px 3px 3px\">\n<tr>\n<td>NAME</td>\n<td>Eurasian:North American</td>\n</tr>\n<tr bgcolor=\"#D4E4F3\">\n<td>LABEL</td>\n<td>Divergent Boundary</td>\n</tr>\n</table>\n</td>\n</tr>\n</table>\n</body>\n</html>", "LABEL": "Divergent Boundary" }, "geometry": { "type": "MultiLineString", "coordinates": [ [ [ 66.543998718066462, 86.654998779570064, 0.0 ], [ 62.463001250907041, 86.754997253220722, 0.0 ], [ 61.506000519008808, 86.80500030541981, 0.0 ], [ 58.018001556027059, 86.787002563617477, 0.0 ], [ 54.561000823729103, 86.746002197243683, 0.0 ], [ 50.770000457655037, 86.706001281633917, 0.0 ], [ 47.522998810147037, 86.640998839924578, 0.0 ], [ 46.062999725157233, 86.597999572921992, 0.0 ] ] ] } },
{ "type": "Feature", "properties": { "Name": "Eurasian:North American", "Description": "<html xmlns:fo=\"http://www.w3.org/1999/XSL/Format\" xmlns:msxsl=\"urn:schemas-microsoft-com:xslt\">\n<head>\n<META http-equiv=\"Content-Type\" content=\"text/html\">\n<meta http-equiv=\"content-type\" content=\"text/html; charset=UTF-8\">\n</head>\n<body style=\"margin:0px 0px 0px 0px;overflow:auto;background:#FFFFFF;\">\n<table style=\"font-family:Arial,Verdana,Times;font-size:12px;text-align:left;width:100%;border-collapse:collapse;padding:3px 3px 3px 3px\">\n<tr style=\"text-align:center;font-weight:bold;background:#9CBCE2\">\n<td>Eurasian:North American</td>\n</tr>\n<tr>\n<td>\n<table style=\"font-family:Arial,Verdana,Times;font-size:12px;text-align:left;width:100%;border-spacing:0px; padding:3px 3px 3px 3px\">\n<tr>\n<td>NAME</td>\n<td>Eurasian:North American</td>\n</tr>\n<tr bgcolor=\"#D4E4F3\">\n<td>LABEL</td>\n<td>Divergent Boundary</td>\n</tr>\n</table>\n</td>\n</tr>\n</table>\n</body>\n</html>", "LABEL": "Divergent Boundary" }, "geometry": { "type": "MultiLineString", "coordinates": [ [ [ 70.089485168305941, 86.40396118186311, 0.0 ], [ 66.301002502863298, 86.606002807983259, 0.0 ] ] ] } },
{ "type": "Feature", "properties": { "Name": "Eurasian:North American", "Description": "<html xmlns:fo=\"http://www.w3.org/1999/XSL/Format\" xmlns:msxsl=\"urn:schemas-microsoft-com:xslt\">\n<head>\n<META http-equiv=\"Content-Type\" content=\"text/html\">\n<meta http-equiv=\"content-type\" content=\"text/html; charset=UTF-8\">\n</head>\n<body style=\"margin:0px 0px 0px 0px;overflow:auto;background:#FFFFFF;\">\n<table style=\"font-family:Arial,Verdana,Times;font-size:12px;text-align:left;width:100%;border-collapse:collapse;padding:3px 3px 3px 3px\">\n<tr style=\"text-align:center;font-weight:bold;background:#9CBCE2\">\n<td>Eurasian:North American</td>\n</tr>\n<tr>\n<td>\n<table style=\"font-family:Arial,Verdana,Times;font-size:12px;text-align:left;width:100%;border-spacing:0px; padding:3px 3px 3px 3px\">\n<tr>\n<td>NAME</td>\n<td>Eurasian:North American</td>\n</tr>\n<tr bgcolor=\"#D4E4F3\">\n<td>LABEL</td>\n<td>Divergent Boundary</td>\n</tr>\n</table>\n</td>\n</tr>\n</table>\n</body>\n</html>", "LABEL": "Divergent Boundary" }, "geometry": { "type": "MultiLineString", "coordinates": [ [ [ 46.313999176320984, 86.560997009604364, 0.0 ], [ 43.479000091381181, 86.496002196843961, 0.0 ], [ 41.756000518908877, 86.431999206798025, 0.0 ], [ 38.300998688138982, 86.291000365874254, 0.0 ], [ 35.606998443223631, 86.161003113203151, 0.0 ], [ 33.340000152185333, 86.053001403591963, 0.0 ], [ 30.972000121808211, 85.907997131562411, 0.0 ], [ 29.229000091980708, 85.809997558540545, 0.0 ], [ 28.142999648914721, 85.8740005494858, 0.0 ], [ 27.427000045615671, 85.866996765188617, 0.0 ], [ 25.382999419887369, 85.859001159975605, 0.0 ], [ 23.347000121758239, 85.817001342837784, 0.0 ], [ 21.34300041163976, 85.799003601035395, 0.0 ], [ 19.284999847165238, 85.683998108026344, 0.0 ], [ 17.889999389860009, 85.59100341777355, 0.0 ], [ 16.062999725756811, 85.485000610589736, 0.0 ], [ 14.66600036602415, 85.379997253270687, 0.0 ], [ 13.241999626281769, 85.280998230384057, 0.0 ], [ 11.704000473243299, 85.137001037168204, 0.0 ], [ 10.659000396551111, 85.067001342537992, 0.0 ], [ 9.809000015138622, 84.95800018306204, 0.0 ] ] ] } },
{ "type": "Feature", "properties": { "Name": "Eurasian:North American", "Description": "<html xmlns:fo=\"http://www.w3.org/1999/XSL/Format\" xmlns:msxsl=\"urn:schemas-microsoft-com:xslt\">\n<head>\n<META http-equiv=\"Content-Type\" content=\"text/html\">\n<meta http-equiv=\"content-type\" content=\"text/html; charset=UTF-8\">\n</head>\n<body style=\"margin:0px 0px 0px 0px;overflow:auto;background:#FFFFFF;\">\n<table style=\"font-family:Arial,Verdana,Times;font-size:12px;text-align:left;width:100%;border-collapse:collapse;padding:3px 3px 3px 3px\">\n<tr style=\"text-align:center;font-weight:bold;background:#9CBCE2\">\n<td>Eurasian:North American</td>\n</tr>\n<tr>\n<td>\n<table style=\"font-family:Arial,Verdana,Times;font-size:12px;text-align:left;width:100%;border-spacing:0px; padding:3px 3px 3px 3px\">\n<tr>\n<td>NAME</td>\n<td>Eurasian:North American</td>\n</tr>\n<tr bgcolor=\"#D4E4F3\">\n<td>LABEL</td>\n<td>Divergent Boundary</td>\n</tr>\n</table>\n</td>\n</tr>\n</table>\n</body>\n</html>", "LABEL": "Divergent Boundary" }, "geometry": { "type": "MultiLineString", "coordinates": [ [ [ 8.937999725606915, 85.009002685125893, 0.0 ], [ 8.133999824232546, 84.898002624121887, 0.0 ], [ 6.664999961778847, 84.762001037917628, 0.0 ], [ 5.177000046015337, 84.632003784347205, 0.0 ], [ 4.507999896877777, 84.569999694930061, 0.0 ] ] ] } },
{ "type": "Feature", "properties": { "Name": "Eurasian:North American", "Description": "<html xmlns:fo=\"http://www.w3.org/1999/XSL/Format\" xmlns:msxsl=\"urn:schemas-microsoft-com:xslt\">\n<head>\n<META http-equiv=\"Content-Type\" content=\"text/html\">\n<meta http-equiv=\"content-type\" content=\"text/html; charset=UTF-8\">\n</head>\n<body style=\"margin:0px 0px 0px 0px;overflow:auto;background:#FFFFFF;\">\n<table style=\"font-family:Arial,Verdana,Times;font-size:12px;text-align:left;width:100%;border-collapse:collapse;padding:3px 3px 3px 3px\">\n<tr style=\"text-align:center;font-weight:bold;background:#9CBCE2\">\n<td>Eurasian:North American</td>\n</tr>\n<tr>\n<td>\n<table style=\"font-family:Arial,Verdana,Times;font-size:12px;text-align:left;width:100%;border-spacing:0px; padding:3px 3px 3px 3px\">\n<tr>\n<td>NAME</td>\n<td>Eurasian:North American</td>\n</tr>\n<tr bgcolor=\"#D4E4F3\">\n<td>LABEL</td>\n<td>Divergent Boundary</td>\n</tr>\n</table>\n</td>\n</tr>\n</table>\n</body>\n</html>", "LABEL": "Divergent Boundary" }, "geometry": { "type": "MultiLineString", "coordinates": [ [ [ 4.034999847065365, 84.597000121658368, 0.0 ], [ 3.848000049462769, 84.560997009104767, 0.0 ], [ 3.023999929053559, 84.461997986218137, 0.0 ], [ 2.234999894729413, 84.343002319101799, 0.0 ], [ 1.300999998651037, 84.222999573171819, 0.0 ], [ 0.405000001448968, 84.101997375578492, 0.0 ], [ -0.469000011841047, 83.996002197343614, 0.0 ], [ -1.205999970222422, 83.863998413296201, 0.0 ], [ -2.362999915713488, 83.690002441059846, 0.0 ], [ -3.203999996302741, 83.569999695129866, 0.0 ], [ -4.147999763578184, 83.430000304970179, 0.0 ], [ -5.1539998053467, 83.24900054933596, 0.0 ], [ -6.234000205544987, 82.999999999700265, 0.0 ], [ -7.211999893180462, 82.867996215652909, 0.0 ] ] ] } },
{ "type": "Feature", "properties": { "Name": "Eurasian:North American", "Description": "<html xmlns:fo=\"http://www.w3.org/1999/XSL/Format\" xmlns:msxsl=\"urn:schemas-microsoft-com:xslt\">\n<head>\n<META http-equiv=\"Content-Type\" content=\"text/html\">\n<meta http-equiv=\"content-type\" content=\"text/html; charset=UTF-8\">\n</head>\n<body style=\"margin:0px 0px 0px 0px;overflow:auto;background:#FFFFFF;\">\n<table style=\"font-family:Arial,Verdana,Times;font-size:12px;text-align:left;width:100%;border-collapse:collapse;padding:3px 3px 3px 3px\">\n<tr style=\"text-align:center;font-weight:bold;background:#9CBCE2\">\n<td>Eurasian:North American</td>\n</tr>\n<tr>\n<td>\n<table style=\"font-family:Arial,Verdana,Times;font-size:12px;text-align:left;width:100%;border-spacing:0px; padding:3px 3px 3px 3px\">\n<tr>\n<td>NAME</td>\n<td>Eurasian:North American</td>\n</tr>\n<tr bgcolor=\"#D4E4F3\">\n<td>LABEL</td>\n<td>Divergent Boundary</td>\n</tr>\n</table>\n</td>\n</tr>\n</table>\n</body>\n</html>", "LABEL": "Divergent Boundary" }, "geometry": { "type": "MultiLineString", "coordinates": [ [ [ -5.864999770722818, 82.691001892023735, 0.0 ], [ -5.010000228927368, 82.518997192366612, 0.0 ] ] ] } },
{ "type": "Feature", "properties": { "Name": "Eurasian:North American", "Description": "<html xmlns:fo=\"http://www.w3.org/1999/XSL/Format\" xmlns:msxsl=\"urn:schemas-microsoft-com:xslt\">\n<head>\n<META http-equiv=\"Content-Type\" content=\"text/html\">\n<meta http-equiv=\"content-type\" content=\"text/html; charset=UTF-8\">\n</head>\n<body style=\"margin:0px 0px 0px 0px;overflow:auto;background:#FFFFFF;\">\n<table style=\"font-family:Arial,Verdana,Times;font-size:12px;text-align:left;width:100%;border-collapse:collapse;padding:3px 3px 3px 3px\">\n<tr style=\"text-align:center;font-weight:bold;background:#9CBCE2\">\n<td>Eurasian:North American</td>\n</tr>\n<tr>\n<td>\n<table style=\"font-family:Arial,Verdana,Times;font-size:12px;text-align:left;width:100%;border-spacing:0px; padding:3px 3px 3px 3px\">\n<tr>\n<td>NAME</td>\n<td>Eurasian:North American</td>\n</tr>\n<tr bgcolor=\"#D4E4F3\">\n<td>LABEL</td>\n<td>Divergent Boundary</td>\n</tr>\n</table>\n</td>\n</tr>\n</table>\n</body>\n</html>", "LABEL": "Divergent Boundary" }, "geometry": { "type": "MultiLineString", "coordinates": [ [ [ -3.700000047364256, 82.328002929991271, 0.0 ], [ -3.796000003897007, 82.290000915909616, 0.0 ], [ -4.537000179114955, 82.050003052099214, 0.0 ], [ -5.032999992755435, 81.913002014231608, 0.0 ], [ -3.908999919710482, 81.620002746829357, 0.0 ], [ -4.151999950737093, 81.552001952827936, 0.0 ], [ -4.640999794105142, 81.370002746429634, 0.0 ] ] ] } },
{ "type": "Feature", "properties": { "Name": "Eurasian:North American", "Description": "<html xmlns:fo=\"http://www.w3.org/1999/XSL/Format\" xmlns:msxsl=\"urn:schemas-microsoft-com:xslt\">\n<head>\n<META http-equiv=\"Content-Type\" content=\"text/html\">\n<meta http-equiv=\"content-type\" content=\"text/html; charset=UTF-8\">\n</head>\n<body style=\"margin:0px 0px 0px 0px;overflow:auto;background:#FFFFFF;\">\n<table style=\"font-family:Arial,Verdana,Times;font-size:12px;text-align:left;width:100%;border-collapse:collapse;padding:3px 3px 3px 3px\">\n<tr style=\"text-align:center;font-weight:bold;background:#9CBCE2\">\n<td>Eurasian:North American</td>\n</tr>\n<tr>\n<td>\n<table style=\"font-family:Arial,Verdana,Times;font-size:12px;text-align:left;width:100%;border-spacing:0px; padding:3px 3px 3px 3px\">\n<tr>\n<td>NAME</td>\n<td>Eurasian:North American</td>\n</tr>\n<tr bgcolor=\"#D4E4F3\">\n<td>LABEL</td>\n<td>Divergent Boundary</td>\n</tr>\n</table>\n</td>\n</tr>\n</table>\n</body>\n</html>", "LABEL": "Divergent Boundary" }, "geometry": { "type": "MultiLineString", "coordinates": [ [ [ -2.414000034573917, 81.125999450614188, 0.0 ], [ -2.779000043916824, 80.992996215802748, 0.0 ], [ -3.364000082138034, 80.791999816838143, 0.0 ] ] ] } },
{ "type": "Feature", "properties": { "Name": "Eurasian:North American", "Description": "<html xmlns:fo=\"http://www.w3.org/1999/XSL/Format\" xmlns:msxsl=\"urn:schemas-microsoft-com:xslt\">\n<head>\n<META http-equiv=\"Content-Type\" content=\"text/html\">\n<meta http-equiv=\"content-type\" content=\"text/html; charset=UTF-8\">\n</head>\n<body style=\"margin:0px 0px 0px 0px;overflow:auto;background:#FFFFFF;\">\n<table style=\"font-family:Arial,Verdana,Times;font-size:12px;text-align:left;width:100%;border-collapse:collapse;padding:3px 3px 3px 3px\">\n<tr style=\"text-align:center;font-weight:bold;background:#9CBCE2\">\n<td>Eurasian:North American</td>\n</tr>\n<tr>\n<td>\n<table style=\"font-family:Arial,Verdana,Times;font-size:12px;text-align:left;width:100%;border-spacing:0px; padding:3px 3px 3px 3px\">\n<tr>\n<td>NAME</td>\n<td>Eurasian:North American</td>\n</tr>\n<tr bgcolor=\"#D4E4F3\">\n<td>LABEL</td>\n<td>Divergent Boundary</td>\n</tr>\n</table>\n</td>\n</tr>\n</table>\n</body>\n</html>", "LABEL": "Divergent Boundary" }, "geometry": { "type": "MultiLineString", "coordinates": [ [ [ -1.684000014988669, 80.624999999950091, 0.0 ], [ -2.341000080189474, 80.370002746629496, 0.0 ] ] ] } },
{ "type": "Feature", "properties": { "Name": "Eurasian:North American", "Description": "<html xmlns:fo=\"http://www.w3.org/1999/XSL/Format\" xmlns:msxsl=\"urn:schemas-microsoft-com:xslt\">\n<head>\n<META http-equiv=\"Content-Type\" content=\"text/html\">\n<meta http-equiv=\"content-type\" content=\"text/html; charset=UTF-8\">\n</head>\n<body style=\"margin:0px 0px 0px 0px;overflow:auto;background:#FFFFFF;\">\n<table style=\"font-family:Arial,Verdana,Times;font-size:12px;text-align:left;width:100%;border-collapse:collapse;padding:3px 3px 3px 3px\">\n<tr style=\"text-align:center;font-weight:bold;background:#9CBCE2\">\n<td>Eurasian:North American</td>\n</tr>\n<tr>\n<td>\n<table style=\"font-family:Arial,Verdana,Times;font-size:12px;text-align:left;width:100%;border-spacing:0px; padding:3px 3px 3px 3px\">\n<tr>\n<td>NAME</td>\n<td>Eurasian:North American</td>\n</tr>\n<tr bgcolor=\"#D4E4F3\">\n<td>LABEL</td>\n<td>Divergent Boundary</td>\n</tr>\n</table>\n</td>\n</tr>\n</table>\n</body>\n</html>", "LABEL": "Divergent Boundary" }, "geometry": { "type": "MultiLineString", "coordinates": [ [ [ 4.389999866500659, 79.532997131712307, 0.0 ], [ 3.90100002313261, 79.227996826192623, 0.0 ], [ 3.431999922158752, 79.029998779520099, 0.0 ] ] ] } },
{ "type": "Feature", "properties": { "Name": "Eurasian:North American", "Description": "<html xmlns:fo=\"http://www.w3.org/1999/XSL/Format\" xmlns:msxsl=\"urn:schemas-microsoft-com:xslt\">\n<head>\n<META http-equiv=\"Content-Type\" content=\"text/html\">\n<meta http-equiv=\"content-type\" content=\"text/html; charset=UTF-8\">\n</head>\n<body style=\"margin:0px 0px 0px 0px;overflow:auto;background:#FFFFFF;\">\n<table style=\"font-family:Arial,Verdana,Times;font-size:12px;text-align:left;width:100%;border-collapse:collapse;padding:3px 3px 3px 3px\">\n<tr style=\"text-align:center;font-weight:bold;background:#9CBCE2\">\n<td>Eurasian:North American</td>\n</tr>\n<tr>\n<td>\n<table style=\"font-family:Arial,Verdana,Times;font-size:12px;text-align:left;width:100%;border-spacing:0px; padding:3px 3px 3px 3px\">\n<tr>\n<td>NAME</td>\n<td>Eurasian:North American</td>\n</tr>\n<tr bgcolor=\"#D4E4F3\">\n<td>LABEL</td>\n<td>Divergent Boundary</td>\n</tr>\n</table>\n</td>\n</tr>\n</table>\n</body>\n</html>", "LABEL": "Divergent Boundary" }, "geometry": { "type": "MultiLineString", "coordinates": [ [ [ 125.701089675048493, 78.174055592591571, 0.0 ], [ 125.580641381594603, 78.304681444393225, 0.0 ], [ 125.283716476334405, 78.822938960664544, 0.0 ], [ 125.148127590815804, 78.994282684698192, 0.0 ], [ 125.011177864666806, 79.066390732846116, 0.0 ], [ 123.407997131262604, 79.75900268572542, 0.0 ], [ 122.6389999392958, 80.206001282033583, 0.0 ], [ 121.898002624821302, 80.642997741752424, 0.0 ], [ 121.003997802356693, 81.114997864160159, 0.0 ], [ 119.984001159226196, 81.595001220729785, 0.0 ], [ 119.268654104003801, 81.993131728146807, 0.0 ], [ 118.999718466034395, 82.093919509777606, 0.0 ], [ 117.857830009647301, 82.281136679813983, 0.0 ], [ 117.660767631121303, 82.34345125657029, 0.0 ], [ 117.170997620044204, 82.539001464645935, 0.0 ], [ 116.582000732048201, 82.739997863610597, 0.0 ], [ 115.792999267802003, 83.013999939345808, 0.0 ], [ 115.258003235061295, 83.151000976314037, 0.0 ], [ 114.557998657112407, 83.320999145494227, 0.0 ], [ 113.722999572672194, 83.512001037717766, 0.0 ], [ 112.843002319701299, 83.674003600785625, 0.0 ], [ 111.973999023336305, 83.823997497686435, 0.0 ], [ 110.958999634025901, 83.964996337710886, 0.0 ], [ 109.7269973756285, 84.110000610639702, 0.0 ], [ 108.939002991095194, 84.194000244016081, 0.0 ], [ 107.708999634225805, 84.294998169330086, 0.0 ], [ 106.759002685725406, 84.369003295965399, 0.0 ], [ 105.302001953027798, 84.485000610789598, 0.0 ], [ 103.943000793351999, 84.578002929991271, 0.0 ], [ 102.917999267452302, 84.664001464895762, 0.0 ], [ 99.444000244116012, 84.911003113003346, 0.0 ], [ 98.568000793302019, 84.959999084590152, 0.0 ], [ 97.273002624571518, 85.027999877692253, 0.0 ], [ 95.838996887496421, 85.10199737537863, 0.0 ], [ 94.154998778970537, 85.154998778970537, 0.0 ], [ 92.313003540281215, 85.228996276656915, 0.0 ], [ 89.980003356769544, 85.295997619894308, 0.0 ], [ 88.486000060754236, 85.346000671194076, 0.0 ], [ 86.802001953127672, 85.417999267352343, 0.0 ], [ 84.802001953527395, 85.500000000099988, 0.0 ], [ 83.142997741252827, 85.555999755984033, 0.0 ], [ 81.102996826042727, 85.638999938596328, 0.0 ], [ 78.402999878341745, 85.767997741402723, 0.0 ], [ 76.325996398914754, 85.916999816488385, 0.0 ], [ 75.028999328656141, 85.988998412646708, 0.0 ], [ 72.984001159625848, 86.10600280718387, 0.0 ], [ 70.926002502613471, 86.203002929441709, 0.0 ], [ 70.089485168305941, 86.40396118186311, 0.0 ] ] ] } },
{ "type": "Feature", "properties": { "Name": "Eurasian:North American", "Description": "<html xmlns:fo=\"http://www.w3.org/1999/XSL/Format\" xmlns:msxsl=\"urn:schemas-microsoft-com:xslt\">\n<head>\n<META http-equiv=\"Content-Type\" content=\"text/html\">\n<meta http-equiv=\"content-type\" content=\"text/html; charset=UTF-8\">\n</head>\n<body style=\"margin:0px 0px 0px 0px;overflow:auto;background:#FFFFFF;\">\n<table style=\"font-family:Arial,Verdana,Times;font-size:12px;text-align:left;width:100%;border-collapse:collapse;padding:3px 3px 3px 3px\">\n<tr style=\"text-align:center;font-weight:bold;background:#9CBCE2\">\n<td>Eurasian:North American</td>\n</tr>\n<tr>\n<td>\n<table style=\"font-family:Arial,Verdana,Times;font-size:12px;text-align:left;width:100%;border-spacing:0px; padding:3px 3px 3px 3px\">\n<tr>\n<td>NAME</td>\n<td>Eurasian:North American</td>\n</tr>\n<tr bgcolor=\"#D4E4F3\">\n<td>LABEL</td>\n<td>Divergent Boundary</td>\n</tr>\n</table>\n</td>\n</tr>\n</table>\n</body>\n</html>", "LABEL": "Divergent Boundary" }, "geometry": { "type": "MultiLineString", "coordinates": [ [ [ 7.784999847664892, 78.235000610689667, 0.0 ], [ 7.827000141443421, 78.089996337760851, 0.0 ], [ 7.770999908019405, 77.911003112603623, 0.0 ], [ 7.880000114213942, 77.711997986218137, 0.0 ], [ 7.809000015538345, 77.478996276856776, 0.0 ], [ 7.671999930952097, 77.148002624321691, 0.0 ], [ 7.62200021703643, 76.969001770215584, 0.0 ], [ 7.614999771022667, 76.799003601035395, 0.0 ], [ 7.56300020229753, 76.6019973752787, 0.0 ], [ 7.55700016032921, 76.430999756233803, 0.0 ], [ 7.480000018785859, 76.278999328856003, 0.0 ], [ 7.514999866550625, 76.116996764888825, 0.0 ], [ 7.592999935498654, 75.981002807633502, 0.0 ], [ 7.60300016372662, 75.728996276756845, 0.0 ], [ 7.842000007594322, 75.527000427028156, 0.0 ], [ 7.946000099225273, 75.382003783947539, 0.0 ], [ 8.211999893180575, 75.188003540331181, 0.0 ], [ 8.460000037871509, 75.075996398714892, 0.0 ], [ 8.630000114513734, 74.945999145144469, 0.0 ], [ 8.78100013694683, 74.763000487982197, 0.0 ], [ 8.984000205645032, 74.542999267502239, 0.0 ], [ 9.133000374167977, 74.376998901378272, 0.0 ], [ 9.152999878241815, 74.233001709061682, 0.0 ], [ 9.208000183361833, 74.096000671194076, 0.0 ], [ 9.20300006879819, 73.978996276656915, 0.0 ], [ 9.140000343541089, 73.882003784247274, 0.0 ], [ 9.036999702674166, 73.758003235261128, 0.0 ], [ 8.956999778916725, 73.706001281533986, 0.0 ], [ 8.838000297775579, 73.627998351842507, 0.0 ], [ 8.652000427577718, 73.533996581876806, 0.0 ], [ 8.385999679441682, 73.485000610290001, 0.0 ], [ 8.149999618687502, 73.427001952877902, 0.0 ], [ 7.79099988963327, 73.371002196993857, 0.0 ], [ 7.390999794205186, 73.251998900928584, 0.0 ], [ 7.071000099175308, 73.203002929341778, 0.0 ], [ 6.78200006475123, 73.144996642980743, 0.0 ], [ 6.054999828279506, 73.018997192466543, 0.0 ], [ 5.585999965625945, 72.924003600685694, 0.0 ], [ 4.969999790158227, 72.820999145794019, 0.0 ], [ 4.300000191155959, 72.696998595908553, 0.0 ], [ 3.608999967274713, 72.58000183121959, 0.0 ], [ 2.780999898926268, 72.432998657661983, 0.0 ], [ 1.991000055907875, 72.328002929291813, 0.0 ], [ 0.901000022832818, 72.134002685675455, 0.0 ], [ 0.280999988458746, 72.014999389610182, 0.0 ], [ -0.391999989907561, 71.910003662139331, 0.0 ], [ -0.975000024031829, 71.815002441409604, 0.0 ], [ -1.743000030626888, 71.684997558890302, 0.0 ], [ -2.398999929203342, 71.592002868637508, 0.0 ], [ -2.937000036622351, 71.500000000199918, 0.0 ], [ -3.691999912266113, 71.398002624121887, 0.0 ] ] ] } },
{ "type": "Feature", "properties": { "Name": "Eurasian:North American", "Description": "<html xmlns:fo=\"http://www.w3.org/1999/XSL/Format\" xmlns:msxsl=\"urn:schemas-microsoft-com:xslt\">\n<head>\n<META http-equiv=\"Content-Type\" content=\"text/html\">\n<meta http-equiv=\"content-type\" content=\"text/html; charset=UTF-8\">\n</head>\n<body style=\"margin:0px 0px 0px 0px;overflow:auto;background:#FFFFFF;\">\n<table style=\"font-family:Arial,Verdana,Times;font-size:12px;text-align:left;width:100%;border-collapse:collapse;padding:3px 3px 3px 3px\">\n<tr style=\"text-align:center;font-weight:bold;background:#9CBCE2\">\n<td>Eurasian:North American</td>\n</tr>\n<tr>\n<td>\n<table style=\"font-family:Arial,Verdana,Times;font-size:12px;text-align:left;width:100%;border-spacing:0px; padding:3px 3px 3px 3px\">\n<tr>\n<td>NAME</td>\n<td>Eurasian:North American</td>\n</tr>\n<tr bgcolor=\"#D4E4F3\">\n<td>LABEL</td>\n<td>Divergent Boundary</td>\n</tr>\n</table>\n</td>\n</tr>\n</table>\n</body>\n</html>", "LABEL": "Divergent Boundary" }, "geometry": { "type": "MultiLineString", "coordinates": [ [ [ -4.072000026979595, 71.490997314374624, 0.0 ], [ -4.360000133099618, 71.431999206198441, 0.0 ], [ -4.741000175217891, 71.333000183311867, 0.0 ] ] ] } },
{ "type": "Feature", "properties": { "Name": "Eurasian:North American", "Description": "<html xmlns:fo=\"http://www.w3.org/1999/XSL/Format\" xmlns:msxsl=\"urn:schemas-microsoft-com:xslt\">\n<head>\n<META http-equiv=\"Content-Type\" content=\"text/html\">\n<meta http-equiv=\"content-type\" content=\"text/html; charset=UTF-8\">\n</head>\n<body style=\"margin:0px 0px 0px 0px;overflow:auto;background:#FFFFFF;\">\n<table style=\"font-family:Arial,Verdana,Times;font-size:12px;text-align:left;width:100%;border-collapse:collapse;padding:3px 3px 3px 3px\">\n<tr style=\"text-align:center;font-weight:bold;background:#9CBCE2\">\n<td>Eurasian:North American</td>\n</tr>\n<tr>\n<td>\n<table style=\"font-family:Arial,Verdana,Times;font-size:12px;text-align:left;width:100%;border-spacing:0px; padding:3px 3px 3px 3px\">\n<tr>\n<td>NAME</td>\n<td>Eurasian:North American</td>\n</tr>\n<tr bgcolor=\"#D4E4F3\">\n<td>LABEL</td>\n<td>Divergent Boundary</td>\n</tr>\n</table>\n</td>\n</tr>\n</table>\n</body>\n</html>", "LABEL": "Divergent Boundary" }, "geometry": { "type": "MultiLineString", "coordinates": [ [ [ -11.369999885985919, 71.77400207503581, 0.0 ], [ -11.713999747989931, 71.587997436632463, 0.0 ], [ -12.10599994664017, 71.396003723493095, 0.0 ], [ -12.35900020589475, 71.251998901328307, 0.0 ] ] ] } },
{ "type": "Feature", "properties": { "Name": "Eurasian:North American", "Description": "<html xmlns:fo=\"http://www.w3.org/1999/XSL/Format\" xmlns:msxsl=\"urn:schemas-microsoft-com:xslt\">\n<head>\n<META http-equiv=\"Content-Type\" content=\"text/html\">\n<meta http-equiv=\"content-type\" content=\"text/html; charset=UTF-8\">\n</head>\n<body style=\"margin:0px 0px 0px 0px;overflow:auto;background:#FFFFFF;\">\n<table style=\"font-family:Arial,Verdana,Times;font-size:12px;text-align:left;width:100%;border-collapse:collapse;padding:3px 3px 3px 3px\">\n<tr style=\"text-align:center;font-weight:bold;background:#9CBCE2\">\n<td>Eurasian:North American</td>\n</tr>\n<tr>\n<td>\n<table style=\"font-family:Arial,Verdana,Times;font-size:12px;text-align:left;width:100%;border-spacing:0px; padding:3px 3px 3px 3px\">\n<tr>\n<td>NAME</td>\n<td>Eurasian:North American</td>\n</tr>\n<tr bgcolor=\"#D4E4F3\">\n<td>LABEL</td>\n<td>Divergent Boundary</td>\n</tr>\n</table>\n</td>\n</tr>\n</table>\n</body>\n</html>", "LABEL": "Divergent Boundary" }, "geometry": { "type": "MultiLineString", "coordinates": [ [ [ -5.698999882138821, 71.540000915809685, 0.0 ], [ -5.916999816987925, 71.464996337511025, 0.0 ], [ -6.333000183511615, 71.387001037667801, 0.0 ], [ -6.900000094928373, 71.281997680348752, 0.0 ], [ -7.375000000449631, 71.125000000050022, 0.0 ] ] ] } },
{ "type": "Feature", "properties": { "Name": "Eurasian:North American", "Description": "<html xmlns:fo=\"http://www.w3.org/1999/XSL/Format\" xmlns:msxsl=\"urn:schemas-microsoft-com:xslt\">\n<head>\n<META http-equiv=\"Content-Type\" content=\"text/html\">\n<meta http-equiv=\"content-type\" content=\"text/html; charset=UTF-8\">\n</head>\n<body style=\"margin:0px 0px 0px 0px;overflow:auto;background:#FFFFFF;\">\n<table style=\"font-family:Arial,Verdana,Times;font-size:12px;text-align:left;width:100%;border-collapse:collapse;padding:3px 3px 3px 3px\">\n<tr style=\"text-align:center;font-weight:bold;background:#9CBCE2\">\n<td>Eurasian:North American</td>\n</tr>\n<tr>\n<td>\n<table style=\"font-family:Arial,Verdana,Times;font-size:12px;text-align:left;width:100%;border-spacing:0px; padding:3px 3px 3px 3px\">\n<tr>\n<td>NAME</td>\n<td>Eurasian:North American</td>\n</tr>\n<tr bgcolor=\"#D4E4F3\">\n<td>LABEL</td>\n<td>Divergent Boundary</td>\n</tr>\n</table>\n</td>\n</tr>\n</table>\n</body>\n</html>", "LABEL": "Divergent Boundary" }, "geometry": { "type": "MultiLineString", "coordinates": [ [ [ -11.355999946340431, 71.052001953127672, 0.0 ], [ -11.6689996719972, 70.875999450414383, 0.0 ], [ -12.008999824382331, 70.706001282133514, 0.0 ], [ -12.25500011426379, 70.563003539681688, 0.0 ] ] ] } },
{ "type": "Feature", "properties": { "Name": "Eurasian:North American", "Description": "<html xmlns:fo=\"http://www.w3.org/1999/XSL/Format\" xmlns:msxsl=\"urn:schemas-microsoft-com:xslt\">\n<head>\n<META http-equiv=\"Content-Type\" content=\"text/html\">\n<meta http-equiv=\"content-type\" content=\"text/html; charset=UTF-8\">\n</head>\n<body style=\"margin:0px 0px 0px 0px;overflow:auto;background:#FFFFFF;\">\n<table style=\"font-family:Arial,Verdana,Times;font-size:12px;text-align:left;width:100%;border-collapse:collapse;padding:3px 3px 3px 3px\">\n<tr style=\"text-align:center;font-weight:bold;background:#9CBCE2\">\n<td>Eurasian:North American</td>\n</tr>\n<tr>\n<td>\n<table style=\"font-family:Arial,Verdana,Times;font-size:12px;text-align:left;width:100%;border-spacing:0px; padding:3px 3px 3px 3px\">\n<tr>\n<td>NAME</td>\n<td>Eurasian:North American</td>\n</tr>\n<tr bgcolor=\"#D4E4F3\">\n<td>LABEL</td>\n<td>Divergent Boundary</td>\n</tr>\n</table>\n</td>\n</tr>\n</table>\n</body>\n</html>", "LABEL": "Divergent Boundary" }, "geometry": { "type": "MultiLineString", "coordinates": [ [ [ -13.892000198550249, 70.816001892373492, 0.0 ], [ -14.03600025161029, 70.725997924564638, 0.0 ], [ -14.237000465499021, 70.516998291438028, 0.0 ], [ -14.44799995433436, 70.35399627670688, 0.0 ] ] ] } },
{ "type": "Feature", "properties": { "Name": "Eurasian:North American", "Description": "<html xmlns:fo=\"http://www.w3.org/1999/XSL/Format\" xmlns:msxsl=\"urn:schemas-microsoft-com:xslt\">\n<head>\n<META http-equiv=\"Content-Type\" content=\"text/html\">\n<meta http-equiv=\"content-type\" content=\"text/html; charset=UTF-8\">\n</head>\n<body style=\"margin:0px 0px 0px 0px;overflow:auto;background:#FFFFFF;\">\n<table style=\"font-family:Arial,Verdana,Times;font-size:12px;text-align:left;width:100%;border-collapse:collapse;padding:3px 3px 3px 3px\">\n<tr style=\"text-align:center;font-weight:bold;background:#9CBCE2\">\n<td>Eurasian:North American</td>\n</tr>\n<tr>\n<td>\n<table style=\"font-family:Arial,Verdana,Times;font-size:12px;text-align:left;width:100%;border-spacing:0px; padding:3px 3px 3px 3px\">\n<tr>\n<td>NAME</td>\n<td>Eurasian:North American</td>\n</tr>\n<tr bgcolor=\"#D4E4F3\">\n<td>LABEL</td>\n<td>Divergent Boundary</td>\n</tr>\n</table>\n</td>\n</tr>\n</table>\n</body>\n</html>", "LABEL": "Divergent Boundary" }, "geometry": { "type": "MultiLineString", "coordinates": [ [ [ -16.486999511318349, 68.807998656812629, 0.0 ], [ -16.263000488681541, 69.038002013881908, 0.0 ], [ -16.034000396401151, 69.264999389710113, 0.0 ], [ -15.715999602899331, 69.550003051899409, 0.0 ], [ -15.42500019030649, 69.839996338060587, 0.0 ], [ -15.02400016747373, 70.168998718016496, 0.0 ], [ -14.73400020564492, 70.388999939395717, 0.0 ] ] ] } },
{ "type": "Feature", "properties": { "Name": "Eurasian:North American", "Description": "<html xmlns:fo=\"http://www.w3.org/1999/XSL/Format\" xmlns:msxsl=\"urn:schemas-microsoft-com:xslt\">\n<head>\n<META http-equiv=\"Content-Type\" content=\"text/html\">\n<meta http-equiv=\"content-type\" content=\"text/html; charset=UTF-8\">\n</head>\n<body style=\"margin:0px 0px 0px 0px;overflow:auto;background:#FFFFFF;\">\n<table style=\"font-family:Arial,Verdana,Times;font-size:12px;text-align:left;width:100%;border-collapse:collapse;padding:3px 3px 3px 3px\">\n<tr style=\"text-align:center;font-weight:bold;background:#9CBCE2\">\n<td>Eurasian:North American</td>\n</tr>\n<tr>\n<td>\n<table style=\"font-family:Arial,Verdana,Times;font-size:12px;text-align:left;width:100%;border-spacing:0px; padding:3px 3px 3px 3px\">\n<tr>\n<td>NAME</td>\n<td>Eurasian:North American</td>\n</tr>\n<tr bgcolor=\"#D4E4F3\">\n<td>LABEL</td>\n<td>Divergent Boundary</td>\n</tr>\n</table>\n</td>\n</tr>\n</table>\n</body>\n</html>", "LABEL": "Divergent Boundary" }, "geometry": { "type": "MultiLineString", "coordinates": [ [ [ -19.09900093094814, 67.057998657612018, 0.0 ], [ -18.756000518808829, 67.443000793451915, 0.0 ], [ -18.489999770672849, 67.737998962382278, 0.0 ], [ -18.219999312917938, 68.066001892473423, 0.0 ], [ -17.82900047339308, 68.400001526249468, 0.0 ], [ -17.392000198750111, 68.699996948100704, 0.0 ], [ -17.153999329005789, 68.864997863460701, 0.0 ] ] ] } },
{ "type": "Feature", "properties": { "Name": "Eurasian:North American", "Description": "<html xmlns:fo=\"http://www.w3.org/1999/XSL/Format\" xmlns:msxsl=\"urn:schemas-microsoft-com:xslt\">\n<head>\n<META http-equiv=\"Content-Type\" content=\"text/html\">\n<meta http-equiv=\"content-type\" content=\"text/html; charset=UTF-8\">\n</head>\n<body style=\"margin:0px 0px 0px 0px;overflow:auto;background:#FFFFFF;\">\n<table style=\"font-family:Arial,Verdana,Times;font-size:12px;text-align:left;width:100%;border-collapse:collapse;padding:3px 3px 3px 3px\">\n<tr style=\"text-align:center;font-weight:bold;background:#9CBCE2\">\n<td>Eurasian:North American</td>\n</tr>\n<tr>\n<td>\n<table style=\"font-family:Arial,Verdana,Times;font-size:12px;text-align:left;width:100%;border-spacing:0px; padding:3px 3px 3px 3px\">\n<tr>\n<td>NAME</td>\n<td>Eurasian:North American</td>\n</tr>\n<tr bgcolor=\"#D4E4F3\">\n<td>LABEL</td>\n<td>Divergent Boundary</td>\n</tr>\n</table>\n</td>\n</tr>\n</table>\n</body>\n</html>", "LABEL": "Divergent Boundary" }, "geometry": { "type": "MultiLineString", "coordinates": [ [ [ 141.242004394087502, 66.978996277156511, 0.0 ], [ 140.330001830719993, 67.446998596508081, 0.0 ], [ 139.505087616899999, 67.849461605868498, 0.0 ], [ 139.384014623775897, 67.941189283558629, 0.0 ], [ 139.284532560629287, 68.040852127523749, 0.0 ], [ 138.962997436882205, 68.476997375328665, 0.0 ], [ 138.602895532003203, 68.939400389716241, 0.0 ], [ 138.470340026471206, 69.051353041409811, 0.0 ], [ 138.3405231076554, 69.135684983275439, 0.0 ], [ 137.367996215552893, 69.635002136039816, 0.0 ], [ 136.757995605412901, 69.954002380305667, 0.0 ], [ 135.955278769499699, 70.51519728842419, 0.0 ], [ 135.567212676723699, 70.726423136618507, 0.0 ], [ 134.854003906255286, 71.267997741602528, 0.0 ], [ 134.016998291338211, 71.864997863760436, 0.0 ], [ 133.266998291038391, 72.28199768104821, 0.0 ], [ 132.483001708661988, 72.694999694380442, 0.0 ], [ 131.263000488381891, 73.371002196993857, 0.0 ], [ 130.19999694840061, 74.017997741502597, 0.0 ], [ 129.595001221029605, 74.478996276556984, 0.0 ], [ 129.086459267880997, 74.843722327223702, 0.0 ], [ 128.945527960646899, 74.960764549944088, 0.0 ], [ 128.843300404889902, 75.080446899804656, 0.0 ], [ 128.518997192166694, 75.494003295715572, 0.0 ], [ 128.050003051899409, 76.050003051499687, 0.0 ], [ 127.634002685375705, 76.642997741652493, 0.0 ], [ 127.265742303564494, 77.123443077236288, 0.0 ], [ 127.152564369649994, 77.225302126791803, 0.0 ], [ 127.051196614332298, 77.314679469481973, 0.0 ], [ 126.457000732098194, 77.683998107826483, 0.0 ], [ 125.820073357799302, 78.051586412782797, 0.0 ], [ 125.691873640356306, 78.178663609937701, 0.0 ] ] ] } },
{ "type": "Feature", "properties": { "Name": "Eurasian:North American", "Description": "<html xmlns:fo=\"http://www.w3.org/1999/XSL/Format\" xmlns:msxsl=\"urn:schemas-microsoft-com:xslt\">\n<head>\n<META http-equiv=\"Content-Type\" content=\"text/html\">\n<meta http-equiv=\"content-type\" content=\"text/html; charset=UTF-8\">\n</head>\n<body style=\"margin:0px 0px 0px 0px;overflow:auto;background:#FFFFFF;\">\n<table style=\"font-family:Arial,Verdana,Times;font-size:12px;text-align:left;width:100%;border-collapse:collapse;padding:3px 3px 3px 3px\">\n<tr style=\"text-align:center;font-weight:bold;background:#9CBCE2\">\n<td>Eurasian:North American</td>\n</tr>\n<tr>\n<td>\n<table style=\"font-family:Arial,Verdana,Times;font-size:12px;text-align:left;width:100%;border-spacing:0px; padding:3px 3px 3px 3px\">\n<tr>\n<td>NAME</td>\n<td>Eurasian:North American</td>\n</tr>\n<tr bgcolor=\"#D4E4F3\">\n<td>LABEL</td>\n<td>Divergent Boundary</td>\n</tr>\n</table>\n</td>\n</tr>\n</table>\n</body>\n</html>", "LABEL": "Divergent Boundary" }, "geometry": { "type": "MultiLineString", "coordinates": [ [ [ -18.246999740545562, 66.780998229584668, 0.0 ], [ -18.11800003027713, 66.933998107726552, 0.0 ] ] ] } },
{ "type": "Feature", "properties": { "Name": "Eurasian:North American", "Description": "<html xmlns:fo=\"http://www.w3.org/1999/XSL/Format\" xmlns:msxsl=\"urn:schemas-microsoft-com:xslt\">\n<head>\n<META http-equiv=\"Content-Type\" content=\"text/html\">\n<meta http-equiv=\"content-type\" content=\"text/html; charset=UTF-8\">\n</head>\n<body style=\"margin:0px 0px 0px 0px;overflow:auto;background:#FFFFFF;\">\n<table style=\"font-family:Arial,Verdana,Times;font-size:12px;text-align:left;width:100%;border-collapse:collapse;padding:3px 3px 3px 3px\">\n<tr style=\"text-align:center;font-weight:bold;background:#9CBCE2\">\n<td>Eurasian:North American</td>\n</tr>\n<tr>\n<td>\n<table style=\"font-family:Arial,Verdana,Times;font-size:12px;text-align:left;width:100%;border-spacing:0px; padding:3px 3px 3px 3px\">\n<tr>\n<td>NAME</td>\n<td>Eurasian:North American</td>\n</tr>\n<tr bgcolor=\"#D4E4F3\">\n<td>LABEL</td>\n<td>Divergent Boundary</td>\n</tr>\n</table>\n</td>\n</tr>\n</table>\n</body>\n</html>", "LABEL": "Divergent Boundary" }, "geometry": { "type": "MultiLineString", "coordinates": [ [ [ -17.71800041238907, 66.364997863960298, 0.0 ], [ -17.47299957237232, 66.684997558990233, 0.0 ] ] ] } },
{ "type": "Feature", "properties": { "Name": "Eurasian:North American", "Description": "<html xmlns:fo=\"http://www.w3.org/1999/XSL/Format\" xmlns:msxsl=\"urn:schemas-microsoft-com:xslt\">\n<head>\n<META http-equiv=\"Content-Type\" content=\"text/html\">\n<meta http-equiv=\"content-type\" content=\"text/html; charset=UTF-8\">\n</head>\n<body style=\"margin:0px 0px 0px 0px;overflow:auto;background:#FFFFFF;\">\n<table style=\"font-family:Arial,Verdana,Times;font-size:12px;text-align:left;width:100%;border-collapse:collapse;padding:3px 3px 3px 3px\">\n<tr style=\"text-align:center;font-weight:bold;background:#9CBCE2\">\n<td>Eurasian:North American</td>\n</tr>\n<tr>\n<td>\n<table style=\"font-family:Arial,Verdana,Times;font-size:12px;text-align:left;width:100%;border-spacing:0px; padding:3px 3px 3px 3px\">\n<tr>\n<td>NAME</td>\n<td>Eurasian:North American</td>\n</tr>\n<tr bgcolor=\"#D4E4F3\">\n<td>LABEL</td>\n<td>Divergent Boundary</td>\n</tr>\n</table>\n</td>\n</tr>\n</table>\n</body>\n</html>", "LABEL": "Divergent Boundary" }, "geometry": { "type": "MultiLineString", "coordinates": [ [ [ -19.23800086944453, 63.861999512167813, 0.0 ], [ -19.041000366074002, 63.985000610389932, 0.0 ], [ -18.625999450314339, 64.181999206298372, 0.0 ], [ -17.822000503120709, 64.488998413346167, 0.0 ], [ -17.368000030876662, 64.736999511318459, 0.0 ], [ -17.141000747586361, 64.995002746779392, 0.0 ], [ -17.02499961873735, 65.378997802906326, 0.0 ], [ -16.85899925261339, 65.677001953077706, 0.0 ], [ -16.656000137196539, 65.943000793751708, 0.0 ], [ -16.50699996957292, 66.203002929841375, 0.0 ] ] ] } },
{ "type": "Feature", "properties": { "Name": "Eurasian:North American", "Description": "<html xmlns:fo=\"http://www.w3.org/1999/XSL/Format\" xmlns:msxsl=\"urn:schemas-microsoft-com:xslt\">\n<head>\n<META http-equiv=\"Content-Type\" content=\"text/html\">\n<meta http-equiv=\"content-type\" content=\"text/html; charset=UTF-8\">\n</head>\n<body style=\"margin:0px 0px 0px 0px;overflow:auto;background:#FFFFFF;\">\n<table style=\"font-family:Arial,Verdana,Times;font-size:12px;text-align:left;width:100%;border-collapse:collapse;padding:3px 3px 3px 3px\">\n<tr style=\"text-align:center;font-weight:bold;background:#9CBCE2\">\n<td>Eurasian:North American</td>\n</tr>\n<tr>\n<td>\n<table style=\"font-family:Arial,Verdana,Times;font-size:12px;text-align:left;width:100%;border-spacing:0px; padding:3px 3px 3px 3px\">\n<tr>\n<td>NAME</td>\n<td>Eurasian:North American</td>\n</tr>\n<tr bgcolor=\"#D4E4F3\">\n<td>LABEL</td>\n<td>Divergent Boundary</td>\n</tr>\n</table>\n</td>\n</tr>\n</table>\n</body>\n</html>", "LABEL": "Divergent Boundary" }, "geometry": { "type": "MultiLineString", "coordinates": [ [ [ -23.059000015438301, 63.650001525849802, 0.0 ], [ -22.871999740295738, 63.766998291438028, 0.0 ], [ -22.537000655755609, 63.835998535304213, 0.0 ], [ -22.06599998501127, 63.922000885132782, 0.0 ], [ -21.29800033544706, 64.06700134313752, 0.0 ] ] ] } },
{ "type": "Feature", "properties": { "Name": "Eurasian:North American", "Description": "<html xmlns:fo=\"http://www.w3.org/1999/XSL/Format\" xmlns:msxsl=\"urn:schemas-microsoft-com:xslt\">\n<head>\n<META http-equiv=\"Content-Type\" content=\"text/html\">\n<meta http-equiv=\"content-type\" content=\"text/html; charset=UTF-8\">\n</head>\n<body style=\"margin:0px 0px 0px 0px;overflow:auto;background:#FFFFFF;\">\n<table style=\"font-family:Arial,Verdana,Times;font-size:12px;text-align:left;width:100%;border-collapse:collapse;padding:3px 3px 3px 3px\">\n<tr style=\"text-align:center;font-weight:bold;background:#9CBCE2\">\n<td>Eurasian:North American</td>\n</tr>\n<tr>\n<td>\n<table style=\"font-family:Arial,Verdana,Times;font-size:12px;text-align:left;width:100%;border-spacing:0px; padding:3px 3px 3px 3px\">\n<tr>\n<td>NAME</td>\n<td>Eurasian:North American</td>\n</tr>\n<tr bgcolor=\"#D4E4F3\">\n<td>LABEL</td>\n<td>Divergent Boundary</td>\n</tr>\n</table>\n</td>\n</tr>\n</table>\n</body>\n</html>", "LABEL": "Divergent Boundary" }, "geometry": { "type": "MultiLineString", "coordinates": [ [ [ -25.311000823529131, 62.613998413496063, 0.0 ], [ -25.15600013729647, 62.709999084090498, 0.0 ], [ -25.034999847165182, 62.799999236975282, 0.0 ], [ -24.888000488531699, 62.923999785961428, 0.0 ], [ -24.721000671643651, 62.992000579962848, 0.0 ], [ -24.518999099528799, 63.110000610339974, 0.0 ], [ -24.254999160382908, 63.229999542245139, 0.0 ], [ -24.01000022872751, 63.354999541995312, 0.0 ], [ -23.739999770972592, 63.473999023136457, 0.0 ], [ -23.486999511718071, 63.568000793102158, 0.0 ], [ -23.329999923957299, 63.65100097661383, 0.0 ] ] ] } },
{ "type": "Feature", "properties": { "Name": "Eurasian:North American", "Description": "<html xmlns:fo=\"http://www.w3.org/1999/XSL/Format\" xmlns:msxsl=\"urn:schemas-microsoft-com:xslt\">\n<head>\n<META http-equiv=\"Content-Type\" content=\"text/html\">\n<meta http-equiv=\"content-type\" content=\"text/html; charset=UTF-8\">\n</head>\n<body style=\"margin:0px 0px 0px 0px;overflow:auto;background:#FFFFFF;\">\n<table style=\"font-family:Arial,Verdana,Times;font-size:12px;text-align:left;width:100%;border-collapse:collapse;padding:3px 3px 3px 3px\">\n<tr style=\"text-align:center;font-weight:bold;background:#9CBCE2\">\n<td>Eurasian:North American</td>\n</tr>\n<tr>\n<td>\n<table style=\"font-family:Arial,Verdana,Times;font-size:12px;text-align:left;width:100%;border-spacing:0px; padding:3px 3px 3px 3px\">\n<tr>\n<td>NAME</td>\n<td>Eurasian:North American</td>\n</tr>\n<tr bgcolor=\"#D4E4F3\">\n<td>LABEL</td>\n<td>Divergent Boundary</td>\n</tr>\n</table>\n</td>\n</tr>\n</table>\n</body>\n</html>", "LABEL": "Divergent Boundary" }, "geometry": { "type": "MultiLineString", "coordinates": [ [ [ -28.92700004601528, 60.333000182812214, 0.0 ], [ -28.82900047299341, 60.418998718616017, 0.0 ], [ -28.642000198750111, 60.566001892173631, 0.0 ], [ -28.408000946086759, 60.703998565881193, 0.0 ], [ -28.191999435225739, 60.847999573121847, 0.0 ], [ -28.0240001675736, 60.956001281833721, 0.0 ], [ -27.854000091830759, 61.0660018920737, 0.0 ], [ -27.58200073254773, 61.251998901528111, 0.0 ], [ -27.388999938796079, 61.397998809397563, 0.0 ], [ -27.225999832426279, 61.532001494973088, 0.0 ], [ -27.031999587910612, 61.66500091575972, 0.0 ], [ -26.767999648764711, 61.825000763274659, 0.0 ], [ -26.52700042762757, 61.938999175671483, 0.0 ], [ -26.3090000152385, 62.104999541795451, 0.0 ], [ -26.107000350585679, 62.236999511818063, 0.0 ], [ -25.875000000349701, 62.374999999550369, 0.0 ], [ -25.642999649214399, 62.502998352492057, 0.0 ], [ -25.448999404698728, 62.619998932105091, 0.0 ] ] ] } },
{ "type": "Feature", "properties": { "Name": "Eurasian:North American", "Description": "<html xmlns:fo=\"http://www.w3.org/1999/XSL/Format\" xmlns:msxsl=\"urn:schemas-microsoft-com:xslt\">\n<head>\n<META http-equiv=\"Content-Type\" content=\"text/html\">\n<meta http-equiv=\"content-type\" content=\"text/html; charset=UTF-8\">\n</head>\n<body style=\"margin:0px 0px 0px 0px;overflow:auto;background:#FFFFFF;\">\n<table style=\"font-family:Arial,Verdana,Times;font-size:12px;text-align:left;width:100%;border-collapse:collapse;padding:3px 3px 3px 3px\">\n<tr style=\"text-align:center;font-weight:bold;background:#9CBCE2\">\n<td>Eurasian:North American</td>\n</tr>\n<tr>\n<td>\n<table style=\"font-family:Arial,Verdana,Times;font-size:12px;text-align:left;width:100%;border-spacing:0px; padding:3px 3px 3px 3px\">\n<tr>\n<td>NAME</td>\n<td>Eurasian:North American</td>\n</tr>\n<tr bgcolor=\"#D4E4F3\">\n<td>LABEL</td>\n<td>Divergent Boundary</td>\n</tr>\n</table>\n</td>\n</tr>\n</table>\n</body>\n</html>", "LABEL": "Divergent Boundary" }, "geometry": { "type": "MultiLineString", "coordinates": [ [ [ -29.027999877892, 60.340000152185333, 0.0 ], [ -29.118000030776731, 60.272998809847252, 0.0 ], [ -29.225000381262529, 60.167999267452267, 0.0 ], [ -29.371999740795331, 60.083000183311867, 0.0 ], [ -29.50699996967279, 59.969001770015723, 0.0 ], [ -29.635999679941222, 59.86800003067691, 0.0 ], [ -29.850000381812151, 59.750999451063883, 0.0 ], [ -30.04299926720239, 59.618000030277237, 0.0 ], [ -30.163000106569601, 59.528999329055857, 0.0 ], [ -30.3059997555842, 59.389999389660147, 0.0 ], [ -30.452999115117048, 59.237998962282347, 0.0 ], [ -30.64699935873335, 59.091999053513582, 0.0 ], [ -30.791000365974071, 58.94100189182393, 0.0 ] ] ] } },
{ "type": "Feature", "properties": { "Name": "Eurasian:North American", "Description": "<html xmlns:fo=\"http://www.w3.org/1999/XSL/Format\" xmlns:msxsl=\"urn:schemas-microsoft-com:xslt\">\n<head>\n<META http-equiv=\"Content-Type\" content=\"text/html\">\n<meta http-equiv=\"content-type\" content=\"text/html; charset=UTF-8\">\n</head>\n<body style=\"margin:0px 0px 0px 0px;overflow:auto;background:#FFFFFF;\">\n<table style=\"font-family:Arial,Verdana,Times;font-size:12px;text-align:left;width:100%;border-collapse:collapse;padding:3px 3px 3px 3px\">\n<tr style=\"text-align:center;font-weight:bold;background:#9CBCE2\">\n<td>Eurasian:North American</td>\n</tr>\n<tr>\n<td>\n<table style=\"font-family:Arial,Verdana,Times;font-size:12px;text-align:left;width:100%;border-spacing:0px; padding:3px 3px 3px 3px\">\n<tr>\n<td>NAME</td>\n<td>Eurasian:North American</td>\n</tr>\n<tr bgcolor=\"#D4E4F3\">\n<td>LABEL</td>\n<td>Divergent Boundary</td>\n</tr>\n</table>\n</td>\n</tr>\n</table>\n</body>\n</html>", "LABEL": "Divergent Boundary" }, "geometry": { "type": "MultiLineString", "coordinates": [ [ [ -30.976999282890571, 58.976001739588639, 0.0 ], [ -31.038999557383651, 58.891998291288189, 0.0 ], [ -31.177999496779311, 58.805000305619672, 0.0 ], [ -31.30299949652948, 58.689998626635372, 0.0 ], [ -31.42700004551563, 58.574001311811173, 0.0 ], [ -31.555999755784061, 58.446998596508081, 0.0 ] ] ] } },
{ "type": "Feature", "properties": { "Name": "Eurasian:North American", "Description": "<html xmlns:fo=\"http://www.w3.org/1999/XSL/Format\" xmlns:msxsl=\"urn:schemas-microsoft-com:xslt\">\n<head>\n<META http-equiv=\"Content-Type\" content=\"text/html\">\n<meta http-equiv=\"content-type\" content=\"text/html; charset=UTF-8\">\n</head>\n<body style=\"margin:0px 0px 0px 0px;overflow:auto;background:#FFFFFF;\">\n<table style=\"font-family:Arial,Verdana,Times;font-size:12px;text-align:left;width:100%;border-collapse:collapse;padding:3px 3px 3px 3px\">\n<tr style=\"text-align:center;font-weight:bold;background:#9CBCE2\">\n<td>Eurasian:North American</td>\n</tr>\n<tr>\n<td>\n<table style=\"font-family:Arial,Verdana,Times;font-size:12px;text-align:left;width:100%;border-spacing:0px; padding:3px 3px 3px 3px\">\n<tr>\n<td>NAME</td>\n<td>Eurasian:North American</td>\n</tr>\n<tr bgcolor=\"#D4E4F3\">\n<td>LABEL</td>\n<td>Divergent Boundary</td>\n</tr>\n</table>\n</td>\n</tr>\n</table>\n</body>\n</html>", "LABEL": "Divergent Boundary" }, "geometry": { "type": "MultiLineString", "coordinates": [ [ [ -31.74500083901745, 58.46799850462736, 0.0 ], [ -31.799999236675379, 58.396999359233121, 0.0 ], [ -31.871999740295738, 58.340000152585048, 0.0 ], [ -31.982999801299741, 58.249000548936237, 0.0 ], [ -32.12300109892152, 58.147998809597432, 0.0 ], [ -32.27999877922025, 57.998001098671807, 0.0 ] ] ] } },
{ "type": "Feature", "properties": { "Name": "Eurasian:North American", "Description": "<html xmlns:fo=\"http://www.w3.org/1999/XSL/Format\" xmlns:msxsl=\"urn:schemas-microsoft-com:xslt\">\n<head>\n<META http-equiv=\"Content-Type\" content=\"text/html\">\n<meta http-equiv=\"content-type\" content=\"text/html; charset=UTF-8\">\n</head>\n<body style=\"margin:0px 0px 0px 0px;overflow:auto;background:#FFFFFF;\">\n<table style=\"font-family:Arial,Verdana,Times;font-size:12px;text-align:left;width:100%;border-collapse:collapse;padding:3px 3px 3px 3px\">\n<tr style=\"text-align:center;font-weight:bold;background:#9CBCE2\">\n<td>Eurasian:North American</td>\n</tr>\n<tr>\n<td>\n<table style=\"font-family:Arial,Verdana,Times;font-size:12px;text-align:left;width:100%;border-spacing:0px; padding:3px 3px 3px 3px\">\n<tr>\n<td>NAME</td>\n<td>Eurasian:North American</td>\n</tr>\n<tr bgcolor=\"#D4E4F3\">\n<td>LABEL</td>\n<td>Divergent Boundary</td>\n</tr>\n</table>\n</td>\n</tr>\n</table>\n</body>\n</html>", "LABEL": "Divergent Boundary" }, "geometry": { "type": "MultiLineString", "coordinates": [ [ [ -32.472000122207817, 58.006000518808953, 0.0 ], [ -32.492000579563069, 57.957000732298013, 0.0 ], [ -32.618999480841303, 57.880001068294753, 0.0 ], [ -32.708000182962053, 57.772998809447529, 0.0 ], [ -32.805999755983919, 57.641998291088328, 0.0 ] ] ] } },
{ "type": "Feature", "properties": { "Name": "Eurasian:North American", "Description": "<html xmlns:fo=\"http://www.w3.org/1999/XSL/Format\" xmlns:msxsl=\"urn:schemas-microsoft-com:xslt\">\n<head>\n<META http-equiv=\"Content-Type\" content=\"text/html\">\n<meta http-equiv=\"content-type\" content=\"text/html; charset=UTF-8\">\n</head>\n<body style=\"margin:0px 0px 0px 0px;overflow:auto;background:#FFFFFF;\">\n<table style=\"font-family:Arial,Verdana,Times;font-size:12px;text-align:left;width:100%;border-collapse:collapse;padding:3px 3px 3px 3px\">\n<tr style=\"text-align:center;font-weight:bold;background:#9CBCE2\">\n<td>Eurasian:North American</td>\n</tr>\n<tr>\n<td>\n<table style=\"font-family:Arial,Verdana,Times;font-size:12px;text-align:left;width:100%;border-spacing:0px; padding:3px 3px 3px 3px\">\n<tr>\n<td>NAME</td>\n<td>Eurasian:North American</td>\n</tr>\n<tr bgcolor=\"#D4E4F3\">\n<td>LABEL</td>\n<td>Divergent Boundary</td>\n</tr>\n</table>\n</td>\n</tr>\n</table>\n</body>\n</html>", "LABEL": "Divergent Boundary" }, "geometry": { "type": "MultiLineString", "coordinates": [ [ [ -32.917999267751952, 57.666999817187843, 0.0 ], [ -32.964000701970797, 57.608001709011717, 0.0 ], [ -33.009998321265471, 57.548000336046698, 0.0 ], [ -33.069999695129809, 57.451000213788923, 0.0 ], [ -33.202999115017121, 57.284999847664892, 0.0 ] ] ] } },
{ "type": "Feature", "properties": { "Name": "Eurasian:North American", "Description": "<html xmlns:fo=\"http://www.w3.org/1999/XSL/Format\" xmlns:msxsl=\"urn:schemas-microsoft-com:xslt\">\n<head>\n<META http-equiv=\"Content-Type\" content=\"text/html\">\n<meta http-equiv=\"content-type\" content=\"text/html; charset=UTF-8\">\n</head>\n<body style=\"margin:0px 0px 0px 0px;overflow:auto;background:#FFFFFF;\">\n<table style=\"font-family:Arial,Verdana,Times;font-size:12px;text-align:left;width:100%;border-collapse:collapse;padding:3px 3px 3px 3px\">\n<tr style=\"text-align:center;font-weight:bold;background:#9CBCE2\">\n<td>Eurasian:North American</td>\n</tr>\n<tr>\n<td>\n<table style=\"font-family:Arial,Verdana,Times;font-size:12px;text-align:left;width:100%;border-spacing:0px; padding:3px 3px 3px 3px\">\n<tr>\n<td>NAME</td>\n<td>Eurasian:North American</td>\n</tr>\n<tr bgcolor=\"#D4E4F3\">\n<td>LABEL</td>\n<td>Divergent Boundary</td>\n</tr>\n</table>\n</td>\n</tr>\n</table>\n</body>\n</html>", "LABEL": "Divergent Boundary" }, "geometry": { "type": "MultiLineString", "coordinates": [ [ [ -33.497001648107528, 57.263999938646293, 0.0 ], [ -33.508998870401513, 57.161998748543454, 0.0 ], [ -33.534999847265112, 57.088001250857083, 0.0 ], [ -33.566001891973713, 57.000999450264487, 0.0 ], [ -33.587001800092942, 56.87499999975023, 0.0 ] ] ] } },
{ "type": "Feature", "properties": { "Name": "Eurasian:North American", "Description": "<html xmlns:fo=\"http://www.w3.org/1999/XSL/Format\" xmlns:msxsl=\"urn:schemas-microsoft-com:xslt\">\n<head>\n<META http-equiv=\"Content-Type\" content=\"text/html\">\n<meta http-equiv=\"content-type\" content=\"text/html; charset=UTF-8\">\n</head>\n<body style=\"margin:0px 0px 0px 0px;overflow:auto;background:#FFFFFF;\">\n<table style=\"font-family:Arial,Verdana,Times;font-size:12px;text-align:left;width:100%;border-collapse:collapse;padding:3px 3px 3px 3px\">\n<tr style=\"text-align:center;font-weight:bold;background:#9CBCE2\">\n<td>Eurasian:North American</td>\n</tr>\n<tr>\n<td>\n<table style=\"font-family:Arial,Verdana,Times;font-size:12px;text-align:left;width:100%;border-spacing:0px; padding:3px 3px 3px 3px\">\n<tr>\n<td>NAME</td>\n<td>Eurasian:North American</td>\n</tr>\n<tr bgcolor=\"#D4E4F3\">\n<td>LABEL</td>\n<td>Divergent Boundary</td>\n</tr>\n</table>\n</td>\n</tr>\n</table>\n</body>\n</html>", "LABEL": "Divergent Boundary" }, "geometry": { "type": "MultiLineString", "coordinates": [ [ [ -33.978000640517109, 56.902000427377857, 0.0 ], [ -34.004001617380709, 56.826999664003317, 0.0 ], [ -34.042999267302321, 56.779998779020502, 0.0 ], [ -34.071998596458002, 56.738998412646708, 0.0 ] ] ] } },
{ "type": "Feature", "properties": { "Name": "Eurasian:North American", "Description": "<html xmlns:fo=\"http://www.w3.org/1999/XSL/Format\" xmlns:msxsl=\"urn:schemas-microsoft-com:xslt\">\n<head>\n<META http-equiv=\"Content-Type\" content=\"text/html\">\n<meta http-equiv=\"content-type\" content=\"text/html; charset=UTF-8\">\n</head>\n<body style=\"margin:0px 0px 0px 0px;overflow:auto;background:#FFFFFF;\">\n<table style=\"font-family:Arial,Verdana,Times;font-size:12px;text-align:left;width:100%;border-collapse:collapse;padding:3px 3px 3px 3px\">\n<tr style=\"text-align:center;font-weight:bold;background:#9CBCE2\">\n<td>Eurasian:North American</td>\n</tr>\n<tr>\n<td>\n<table style=\"font-family:Arial,Verdana,Times;font-size:12px;text-align:left;width:100%;border-spacing:0px; padding:3px 3px 3px 3px\">\n<tr>\n<td>NAME</td>\n<td>Eurasian:North American</td>\n</tr>\n<tr bgcolor=\"#D4E4F3\">\n<td>LABEL</td>\n<td>Divergent Boundary</td>\n</tr>\n</table>\n</td>\n</tr>\n</table>\n</body>\n</html>", "LABEL": "Divergent Boundary" }, "geometry": { "type": "MultiLineString", "coordinates": [ [ [ -34.217998504327447, 56.745998382919083, 0.0 ], [ -34.247001647508, 56.659000396351253, 0.0 ], [ -34.320999145194378, 56.576999664502978, 0.0 ], [ -34.346000671293893, 56.501998901128452, 0.0 ] ] ] } },
{ "type": "Feature", "properties": { "Name": "Eurasian:North American", "Description": "<html xmlns:fo=\"http://www.w3.org/1999/XSL/Format\" xmlns:msxsl=\"urn:schemas-microsoft-com:xslt\">\n<head>\n<META http-equiv=\"Content-Type\" content=\"text/html\">\n<meta http-equiv=\"content-type\" content=\"text/html; charset=UTF-8\">\n</head>\n<body style=\"margin:0px 0px 0px 0px;overflow:auto;background:#FFFFFF;\">\n<table style=\"font-family:Arial,Verdana,Times;font-size:12px;text-align:left;width:100%;border-collapse:collapse;padding:3px 3px 3px 3px\">\n<tr style=\"text-align:center;font-weight:bold;background:#9CBCE2\">\n<td>Eurasian:North American</td>\n</tr>\n<tr>\n<td>\n<table style=\"font-family:Arial,Verdana,Times;font-size:12px;text-align:left;width:100%;border-spacing:0px; padding:3px 3px 3px 3px\">\n<tr>\n<td>NAME</td>\n<td>Eurasian:North American</td>\n</tr>\n<tr bgcolor=\"#D4E4F3\">\n<td>LABEL</td>\n<td>Divergent Boundary</td>\n</tr>\n</table>\n</td>\n</tr>\n</table>\n</body>\n</html>", "LABEL": "Divergent Boundary" }, "geometry": { "type": "MultiLineString", "coordinates": [ [ [ -34.439998626335473, 56.499000549735626, 0.0 ], [ -34.459999084590038, 56.436000823579207, 0.0 ], [ -34.493000030826693, 56.337001800692583, 0.0 ], [ -34.509998321864998, 56.209999084490221, 0.0 ], [ -34.557998657611897, 56.06100082432863, 0.0 ], [ -34.619998932104977, 55.938999175971283, 0.0 ], [ -34.638000487932118, 55.812000274692991, 0.0 ] ] ] } },
{ "type": "Feature", "properties": { "Name": "Eurasian:North American", "Description": "<html xmlns:fo=\"http://www.w3.org/1999/XSL/Format\" xmlns:msxsl=\"urn:schemas-microsoft-com:xslt\">\n<head>\n<META http-equiv=\"Content-Type\" content=\"text/html\">\n<meta http-equiv=\"content-type\" content=\"text/html; charset=UTF-8\">\n</head>\n<body style=\"margin:0px 0px 0px 0px;overflow:auto;background:#FFFFFF;\">\n<table style=\"font-family:Arial,Verdana,Times;font-size:12px;text-align:left;width:100%;border-collapse:collapse;padding:3px 3px 3px 3px\">\n<tr style=\"text-align:center;font-weight:bold;background:#9CBCE2\">\n<td>Eurasian:North American</td>\n</tr>\n<tr>\n<td>\n<table style=\"font-family:Arial,Verdana,Times;font-size:12px;text-align:left;width:100%;border-spacing:0px; padding:3px 3px 3px 3px\">\n<tr>\n<td>NAME</td>\n<td>Eurasian:North American</td>\n</tr>\n<tr bgcolor=\"#D4E4F3\">\n<td>LABEL</td>\n<td>Divergent Boundary</td>\n</tr>\n</table>\n</td>\n</tr>\n</table>\n</body>\n</html>", "LABEL": "Divergent Boundary" }, "geometry": { "type": "MultiLineString", "coordinates": [ [ [ -34.876998900978442, 55.847999572322472, 0.0 ], [ -34.901000976313981, 55.773998260611279, 0.0 ], [ -34.97200012170822, 55.691001892023742, 0.0 ], [ -35.080001831319407, 55.484001159525967, 0.0 ], [ -35.173000335596953, 55.326000213539089, 0.0 ], [ -35.250999450364297, 55.140998839924578, 0.0 ], [ -35.339000701720977, 54.995998382819153, 0.0 ] ] ] } },
{ "type": "Feature", "properties": { "Name": "Eurasian:North American", "Description": "<html xmlns:fo=\"http://www.w3.org/1999/XSL/Format\" xmlns:msxsl=\"urn:schemas-microsoft-com:xslt\">\n<head>\n<META http-equiv=\"Content-Type\" content=\"text/html\">\n<meta http-equiv=\"content-type\" content=\"text/html; charset=UTF-8\">\n</head>\n<body style=\"margin:0px 0px 0px 0px;overflow:auto;background:#FFFFFF;\">\n<table style=\"font-family:Arial,Verdana,Times;font-size:12px;text-align:left;width:100%;border-collapse:collapse;padding:3px 3px 3px 3px\">\n<tr style=\"text-align:center;font-weight:bold;background:#9CBCE2\">\n<td>Eurasian:North American</td>\n</tr>\n<tr>\n<td>\n<table style=\"font-family:Arial,Verdana,Times;font-size:12px;text-align:left;width:100%;border-spacing:0px; padding:3px 3px 3px 3px\">\n<tr>\n<td>NAME</td>\n<td>Eurasian:North American</td>\n</tr>\n<tr bgcolor=\"#D4E4F3\">\n<td>LABEL</td>\n<td>Divergent Boundary</td>\n</tr>\n</table>\n</td>\n</tr>\n</table>\n</body>\n</html>", "LABEL": "Divergent Boundary" }, "geometry": { "type": "MultiLineString", "coordinates": [ [ [ -35.212001800442692, 54.971000671643708, 0.0 ], [ -35.273998260910957, 54.912998199307481, 0.0 ], [ -35.28900146444596, 54.785999298029253, 0.0 ], [ -35.365001678584584, 54.678001404241463, 0.0 ], [ -35.411998748643271, 54.515998840274342, 0.0 ], [ -35.487998962781887, 54.331001281583951, 0.0 ] ] ] } },
{ "type": "Feature", "properties": { "Name": "Eurasian:North American", "Description": "<html xmlns:fo=\"http://www.w3.org/1999/XSL/Format\" xmlns:msxsl=\"urn:schemas-microsoft-com:xslt\">\n<head>\n<META http-equiv=\"Content-Type\" content=\"text/html\">\n<meta http-equiv=\"content-type\" content=\"text/html; charset=UTF-8\">\n</head>\n<body style=\"margin:0px 0px 0px 0px;overflow:auto;background:#FFFFFF;\">\n<table style=\"font-family:Arial,Verdana,Times;font-size:12px;text-align:left;width:100%;border-collapse:collapse;padding:3px 3px 3px 3px\">\n<tr style=\"text-align:center;font-weight:bold;background:#9CBCE2\">\n<td>Eurasian:North American</td>\n</tr>\n<tr>\n<td>\n<table style=\"font-family:Arial,Verdana,Times;font-size:12px;text-align:left;width:100%;border-spacing:0px; padding:3px 3px 3px 3px\">\n<tr>\n<td>NAME</td>\n<td>Eurasian:North American</td>\n</tr>\n<tr bgcolor=\"#D4E4F3\">\n<td>LABEL</td>\n<td>Divergent Boundary</td>\n</tr>\n</table>\n</td>\n</tr>\n</table>\n</body>\n</html>", "LABEL": "Divergent Boundary" }, "geometry": { "type": "MultiLineString", "coordinates": [ [ [ -35.12099838276913, 54.30799865701249, 0.0 ], [ -35.146999358733353, 54.220001220579952, 0.0 ], [ -35.201000213988657, 54.111000061103987, 0.0 ], [ -35.270000457854792, 53.951000213589062, 0.0 ], [ -35.326999664502857, 53.827999115366943, 0.0 ], [ -35.395000457604972, 53.667999267851997, 0.0 ], [ -35.451999664253037, 53.546001434418713, 0.0 ] ] ] } },
{ "type": "Feature", "properties": { "Name": "Eurasian:North American", "Description": "<html xmlns:fo=\"http://www.w3.org/1999/XSL/Format\" xmlns:msxsl=\"urn:schemas-microsoft-com:xslt\">\n<head>\n<META http-equiv=\"Content-Type\" content=\"text/html\">\n<meta http-equiv=\"content-type\" content=\"text/html; charset=UTF-8\">\n</head>\n<body style=\"margin:0px 0px 0px 0px;overflow:auto;background:#FFFFFF;\">\n<table style=\"font-family:Arial,Verdana,Times;font-size:12px;text-align:left;width:100%;border-collapse:collapse;padding:3px 3px 3px 3px\">\n<tr style=\"text-align:center;font-weight:bold;background:#9CBCE2\">\n<td>Eurasian:North American</td>\n</tr>\n<tr>\n<td>\n<table style=\"font-family:Arial,Verdana,Times;font-size:12px;text-align:left;width:100%;border-spacing:0px; padding:3px 3px 3px 3px\">\n<tr>\n<td>NAME</td>\n<td>Eurasian:North American</td>\n</tr>\n<tr bgcolor=\"#D4E4F3\">\n<td>LABEL</td>\n<td>Divergent Boundary</td>\n</tr>\n</table>\n</td>\n</tr>\n</table>\n</body>\n</html>", "LABEL": "Divergent Boundary" }, "geometry": { "type": "MultiLineString", "coordinates": [ [ [ -35.245998382519304, 53.512001037417967, 0.0 ], [ -35.256999969872652, 53.474998474100353, 0.0 ], [ -35.282001495072912, 53.388000488431828, 0.0 ], [ -35.32500076297481, 53.237998962582139, 0.0 ] ] ] } },
{ "type": "Feature", "properties": { "Name": "Eurasian:North American", "Description": "<html xmlns:fo=\"http://www.w3.org/1999/XSL/Format\" xmlns:msxsl=\"urn:schemas-microsoft-com:xslt\">\n<head>\n<META http-equiv=\"Content-Type\" content=\"text/html\">\n<meta http-equiv=\"content-type\" content=\"text/html; charset=UTF-8\">\n</head>\n<body style=\"margin:0px 0px 0px 0px;overflow:auto;background:#FFFFFF;\">\n<table style=\"font-family:Arial,Verdana,Times;font-size:12px;text-align:left;width:100%;border-collapse:collapse;padding:3px 3px 3px 3px\">\n<tr style=\"text-align:center;font-weight:bold;background:#9CBCE2\">\n<td>Eurasian:North American</td>\n</tr>\n<tr>\n<td>\n<table style=\"font-family:Arial,Verdana,Times;font-size:12px;text-align:left;width:100%;border-spacing:0px; padding:3px 3px 3px 3px\">\n<tr>\n<td>NAME</td>\n<td>Eurasian:North American</td>\n</tr>\n<tr bgcolor=\"#D4E4F3\">\n<td>LABEL</td>\n<td>Divergent Boundary</td>\n</tr>\n</table>\n</td>\n</tr>\n</table>\n</body>\n</html>", "LABEL": "Divergent Boundary" }, "geometry": { "type": "MultiLineString", "coordinates": [ [ [ -35.182998657262203, 53.209999084190429, 0.0 ], [ -35.183998108026231, 53.133998870951189, 0.0 ], [ -35.160999298378897, 52.990001678634599, 0.0 ], [ -35.15599822963452, 52.861000060904132, 0.0 ], [ -35.138000487832187, 52.705001831369493, 0.0 ] ] ] } },
{ "type": "Feature", "properties": { "Name": "Eurasian:North American", "Description": "<html xmlns:fo=\"http://www.w3.org/1999/XSL/Format\" xmlns:msxsl=\"urn:schemas-microsoft-com:xslt\">\n<head>\n<META http-equiv=\"Content-Type\" content=\"text/html\">\n<meta http-equiv=\"content-type\" content=\"text/html; charset=UTF-8\">\n</head>\n<body style=\"margin:0px 0px 0px 0px;overflow:auto;background:#FFFFFF;\">\n<table style=\"font-family:Arial,Verdana,Times;font-size:12px;text-align:left;width:100%;border-collapse:collapse;padding:3px 3px 3px 3px\">\n<tr style=\"text-align:center;font-weight:bold;background:#9CBCE2\">\n<td>Eurasian:North American</td>\n</tr>\n<tr>\n<td>\n<table style=\"font-family:Arial,Verdana,Times;font-size:12px;text-align:left;width:100%;border-spacing:0px; padding:3px 3px 3px 3px\">\n<tr>\n<td>NAME</td>\n<td>Eurasian:North American</td>\n</tr>\n<tr bgcolor=\"#D4E4F3\">\n<td>LABEL</td>\n<td>Divergent Boundary</td>\n</tr>\n</table>\n</td>\n</tr>\n</table>\n</body>\n</html>", "LABEL": "Divergent Boundary" }, "geometry": { "type": "MultiLineString", "coordinates": [ [ [ -31.256999969772721, 52.41999816918019, 0.0 ], [ -31.26499938990986, 52.342998504277602, 0.0 ], [ -31.25300025925452, 52.263000487982197, 0.0 ], [ -31.267999648764711, 52.109001159975612, 0.0 ] ] ] } },
{ "type": "Feature", "properties": { "Name": "Pacific:Juan de Fuca", "Description": "<html xmlns:fo=\"http://www.w3.org/1999/XSL/Format\" xmlns:msxsl=\"urn:schemas-microsoft-com:xslt\">\n<head>\n<META http-equiv=\"Content-Type\" content=\"text/html\">\n<meta http-equiv=\"content-type\" content=\"text/html; charset=UTF-8\">\n</head>\n<body style=\"margin:0px 0px 0px 0px;overflow:auto;background:#FFFFFF;\">\n<table style=\"font-family:Arial,Verdana,Times;font-size:12px;text-align:left;width:100%;border-collapse:collapse;padding:3px 3px 3px 3px\">\n<tr style=\"text-align:center;font-weight:bold;background:#9CBCE2\">\n<td>Pacific:Juan de Fuca</td>\n</tr>\n<tr>\n<td>\n<table style=\"font-family:Arial,Verdana,Times;font-size:12px;text-align:left;width:100%;border-spacing:0px; padding:3px 3px 3px 3px\">\n<tr>\n<td>NAME</td>\n<td>Pacific:Juan de Fuca</td>\n</tr>\n<tr bgcolor=\"#D4E4F3\">\n<td>LABEL</td>\n<td>Divergent Boundary</td>\n</tr>\n</table>\n</td>\n</tr>\n</table>\n</body>\n</html>", "LABEL": "Divergent Boundary" }, "geometry": { "type": "MultiLineString", "coordinates": [ [ [ -130.850006103798592, 51.611999511468362, 0.0 ], [ -131.074005127334686, 51.185001373414707, 0.0 ], [ -130.753005981540809, 50.908000946286677, 0.0 ], [ -130.253997802556512, 50.46500015303468, 0.0 ], [ -130.328994751006888, 50.298000335247309, 0.0 ] ] ] } },
{ "type": "Feature", "properties": { "Name": "Eurasian:North American", "Description": "<html xmlns:fo=\"http://www.w3.org/1999/XSL/Format\" xmlns:msxsl=\"urn:schemas-microsoft-com:xslt\">\n<head>\n<META http-equiv=\"Content-Type\" content=\"text/html\">\n<meta http-equiv=\"content-type\" content=\"text/html; charset=UTF-8\">\n</head>\n<body style=\"margin:0px 0px 0px 0px;overflow:auto;background:#FFFFFF;\">\n<table style=\"font-family:Arial,Verdana,Times;font-size:12px;text-align:left;width:100%;border-collapse:collapse;padding:3px 3px 3px 3px\">\n<tr style=\"text-align:center;font-weight:bold;background:#9CBCE2\">\n<td>Eurasian:North American</td>\n</tr>\n<tr>\n<td>\n<table style=\"font-family:Arial,Verdana,Times;font-size:12px;text-align:left;width:100%;border-spacing:0px; padding:3px 3px 3px 3px\">\n<tr>\n<td>NAME</td>\n<td>Eurasian:North American</td>\n</tr>\n<tr bgcolor=\"#D4E4F3\">\n<td>LABEL</td>\n<td>Divergent Boundary</td>\n</tr>\n</table>\n</td>\n</tr>\n</table>\n</body>\n</html>", "LABEL": "Divergent Boundary" }, "geometry": { "type": "MultiLineString", "coordinates": [ [ [ -30.025999069601308, 52.029998779520099, 0.0 ], [ -30.035999297829282, 51.952999114617512, 0.0 ], [ -30.010999679191801, 51.85699844402302, 0.0 ], [ -30.006000518808829, 51.764999389610182, 0.0 ], [ -30.000999450963828, 51.619998931605437, 0.0 ], [ -29.9960002896816, 51.423999786461032, 0.0 ], [ -30.000999450963828, 51.254001617280892, 0.0 ], [ -29.975999832326352, 51.106998443723228, 0.0 ], [ -29.98200035093538, 50.990001678135002, 0.0 ], [ -29.941999435325609, 50.930999755934067, 0.0 ], [ -29.90900039655099, 50.861000061303862, 0.0 ], [ -29.874999999550312, 50.790000915909623, 0.0 ], [ -29.83099937432161, 50.743000030926737, 0.0 ], [ -29.76799964906451, 50.694000244415797, 0.0 ], [ -29.662000655905501, 50.597999572921992, 0.0 ], [ -29.537000656155332, 50.499999999900133, 0.0 ], [ -29.507999420436882, 50.469001770115653, 0.0 ], [ -29.427000045915349, 50.416000366523747, 0.0 ], [ -29.322000503520371, 50.319999695029942, 0.0 ], [ -29.197999954534229, 50.221000671244042, 0.0 ], [ -29.12599945091387, 50.194999694380442, 0.0 ], [ -29.021999359282969, 50.152000427377857, 0.0 ], [ -28.995000839117381, 50.068000793102158, 0.0 ], [ -28.98699951151821, 49.987998962781937, 0.0 ], [ -28.959999084789899, 49.904998779270329, 0.0 ], [ -28.895000458004692, 49.814998626385552, 0.0 ], [ -28.868999481141088, 49.730998993009173, 0.0 ], [ -28.818000793102101, 49.657001495322788, 0.0 ] ] ] } },
{ "type": "Feature", "properties": { "Name": "Pacific:Juan de Fuca", "Description": "<html xmlns:fo=\"http://www.w3.org/1999/XSL/Format\" xmlns:msxsl=\"urn:schemas-microsoft-com:xslt\">\n<head>\n<META http-equiv=\"Content-Type\" content=\"text/html\">\n<meta http-equiv=\"content-type\" content=\"text/html; charset=UTF-8\">\n</head>\n<body style=\"margin:0px 0px 0px 0px;overflow:auto;background:#FFFFFF;\">\n<table style=\"font-family:Arial,Verdana,Times;font-size:12px;text-align:left;width:100%;border-collapse:collapse;padding:3px 3px 3px 3px\">\n<tr style=\"text-align:center;font-weight:bold;background:#9CBCE2\">\n<td>Pacific:Juan de Fuca</td>\n</tr>\n<tr>\n<td>\n<table style=\"font-family:Arial,Verdana,Times;font-size:12px;text-align:left;width:100%;border-spacing:0px; padding:3px 3px 3px 3px\">\n<tr>\n<td>NAME</td>\n<td>Pacific:Juan de Fuca</td>\n</tr>\n<tr bgcolor=\"#D4E4F3\">\n<td>LABEL</td>\n<td>Divergent Boundary</td>\n</tr>\n</table>\n</td>\n</tr>\n</table>\n</body>\n</html>", "LABEL": "Divergent Boundary" }, "geometry": { "type": "MultiLineString", "coordinates": [ [ [ -130.162002563067801, 50.216999054163068, 0.0 ], [ -130.300003051699406, 50.055000305120018, 0.0 ], [ -130.162002563067801, 49.983001708961751, 0.0 ], [ -130.501007080512409, 49.479000091980708, 0.0 ] ] ] } },
{ "type": "Feature", "properties": { "Name": "Eurasian:North American", "Description": "<html xmlns:fo=\"http://www.w3.org/1999/XSL/Format\" xmlns:msxsl=\"urn:schemas-microsoft-com:xslt\">\n<head>\n<META http-equiv=\"Content-Type\" content=\"text/html\">\n<meta http-equiv=\"content-type\" content=\"text/html; charset=UTF-8\">\n</head>\n<body style=\"margin:0px 0px 0px 0px;overflow:auto;background:#FFFFFF;\">\n<table style=\"font-family:Arial,Verdana,Times;font-size:12px;text-align:left;width:100%;border-collapse:collapse;padding:3px 3px 3px 3px\">\n<tr style=\"text-align:center;font-weight:bold;background:#9CBCE2\">\n<td>Eurasian:North American</td>\n</tr>\n<tr>\n<td>\n<table style=\"font-family:Arial,Verdana,Times;font-size:12px;text-align:left;width:100%;border-spacing:0px; padding:3px 3px 3px 3px\">\n<tr>\n<td>NAME</td>\n<td>Eurasian:North American</td>\n</tr>\n<tr bgcolor=\"#D4E4F3\">\n<td>LABEL</td>\n<td>Divergent Boundary</td>\n</tr>\n</table>\n</td>\n</tr>\n</table>\n</body>\n</html>", "LABEL": "Divergent Boundary" }, "geometry": { "type": "MultiLineString", "coordinates": [ [ [ -28.56200027499267, 49.638999938596328, 0.0 ], [ -28.545000076492268, 49.58300018271234, 0.0 ], [ -28.48600006085405, 49.4809989926095, 0.0 ], [ -28.451999664752691, 49.36899948084141, 0.0 ], [ -28.42600059535113, 49.285999298229058, 0.0 ], [ -28.353000640966741, 49.220001220679819, 0.0 ], [ -28.316999434975909, 49.160999298478892, 0.0 ], [ -28.26300048808201, 49.098999023086492, 0.0 ], [ -28.20599937397191, 48.995998382219632, 0.0 ], [ -28.16200065620529, 48.909000396551107, 0.0 ], [ -28.086999892830761, 48.803001403392102, 0.0 ], [ -28.03499984746492, 48.687999725307122, 0.0 ], [ -28.010999679591521, 48.604999541795451, 0.0 ] ] ] } },
{ "type": "Feature", "properties": { "Name": "Pacific:Juan de Fuca", "Description": "<html xmlns:fo=\"http://www.w3.org/1999/XSL/Format\" xmlns:msxsl=\"urn:schemas-microsoft-com:xslt\">\n<head>\n<META http-equiv=\"Content-Type\" content=\"text/html\">\n<meta http-equiv=\"content-type\" content=\"text/html; charset=UTF-8\">\n</head>\n<body style=\"margin:0px 0px 0px 0px;overflow:auto;background:#FFFFFF;\">\n<table style=\"font-family:Arial,Verdana,Times;font-size:12px;text-align:left;width:100%;border-collapse:collapse;padding:3px 3px 3px 3px\">\n<tr style=\"text-align:center;font-weight:bold;background:#9CBCE2\">\n<td>Pacific:Juan de Fuca</td>\n</tr>\n<tr>\n<td>\n<table style=\"font-family:Arial,Verdana,Times;font-size:12px;text-align:left;width:100%;border-spacing:0px; padding:3px 3px 3px 3px\">\n<tr>\n<td>NAME</td>\n<td>Pacific:Juan de Fuca</td>\n</tr>\n<tr bgcolor=\"#D4E4F3\">\n<td>LABEL</td>\n<td>Divergent Boundary</td>\n</tr>\n</table>\n</td>\n</tr>\n</table>\n</body>\n</html>", "LABEL": "Divergent Boundary" }, "geometry": { "type": "MultiLineString", "coordinates": [ [ [ -128.919006348064499, 48.868999480941341, 0.0 ], [ -129.147003173757412, 48.476001739888432, 0.0 ], [ -128.940002441259708, 48.324001312510632, 0.0 ], [ -129.190002441659288, 47.834999084140463, 0.0 ] ] ] } },
{ "type": "Feature", "properties": { "Name": "Eurasian:North American", "Description": "<html xmlns:fo=\"http://www.w3.org/1999/XSL/Format\" xmlns:msxsl=\"urn:schemas-microsoft-com:xslt\">\n<head>\n<META http-equiv=\"Content-Type\" content=\"text/html\">\n<meta http-equiv=\"content-type\" content=\"text/html; charset=UTF-8\">\n</head>\n<body style=\"margin:0px 0px 0px 0px;overflow:auto;background:#FFFFFF;\">\n<table style=\"font-family:Arial,Verdana,Times;font-size:12px;text-align:left;width:100%;border-collapse:collapse;padding:3px 3px 3px 3px\">\n<tr style=\"text-align:center;font-weight:bold;background:#9CBCE2\">\n<td>Eurasian:North American</td>\n</tr>\n<tr>\n<td>\n<table style=\"font-family:Arial,Verdana,Times;font-size:12px;text-align:left;width:100%;border-spacing:0px; padding:3px 3px 3px 3px\">\n<tr>\n<td>NAME</td>\n<td>Eurasian:North American</td>\n</tr>\n<tr bgcolor=\"#D4E4F3\">\n<td>LABEL</td>\n<td>Divergent Boundary</td>\n</tr>\n</table>\n</td>\n</tr>\n</table>\n</body>\n</html>", "LABEL": "Divergent Boundary" }, "geometry": { "type": "MultiLineString", "coordinates": [ [ [ -27.76000022932709, 48.584999084440263, 0.0 ], [ -27.749000549435781, 48.516998291338162, 0.0 ], [ -27.731000900171349, 48.421001434768471, 0.0 ], [ -27.711999893580192, 48.325000763274659, 0.0 ], [ -27.704000473443049, 48.205001831369493, 0.0 ], [ -27.653999328705989, 48.090000152385187, 0.0 ], [ -27.635000228677541, 47.993999480891382, 0.0 ], [ -27.621999740695461, 47.886001587103642, 0.0 ], [ -27.590000152684869, 47.775001526099629, 0.0 ], [ -27.563999175821269, 47.651000976214107, 0.0 ] ] ] } },
{ "type": "Feature", "properties": { "Name": "Eurasian:North American", "Description": "<html xmlns:fo=\"http://www.w3.org/1999/XSL/Format\" xmlns:msxsl=\"urn:schemas-microsoft-com:xslt\">\n<head>\n<META http-equiv=\"Content-Type\" content=\"text/html\">\n<meta http-equiv=\"content-type\" content=\"text/html; charset=UTF-8\">\n</head>\n<body style=\"margin:0px 0px 0px 0px;overflow:auto;background:#FFFFFF;\">\n<table style=\"font-family:Arial,Verdana,Times;font-size:12px;text-align:left;width:100%;border-collapse:collapse;padding:3px 3px 3px 3px\">\n<tr style=\"text-align:center;font-weight:bold;background:#9CBCE2\">\n<td>Eurasian:North American</td>\n</tr>\n<tr>\n<td>\n<table style=\"font-family:Arial,Verdana,Times;font-size:12px;text-align:left;width:100%;border-spacing:0px; padding:3px 3px 3px 3px\">\n<tr>\n<td>NAME</td>\n<td>Eurasian:North American</td>\n</tr>\n<tr bgcolor=\"#D4E4F3\">\n<td>LABEL</td>\n<td>Divergent Boundary</td>\n</tr>\n</table>\n</td>\n</tr>\n</table>\n</body>\n</html>", "LABEL": "Divergent Boundary" }, "geometry": { "type": "MultiLineString", "coordinates": [ [ [ -27.462999343944549, 47.658000946486538, 0.0 ], [ -27.447999954434302, 47.602001190602493, 0.0 ], [ -27.44300079315207, 47.52199935938296, 0.0 ], [ -27.464000702170608, 47.472999572872027, 0.0 ], [ -27.458000182662261, 47.393001556576621, 0.0 ], [ -27.461000442416431, 47.340999602849422, 0.0 ], [ -27.474000930398571, 47.263999938846162, 0.0 ], [ -27.440999985061239, 47.205001830670028, 0.0 ], [ -27.381999969423021, 47.113998412996409, 0.0 ], [ -27.333999633676122, 46.999000548936237, 0.0 ], [ -27.347000121658262, 46.92200088493297, 0.0 ], [ -27.377000809040059, 46.848999023086492, 0.0 ], [ -27.378000259804079, 46.756999969572973, 0.0 ] ] ] } },
{ "type": "Feature", "properties": { "Name": "Pacific:Juan de Fuca", "Description": "<html xmlns:fo=\"http://www.w3.org/1999/XSL/Format\" xmlns:msxsl=\"urn:schemas-microsoft-com:xslt\">\n<head>\n<META http-equiv=\"Content-Type\" content=\"text/html\">\n<meta http-equiv=\"content-type\" content=\"text/html; charset=UTF-8\">\n</head>\n<body style=\"margin:0px 0px 0px 0px;overflow:auto;background:#FFFFFF;\">\n<table style=\"font-family:Arial,Verdana,Times;font-size:12px;text-align:left;width:100%;border-collapse:collapse;padding:3px 3px 3px 3px\">\n<tr style=\"text-align:center;font-weight:bold;background:#9CBCE2\">\n<td>Pacific:Juan de Fuca</td>\n</tr>\n<tr>\n<td>\n<table style=\"font-family:Arial,Verdana,Times;font-size:12px;text-align:left;width:100%;border-spacing:0px; padding:3px 3px 3px 3px\">\n<tr>\n<td>NAME</td>\n<td>Pacific:Juan de Fuca</td>\n</tr>\n<tr bgcolor=\"#D4E4F3\">\n<td>LABEL</td>\n<td>Divergent Boundary</td>\n</tr>\n</table>\n</td>\n</tr>\n</table>\n</body>\n</html>", "LABEL": "Divergent Boundary" }, "geometry": { "type": "MultiLineString", "coordinates": [ [ [ -128.938003539731511, 47.727001190352723, 0.0 ], [ -129.259002685525502, 47.064998626485483, 0.0 ], [ -129.572006225207105, 46.402000427677649, 0.0 ] ] ] } },
{ "type": "Feature", "properties": { "Name": "Eurasian:North American", "Description": "<html xmlns:fo=\"http://www.w3.org/1999/XSL/Format\" xmlns:msxsl=\"urn:schemas-microsoft-com:xslt\">\n<head>\n<META http-equiv=\"Content-Type\" content=\"text/html\">\n<meta http-equiv=\"content-type\" content=\"text/html; charset=UTF-8\">\n</head>\n<body style=\"margin:0px 0px 0px 0px;overflow:auto;background:#FFFFFF;\">\n<table style=\"font-family:Arial,Verdana,Times;font-size:12px;text-align:left;width:100%;border-collapse:collapse;padding:3px 3px 3px 3px\">\n<tr style=\"text-align:center;font-weight:bold;background:#9CBCE2\">\n<td>Eurasian:North American</td>\n</tr>\n<tr>\n<td>\n<table style=\"font-family:Arial,Verdana,Times;font-size:12px;text-align:left;width:100%;border-spacing:0px; padding:3px 3px 3px 3px\">\n<tr>\n<td>NAME</td>\n<td>Eurasian:North American</td>\n</tr>\n<tr bgcolor=\"#D4E4F3\">\n<td>LABEL</td>\n<td>Divergent Boundary</td>\n</tr>\n</table>\n</td>\n</tr>\n</table>\n</body>\n</html>", "LABEL": "Divergent Boundary" }, "geometry": { "type": "MultiLineString", "coordinates": [ [ [ -27.436000823778951, 46.755001068044919, 0.0 ], [ -27.44400024391609, 46.691001892023742, 0.0 ], [ -27.445999145444151, 46.638000488431828, 0.0 ], [ -27.472000122307751, 46.485000610290001, 0.0 ], [ -27.486999511817999, 46.355998992559542, 0.0 ], [ -27.489000320808088, 46.304000854655783, 0.0 ], [ -27.511999130455479, 46.20299911531697, 0.0 ] ] ] } },
{ "type": "Feature", "properties": { "Name": "Eurasian:North American", "Description": "<html xmlns:fo=\"http://www.w3.org/1999/XSL/Format\" xmlns:msxsl=\"urn:schemas-microsoft-com:xslt\">\n<head>\n<META http-equiv=\"Content-Type\" content=\"text/html\">\n<meta http-equiv=\"content-type\" content=\"text/html; charset=UTF-8\">\n</head>\n<body style=\"margin:0px 0px 0px 0px;overflow:auto;background:#FFFFFF;\">\n<table style=\"font-family:Arial,Verdana,Times;font-size:12px;text-align:left;width:100%;border-collapse:collapse;padding:3px 3px 3px 3px\">\n<tr style=\"text-align:center;font-weight:bold;background:#9CBCE2\">\n<td>Eurasian:North American</td>\n</tr>\n<tr>\n<td>\n<table style=\"font-family:Arial,Verdana,Times;font-size:12px;text-align:left;width:100%;border-spacing:0px; padding:3px 3px 3px 3px\">\n<tr>\n<td>NAME</td>\n<td>Eurasian:North American</td>\n</tr>\n<tr bgcolor=\"#D4E4F3\">\n<td>LABEL</td>\n<td>Divergent Boundary</td>\n</tr>\n</table>\n</td>\n</tr>\n</table>\n</body>\n</html>", "LABEL": "Divergent Boundary" }, "geometry": { "type": "MultiLineString", "coordinates": [ [ [ -27.565000534047389, 46.213001251006972, 0.0 ], [ -27.572000503420441, 46.148998260061717, 0.0 ], [ -27.584999084839868, 46.071998596058393, 0.0 ], [ -27.60199928244089, 45.983001708861821, 0.0 ] ] ] } },
{ "type": "Feature", "properties": { "Name": "Pacific:Juan de Fuca", "Description": "<html xmlns:fo=\"http://www.w3.org/1999/XSL/Format\" xmlns:msxsl=\"urn:schemas-microsoft-com:xslt\">\n<head>\n<META http-equiv=\"Content-Type\" content=\"text/html\">\n<meta http-equiv=\"content-type\" content=\"text/html; charset=UTF-8\">\n</head>\n<body style=\"margin:0px 0px 0px 0px;overflow:auto;background:#FFFFFF;\">\n<table style=\"font-family:Arial,Verdana,Times;font-size:12px;text-align:left;width:100%;border-collapse:collapse;padding:3px 3px 3px 3px\">\n<tr style=\"text-align:center;font-weight:bold;background:#9CBCE2\">\n<td>Pacific:Juan de Fuca</td>\n</tr>\n<tr>\n<td>\n<table style=\"font-family:Arial,Verdana,Times;font-size:12px;text-align:left;width:100%;border-spacing:0px; padding:3px 3px 3px 3px\">\n<tr>\n<td>NAME</td>\n<td>Pacific:Juan de Fuca</td>\n</tr>\n<tr bgcolor=\"#D4E4F3\">\n<td>LABEL</td>\n<td>Divergent Boundary</td>\n</tr>\n</table>\n</td>\n</tr>\n</table>\n</body>\n</html>", "LABEL": "Divergent Boundary" }, "geometry": { "type": "MultiLineString", "coordinates": [ [ [ -129.802993774243305, 46.432998657462122, 0.0 ], [ -129.917007446336498, 46.22900009128125, 0.0 ], [ -130.050994873114888, 46.195999145943858, 0.0 ], [ -130.072998046922294, 45.943000793252047, 0.0 ] ] ] } },
{ "type": "Feature", "properties": { "Name": "Eurasian:North American", "Description": "<html xmlns:fo=\"http://www.w3.org/1999/XSL/Format\" xmlns:msxsl=\"urn:schemas-microsoft-com:xslt\">\n<head>\n<META http-equiv=\"Content-Type\" content=\"text/html\">\n<meta http-equiv=\"content-type\" content=\"text/html; charset=UTF-8\">\n</head>\n<body style=\"margin:0px 0px 0px 0px;overflow:auto;background:#FFFFFF;\">\n<table style=\"font-family:Arial,Verdana,Times;font-size:12px;text-align:left;width:100%;border-collapse:collapse;padding:3px 3px 3px 3px\">\n<tr style=\"text-align:center;font-weight:bold;background:#9CBCE2\">\n<td>Eurasian:North American</td>\n</tr>\n<tr>\n<td>\n<table style=\"font-family:Arial,Verdana,Times;font-size:12px;text-align:left;width:100%;border-spacing:0px; padding:3px 3px 3px 3px\">\n<tr>\n<td>NAME</td>\n<td>Eurasian:North American</td>\n</tr>\n<tr bgcolor=\"#D4E4F3\">\n<td>LABEL</td>\n<td>Divergent Boundary</td>\n</tr>\n</table>\n</td>\n</tr>\n</table>\n</body>\n</html>", "LABEL": "Divergent Boundary" }, "geometry": { "type": "MultiLineString", "coordinates": [ [ [ -27.677000045815419, 45.985000610389932, 0.0 ], [ -27.69700050317061, 45.936000823878999, 0.0 ], [ -27.698999404698728, 45.882999420287092, 0.0 ] ] ] } },
{ "type": "Feature", "properties": { "Name": "Eurasian:North American", "Description": "<html xmlns:fo=\"http://www.w3.org/1999/XSL/Format\" xmlns:msxsl=\"urn:schemas-microsoft-com:xslt\">\n<head>\n<META http-equiv=\"Content-Type\" content=\"text/html\">\n<meta http-equiv=\"content-type\" content=\"text/html; charset=UTF-8\">\n</head>\n<body style=\"margin:0px 0px 0px 0px;overflow:auto;background:#FFFFFF;\">\n<table style=\"font-family:Arial,Verdana,Times;font-size:12px;text-align:left;width:100%;border-collapse:collapse;padding:3px 3px 3px 3px\">\n<tr style=\"text-align:center;font-weight:bold;background:#9CBCE2\">\n<td>Eurasian:North American</td>\n</tr>\n<tr>\n<td>\n<table style=\"font-family:Arial,Verdana,Times;font-size:12px;text-align:left;width:100%;border-spacing:0px; padding:3px 3px 3px 3px\">\n<tr>\n<td>NAME</td>\n<td>Eurasian:North American</td>\n</tr>\n<tr bgcolor=\"#D4E4F3\">\n<td>LABEL</td>\n<td>Divergent Boundary</td>\n</tr>\n</table>\n</td>\n</tr>\n</table>\n</body>\n</html>", "LABEL": "Divergent Boundary" }, "geometry": { "type": "MultiLineString", "coordinates": [ [ [ -27.739000320308492, 45.877998352442091, 0.0 ], [ -27.75900077856306, 45.828998565931101, 0.0 ], [ -27.77300071730923, 45.700000763124763, 0.0 ], [ -27.79500007619254, 45.59899902378595, 0.0 ], [ -27.825000762675021, 45.526000976863664, 0.0 ] ] ] } },
{ "type": "Feature", "properties": { "Name": "Eurasian:North American", "Description": "<html xmlns:fo=\"http://www.w3.org/1999/XSL/Format\" xmlns:msxsl=\"urn:schemas-microsoft-com:xslt\">\n<head>\n<META http-equiv=\"Content-Type\" content=\"text/html\">\n<meta http-equiv=\"content-type\" content=\"text/html; charset=UTF-8\">\n</head>\n<body style=\"margin:0px 0px 0px 0px;overflow:auto;background:#FFFFFF;\">\n<table style=\"font-family:Arial,Verdana,Times;font-size:12px;text-align:left;width:100%;border-collapse:collapse;padding:3px 3px 3px 3px\">\n<tr style=\"text-align:center;font-weight:bold;background:#9CBCE2\">\n<td>Eurasian:North American</td>\n</tr>\n<tr>\n<td>\n<table style=\"font-family:Arial,Verdana,Times;font-size:12px;text-align:left;width:100%;border-spacing:0px; padding:3px 3px 3px 3px\">\n<tr>\n<td>NAME</td>\n<td>Eurasian:North American</td>\n</tr>\n<tr bgcolor=\"#D4E4F3\">\n<td>LABEL</td>\n<td>Divergent Boundary</td>\n</tr>\n</table>\n</td>\n</tr>\n</table>\n</body>\n</html>", "LABEL": "Divergent Boundary" }, "geometry": { "type": "MultiLineString", "coordinates": [ [ [ -27.877000808940121, 45.53599929852885, 0.0 ], [ -27.864000320058668, 45.520999908119343, 0.0 ], [ -27.861999511967841, 45.479999542644812, 0.0 ], [ -27.8710002903311, 45.456001281334132, 0.0 ] ] ] } },
{ "type": "Feature", "properties": { "Name": "Eurasian:North American", "Description": "<html xmlns:fo=\"http://www.w3.org/1999/XSL/Format\" xmlns:msxsl=\"urn:schemas-microsoft-com:xslt\">\n<head>\n<META http-equiv=\"Content-Type\" content=\"text/html\">\n<meta http-equiv=\"content-type\" content=\"text/html; charset=UTF-8\">\n</head>\n<body style=\"margin:0px 0px 0px 0px;overflow:auto;background:#FFFFFF;\">\n<table style=\"font-family:Arial,Verdana,Times;font-size:12px;text-align:left;width:100%;border-collapse:collapse;padding:3px 3px 3px 3px\">\n<tr style=\"text-align:center;font-weight:bold;background:#9CBCE2\">\n<td>Eurasian:North American</td>\n</tr>\n<tr>\n<td>\n<table style=\"font-family:Arial,Verdana,Times;font-size:12px;text-align:left;width:100%;border-spacing:0px; padding:3px 3px 3px 3px\">\n<tr>\n<td>NAME</td>\n<td>Eurasian:North American</td>\n</tr>\n<tr bgcolor=\"#D4E4F3\">\n<td>LABEL</td>\n<td>Divergent Boundary</td>\n</tr>\n</table>\n</td>\n</tr>\n</table>\n</body>\n</html>", "LABEL": "Divergent Boundary" }, "geometry": { "type": "MultiLineString", "coordinates": [ [ [ -27.923999786460911, 45.465999602999318, 0.0 ], [ -27.937999725207138, 45.430000305369852, 0.0 ], [ -27.93499946635222, 45.389999389760078, 0.0 ], [ -27.937000274443051, 45.337001800192979, 0.0 ] ] ] } },
{ "type": "Feature", "properties": { "Name": "Eurasian:North American", "Description": "<html xmlns:fo=\"http://www.w3.org/1999/XSL/Format\" xmlns:msxsl=\"urn:schemas-microsoft-com:xslt\">\n<head>\n<META http-equiv=\"Content-Type\" content=\"text/html\">\n<meta http-equiv=\"content-type\" content=\"text/html; charset=UTF-8\">\n</head>\n<body style=\"margin:0px 0px 0px 0px;overflow:auto;background:#FFFFFF;\">\n<table style=\"font-family:Arial,Verdana,Times;font-size:12px;text-align:left;width:100%;border-collapse:collapse;padding:3px 3px 3px 3px\">\n<tr style=\"text-align:center;font-weight:bold;background:#9CBCE2\">\n<td>Eurasian:North American</td>\n</tr>\n<tr>\n<td>\n<table style=\"font-family:Arial,Verdana,Times;font-size:12px;text-align:left;width:100%;border-spacing:0px; padding:3px 3px 3px 3px\">\n<tr>\n<td>NAME</td>\n<td>Eurasian:North American</td>\n</tr>\n<tr bgcolor=\"#D4E4F3\">\n<td>LABEL</td>\n<td>Divergent Boundary</td>\n</tr>\n</table>\n</td>\n</tr>\n</table>\n</body>\n</html>", "LABEL": "Divergent Boundary" }, "geometry": { "type": "MultiLineString", "coordinates": [ [ [ -27.97200012220782, 45.344001770465411, 0.0 ], [ -27.979000091580929, 45.279998779520099, 0.0 ], [ -27.98600006095398, 45.215000152734888, 0.0 ], [ -27.98800086994413, 45.162998199907072, 0.0 ], [ -27.993999481091119, 45.097999573121847, 0.0 ] ] ] } },
{ "type": "Feature", "properties": { "Name": "Eurasian:North American", "Description": "<html xmlns:fo=\"http://www.w3.org/1999/XSL/Format\" xmlns:msxsl=\"urn:schemas-microsoft-com:xslt\">\n<head>\n<META http-equiv=\"Content-Type\" content=\"text/html\">\n<meta http-equiv=\"content-type\" content=\"text/html; charset=UTF-8\">\n</head>\n<body style=\"margin:0px 0px 0px 0px;overflow:auto;background:#FFFFFF;\">\n<table style=\"font-family:Arial,Verdana,Times;font-size:12px;text-align:left;width:100%;border-collapse:collapse;padding:3px 3px 3px 3px\">\n<tr style=\"text-align:center;font-weight:bold;background:#9CBCE2\">\n<td>Eurasian:North American</td>\n</tr>\n<tr>\n<td>\n<table style=\"font-family:Arial,Verdana,Times;font-size:12px;text-align:left;width:100%;border-spacing:0px; padding:3px 3px 3px 3px\">\n<tr>\n<td>NAME</td>\n<td>Eurasian:North American</td>\n</tr>\n<tr bgcolor=\"#D4E4F3\">\n<td>LABEL</td>\n<td>Divergent Boundary</td>\n</tr>\n</table>\n</td>\n</tr>\n</table>\n</body>\n</html>", "LABEL": "Divergent Boundary" }, "geometry": { "type": "MultiLineString", "coordinates": [ [ [ -28.076000213838771, 45.126998901378272, 0.0 ], [ -28.100000381712221, 45.066001891674027, 0.0 ], [ -28.114999771222418, 45.029998779120433, 0.0 ], [ -28.138999939095871, 44.96799850462736, 0.0 ], [ -28.156999588360289, 44.919998168880447, 0.0 ] ] ] } },
{ "type": "Feature", "properties": { "Name": "Pacific:Juan de Fuca", "Description": "<html xmlns:fo=\"http://www.w3.org/1999/XSL/Format\" xmlns:msxsl=\"urn:schemas-microsoft-com:xslt\">\n<head>\n<META http-equiv=\"Content-Type\" content=\"text/html\">\n<meta http-equiv=\"content-type\" content=\"text/html; charset=UTF-8\">\n</head>\n<body style=\"margin:0px 0px 0px 0px;overflow:auto;background:#FFFFFF;\">\n<table style=\"font-family:Arial,Verdana,Times;font-size:12px;text-align:left;width:100%;border-collapse:collapse;padding:3px 3px 3px 3px\">\n<tr style=\"text-align:center;font-weight:bold;background:#9CBCE2\">\n<td>Pacific:Juan de Fuca</td>\n</tr>\n<tr>\n<td>\n<table style=\"font-family:Arial,Verdana,Times;font-size:12px;text-align:left;width:100%;border-spacing:0px; padding:3px 3px 3px 3px\">\n<tr>\n<td>NAME</td>\n<td>Pacific:Juan de Fuca</td>\n</tr>\n<tr bgcolor=\"#D4E4F3\">\n<td>LABEL</td>\n<td>Divergent Boundary</td>\n</tr>\n</table>\n</td>\n</tr>\n</table>\n</body>\n</html>", "LABEL": "Divergent Boundary" }, "geometry": { "type": "MultiLineString", "coordinates": [ [ [ -129.869003295665607, 45.895999908269232, 0.0 ], [ -129.936004638902887, 45.736000060754243, 0.0 ], [ -130.18699646021841, 45.414001465095573, 0.0 ], [ -130.0690002438661, 45.2849998473651, 0.0 ], [ -130.367004394936799, 44.930000305469783, 0.0 ], [ -130.47999572762069, 44.589000702320618, 0.0 ] ] ] } },
{ "type": "Feature", "properties": { "Name": "Eurasian:North American", "Description": "<html xmlns:fo=\"http://www.w3.org/1999/XSL/Format\" xmlns:msxsl=\"urn:schemas-microsoft-com:xslt\">\n<head>\n<META http-equiv=\"Content-Type\" content=\"text/html\">\n<meta http-equiv=\"content-type\" content=\"text/html; charset=UTF-8\">\n</head>\n<body style=\"margin:0px 0px 0px 0px;overflow:auto;background:#FFFFFF;\">\n<table style=\"font-family:Arial,Verdana,Times;font-size:12px;text-align:left;width:100%;border-collapse:collapse;padding:3px 3px 3px 3px\">\n<tr style=\"text-align:center;font-weight:bold;background:#9CBCE2\">\n<td>Eurasian:North American</td>\n</tr>\n<tr>\n<td>\n<table style=\"font-family:Arial,Verdana,Times;font-size:12px;text-align:left;width:100%;border-spacing:0px; padding:3px 3px 3px 3px\">\n<tr>\n<td>NAME</td>\n<td>Eurasian:North American</td>\n</tr>\n<tr bgcolor=\"#D4E4F3\">\n<td>LABEL</td>\n<td>Divergent Boundary</td>\n</tr>\n</table>\n</td>\n</tr>\n</table>\n</body>\n</html>", "LABEL": "Divergent Boundary" }, "geometry": { "type": "MultiLineString", "coordinates": [ [ [ -28.106000900321249, 44.909000396451177, 0.0 ], [ -28.142000197950718, 44.863998412996409, 0.0 ], [ -28.14399909947883, 44.812000275092657, 0.0 ], [ -28.16799926735229, 44.749999999700272, 0.0 ], [ -28.215000152335111, 44.62799835224223, 0.0 ], [ -28.256999969472989, 44.518001556027059, 0.0 ], [ -28.28199958811047, 44.404998779470127, 0.0 ], [ -28.31999969473009, 44.306999206448268, 0.0 ], [ -28.367000579712968, 44.183998108226149, 0.0 ] ] ] } },
{ "type": "Feature", "properties": { "Name": "Eurasian:North American", "Description": "<html xmlns:fo=\"http://www.w3.org/1999/XSL/Format\" xmlns:msxsl=\"urn:schemas-microsoft-com:xslt\">\n<head>\n<META http-equiv=\"Content-Type\" content=\"text/html\">\n<meta http-equiv=\"content-type\" content=\"text/html; charset=UTF-8\">\n</head>\n<body style=\"margin:0px 0px 0px 0px;overflow:auto;background:#FFFFFF;\">\n<table style=\"font-family:Arial,Verdana,Times;font-size:12px;text-align:left;width:100%;border-collapse:collapse;padding:3px 3px 3px 3px\">\n<tr style=\"text-align:center;font-weight:bold;background:#9CBCE2\">\n<td>Eurasian:North American</td>\n</tr>\n<tr>\n<td>\n<table style=\"font-family:Arial,Verdana,Times;font-size:12px;text-align:left;width:100%;border-spacing:0px; padding:3px 3px 3px 3px\">\n<tr>\n<td>NAME</td>\n<td>Eurasian:North American</td>\n</tr>\n<tr bgcolor=\"#D4E4F3\">\n<td>LABEL</td>\n<td>Divergent Boundary</td>\n</tr>\n</table>\n</td>\n</tr>\n</table>\n</body>\n</html>", "LABEL": "Divergent Boundary" }, "geometry": { "type": "MultiLineString", "coordinates": [ [ [ -28.43499946625229, 44.198001861896437, 0.0 ], [ -28.436000823579089, 44.145000457405217, 0.0 ], [ -28.454999923607549, 44.096000671793597, 0.0 ], [ -28.482999801999199, 44.022998809947183, 0.0 ], [ -28.481000900471152, 43.930999755534337, 0.0 ], [ -28.51300048848174, 43.845001220629847, 0.0 ], [ -28.52400016747373, 43.768001556626587, 0.0 ] ] ] } },
{ "type": "Feature", "properties": { "Name": "Eurasian:North American", "Description": "<html xmlns:fo=\"http://www.w3.org/1999/XSL/Format\" xmlns:msxsl=\"urn:schemas-microsoft-com:xslt\">\n<head>\n<META http-equiv=\"Content-Type\" content=\"text/html\">\n<meta http-equiv=\"content-type\" content=\"text/html; charset=UTF-8\">\n</head>\n<body style=\"margin:0px 0px 0px 0px;overflow:auto;background:#FFFFFF;\">\n<table style=\"font-family:Arial,Verdana,Times;font-size:12px;text-align:left;width:100%;border-collapse:collapse;padding:3px 3px 3px 3px\">\n<tr style=\"text-align:center;font-weight:bold;background:#9CBCE2\">\n<td>Eurasian:North American</td>\n</tr>\n<tr>\n<td>\n<table style=\"font-family:Arial,Verdana,Times;font-size:12px;text-align:left;width:100%;border-spacing:0px; padding:3px 3px 3px 3px\">\n<tr>\n<td>NAME</td>\n<td>Eurasian:North American</td>\n</tr>\n<tr bgcolor=\"#D4E4F3\">\n<td>LABEL</td>\n<td>Divergent Boundary</td>\n</tr>\n</table>\n</td>\n</tr>\n</table>\n</body>\n</html>", "LABEL": "Divergent Boundary" }, "geometry": { "type": "MultiLineString", "coordinates": [ [ [ -28.795999526756699, 43.768001556626587, 0.0 ], [ -28.840000152884731, 43.698001861996367, 0.0 ], [ -28.885000228877399, 43.627998352442091, 0.0 ], [ -28.934000015388339, 43.493000030127348, 0.0 ], [ -29.007999420536809, 43.388999939395717, 0.0 ], [ -29.0909996031491, 43.208000182862179, 0.0 ], [ -29.173999786660769, 43.080001830819867, 0.0 ] ] ] } },
{ "type": "Feature", "properties": { "Name": "Eurasian:North American", "Description": "<html xmlns:fo=\"http://www.w3.org/1999/XSL/Format\" xmlns:msxsl=\"urn:schemas-microsoft-com:xslt\">\n<head>\n<META http-equiv=\"Content-Type\" content=\"text/html\">\n<meta http-equiv=\"content-type\" content=\"text/html; charset=UTF-8\">\n</head>\n<body style=\"margin:0px 0px 0px 0px;overflow:auto;background:#FFFFFF;\">\n<table style=\"font-family:Arial,Verdana,Times;font-size:12px;text-align:left;width:100%;border-collapse:collapse;padding:3px 3px 3px 3px\">\n<tr style=\"text-align:center;font-weight:bold;background:#9CBCE2\">\n<td>Eurasian:North American</td>\n</tr>\n<tr>\n<td>\n<table style=\"font-family:Arial,Verdana,Times;font-size:12px;text-align:left;width:100%;border-spacing:0px; padding:3px 3px 3px 3px\">\n<tr>\n<td>NAME</td>\n<td>Eurasian:North American</td>\n</tr>\n<tr bgcolor=\"#D4E4F3\">\n<td>LABEL</td>\n<td>Divergent Boundary</td>\n</tr>\n</table>\n</td>\n</tr>\n</table>\n</body>\n</html>", "LABEL": "Divergent Boundary" }, "geometry": { "type": "MultiLineString", "coordinates": [ [ [ -29.31699943567537, 43.081001281583951, 0.0 ], [ -29.31699943567537, 43.027999877992052, 0.0 ], [ -29.32699966390334, 42.951000213988721, 0.0 ], [ -29.349000931148002, 42.83800125145666, 0.0 ], [ -29.371999740795331, 42.723999023236388, 0.0 ] ] ] } },
{ "type": "Feature", "properties": { "Name": "Eurasian:North American", "Description": "<html xmlns:fo=\"http://www.w3.org/1999/XSL/Format\" xmlns:msxsl=\"urn:schemas-microsoft-com:xslt\">\n<head>\n<META http-equiv=\"Content-Type\" content=\"text/html\">\n<meta http-equiv=\"content-type\" content=\"text/html; charset=UTF-8\">\n</head>\n<body style=\"margin:0px 0px 0px 0px;overflow:auto;background:#FFFFFF;\">\n<table style=\"font-family:Arial,Verdana,Times;font-size:12px;text-align:left;width:100%;border-collapse:collapse;padding:3px 3px 3px 3px\">\n<tr style=\"text-align:center;font-weight:bold;background:#9CBCE2\">\n<td>Eurasian:North American</td>\n</tr>\n<tr>\n<td>\n<table style=\"font-family:Arial,Verdana,Times;font-size:12px;text-align:left;width:100%;border-spacing:0px; padding:3px 3px 3px 3px\">\n<tr>\n<td>NAME</td>\n<td>Eurasian:North American</td>\n</tr>\n<tr bgcolor=\"#D4E4F3\">\n<td>LABEL</td>\n<td>Divergent Boundary</td>\n</tr>\n</table>\n</td>\n</tr>\n</table>\n</body>\n</html>", "LABEL": "Divergent Boundary" }, "geometry": { "type": "MultiLineString", "coordinates": [ [ [ -29.320999145294252, 42.715000152335222, 0.0 ], [ -29.31800079390149, 42.673999785961428, 0.0 ], [ -29.339000702020709, 42.612998962232382, 0.0 ], [ -29.370000839267281, 42.527000427327891, 0.0 ], [ -29.39200019815058, 42.412998199107683, 0.0 ], [ -29.434999466052489, 42.291000366573712, 0.0 ] ] ] } },
{ "type": "Feature", "properties": { "Name": "Eurasian:North American", "Description": "<html xmlns:fo=\"http://www.w3.org/1999/XSL/Format\" xmlns:msxsl=\"urn:schemas-microsoft-com:xslt\">\n<head>\n<META http-equiv=\"Content-Type\" content=\"text/html\">\n<meta http-equiv=\"content-type\" content=\"text/html; charset=UTF-8\">\n</head>\n<body style=\"margin:0px 0px 0px 0px;overflow:auto;background:#FFFFFF;\">\n<table style=\"font-family:Arial,Verdana,Times;font-size:12px;text-align:left;width:100%;border-collapse:collapse;padding:3px 3px 3px 3px\">\n<tr style=\"text-align:center;font-weight:bold;background:#9CBCE2\">\n<td>Eurasian:North American</td>\n</tr>\n<tr>\n<td>\n<table style=\"font-family:Arial,Verdana,Times;font-size:12px;text-align:left;width:100%;border-spacing:0px; padding:3px 3px 3px 3px\">\n<tr>\n<td>NAME</td>\n<td>Eurasian:North American</td>\n</tr>\n<tr bgcolor=\"#D4E4F3\">\n<td>LABEL</td>\n<td>Divergent Boundary</td>\n</tr>\n</table>\n</td>\n</tr>\n</table>\n</body>\n</html>", "LABEL": "Divergent Boundary" }, "geometry": { "type": "MultiLineString", "coordinates": [ [ [ -29.222999573171709, 42.289001465045601, 0.0 ], [ -29.222999573171709, 42.236999511318459, 0.0 ], [ -29.2450008395171, 42.174999236825393, 0.0 ], [ -29.24200057976287, 42.083000183311867, 0.0 ], [ -29.260999679791329, 41.929000854405963, 0.0 ] ] ] } },
{ "type": "Feature", "properties": { "Name": "Pacific:Juan de Fuca", "Description": "<html xmlns:fo=\"http://www.w3.org/1999/XSL/Format\" xmlns:msxsl=\"urn:schemas-microsoft-com:xslt\">\n<head>\n<META http-equiv=\"Content-Type\" content=\"text/html\">\n<meta http-equiv=\"content-type\" content=\"text/html; charset=UTF-8\">\n</head>\n<body style=\"margin:0px 0px 0px 0px;overflow:auto;background:#FFFFFF;\">\n<table style=\"font-family:Arial,Verdana,Times;font-size:12px;text-align:left;width:100%;border-collapse:collapse;padding:3px 3px 3px 3px\">\n<tr style=\"text-align:center;font-weight:bold;background:#9CBCE2\">\n<td>Pacific:Juan de Fuca</td>\n</tr>\n<tr>\n<td>\n<table style=\"font-family:Arial,Verdana,Times;font-size:12px;text-align:left;width:100%;border-spacing:0px; padding:3px 3px 3px 3px\">\n<tr>\n<td>NAME</td>\n<td>Pacific:Juan de Fuca</td>\n</tr>\n<tr bgcolor=\"#D4E4F3\">\n<td>LABEL</td>\n<td>Divergent Boundary</td>\n</tr>\n</table>\n</td>\n</tr>\n</table>\n</body>\n</html>", "LABEL": "Divergent Boundary" }, "geometry": { "type": "MultiLineString", "coordinates": [ [ [ -126.626998901078395, 43.013999939245878, 0.0 ], [ -127.039001464546004, 42.356998443223631, 0.0 ], [ -127.240997314274594, 41.692001342887693, 0.0 ], [ -127.401000976713703, 41.63999939005987, 0.0 ], [ -127.445999145244301, 41.555000305020087, 0.0 ] ] ] } },
{ "type": "Feature", "properties": { "Name": "Eurasian:North American", "Description": "<html xmlns:fo=\"http://www.w3.org/1999/XSL/Format\" xmlns:msxsl=\"urn:schemas-microsoft-com:xslt\">\n<head>\n<META http-equiv=\"Content-Type\" content=\"text/html\">\n<meta http-equiv=\"content-type\" content=\"text/html; charset=UTF-8\">\n</head>\n<body style=\"margin:0px 0px 0px 0px;overflow:auto;background:#FFFFFF;\">\n<table style=\"font-family:Arial,Verdana,Times;font-size:12px;text-align:left;width:100%;border-collapse:collapse;padding:3px 3px 3px 3px\">\n<tr style=\"text-align:center;font-weight:bold;background:#9CBCE2\">\n<td>Eurasian:North American</td>\n</tr>\n<tr>\n<td>\n<table style=\"font-family:Arial,Verdana,Times;font-size:12px;text-align:left;width:100%;border-spacing:0px; padding:3px 3px 3px 3px\">\n<tr>\n<td>NAME</td>\n<td>Eurasian:North American</td>\n</tr>\n<tr bgcolor=\"#D4E4F3\">\n<td>LABEL</td>\n<td>Divergent Boundary</td>\n</tr>\n</table>\n</td>\n</tr>\n</table>\n</body>\n</html>", "LABEL": "Divergent Boundary" }, "geometry": { "type": "MultiLineString", "coordinates": [ [ [ -29.162000656005429, 41.909999847814788, 0.0 ], [ -29.200000762625049, 41.79999923667549, 0.0 ], [ -29.205999374671361, 41.682998657062399, 0.0 ], [ -29.2450008395171, 41.520000458154698, 0.0 ], [ -29.29199981703789, 41.384998321815146, 0.0 ], [ -29.322000503520371, 41.247001648107641, 0.0 ] ] ] } },
{ "type": "Feature", "properties": { "Name": "Pacific:Juan de Fuca", "Description": "<html xmlns:fo=\"http://www.w3.org/1999/XSL/Format\" xmlns:msxsl=\"urn:schemas-microsoft-com:xslt\">\n<head>\n<META http-equiv=\"Content-Type\" content=\"text/html\">\n<meta http-equiv=\"content-type\" content=\"text/html; charset=UTF-8\">\n</head>\n<body style=\"margin:0px 0px 0px 0px;overflow:auto;background:#FFFFFF;\">\n<table style=\"font-family:Arial,Verdana,Times;font-size:12px;text-align:left;width:100%;border-collapse:collapse;padding:3px 3px 3px 3px\">\n<tr style=\"text-align:center;font-weight:bold;background:#9CBCE2\">\n<td>Pacific:Juan de Fuca</td>\n</tr>\n<tr>\n<td>\n<table style=\"font-family:Arial,Verdana,Times;font-size:12px;text-align:left;width:100%;border-spacing:0px; padding:3px 3px 3px 3px\">\n<tr>\n<td>NAME</td>\n<td>Pacific:Juan de Fuca</td>\n</tr>\n<tr bgcolor=\"#D4E4F3\">\n<td>LABEL</td>\n<td>Divergent Boundary</td>\n</tr>\n</table>\n</td>\n</tr>\n</table>\n</body>\n</html>", "LABEL": "Divergent Boundary" }, "geometry": { "type": "MultiLineString", "coordinates": [ [ [ -127.559997558540502, 41.589000702020833, 0.0 ], [ -127.638999938995894, 41.081001281983617, 0.0 ], [ -127.717002868687402, 40.573001861946409, 0.0 ] ] ] } },
{ "type": "Feature", "properties": { "Name": "Eurasian:North American", "Description": "<html xmlns:fo=\"http://www.w3.org/1999/XSL/Format\" xmlns:msxsl=\"urn:schemas-microsoft-com:xslt\">\n<head>\n<META http-equiv=\"Content-Type\" content=\"text/html\">\n<meta http-equiv=\"content-type\" content=\"text/html; charset=UTF-8\">\n</head>\n<body style=\"margin:0px 0px 0px 0px;overflow:auto;background:#FFFFFF;\">\n<table style=\"font-family:Arial,Verdana,Times;font-size:12px;text-align:left;width:100%;border-collapse:collapse;padding:3px 3px 3px 3px\">\n<tr style=\"text-align:center;font-weight:bold;background:#9CBCE2\">\n<td>Eurasian:North American</td>\n</tr>\n<tr>\n<td>\n<table style=\"font-family:Arial,Verdana,Times;font-size:12px;text-align:left;width:100%;border-spacing:0px; padding:3px 3px 3px 3px\">\n<tr>\n<td>NAME</td>\n<td>Eurasian:North American</td>\n</tr>\n<tr bgcolor=\"#D4E4F3\">\n<td>LABEL</td>\n<td>Divergent Boundary</td>\n</tr>\n</table>\n</td>\n</tr>\n</table>\n</body>\n</html>", "LABEL": "Divergent Boundary" }, "geometry": { "type": "MultiLineString", "coordinates": [ [ [ -29.22900009178079, 41.215000152635007, 0.0 ], [ -29.24200057976287, 41.125999450514257, 0.0 ], [ -29.256000518509101, 40.985000610489863, 0.0 ], [ -29.27799987829172, 40.87099838226959, 0.0 ], [ -29.29999923717503, 40.705001831069687, 0.0 ], [ -29.346000671393821, 40.5699996947302, 0.0 ] ] ] } },
{ "type": "Feature", "properties": { "Name": "Pacific:Juan de Fuca", "Description": "<html xmlns:fo=\"http://www.w3.org/1999/XSL/Format\" xmlns:msxsl=\"urn:schemas-microsoft-com:xslt\">\n<head>\n<META http-equiv=\"Content-Type\" content=\"text/html\">\n<meta http-equiv=\"content-type\" content=\"text/html; charset=UTF-8\">\n</head>\n<body style=\"margin:0px 0px 0px 0px;overflow:auto;background:#FFFFFF;\">\n<table style=\"font-family:Arial,Verdana,Times;font-size:12px;text-align:left;width:100%;border-collapse:collapse;padding:3px 3px 3px 3px\">\n<tr style=\"text-align:center;font-weight:bold;background:#9CBCE2\">\n<td>Pacific:Juan de Fuca</td>\n</tr>\n<tr>\n<td>\n<table style=\"font-family:Arial,Verdana,Times;font-size:12px;text-align:left;width:100%;border-spacing:0px; padding:3px 3px 3px 3px\">\n<tr>\n<td>NAME</td>\n<td>Pacific:Juan de Fuca</td>\n</tr>\n<tr bgcolor=\"#D4E4F3\">\n<td>LABEL</td>\n<td>Divergent Boundary</td>\n</tr>\n</table>\n</td>\n</tr>\n</table>\n</body>\n</html>", "LABEL": "Divergent Boundary" }, "geometry": { "type": "MultiLineString", "coordinates": [ [ [ -127.579002380055798, 40.539001464945727, 0.0 ], [ -127.579002380055798, 40.45000076282497, 0.0 ] ] ] } },
{ "type": "Feature", "properties": { "Name": "Eurasian:North American", "Description": "<html xmlns:fo=\"http://www.w3.org/1999/XSL/Format\" xmlns:msxsl=\"urn:schemas-microsoft-com:xslt\">\n<head>\n<META http-equiv=\"Content-Type\" content=\"text/html\">\n<meta http-equiv=\"content-type\" content=\"text/html; charset=UTF-8\">\n</head>\n<body style=\"margin:0px 0px 0px 0px;overflow:auto;background:#FFFFFF;\">\n<table style=\"font-family:Arial,Verdana,Times;font-size:12px;text-align:left;width:100%;border-collapse:collapse;padding:3px 3px 3px 3px\">\n<tr style=\"text-align:center;font-weight:bold;background:#9CBCE2\">\n<td>Eurasian:North American</td>\n</tr>\n<tr>\n<td>\n<table style=\"font-family:Arial,Verdana,Times;font-size:12px;text-align:left;width:100%;border-spacing:0px; padding:3px 3px 3px 3px\">\n<tr>\n<td>NAME</td>\n<td>Eurasian:North American</td>\n</tr>\n<tr bgcolor=\"#D4E4F3\">\n<td>LABEL</td>\n<td>Divergent Boundary</td>\n</tr>\n</table>\n</td>\n</tr>\n</table>\n</body>\n</html>", "LABEL": "Divergent Boundary" }, "geometry": { "type": "MultiLineString", "coordinates": [ [ [ -29.559999465802662, 40.598999023885881, 0.0 ], [ -29.576999664302999, 40.548999786610921, 0.0 ], [ -29.56900024416586, 40.470001221079542, 0.0 ], [ -29.597999572422282, 40.382999420486897, 0.0 ], [ -29.63100051865894, 40.284999847465031, 0.0 ], [ -29.63999938956016, 40.208000183461763, 0.0 ], [ -29.65600013729647, 40.106998443223631, 0.0 ] ] ] } },
{ "type": "Feature", "properties": { "Name": "Eurasian:North American", "Description": "<html xmlns:fo=\"http://www.w3.org/1999/XSL/Format\" xmlns:msxsl=\"urn:schemas-microsoft-com:xslt\">\n<head>\n<META http-equiv=\"Content-Type\" content=\"text/html\">\n<meta http-equiv=\"content-type\" content=\"text/html; charset=UTF-8\">\n</head>\n<body style=\"margin:0px 0px 0px 0px;overflow:auto;background:#FFFFFF;\">\n<table style=\"font-family:Arial,Verdana,Times;font-size:12px;text-align:left;width:100%;border-collapse:collapse;padding:3px 3px 3px 3px\">\n<tr style=\"text-align:center;font-weight:bold;background:#9CBCE2\">\n<td>Eurasian:North American</td>\n</tr>\n<tr>\n<td>\n<table style=\"font-family:Arial,Verdana,Times;font-size:12px;text-align:left;width:100%;border-spacing:0px; padding:3px 3px 3px 3px\">\n<tr>\n<td>NAME</td>\n<td>Eurasian:North American</td>\n</tr>\n<tr bgcolor=\"#D4E4F3\">\n<td>LABEL</td>\n<td>Divergent Boundary</td>\n</tr>\n</table>\n</td>\n</tr>\n</table>\n</body>\n</html>", "LABEL": "Divergent Boundary" }, "geometry": { "type": "MultiLineString", "coordinates": [ [ [ -29.587999344194319, 40.105998993358916, 0.0 ], [ -29.57999992405723, 40.078998565731297, 0.0 ], [ -29.613000869394568, 40.033000946436573, 0.0 ], [ -29.608999252313598, 39.993000030826813, 0.0 ], [ -29.77000045805465, 39.400001525749872, 0.0 ] ] ] } },
{ "type": "Feature", "properties": { "Name": "Eurasian:African", "Description": "<html xmlns:fo=\"http://www.w3.org/1999/XSL/Format\" xmlns:msxsl=\"urn:schemas-microsoft-com:xslt\">\n<head>\n<META http-equiv=\"Content-Type\" content=\"text/html\">\n<meta http-equiv=\"content-type\" content=\"text/html; charset=UTF-8\">\n</head>\n<body style=\"margin:0px 0px 0px 0px;overflow:auto;background:#FFFFFF;\">\n<table style=\"font-family:Arial,Verdana,Times;font-size:12px;text-align:left;width:100%;border-collapse:collapse;padding:3px 3px 3px 3px\">\n<tr style=\"text-align:center;font-weight:bold;background:#9CBCE2\">\n<td>Eurasian:African</td>\n</tr>\n<tr>\n<td>\n<table style=\"font-family:Arial,Verdana,Times;font-size:12px;text-align:left;width:100%;border-spacing:0px; padding:3px 3px 3px 3px\">\n<tr>\n<td>NAME</td>\n<td>Eurasian:African</td>\n</tr>\n<tr bgcolor=\"#D4E4F3\">\n<td>LABEL</td>\n<td>Divergent Boundary</td>\n</tr>\n</table>\n</td>\n</tr>\n</table>\n</body>\n</html>", "LABEL": "Divergent Boundary" }, "geometry": { "type": "MultiLineString", "coordinates": [ [ [ -29.260000229027298, 39.249999999900133, 0.0 ], [ -29.297000884882891, 39.255001067745127, 0.0 ], [ -29.334999084040479, 39.314998626685338, 0.0 ], [ -29.77000045805465, 39.400001525749872, 0.0 ] ] ] } },
{ "type": "Feature", "properties": { "Name": "Eurasian:African", "Description": "<html xmlns:fo=\"http://www.w3.org/1999/XSL/Format\" xmlns:msxsl=\"urn:schemas-microsoft-com:xslt\">\n<head>\n<META http-equiv=\"Content-Type\" content=\"text/html\">\n<meta http-equiv=\"content-type\" content=\"text/html; charset=UTF-8\">\n</head>\n<body style=\"margin:0px 0px 0px 0px;overflow:auto;background:#FFFFFF;\">\n<table style=\"font-family:Arial,Verdana,Times;font-size:12px;text-align:left;width:100%;border-collapse:collapse;padding:3px 3px 3px 3px\">\n<tr style=\"text-align:center;font-weight:bold;background:#9CBCE2\">\n<td>Eurasian:African</td>\n</tr>\n<tr>\n<td>\n<table style=\"font-family:Arial,Verdana,Times;font-size:12px;text-align:left;width:100%;border-spacing:0px; padding:3px 3px 3px 3px\">\n<tr>\n<td>NAME</td>\n<td>Eurasian:African</td>\n</tr>\n<tr bgcolor=\"#D4E4F3\">\n<td>LABEL</td>\n<td>Divergent Boundary</td>\n</tr>\n</table>\n</td>\n</tr>\n</table>\n</body>\n</html>", "LABEL": "Divergent Boundary" }, "geometry": { "type": "MultiLineString", "coordinates": [ [ [ -28.618999481640738, 39.12099838216966, 0.0 ], [ -28.66600036662356, 39.179000854505887, 0.0 ], [ -28.686000823978819, 39.214000702270653, 0.0 ], [ -28.745000839617038, 39.263000487882273, 0.0 ], [ -28.781000137246512, 39.298999786411059, 0.0 ], [ -28.85300064086681, 39.373001099021572, 0.0 ], [ -28.895000458004692, 39.411998748943176, 0.0 ] ] ] } },
{ "type": "Feature", "properties": { "Name": "Eurasian:African", "Description": "<html xmlns:fo=\"http://www.w3.org/1999/XSL/Format\" xmlns:msxsl=\"urn:schemas-microsoft-com:xslt\">\n<head>\n<META http-equiv=\"Content-Type\" content=\"text/html\">\n<meta http-equiv=\"content-type\" content=\"text/html; charset=UTF-8\">\n</head>\n<body style=\"margin:0px 0px 0px 0px;overflow:auto;background:#FFFFFF;\">\n<table style=\"font-family:Arial,Verdana,Times;font-size:12px;text-align:left;width:100%;border-collapse:collapse;padding:3px 3px 3px 3px\">\n<tr style=\"text-align:center;font-weight:bold;background:#9CBCE2\">\n<td>Eurasian:African</td>\n</tr>\n<tr>\n<td>\n<table style=\"font-family:Arial,Verdana,Times;font-size:12px;text-align:left;width:100%;border-spacing:0px; padding:3px 3px 3px 3px\">\n<tr>\n<td>NAME</td>\n<td>Eurasian:African</td>\n</tr>\n<tr bgcolor=\"#D4E4F3\">\n<td>LABEL</td>\n<td>Divergent Boundary</td>\n</tr>\n</table>\n</td>\n</tr>\n</table>\n</body>\n</html>", "LABEL": "Divergent Boundary" }, "geometry": { "type": "MultiLineString", "coordinates": [ [ [ -28.291999817237748, 38.938999175771407, 0.0 ], [ -28.341999053613389, 38.993000030127348, 0.0 ], [ -28.364999770722822, 39.020000457754982, 0.0 ], [ -28.395999908868649, 39.057998656912559, 0.0 ], [ -28.420000076742099, 39.092998504677333, 0.0 ], [ -28.451999664752691, 39.133998871051119, 0.0 ], [ -28.483999252763279, 39.155998229934433, 0.0 ] ] ] } },
{ "type": "Feature", "properties": { "Name": "North American:African", "Description": "<html xmlns:fo=\"http://www.w3.org/1999/XSL/Format\" xmlns:msxsl=\"urn:schemas-microsoft-com:xslt\">\n<head>\n<META http-equiv=\"Content-Type\" content=\"text/html\">\n<meta http-equiv=\"content-type\" content=\"text/html; charset=UTF-8\">\n</head>\n<body style=\"margin:0px 0px 0px 0px;overflow:auto;background:#FFFFFF;\">\n<table style=\"font-family:Arial,Verdana,Times;font-size:12px;text-align:left;width:100%;border-collapse:collapse;padding:3px 3px 3px 3px\">\n<tr style=\"text-align:center;font-weight:bold;background:#9CBCE2\">\n<td>North American:African</td>\n</tr>\n<tr>\n<td>\n<table style=\"font-family:Arial,Verdana,Times;font-size:12px;text-align:left;width:100%;border-spacing:0px; padding:3px 3px 3px 3px\">\n<tr>\n<td>NAME</td>\n<td>North American:African</td>\n</tr>\n<tr bgcolor=\"#D4E4F3\">\n<td>LABEL</td>\n<td>Divergent Boundary</td>\n</tr>\n</table>\n</td>\n</tr>\n</table>\n</body>\n</html>", "LABEL": "Divergent Boundary" }, "geometry": { "type": "MultiLineString", "coordinates": [ [ [ -29.77000045805465, 39.400001525749872, 0.0 ], [ -29.90900039655099, 39.387001037767732, 0.0 ], [ -30.170999526706741, 38.88800048863169, 0.0 ], [ -30.430000305469662, 38.388000487832301, 0.0 ] ] ] } },
{ "type": "Feature", "properties": { "Name": "Eurasian:African", "Description": "<html xmlns:fo=\"http://www.w3.org/1999/XSL/Format\" xmlns:msxsl=\"urn:schemas-microsoft-com:xslt\">\n<head>\n<META http-equiv=\"Content-Type\" content=\"text/html\">\n<meta http-equiv=\"content-type\" content=\"text/html; charset=UTF-8\">\n</head>\n<body style=\"margin:0px 0px 0px 0px;overflow:auto;background:#FFFFFF;\">\n<table style=\"font-family:Arial,Verdana,Times;font-size:12px;text-align:left;width:100%;border-collapse:collapse;padding:3px 3px 3px 3px\">\n<tr style=\"text-align:center;font-weight:bold;background:#9CBCE2\">\n<td>Eurasian:African</td>\n</tr>\n<tr>\n<td>\n<table style=\"font-family:Arial,Verdana,Times;font-size:12px;text-align:left;width:100%;border-spacing:0px; padding:3px 3px 3px 3px\">\n<tr>\n<td>NAME</td>\n<td>Eurasian:African</td>\n</tr>\n<tr bgcolor=\"#D4E4F3\">\n<td>LABEL</td>\n<td>Divergent Boundary</td>\n</tr>\n</table>\n</td>\n</tr>\n</table>\n</body>\n</html>", "LABEL": "Divergent Boundary" }, "geometry": { "type": "MultiLineString", "coordinates": [ [ [ -26.829999923257791, 38.277999877592322, 0.0 ], [ -26.90099906955135, 38.360000610339974, 0.0 ], [ -26.94099998516117, 38.400001525949733, 0.0 ], [ -27.006999969273121, 38.464000701970861, 0.0 ], [ -27.02899932905575, 38.491001129598487, 0.0 ], [ -27.0900001527848, 38.570999145893893, 0.0 ], [ -27.12899971016844, 38.606998443523423, 0.0 ], [ -27.173999786161179, 38.666000366623678, 0.0 ], [ -27.20299911531686, 38.700000762725097, 0.0 ], [ -27.239000320408419, 38.779998779020502, 0.0 ], [ -27.483999252063771, 38.782001495472677, 0.0 ], [ -27.559000015438301, 38.83599853490449, 0.0 ], [ -27.606000900421179, 38.862998962532167, 0.0 ], [ -27.680000305569589, 38.91400146459597, 0.0 ], [ -27.722000121808151, 38.942001342987624, 0.0 ], [ -27.79299926720239, 39.000000000399723, 0.0 ], [ -27.954999923707479, 39.004001617480696, 0.0 ] ] ] } },
{ "type": "Feature", "properties": { "Name": "Eurasian:African", "Description": "<html xmlns:fo=\"http://www.w3.org/1999/XSL/Format\" xmlns:msxsl=\"urn:schemas-microsoft-com:xslt\">\n<head>\n<META http-equiv=\"Content-Type\" content=\"text/html\">\n<meta http-equiv=\"content-type\" content=\"text/html; charset=UTF-8\">\n</head>\n<body style=\"margin:0px 0px 0px 0px;overflow:auto;background:#FFFFFF;\">\n<table style=\"font-family:Arial,Verdana,Times;font-size:12px;text-align:left;width:100%;border-collapse:collapse;padding:3px 3px 3px 3px\">\n<tr style=\"text-align:center;font-weight:bold;background:#9CBCE2\">\n<td>Eurasian:African</td>\n</tr>\n<tr>\n<td>\n<table style=\"font-family:Arial,Verdana,Times;font-size:12px;text-align:left;width:100%;border-spacing:0px; padding:3px 3px 3px 3px\">\n<tr>\n<td>NAME</td>\n<td>Eurasian:African</td>\n</tr>\n<tr bgcolor=\"#D4E4F3\">\n<td>LABEL</td>\n<td>Divergent Boundary</td>\n</tr>\n</table>\n</td>\n</tr>\n</table>\n</body>\n</html>", "LABEL": "Divergent Boundary" }, "geometry": { "type": "MultiLineString", "coordinates": [ [ [ -25.916000365824178, 37.839000702320618, 0.0 ], [ -26.042999268001779, 37.936000823679137, 0.0 ], [ -26.07500076257509, 37.965000152834818, 0.0 ], [ -26.17099952660681, 38.035999298229058, 0.0 ], [ -26.30200004586538, 38.047000884683143, 0.0 ], [ -26.378999709868651, 38.116001129448591, 0.0 ], [ -26.416999816488271, 38.148998260761182, 0.0 ], [ -26.493999481390919, 38.222000121708277, 0.0 ], [ -26.531999588010539, 38.255001067944988, 0.0 ], [ -26.61400032075818, 38.324001311811116, 0.0 ], [ -26.646999359532799, 38.358001708811862, 0.0 ], [ -26.71800041238907, 38.41999816928012, 0.0 ] ] ] } },
{ "type": "Feature", "properties": { "Name": "Eurasian:African", "Description": "<html xmlns:fo=\"http://www.w3.org/1999/XSL/Format\" xmlns:msxsl=\"urn:schemas-microsoft-com:xslt\">\n<head>\n<META http-equiv=\"Content-Type\" content=\"text/html\">\n<meta http-equiv=\"content-type\" content=\"text/html; charset=UTF-8\">\n</head>\n<body style=\"margin:0px 0px 0px 0px;overflow:auto;background:#FFFFFF;\">\n<table style=\"font-family:Arial,Verdana,Times;font-size:12px;text-align:left;width:100%;border-collapse:collapse;padding:3px 3px 3px 3px\">\n<tr style=\"text-align:center;font-weight:bold;background:#9CBCE2\">\n<td>Eurasian:African</td>\n</tr>\n<tr>\n<td>\n<table style=\"font-family:Arial,Verdana,Times;font-size:12px;text-align:left;width:100%;border-spacing:0px; padding:3px 3px 3px 3px\">\n<tr>\n<td>NAME</td>\n<td>Eurasian:African</td>\n</tr>\n<tr bgcolor=\"#D4E4F3\">\n<td>LABEL</td>\n<td>Divergent Boundary</td>\n</tr>\n</table>\n</td>\n</tr>\n</table>\n</body>\n</html>", "LABEL": "Divergent Boundary" }, "geometry": { "type": "MultiLineString", "coordinates": [ [ [ -25.632999420087121, 37.722000121808207, 0.0 ], [ -25.69799995433436, 37.790000915809692, 0.0 ], [ -25.733999251963841, 37.816001891773972, 0.0 ], [ -25.808000564574339, 37.87799835224223, 0.0 ] ] ] } },
{ "type": "Feature", "properties": { "Name": "North American:African", "Description": "<html xmlns:fo=\"http://www.w3.org/1999/XSL/Format\" xmlns:msxsl=\"urn:schemas-microsoft-com:xslt\">\n<head>\n<META http-equiv=\"Content-Type\" content=\"text/html\">\n<meta http-equiv=\"content-type\" content=\"text/html; charset=UTF-8\">\n</head>\n<body style=\"margin:0px 0px 0px 0px;overflow:auto;background:#FFFFFF;\">\n<table style=\"font-family:Arial,Verdana,Times;font-size:12px;text-align:left;width:100%;border-collapse:collapse;padding:3px 3px 3px 3px\">\n<tr style=\"text-align:center;font-weight:bold;background:#9CBCE2\">\n<td>North American:African</td>\n</tr>\n<tr>\n<td>\n<table style=\"font-family:Arial,Verdana,Times;font-size:12px;text-align:left;width:100%;border-spacing:0px; padding:3px 3px 3px 3px\">\n<tr>\n<td>NAME</td>\n<td>North American:African</td>\n</tr>\n<tr bgcolor=\"#D4E4F3\">\n<td>LABEL</td>\n<td>Divergent Boundary</td>\n</tr>\n</table>\n</td>\n</tr>\n</table>\n</body>\n</html>", "LABEL": "Divergent Boundary" }, "geometry": { "type": "MultiLineString", "coordinates": [ [ [ -30.604999542494848, 38.402999878241822, 0.0 ], [ -31.070999145394179, 37.680000305569713, 0.0 ] ] ] } },
{ "type": "Feature", "properties": { "Name": "Eurasian:African", "Description": "<html xmlns:fo=\"http://www.w3.org/1999/XSL/Format\" xmlns:msxsl=\"urn:schemas-microsoft-com:xslt\">\n<head>\n<META http-equiv=\"Content-Type\" content=\"text/html\">\n<meta http-equiv=\"content-type\" content=\"text/html; charset=UTF-8\">\n</head>\n<body style=\"margin:0px 0px 0px 0px;overflow:auto;background:#FFFFFF;\">\n<table style=\"font-family:Arial,Verdana,Times;font-size:12px;text-align:left;width:100%;border-collapse:collapse;padding:3px 3px 3px 3px\">\n<tr style=\"text-align:center;font-weight:bold;background:#9CBCE2\">\n<td>Eurasian:African</td>\n</tr>\n<tr>\n<td>\n<table style=\"font-family:Arial,Verdana,Times;font-size:12px;text-align:left;width:100%;border-spacing:0px; padding:3px 3px 3px 3px\">\n<tr>\n<td>NAME</td>\n<td>Eurasian:African</td>\n</tr>\n<tr bgcolor=\"#D4E4F3\">\n<td>LABEL</td>\n<td>Divergent Boundary</td>\n</tr>\n</table>\n</td>\n</tr>\n</table>\n</body>\n</html>", "LABEL": "Divergent Boundary" }, "geometry": { "type": "MultiLineString", "coordinates": [ [ [ -25.35499954219506, 37.662998199607273, 0.0 ], [ -25.427000045815419, 37.717998504727291, 0.0 ], [ -25.464000701671011, 37.751998901727973, 0.0 ], [ -25.538000106819428, 37.818000793302019, 0.0 ] ] ] } },
{ "type": "Feature", "properties": { "Name": "Eurasian:African", "Description": "<html xmlns:fo=\"http://www.w3.org/1999/XSL/Format\" xmlns:msxsl=\"urn:schemas-microsoft-com:xslt\">\n<head>\n<META http-equiv=\"Content-Type\" content=\"text/html\">\n<meta http-equiv=\"content-type\" content=\"text/html; charset=UTF-8\">\n</head>\n<body style=\"margin:0px 0px 0px 0px;overflow:auto;background:#FFFFFF;\">\n<table style=\"font-family:Arial,Verdana,Times;font-size:12px;text-align:left;width:100%;border-collapse:collapse;padding:3px 3px 3px 3px\">\n<tr style=\"text-align:center;font-weight:bold;background:#9CBCE2\">\n<td>Eurasian:African</td>\n</tr>\n<tr>\n<td>\n<table style=\"font-family:Arial,Verdana,Times;font-size:12px;text-align:left;width:100%;border-spacing:0px; padding:3px 3px 3px 3px\">\n<tr>\n<td>NAME</td>\n<td>Eurasian:African</td>\n</tr>\n<tr bgcolor=\"#D4E4F3\">\n<td>LABEL</td>\n<td>Divergent Boundary</td>\n</tr>\n</table>\n</td>\n</tr>\n</table>\n</body>\n</html>", "LABEL": "Divergent Boundary" }, "geometry": { "type": "MultiLineString", "coordinates": [ [ [ -25.100999832176459, 37.645999908568967, 0.0 ], [ -25.267000198300479, 37.769001006791093, 0.0 ] ] ] } },
{ "type": "Feature", "properties": { "Name": "North American:African", "Description": "<html xmlns:fo=\"http://www.w3.org/1999/XSL/Format\" xmlns:msxsl=\"urn:schemas-microsoft-com:xslt\">\n<head>\n<META http-equiv=\"Content-Type\" content=\"text/html\">\n<meta http-equiv=\"content-type\" content=\"text/html; charset=UTF-8\">\n</head>\n<body style=\"margin:0px 0px 0px 0px;overflow:auto;background:#FFFFFF;\">\n<table style=\"font-family:Arial,Verdana,Times;font-size:12px;text-align:left;width:100%;border-collapse:collapse;padding:3px 3px 3px 3px\">\n<tr style=\"text-align:center;font-weight:bold;background:#9CBCE2\">\n<td>North American:African</td>\n</tr>\n<tr>\n<td>\n<table style=\"font-family:Arial,Verdana,Times;font-size:12px;text-align:left;width:100%;border-spacing:0px; padding:3px 3px 3px 3px\">\n<tr>\n<td>NAME</td>\n<td>North American:African</td>\n</tr>\n<tr bgcolor=\"#D4E4F3\">\n<td>LABEL</td>\n<td>Divergent Boundary</td>\n</tr>\n</table>\n</td>\n</tr>\n</table>\n</body>\n</html>", "LABEL": "Divergent Boundary" }, "geometry": { "type": "MultiLineString", "coordinates": [ [ [ -31.371000289631638, 37.705001830769902, 0.0 ], [ -31.51600074763633, 37.282001495772477, 0.0 ] ] ] } },
{ "type": "Feature", "properties": { "Name": "North American:African", "Description": "<html xmlns:fo=\"http://www.w3.org/1999/XSL/Format\" xmlns:msxsl=\"urn:schemas-microsoft-com:xslt\">\n<head>\n<META http-equiv=\"Content-Type\" content=\"text/html\">\n<meta http-equiv=\"content-type\" content=\"text/html; charset=UTF-8\">\n</head>\n<body style=\"margin:0px 0px 0px 0px;overflow:auto;background:#FFFFFF;\">\n<table style=\"font-family:Arial,Verdana,Times;font-size:12px;text-align:left;width:100%;border-collapse:collapse;padding:3px 3px 3px 3px\">\n<tr style=\"text-align:center;font-weight:bold;background:#9CBCE2\">\n<td>North American:African</td>\n</tr>\n<tr>\n<td>\n<table style=\"font-family:Arial,Verdana,Times;font-size:12px;text-align:left;width:100%;border-spacing:0px; padding:3px 3px 3px 3px\">\n<tr>\n<td>NAME</td>\n<td>North American:African</td>\n</tr>\n<tr bgcolor=\"#D4E4F3\">\n<td>LABEL</td>\n<td>Divergent Boundary</td>\n</tr>\n</table>\n</td>\n</tr>\n</table>\n</body>\n</html>", "LABEL": "Divergent Boundary" }, "geometry": { "type": "MultiLineString", "coordinates": [ [ [ -32.283000946436459, 37.390998840324301, 0.0 ], [ -32.395000458204549, 37.137001037767732, 0.0 ] ] ] } },
{ "type": "Feature", "properties": { "Name": "North American:African", "Description": "<html xmlns:fo=\"http://www.w3.org/1999/XSL/Format\" xmlns:msxsl=\"urn:schemas-microsoft-com:xslt\">\n<head>\n<META http-equiv=\"Content-Type\" content=\"text/html\">\n<meta http-equiv=\"content-type\" content=\"text/html; charset=UTF-8\">\n</head>\n<body style=\"margin:0px 0px 0px 0px;overflow:auto;background:#FFFFFF;\">\n<table style=\"font-family:Arial,Verdana,Times;font-size:12px;text-align:left;width:100%;border-collapse:collapse;padding:3px 3px 3px 3px\">\n<tr style=\"text-align:center;font-weight:bold;background:#9CBCE2\">\n<td>North American:African</td>\n</tr>\n<tr>\n<td>\n<table style=\"font-family:Arial,Verdana,Times;font-size:12px;text-align:left;width:100%;border-spacing:0px; padding:3px 3px 3px 3px\">\n<tr>\n<td>NAME</td>\n<td>North American:African</td>\n</tr>\n<tr bgcolor=\"#D4E4F3\">\n<td>LABEL</td>\n<td>Divergent Boundary</td>\n</tr>\n</table>\n</td>\n</tr>\n</table>\n</body>\n</html>", "LABEL": "Divergent Boundary" }, "geometry": { "type": "MultiLineString", "coordinates": [ [ [ -32.64599990846898, 37.175998687689336, 0.0 ], [ -32.708000182962053, 37.033000946136781, 0.0 ] ] ] } },
{ "type": "Feature", "properties": { "Name": "Eurasian:African", "Description": "<html xmlns:fo=\"http://www.w3.org/1999/XSL/Format\" xmlns:msxsl=\"urn:schemas-microsoft-com:xslt\">\n<head>\n<META http-equiv=\"Content-Type\" content=\"text/html\">\n<meta http-equiv=\"content-type\" content=\"text/html; charset=UTF-8\">\n</head>\n<body style=\"margin:0px 0px 0px 0px;overflow:auto;background:#FFFFFF;\">\n<table style=\"font-family:Arial,Verdana,Times;font-size:12px;text-align:left;width:100%;border-collapse:collapse;padding:3px 3px 3px 3px\">\n<tr style=\"text-align:center;font-weight:bold;background:#9CBCE2\">\n<td>Eurasian:African</td>\n</tr>\n<tr>\n<td>\n<table style=\"font-family:Arial,Verdana,Times;font-size:12px;text-align:left;width:100%;border-spacing:0px; padding:3px 3px 3px 3px\">\n<tr>\n<td>NAME</td>\n<td>Eurasian:African</td>\n</tr>\n<tr bgcolor=\"#D4E4F3\">\n<td>LABEL</td>\n<td>Divergent Boundary</td>\n</tr>\n</table>\n</td>\n</tr>\n</table>\n</body>\n</html>", "LABEL": "Divergent Boundary" }, "geometry": { "type": "MultiLineString", "coordinates": [ [ [ -15.14299964861482, 37.020999908019412, 0.0 ], [ -15.387000083686869, 37.212001800242952, 0.0 ] ] ] } },
{ "type": "Feature", "properties": { "Name": "North American:African", "Description": "<html xmlns:fo=\"http://www.w3.org/1999/XSL/Format\" xmlns:msxsl=\"urn:schemas-microsoft-com:xslt\">\n<head>\n<META http-equiv=\"Content-Type\" content=\"text/html\">\n<meta http-equiv=\"content-type\" content=\"text/html; charset=UTF-8\">\n</head>\n<body style=\"margin:0px 0px 0px 0px;overflow:auto;background:#FFFFFF;\">\n<table style=\"font-family:Arial,Verdana,Times;font-size:12px;text-align:left;width:100%;border-collapse:collapse;padding:3px 3px 3px 3px\">\n<tr style=\"text-align:center;font-weight:bold;background:#9CBCE2\">\n<td>North American:African</td>\n</tr>\n<tr>\n<td>\n<table style=\"font-family:Arial,Verdana,Times;font-size:12px;text-align:left;width:100%;border-spacing:0px; padding:3px 3px 3px 3px\">\n<tr>\n<td>NAME</td>\n<td>North American:African</td>\n</tr>\n<tr bgcolor=\"#D4E4F3\">\n<td>LABEL</td>\n<td>Divergent Boundary</td>\n</tr>\n</table>\n</td>\n</tr>\n</table>\n</body>\n</html>", "LABEL": "Divergent Boundary" }, "geometry": { "type": "MultiLineString", "coordinates": [ [ [ -32.943000793851532, 37.064998626685338, 0.0 ], [ -33.005001068344598, 36.916000366523747, 0.0 ] ] ] } },
{ "type": "Feature", "properties": { "Name": "Eurasian:African", "Description": "<html xmlns:fo=\"http://www.w3.org/1999/XSL/Format\" xmlns:msxsl=\"urn:schemas-microsoft-com:xslt\">\n<head>\n<META http-equiv=\"Content-Type\" content=\"text/html\">\n<meta http-equiv=\"content-type\" content=\"text/html; charset=UTF-8\">\n</head>\n<body style=\"margin:0px 0px 0px 0px;overflow:auto;background:#FFFFFF;\">\n<table style=\"font-family:Arial,Verdana,Times;font-size:12px;text-align:left;width:100%;border-collapse:collapse;padding:3px 3px 3px 3px\">\n<tr style=\"text-align:center;font-weight:bold;background:#9CBCE2\">\n<td>Eurasian:African</td>\n</tr>\n<tr>\n<td>\n<table style=\"font-family:Arial,Verdana,Times;font-size:12px;text-align:left;width:100%;border-spacing:0px; padding:3px 3px 3px 3px\">\n<tr>\n<td>NAME</td>\n<td>Eurasian:African</td>\n</tr>\n<tr bgcolor=\"#D4E4F3\">\n<td>LABEL</td>\n<td>Divergent Boundary</td>\n</tr>\n</table>\n</td>\n</tr>\n</table>\n</body>\n</html>", "LABEL": "Divergent Boundary" }, "geometry": { "type": "MultiLineString", "coordinates": [ [ [ -24.254999160382908, 36.780998230184252, 0.0 ], [ -24.311000823728989, 36.791999816638281, 0.0 ], [ -24.385000228877399, 36.86299896203252, 0.0 ], [ -24.434000015388339, 36.909999847015399, 0.0 ], [ -24.50000000039967, 36.971000671643708, 0.0 ], [ -24.5540008547556, 37.016998290938432, 0.0 ], [ -24.635000229277129, 37.095001220629847, 0.0 ], [ -24.680999756033881, 37.126998901178411, 0.0 ], [ -24.749999999900009, 37.216999054063137, 0.0 ], [ -24.738000870143988, 37.272998809947183, 0.0 ], [ -24.70199966415311, 37.352001190402689, 0.0 ], [ -24.666999817287721, 37.410999297679503, 0.0 ], [ -24.732999801399671, 37.466999053563541, 0.0 ], [ -24.774999618537489, 37.499999999800202, 0.0 ], [ -24.81599998491134, 37.533000946036907, 0.0 ], [ -24.844999313167708, 37.551998138603267, 0.0 ], [ -24.89200019815058, 37.583999634075887, 0.0 ], [ -24.930999755534231, 37.609001159276147, 0.0 ], [ -24.982999801799391, 37.644001007040913, 0.0 ] ] ] } },
{ "type": "Feature", "properties": { "Name": "North American:African", "Description": "<html xmlns:fo=\"http://www.w3.org/1999/XSL/Format\" xmlns:msxsl=\"urn:schemas-microsoft-com:xslt\">\n<head>\n<META http-equiv=\"Content-Type\" content=\"text/html\">\n<meta http-equiv=\"content-type\" content=\"text/html; charset=UTF-8\">\n</head>\n<body style=\"margin:0px 0px 0px 0px;overflow:auto;background:#FFFFFF;\">\n<table style=\"font-family:Arial,Verdana,Times;font-size:12px;text-align:left;width:100%;border-collapse:collapse;padding:3px 3px 3px 3px\">\n<tr style=\"text-align:center;font-weight:bold;background:#9CBCE2\">\n<td>North American:African</td>\n</tr>\n<tr>\n<td>\n<table style=\"font-family:Arial,Verdana,Times;font-size:12px;text-align:left;width:100%;border-spacing:0px; padding:3px 3px 3px 3px\">\n<tr>\n<td>NAME</td>\n<td>North American:African</td>\n</tr>\n<tr bgcolor=\"#D4E4F3\">\n<td>LABEL</td>\n<td>Divergent Boundary</td>\n</tr>\n</table>\n</td>\n</tr>\n</table>\n</body>\n</html>", "LABEL": "Divergent Boundary" }, "geometry": { "type": "MultiLineString", "coordinates": [ [ [ -33.224998473900428, 36.941001891724, 0.0 ], [ -33.312999725257043, 36.691001892223603, 0.0 ] ] ] } },
{ "type": "Feature", "properties": { "Name": "Eurasian:African", "Description": "<html xmlns:fo=\"http://www.w3.org/1999/XSL/Format\" xmlns:msxsl=\"urn:schemas-microsoft-com:xslt\">\n<head>\n<META http-equiv=\"Content-Type\" content=\"text/html\">\n<meta http-equiv=\"content-type\" content=\"text/html; charset=UTF-8\">\n</head>\n<body style=\"margin:0px 0px 0px 0px;overflow:auto;background:#FFFFFF;\">\n<table style=\"font-family:Arial,Verdana,Times;font-size:12px;text-align:left;width:100%;border-collapse:collapse;padding:3px 3px 3px 3px\">\n<tr style=\"text-align:center;font-weight:bold;background:#9CBCE2\">\n<td>Eurasian:African</td>\n</tr>\n<tr>\n<td>\n<table style=\"font-family:Arial,Verdana,Times;font-size:12px;text-align:left;width:100%;border-spacing:0px; padding:3px 3px 3px 3px\">\n<tr>\n<td>NAME</td>\n<td>Eurasian:African</td>\n</tr>\n<tr bgcolor=\"#D4E4F3\">\n<td>LABEL</td>\n<td>Divergent Boundary</td>\n</tr>\n</table>\n</td>\n</tr>\n</table>\n</body>\n</html>", "LABEL": "Divergent Boundary" }, "geometry": { "type": "MultiLineString", "coordinates": [ [ [ -23.569999695229679, 36.645999908768829, 0.0 ], [ -24.04599952725636, 36.755001068244781, 0.0 ], [ -24.145999908369049, 36.789001465245462, 0.0 ] ] ] } },
{ "type": "Feature", "properties": { "Name": "North American:African", "Description": "<html xmlns:fo=\"http://www.w3.org/1999/XSL/Format\" xmlns:msxsl=\"urn:schemas-microsoft-com:xslt\">\n<head>\n<META http-equiv=\"Content-Type\" content=\"text/html\">\n<meta http-equiv=\"content-type\" content=\"text/html; charset=UTF-8\">\n</head>\n<body style=\"margin:0px 0px 0px 0px;overflow:auto;background:#FFFFFF;\">\n<table style=\"font-family:Arial,Verdana,Times;font-size:12px;text-align:left;width:100%;border-collapse:collapse;padding:3px 3px 3px 3px\">\n<tr style=\"text-align:center;font-weight:bold;background:#9CBCE2\">\n<td>North American:African</td>\n</tr>\n<tr>\n<td>\n<table style=\"font-family:Arial,Verdana,Times;font-size:12px;text-align:left;width:100%;border-spacing:0px; padding:3px 3px 3px 3px\">\n<tr>\n<td>NAME</td>\n<td>North American:African</td>\n</tr>\n<tr bgcolor=\"#D4E4F3\">\n<td>LABEL</td>\n<td>Divergent Boundary</td>\n</tr>\n</table>\n</td>\n</tr>\n</table>\n</body>\n</html>", "LABEL": "Divergent Boundary" }, "geometry": { "type": "MultiLineString", "coordinates": [ [ [ -33.595001221129387, 36.742000580262641, 0.0 ], [ -33.771999358783319, 36.185001373714499, 0.0 ] ] ] } },
{ "type": "Feature", "properties": { "Name": "North American:African", "Description": "<html xmlns:fo=\"http://www.w3.org/1999/XSL/Format\" xmlns:msxsl=\"urn:schemas-microsoft-com:xslt\">\n<head>\n<META http-equiv=\"Content-Type\" content=\"text/html\">\n<meta http-equiv=\"content-type\" content=\"text/html; charset=UTF-8\">\n</head>\n<body style=\"margin:0px 0px 0px 0px;overflow:auto;background:#FFFFFF;\">\n<table style=\"font-family:Arial,Verdana,Times;font-size:12px;text-align:left;width:100%;border-collapse:collapse;padding:3px 3px 3px 3px\">\n<tr style=\"text-align:center;font-weight:bold;background:#9CBCE2\">\n<td>North American:African</td>\n</tr>\n<tr>\n<td>\n<table style=\"font-family:Arial,Verdana,Times;font-size:12px;text-align:left;width:100%;border-spacing:0px; padding:3px 3px 3px 3px\">\n<tr>\n<td>NAME</td>\n<td>North American:African</td>\n</tr>\n<tr bgcolor=\"#D4E4F3\">\n<td>LABEL</td>\n<td>Divergent Boundary</td>\n</tr>\n</table>\n</td>\n</tr>\n</table>\n</body>\n</html>", "LABEL": "Divergent Boundary" }, "geometry": { "type": "MultiLineString", "coordinates": [ [ [ -33.981998443573282, 36.221000671343972, 0.0 ], [ -34.056999206947808, 36.070999145494227, 0.0 ] ] ] } },
{ "type": "Feature", "properties": { "Name": "African:Arabian", "Description": "<html xmlns:fo=\"http://www.w3.org/1999/XSL/Format\" xmlns:msxsl=\"urn:schemas-microsoft-com:xslt\">\n<head>\n<META http-equiv=\"Content-Type\" content=\"text/html\">\n<meta http-equiv=\"content-type\" content=\"text/html; charset=UTF-8\">\n</head>\n<body style=\"margin:0px 0px 0px 0px;overflow:auto;background:#FFFFFF;\">\n<table style=\"font-family:Arial,Verdana,Times;font-size:12px;text-align:left;width:100%;border-collapse:collapse;padding:3px 3px 3px 3px\">\n<tr style=\"text-align:center;font-weight:bold;background:#9CBCE2\">\n<td>African:Arabian</td>\n</tr>\n<tr>\n<td>\n<table style=\"font-family:Arial,Verdana,Times;font-size:12px;text-align:left;width:100%;border-spacing:0px; padding:3px 3px 3px 3px\">\n<tr>\n<td>NAME</td>\n<td>African:Arabian</td>\n</tr>\n<tr bgcolor=\"#D4E4F3\">\n<td>LABEL</td>\n<td>Divergent Boundary</td>\n</tr>\n</table>\n</td>\n</tr>\n</table>\n</body>\n</html>", "LABEL": "Divergent Boundary" }, "geometry": { "type": "MultiLineString", "coordinates": [ [ [ 36.465999602999318, 36.729999542145208, 0.0 ], [ 36.388999938996051, 36.259998321265577, 0.0 ], [ 36.412998199407411, 36.022998809747321, 0.0 ] ] ] } },
{ "type": "Feature", "properties": { "Name": "North American:African", "Description": "<html xmlns:fo=\"http://www.w3.org/1999/XSL/Format\" xmlns:msxsl=\"urn:schemas-microsoft-com:xslt\">\n<head>\n<META http-equiv=\"Content-Type\" content=\"text/html\">\n<meta http-equiv=\"content-type\" content=\"text/html; charset=UTF-8\">\n</head>\n<body style=\"margin:0px 0px 0px 0px;overflow:auto;background:#FFFFFF;\">\n<table style=\"font-family:Arial,Verdana,Times;font-size:12px;text-align:left;width:100%;border-collapse:collapse;padding:3px 3px 3px 3px\">\n<tr style=\"text-align:center;font-weight:bold;background:#9CBCE2\">\n<td>North American:African</td>\n</tr>\n<tr>\n<td>\n<table style=\"font-family:Arial,Verdana,Times;font-size:12px;text-align:left;width:100%;border-spacing:0px; padding:3px 3px 3px 3px\">\n<tr>\n<td>NAME</td>\n<td>North American:African</td>\n</tr>\n<tr bgcolor=\"#D4E4F3\">\n<td>LABEL</td>\n<td>Divergent Boundary</td>\n</tr>\n</table>\n</td>\n</tr>\n</table>\n</body>\n</html>", "LABEL": "Divergent Boundary" }, "geometry": { "type": "MultiLineString", "coordinates": [ [ [ -34.141998291088207, 36.078998565631373, 0.0 ], [ -34.334999084839872, 35.616001129048932, 0.0 ] ] ] } },
{ "type": "Feature", "properties": { "Name": "North American:African", "Description": "<html xmlns:fo=\"http://www.w3.org/1999/XSL/Format\" xmlns:msxsl=\"urn:schemas-microsoft-com:xslt\">\n<head>\n<META http-equiv=\"Content-Type\" content=\"text/html\">\n<meta http-equiv=\"content-type\" content=\"text/html; charset=UTF-8\">\n</head>\n<body style=\"margin:0px 0px 0px 0px;overflow:auto;background:#FFFFFF;\">\n<table style=\"font-family:Arial,Verdana,Times;font-size:12px;text-align:left;width:100%;border-collapse:collapse;padding:3px 3px 3px 3px\">\n<tr style=\"text-align:center;font-weight:bold;background:#9CBCE2\">\n<td>North American:African</td>\n</tr>\n<tr>\n<td>\n<table style=\"font-family:Arial,Verdana,Times;font-size:12px;text-align:left;width:100%;border-spacing:0px; padding:3px 3px 3px 3px\">\n<tr>\n<td>NAME</td>\n<td>North American:African</td>\n</tr>\n<tr bgcolor=\"#D4E4F3\">\n<td>LABEL</td>\n<td>Divergent Boundary</td>\n</tr>\n</table>\n</td>\n</tr>\n</table>\n</body>\n</html>", "LABEL": "Divergent Boundary" }, "geometry": { "type": "MultiLineString", "coordinates": [ [ [ -34.458999633826011, 35.624999999950091, 0.0 ], [ -34.745998382619227, 35.009998321965043, 0.0 ] ] ] } },
{ "type": "Feature", "properties": { "Name": "North American:African", "Description": "<html xmlns:fo=\"http://www.w3.org/1999/XSL/Format\" xmlns:msxsl=\"urn:schemas-microsoft-com:xslt\">\n<head>\n<META http-equiv=\"Content-Type\" content=\"text/html\">\n<meta http-equiv=\"content-type\" content=\"text/html; charset=UTF-8\">\n</head>\n<body style=\"margin:0px 0px 0px 0px;overflow:auto;background:#FFFFFF;\">\n<table style=\"font-family:Arial,Verdana,Times;font-size:12px;text-align:left;width:100%;border-collapse:collapse;padding:3px 3px 3px 3px\">\n<tr style=\"text-align:center;font-weight:bold;background:#9CBCE2\">\n<td>North American:African</td>\n</tr>\n<tr>\n<td>\n<table style=\"font-family:Arial,Verdana,Times;font-size:12px;text-align:left;width:100%;border-spacing:0px; padding:3px 3px 3px 3px\">\n<tr>\n<td>NAME</td>\n<td>North American:African</td>\n</tr>\n<tr bgcolor=\"#D4E4F3\">\n<td>LABEL</td>\n<td>Divergent Boundary</td>\n</tr>\n</table>\n</td>\n</tr>\n</table>\n</body>\n</html>", "LABEL": "Divergent Boundary" }, "geometry": { "type": "MultiLineString", "coordinates": [ [ [ -36.373001098521847, 35.279998779719961, 0.0 ], [ -36.62300109892152, 34.693000793252047, 0.0 ] ] ] } },
{ "type": "Feature", "properties": { "Name": "North American:African", "Description": "<html xmlns:fo=\"http://www.w3.org/1999/XSL/Format\" xmlns:msxsl=\"urn:schemas-microsoft-com:xslt\">\n<head>\n<META http-equiv=\"Content-Type\" content=\"text/html\">\n<meta http-equiv=\"content-type\" content=\"text/html; charset=UTF-8\">\n</head>\n<body style=\"margin:0px 0px 0px 0px;overflow:auto;background:#FFFFFF;\">\n<table style=\"font-family:Arial,Verdana,Times;font-size:12px;text-align:left;width:100%;border-collapse:collapse;padding:3px 3px 3px 3px\">\n<tr style=\"text-align:center;font-weight:bold;background:#9CBCE2\">\n<td>North American:African</td>\n</tr>\n<tr>\n<td>\n<table style=\"font-family:Arial,Verdana,Times;font-size:12px;text-align:left;width:100%;border-spacing:0px; padding:3px 3px 3px 3px\">\n<tr>\n<td>NAME</td>\n<td>North American:African</td>\n</tr>\n<tr bgcolor=\"#D4E4F3\">\n<td>LABEL</td>\n<td>Divergent Boundary</td>\n</tr>\n</table>\n</td>\n</tr>\n</table>\n</body>\n</html>", "LABEL": "Divergent Boundary" }, "geometry": { "type": "MultiLineString", "coordinates": [ [ [ -36.784999847065251, 34.712001800742541, 0.0 ], [ -36.861999511967838, 34.554000854755706, 0.0 ] ] ] } },
{ "type": "Feature", "properties": { "Name": "North American:African", "Description": "<html xmlns:fo=\"http://www.w3.org/1999/XSL/Format\" xmlns:msxsl=\"urn:schemas-microsoft-com:xslt\">\n<head>\n<META http-equiv=\"Content-Type\" content=\"text/html\">\n<meta http-equiv=\"content-type\" content=\"text/html; charset=UTF-8\">\n</head>\n<body style=\"margin:0px 0px 0px 0px;overflow:auto;background:#FFFFFF;\">\n<table style=\"font-family:Arial,Verdana,Times;font-size:12px;text-align:left;width:100%;border-collapse:collapse;padding:3px 3px 3px 3px\">\n<tr style=\"text-align:center;font-weight:bold;background:#9CBCE2\">\n<td>North American:African</td>\n</tr>\n<tr>\n<td>\n<table style=\"font-family:Arial,Verdana,Times;font-size:12px;text-align:left;width:100%;border-spacing:0px; padding:3px 3px 3px 3px\">\n<tr>\n<td>NAME</td>\n<td>North American:African</td>\n</tr>\n<tr bgcolor=\"#D4E4F3\">\n<td>LABEL</td>\n<td>Divergent Boundary</td>\n</tr>\n</table>\n</td>\n</tr>\n</table>\n</body>\n</html>", "LABEL": "Divergent Boundary" }, "geometry": { "type": "MultiLineString", "coordinates": [ [ [ -37.046001433919002, 34.567001342737854, 0.0 ], [ -37.244998932254873, 34.1240005494858, 0.0 ] ] ] } },
{ "type": "Feature", "properties": { "Name": "North American:African", "Description": "<html xmlns:fo=\"http://www.w3.org/1999/XSL/Format\" xmlns:msxsl=\"urn:schemas-microsoft-com:xslt\">\n<head>\n<META http-equiv=\"Content-Type\" content=\"text/html\">\n<meta http-equiv=\"content-type\" content=\"text/html; charset=UTF-8\">\n</head>\n<body style=\"margin:0px 0px 0px 0px;overflow:auto;background:#FFFFFF;\">\n<table style=\"font-family:Arial,Verdana,Times;font-size:12px;text-align:left;width:100%;border-collapse:collapse;padding:3px 3px 3px 3px\">\n<tr style=\"text-align:center;font-weight:bold;background:#9CBCE2\">\n<td>North American:African</td>\n</tr>\n<tr>\n<td>\n<table style=\"font-family:Arial,Verdana,Times;font-size:12px;text-align:left;width:100%;border-spacing:0px; padding:3px 3px 3px 3px\">\n<tr>\n<td>NAME</td>\n<td>North American:African</td>\n</tr>\n<tr bgcolor=\"#D4E4F3\">\n<td>LABEL</td>\n<td>Divergent Boundary</td>\n</tr>\n</table>\n</td>\n</tr>\n</table>\n</body>\n</html>", "LABEL": "Divergent Boundary" }, "geometry": { "type": "MultiLineString", "coordinates": [ [ [ -37.335998535004357, 34.136001586703912, 0.0 ], [ -37.533000945836932, 33.705001830670028, 0.0 ] ] ] } },
{ "type": "Feature", "properties": { "Name": "North American:African", "Description": "<html xmlns:fo=\"http://www.w3.org/1999/XSL/Format\" xmlns:msxsl=\"urn:schemas-microsoft-com:xslt\">\n<head>\n<META http-equiv=\"Content-Type\" content=\"text/html\">\n<meta http-equiv=\"content-type\" content=\"text/html; charset=UTF-8\">\n</head>\n<body style=\"margin:0px 0px 0px 0px;overflow:auto;background:#FFFFFF;\">\n<table style=\"font-family:Arial,Verdana,Times;font-size:12px;text-align:left;width:100%;border-collapse:collapse;padding:3px 3px 3px 3px\">\n<tr style=\"text-align:center;font-weight:bold;background:#9CBCE2\">\n<td>North American:African</td>\n</tr>\n<tr>\n<td>\n<table style=\"font-family:Arial,Verdana,Times;font-size:12px;text-align:left;width:100%;border-spacing:0px; padding:3px 3px 3px 3px\">\n<tr>\n<td>NAME</td>\n<td>North American:African</td>\n</tr>\n<tr bgcolor=\"#D4E4F3\">\n<td>LABEL</td>\n<td>Divergent Boundary</td>\n</tr>\n</table>\n</td>\n</tr>\n</table>\n</body>\n</html>", "LABEL": "Divergent Boundary" }, "geometry": { "type": "MultiLineString", "coordinates": [ [ [ -37.678001403841677, 33.73600006135382, 0.0 ], [ -37.798000335746849, 33.500999450464292, 0.0 ] ] ] } },
{ "type": "Feature", "properties": { "Name": "North American:African", "Description": "<html xmlns:fo=\"http://www.w3.org/1999/XSL/Format\" xmlns:msxsl=\"urn:schemas-microsoft-com:xslt\">\n<head>\n<META http-equiv=\"Content-Type\" content=\"text/html\">\n<meta http-equiv=\"content-type\" content=\"text/html; charset=UTF-8\">\n</head>\n<body style=\"margin:0px 0px 0px 0px;overflow:auto;background:#FFFFFF;\">\n<table style=\"font-family:Arial,Verdana,Times;font-size:12px;text-align:left;width:100%;border-collapse:collapse;padding:3px 3px 3px 3px\">\n<tr style=\"text-align:center;font-weight:bold;background:#9CBCE2\">\n<td>North American:African</td>\n</tr>\n<tr>\n<td>\n<table style=\"font-family:Arial,Verdana,Times;font-size:12px;text-align:left;width:100%;border-spacing:0px; padding:3px 3px 3px 3px\">\n<tr>\n<td>NAME</td>\n<td>North American:African</td>\n</tr>\n<tr bgcolor=\"#D4E4F3\">\n<td>LABEL</td>\n<td>Divergent Boundary</td>\n</tr>\n</table>\n</td>\n</tr>\n</table>\n</body>\n</html>", "LABEL": "Divergent Boundary" }, "geometry": { "type": "MultiLineString", "coordinates": [ [ [ -39.398998260761061, 33.768001556826448, 0.0 ], [ -39.585998535004357, 33.067001343037589, 0.0 ] ] ] } },
{ "type": "Feature", "properties": { "Name": "North American:African", "Description": "<html xmlns:fo=\"http://www.w3.org/1999/XSL/Format\" xmlns:msxsl=\"urn:schemas-microsoft-com:xslt\">\n<head>\n<META http-equiv=\"Content-Type\" content=\"text/html\">\n<meta http-equiv=\"content-type\" content=\"text/html; charset=UTF-8\">\n</head>\n<body style=\"margin:0px 0px 0px 0px;overflow:auto;background:#FFFFFF;\">\n<table style=\"font-family:Arial,Verdana,Times;font-size:12px;text-align:left;width:100%;border-collapse:collapse;padding:3px 3px 3px 3px\">\n<tr style=\"text-align:center;font-weight:bold;background:#9CBCE2\">\n<td>North American:African</td>\n</tr>\n<tr>\n<td>\n<table style=\"font-family:Arial,Verdana,Times;font-size:12px;text-align:left;width:100%;border-spacing:0px; padding:3px 3px 3px 3px\">\n<tr>\n<td>NAME</td>\n<td>North American:African</td>\n</tr>\n<tr bgcolor=\"#D4E4F3\">\n<td>LABEL</td>\n<td>Divergent Boundary</td>\n</tr>\n</table>\n</td>\n</tr>\n</table>\n</body>\n</html>", "LABEL": "Divergent Boundary" }, "geometry": { "type": "MultiLineString", "coordinates": [ [ [ -39.70000076322458, 33.083999634075887, 0.0 ], [ -40.12900161773041, 32.444000244016081, 0.0 ], [ -40.553001403491919, 31.802000045865501, 0.0 ] ] ] } },
{ "type": "Feature", "properties": { "Name": "North American:African", "Description": "<html xmlns:fo=\"http://www.w3.org/1999/XSL/Format\" xmlns:msxsl=\"urn:schemas-microsoft-com:xslt\">\n<head>\n<META http-equiv=\"Content-Type\" content=\"text/html\">\n<meta http-equiv=\"content-type\" content=\"text/html; charset=UTF-8\">\n</head>\n<body style=\"margin:0px 0px 0px 0px;overflow:auto;background:#FFFFFF;\">\n<table style=\"font-family:Arial,Verdana,Times;font-size:12px;text-align:left;width:100%;border-collapse:collapse;padding:3px 3px 3px 3px\">\n<tr style=\"text-align:center;font-weight:bold;background:#9CBCE2\">\n<td>North American:African</td>\n</tr>\n<tr>\n<td>\n<table style=\"font-family:Arial,Verdana,Times;font-size:12px;text-align:left;width:100%;border-spacing:0px; padding:3px 3px 3px 3px\">\n<tr>\n<td>NAME</td>\n<td>North American:African</td>\n</tr>\n<tr bgcolor=\"#D4E4F3\">\n<td>LABEL</td>\n<td>Divergent Boundary</td>\n</tr>\n</table>\n</td>\n</tr>\n</table>\n</body>\n</html>", "LABEL": "Divergent Boundary" }, "geometry": { "type": "MultiLineString", "coordinates": [ [ [ -40.709999084689969, 31.816999435375688, 0.0 ], [ -41.183998107726438, 31.19400024381628, 0.0 ] ] ] } },
{ "type": "Feature", "properties": { "Name": "North American:Pacific", "Description": "<html xmlns:fo=\"http://www.w3.org/1999/XSL/Format\" xmlns:msxsl=\"urn:schemas-microsoft-com:xslt\">\n<head>\n<META http-equiv=\"Content-Type\" content=\"text/html\">\n<meta http-equiv=\"content-type\" content=\"text/html; charset=UTF-8\">\n</head>\n<body style=\"margin:0px 0px 0px 0px;overflow:auto;background:#FFFFFF;\">\n<table style=\"font-family:Arial,Verdana,Times;font-size:12px;text-align:left;width:100%;border-collapse:collapse;padding:3px 3px 3px 3px\">\n<tr style=\"text-align:center;font-weight:bold;background:#9CBCE2\">\n<td>North American:Pacific</td>\n</tr>\n<tr>\n<td>\n<table style=\"font-family:Arial,Verdana,Times;font-size:12px;text-align:left;width:100%;border-spacing:0px; padding:3px 3px 3px 3px\">\n<tr>\n<td>NAME</td>\n<td>North American:Pacific</td>\n</tr>\n<tr bgcolor=\"#D4E4F3\">\n<td>LABEL</td>\n<td>Divergent Boundary</td>\n</tr>\n</table>\n</td>\n</tr>\n</table>\n</body>\n</html>", "LABEL": "Divergent Boundary" }, "geometry": { "type": "MultiLineString", "coordinates": [ [ [ -114.4390029906954, 31.097000122457761, 0.0 ], [ -114.330001831219505, 31.19400024381628, 0.0 ], [ -114.117996215952601, 31.356000900321359, 0.0 ] ] ] } },
{ "type": "Feature", "properties": { "Name": "North American:Pacific", "Description": "<html xmlns:fo=\"http://www.w3.org/1999/XSL/Format\" xmlns:msxsl=\"urn:schemas-microsoft-com:xslt\">\n<head>\n<META http-equiv=\"Content-Type\" content=\"text/html\">\n<meta http-equiv=\"content-type\" content=\"text/html; charset=UTF-8\">\n</head>\n<body style=\"margin:0px 0px 0px 0px;overflow:auto;background:#FFFFFF;\">\n<table style=\"font-family:Arial,Verdana,Times;font-size:12px;text-align:left;width:100%;border-collapse:collapse;padding:3px 3px 3px 3px\">\n<tr style=\"text-align:center;font-weight:bold;background:#9CBCE2\">\n<td>North American:Pacific</td>\n</tr>\n<tr>\n<td>\n<table style=\"font-family:Arial,Verdana,Times;font-size:12px;text-align:left;width:100%;border-spacing:0px; padding:3px 3px 3px 3px\">\n<tr>\n<td>NAME</td>\n<td>North American:Pacific</td>\n</tr>\n<tr bgcolor=\"#D4E4F3\">\n<td>LABEL</td>\n<td>Divergent Boundary</td>\n</tr>\n</table>\n</td>\n</tr>\n</table>\n</body>\n</html>", "LABEL": "Divergent Boundary" }, "geometry": { "type": "MultiLineString", "coordinates": [ [ [ -114.041000365974099, 30.121000289631699, 0.0 ], [ -113.806999206748003, 30.31299972515723, 0.0 ] ] ] } },
{ "type": "Feature", "properties": { "Name": "North American:African", "Description": "<html xmlns:fo=\"http://www.w3.org/1999/XSL/Format\" xmlns:msxsl=\"urn:schemas-microsoft-com:xslt\">\n<head>\n<META http-equiv=\"Content-Type\" content=\"text/html\">\n<meta http-equiv=\"content-type\" content=\"text/html; charset=UTF-8\">\n</head>\n<body style=\"margin:0px 0px 0px 0px;overflow:auto;background:#FFFFFF;\">\n<table style=\"font-family:Arial,Verdana,Times;font-size:12px;text-align:left;width:100%;border-collapse:collapse;padding:3px 3px 3px 3px\">\n<tr style=\"text-align:center;font-weight:bold;background:#9CBCE2\">\n<td>North American:African</td>\n</tr>\n<tr>\n<td>\n<table style=\"font-family:Arial,Verdana,Times;font-size:12px;text-align:left;width:100%;border-spacing:0px; padding:3px 3px 3px 3px\">\n<tr>\n<td>NAME</td>\n<td>North American:African</td>\n</tr>\n<tr bgcolor=\"#D4E4F3\">\n<td>LABEL</td>\n<td>Divergent Boundary</td>\n</tr>\n</table>\n</td>\n</tr>\n</table>\n</body>\n</html>", "LABEL": "Divergent Boundary" }, "geometry": { "type": "MultiLineString", "coordinates": [ [ [ -41.430000305070003, 31.236999511718128, 0.0 ], [ -41.785999297729347, 30.60600090002157, 0.0 ], [ -42.136001586703799, 29.9729995727721, 0.0 ] ] ] } },
{ "type": "Feature", "properties": { "Name": "North American:Pacific", "Description": "<html xmlns:fo=\"http://www.w3.org/1999/XSL/Format\" xmlns:msxsl=\"urn:schemas-microsoft-com:xslt\">\n<head>\n<META http-equiv=\"Content-Type\" content=\"text/html\">\n<meta http-equiv=\"content-type\" content=\"text/html; charset=UTF-8\">\n</head>\n<body style=\"margin:0px 0px 0px 0px;overflow:auto;background:#FFFFFF;\">\n<table style=\"font-family:Arial,Verdana,Times;font-size:12px;text-align:left;width:100%;border-collapse:collapse;padding:3px 3px 3px 3px\">\n<tr style=\"text-align:center;font-weight:bold;background:#9CBCE2\">\n<td>North American:Pacific</td>\n</tr>\n<tr>\n<td>\n<table style=\"font-family:Arial,Verdana,Times;font-size:12px;text-align:left;width:100%;border-spacing:0px; padding:3px 3px 3px 3px\">\n<tr>\n<td>NAME</td>\n<td>North American:Pacific</td>\n</tr>\n<tr bgcolor=\"#D4E4F3\">\n<td>LABEL</td>\n<td>Divergent Boundary</td>\n</tr>\n</table>\n</td>\n</tr>\n</table>\n</body>\n</html>", "LABEL": "Divergent Boundary" }, "geometry": { "type": "MultiLineString", "coordinates": [ [ [ -113.870002746929202, 29.729999542644808, 0.0 ], [ -113.758003235161098, 29.83399963337644, 0.0 ] ] ] } },
{ "type": "Feature", "properties": { "Name": "North American:Pacific", "Description": "<html xmlns:fo=\"http://www.w3.org/1999/XSL/Format\" xmlns:msxsl=\"urn:schemas-microsoft-com:xslt\">\n<head>\n<META http-equiv=\"Content-Type\" content=\"text/html\">\n<meta http-equiv=\"content-type\" content=\"text/html; charset=UTF-8\">\n</head>\n<body style=\"margin:0px 0px 0px 0px;overflow:auto;background:#FFFFFF;\">\n<table style=\"font-family:Arial,Verdana,Times;font-size:12px;text-align:left;width:100%;border-collapse:collapse;padding:3px 3px 3px 3px\">\n<tr style=\"text-align:center;font-weight:bold;background:#9CBCE2\">\n<td>North American:Pacific</td>\n</tr>\n<tr>\n<td>\n<table style=\"font-family:Arial,Verdana,Times;font-size:12px;text-align:left;width:100%;border-spacing:0px; padding:3px 3px 3px 3px\">\n<tr>\n<td>NAME</td>\n<td>North American:Pacific</td>\n</tr>\n<tr bgcolor=\"#D4E4F3\">\n<td>LABEL</td>\n<td>Divergent Boundary</td>\n</tr>\n</table>\n</td>\n</tr>\n</table>\n</body>\n</html>", "LABEL": "Divergent Boundary" }, "geometry": { "type": "MultiLineString", "coordinates": [ [ [ -113.969001769815804, 29.645999908369109, 0.0 ], [ -113.870002746929202, 29.729999542644808, 0.0 ] ] ] } },
{ "type": "Feature", "properties": { "Name": "North American:African", "Description": "<html xmlns:fo=\"http://www.w3.org/1999/XSL/Format\" xmlns:msxsl=\"urn:schemas-microsoft-com:xslt\">\n<head>\n<META http-equiv=\"Content-Type\" content=\"text/html\">\n<meta http-equiv=\"content-type\" content=\"text/html; charset=UTF-8\">\n</head>\n<body style=\"margin:0px 0px 0px 0px;overflow:auto;background:#FFFFFF;\">\n<table style=\"font-family:Arial,Verdana,Times;font-size:12px;text-align:left;width:100%;border-collapse:collapse;padding:3px 3px 3px 3px\">\n<tr style=\"text-align:center;font-weight:bold;background:#9CBCE2\">\n<td>North American:African</td>\n</tr>\n<tr>\n<td>\n<table style=\"font-family:Arial,Verdana,Times;font-size:12px;text-align:left;width:100%;border-spacing:0px; padding:3px 3px 3px 3px\">\n<tr>\n<td>NAME</td>\n<td>North American:African</td>\n</tr>\n<tr bgcolor=\"#D4E4F3\">\n<td>LABEL</td>\n<td>Divergent Boundary</td>\n</tr>\n</table>\n</td>\n</tr>\n</table>\n</body>\n</html>", "LABEL": "Divergent Boundary" }, "geometry": { "type": "MultiLineString", "coordinates": [ [ [ -42.72900009178079, 30.069999695029939, 0.0 ], [ -43.036998748693243, 29.471000671343969, 0.0 ] ] ] } },
{ "type": "Feature", "properties": { "Name": "North American:Pacific", "Description": "<html xmlns:fo=\"http://www.w3.org/1999/XSL/Format\" xmlns:msxsl=\"urn:schemas-microsoft-com:xslt\">\n<head>\n<META http-equiv=\"Content-Type\" content=\"text/html\">\n<meta http-equiv=\"content-type\" content=\"text/html; charset=UTF-8\">\n</head>\n<body style=\"margin:0px 0px 0px 0px;overflow:auto;background:#FFFFFF;\">\n<table style=\"font-family:Arial,Verdana,Times;font-size:12px;text-align:left;width:100%;border-collapse:collapse;padding:3px 3px 3px 3px\">\n<tr style=\"text-align:center;font-weight:bold;background:#9CBCE2\">\n<td>North American:Pacific</td>\n</tr>\n<tr>\n<td>\n<table style=\"font-family:Arial,Verdana,Times;font-size:12px;text-align:left;width:100%;border-spacing:0px; padding:3px 3px 3px 3px\">\n<tr>\n<td>NAME</td>\n<td>North American:Pacific</td>\n</tr>\n<tr bgcolor=\"#D4E4F3\">\n<td>LABEL</td>\n<td>Divergent Boundary</td>\n</tr>\n</table>\n</td>\n</tr>\n</table>\n</body>\n</html>", "LABEL": "Divergent Boundary" }, "geometry": { "type": "MultiLineString", "coordinates": [ [ [ -113.338996887396405, 28.950000763324621, 0.0 ], [ -113.280998229984306, 29.0079994198374, 0.0 ] ] ] } },
{ "type": "Feature", "properties": { "Name": "North American:African", "Description": "<html xmlns:fo=\"http://www.w3.org/1999/XSL/Format\" xmlns:msxsl=\"urn:schemas-microsoft-com:xslt\">\n<head>\n<META http-equiv=\"Content-Type\" content=\"text/html\">\n<meta http-equiv=\"content-type\" content=\"text/html; charset=UTF-8\">\n</head>\n<body style=\"margin:0px 0px 0px 0px;overflow:auto;background:#FFFFFF;\">\n<table style=\"font-family:Arial,Verdana,Times;font-size:12px;text-align:left;width:100%;border-collapse:collapse;padding:3px 3px 3px 3px\">\n<tr style=\"text-align:center;font-weight:bold;background:#9CBCE2\">\n<td>North American:African</td>\n</tr>\n<tr>\n<td>\n<table style=\"font-family:Arial,Verdana,Times;font-size:12px;text-align:left;width:100%;border-spacing:0px; padding:3px 3px 3px 3px\">\n<tr>\n<td>NAME</td>\n<td>North American:African</td>\n</tr>\n<tr bgcolor=\"#D4E4F3\">\n<td>LABEL</td>\n<td>Divergent Boundary</td>\n</tr>\n</table>\n</td>\n</tr>\n</table>\n</body>\n</html>", "LABEL": "Divergent Boundary" }, "geometry": { "type": "MultiLineString", "coordinates": [ [ [ -43.088001251656408, 29.468999862353829, 0.0 ], [ -43.483001709161499, 28.802000045565709, 0.0 ] ] ] } },
{ "type": "Feature", "properties": { "Name": "North American:African", "Description": "<html xmlns:fo=\"http://www.w3.org/1999/XSL/Format\" xmlns:msxsl=\"urn:schemas-microsoft-com:xslt\">\n<head>\n<META http-equiv=\"Content-Type\" content=\"text/html\">\n<meta http-equiv=\"content-type\" content=\"text/html; charset=UTF-8\">\n</head>\n<body style=\"margin:0px 0px 0px 0px;overflow:auto;background:#FFFFFF;\">\n<table style=\"font-family:Arial,Verdana,Times;font-size:12px;text-align:left;width:100%;border-collapse:collapse;padding:3px 3px 3px 3px\">\n<tr style=\"text-align:center;font-weight:bold;background:#9CBCE2\">\n<td>North American:African</td>\n</tr>\n<tr>\n<td>\n<table style=\"font-family:Arial,Verdana,Times;font-size:12px;text-align:left;width:100%;border-spacing:0px; padding:3px 3px 3px 3px\">\n<tr>\n<td>NAME</td>\n<td>North American:African</td>\n</tr>\n<tr bgcolor=\"#D4E4F3\">\n<td>LABEL</td>\n<td>Divergent Boundary</td>\n</tr>\n</table>\n</td>\n</tr>\n</table>\n</body>\n</html>", "LABEL": "Divergent Boundary" }, "geometry": { "type": "MultiLineString", "coordinates": [ [ [ -43.562999725456912, 28.811000823928911, 0.0 ], [ -43.942001342687767, 28.104999542295101, 0.0 ] ] ] } },
{ "type": "Feature", "properties": { "Name": "North American:African", "Description": "<html xmlns:fo=\"http://www.w3.org/1999/XSL/Format\" xmlns:msxsl=\"urn:schemas-microsoft-com:xslt\">\n<head>\n<META http-equiv=\"Content-Type\" content=\"text/html\">\n<meta http-equiv=\"content-type\" content=\"text/html; charset=UTF-8\">\n</head>\n<body style=\"margin:0px 0px 0px 0px;overflow:auto;background:#FFFFFF;\">\n<table style=\"font-family:Arial,Verdana,Times;font-size:12px;text-align:left;width:100%;border-collapse:collapse;padding:3px 3px 3px 3px\">\n<tr style=\"text-align:center;font-weight:bold;background:#9CBCE2\">\n<td>North American:African</td>\n</tr>\n<tr>\n<td>\n<table style=\"font-family:Arial,Verdana,Times;font-size:12px;text-align:left;width:100%;border-spacing:0px; padding:3px 3px 3px 3px\">\n<tr>\n<td>NAME</td>\n<td>North American:African</td>\n</tr>\n<tr bgcolor=\"#D4E4F3\">\n<td>LABEL</td>\n<td>Divergent Boundary</td>\n</tr>\n</table>\n</td>\n</tr>\n</table>\n</body>\n</html>", "LABEL": "Divergent Boundary" }, "geometry": { "type": "MultiLineString", "coordinates": [ [ [ -44.02199935898318, 28.107000351285251, 0.0 ], [ -44.202999114617398, 27.670999527406309, 0.0 ], [ -44.382999420386909, 27.23600006085417, 0.0 ] ] ] } },
{ "type": "Feature", "properties": { "Name": "North American:Pacific", "Description": "<html xmlns:fo=\"http://www.w3.org/1999/XSL/Format\" xmlns:msxsl=\"urn:schemas-microsoft-com:xslt\">\n<head>\n<META http-equiv=\"Content-Type\" content=\"text/html\">\n<meta http-equiv=\"content-type\" content=\"text/html; charset=UTF-8\">\n</head>\n<body style=\"margin:0px 0px 0px 0px;overflow:auto;background:#FFFFFF;\">\n<table style=\"font-family:Arial,Verdana,Times;font-size:12px;text-align:left;width:100%;border-collapse:collapse;padding:3px 3px 3px 3px\">\n<tr style=\"text-align:center;font-weight:bold;background:#9CBCE2\">\n<td>North American:Pacific</td>\n</tr>\n<tr>\n<td>\n<table style=\"font-family:Arial,Verdana,Times;font-size:12px;text-align:left;width:100%;border-spacing:0px; padding:3px 3px 3px 3px\">\n<tr>\n<td>NAME</td>\n<td>North American:Pacific</td>\n</tr>\n<tr bgcolor=\"#D4E4F3\">\n<td>LABEL</td>\n<td>Divergent Boundary</td>\n</tr>\n</table>\n</td>\n</tr>\n</table>\n</body>\n</html>", "LABEL": "Divergent Boundary" }, "geometry": { "type": "MultiLineString", "coordinates": [ [ [ -111.569000243966101, 27.215000152734891, 0.0 ], [ -111.382003783747606, 27.496999740245879, 0.0 ] ] ] } },
{ "type": "Feature", "properties": { "Name": "North American:Pacific", "Description": "<html xmlns:fo=\"http://www.w3.org/1999/XSL/Format\" xmlns:msxsl=\"urn:schemas-microsoft-com:xslt\">\n<head>\n<META http-equiv=\"Content-Type\" content=\"text/html\">\n<meta http-equiv=\"content-type\" content=\"text/html; charset=UTF-8\">\n</head>\n<body style=\"margin:0px 0px 0px 0px;overflow:auto;background:#FFFFFF;\">\n<table style=\"font-family:Arial,Verdana,Times;font-size:12px;text-align:left;width:100%;border-collapse:collapse;padding:3px 3px 3px 3px\">\n<tr style=\"text-align:center;font-weight:bold;background:#9CBCE2\">\n<td>North American:Pacific</td>\n</tr>\n<tr>\n<td>\n<table style=\"font-family:Arial,Verdana,Times;font-size:12px;text-align:left;width:100%;border-spacing:0px; padding:3px 3px 3px 3px\">\n<tr>\n<td>NAME</td>\n<td>North American:Pacific</td>\n</tr>\n<tr bgcolor=\"#D4E4F3\">\n<td>LABEL</td>\n<td>Divergent Boundary</td>\n</tr>\n</table>\n</td>\n</tr>\n</table>\n</body>\n</html>", "LABEL": "Divergent Boundary" }, "geometry": { "type": "MultiLineString", "coordinates": [ [ [ -111.505996703784803, 26.927000045715602, 0.0 ], [ -111.373001098821703, 27.104999542494969, 0.0 ] ] ] } },
{ "type": "Feature", "properties": { "Name": "North American:African", "Description": "<html xmlns:fo=\"http://www.w3.org/1999/XSL/Format\" xmlns:msxsl=\"urn:schemas-microsoft-com:xslt\">\n<head>\n<META http-equiv=\"Content-Type\" content=\"text/html\">\n<meta http-equiv=\"content-type\" content=\"text/html; charset=UTF-8\">\n</head>\n<body style=\"margin:0px 0px 0px 0px;overflow:auto;background:#FFFFFF;\">\n<table style=\"font-family:Arial,Verdana,Times;font-size:12px;text-align:left;width:100%;border-collapse:collapse;padding:3px 3px 3px 3px\">\n<tr style=\"text-align:center;font-weight:bold;background:#9CBCE2\">\n<td>North American:African</td>\n</tr>\n<tr>\n<td>\n<table style=\"font-family:Arial,Verdana,Times;font-size:12px;text-align:left;width:100%;border-spacing:0px; padding:3px 3px 3px 3px\">\n<tr>\n<td>NAME</td>\n<td>North American:African</td>\n</tr>\n<tr bgcolor=\"#D4E4F3\">\n<td>LABEL</td>\n<td>Divergent Boundary</td>\n</tr>\n</table>\n</td>\n</tr>\n</table>\n</body>\n</html>", "LABEL": "Divergent Boundary" }, "geometry": { "type": "MultiLineString", "coordinates": [ [ [ -44.506000518609028, 27.253999710118588, 0.0 ], [ -44.687000274243253, 26.767000198200659, 0.0 ], [ -44.8670005800127, 26.28000068628268, 0.0 ] ] ] } },
{ "type": "Feature", "properties": { "Name": "North American:Pacific", "Description": "<html xmlns:fo=\"http://www.w3.org/1999/XSL/Format\" xmlns:msxsl=\"urn:schemas-microsoft-com:xslt\">\n<head>\n<META http-equiv=\"Content-Type\" content=\"text/html\">\n<meta http-equiv=\"content-type\" content=\"text/html; charset=UTF-8\">\n</head>\n<body style=\"margin:0px 0px 0px 0px;overflow:auto;background:#FFFFFF;\">\n<table style=\"font-family:Arial,Verdana,Times;font-size:12px;text-align:left;width:100%;border-collapse:collapse;padding:3px 3px 3px 3px\">\n<tr style=\"text-align:center;font-weight:bold;background:#9CBCE2\">\n<td>North American:Pacific</td>\n</tr>\n<tr>\n<td>\n<table style=\"font-family:Arial,Verdana,Times;font-size:12px;text-align:left;width:100%;border-spacing:0px; padding:3px 3px 3px 3px\">\n<tr>\n<td>NAME</td>\n<td>North American:Pacific</td>\n</tr>\n<tr bgcolor=\"#D4E4F3\">\n<td>LABEL</td>\n<td>Divergent Boundary</td>\n</tr>\n</table>\n</td>\n</tr>\n</table>\n</body>\n</html>", "LABEL": "Divergent Boundary" }, "geometry": { "type": "MultiLineString", "coordinates": [ [ [ -110.777999878191807, 26.225000381162719, 0.0 ], [ -110.680000305169898, 26.361000060804201, 0.0 ] ] ] } },
{ "type": "Feature", "properties": { "Name": "North American:African", "Description": "<html xmlns:fo=\"http://www.w3.org/1999/XSL/Format\" xmlns:msxsl=\"urn:schemas-microsoft-com:xslt\">\n<head>\n<META http-equiv=\"Content-Type\" content=\"text/html\">\n<meta http-equiv=\"content-type\" content=\"text/html; charset=UTF-8\">\n</head>\n<body style=\"margin:0px 0px 0px 0px;overflow:auto;background:#FFFFFF;\">\n<table style=\"font-family:Arial,Verdana,Times;font-size:12px;text-align:left;width:100%;border-collapse:collapse;padding:3px 3px 3px 3px\">\n<tr style=\"text-align:center;font-weight:bold;background:#9CBCE2\">\n<td>North American:African</td>\n</tr>\n<tr>\n<td>\n<table style=\"font-family:Arial,Verdana,Times;font-size:12px;text-align:left;width:100%;border-spacing:0px; padding:3px 3px 3px 3px\">\n<tr>\n<td>NAME</td>\n<td>North American:African</td>\n</tr>\n<tr bgcolor=\"#D4E4F3\">\n<td>LABEL</td>\n<td>Divergent Boundary</td>\n</tr>\n</table>\n</td>\n</tr>\n</table>\n</body>\n</html>", "LABEL": "Divergent Boundary" }, "geometry": { "type": "MultiLineString", "coordinates": [ [ [ -44.816001891973713, 26.270000458054771, 0.0 ], [ -44.898998260561257, 26.05500030541981, 0.0 ] ] ] } },
{ "type": "Feature", "properties": { "Name": "North American:Pacific", "Description": "<html xmlns:fo=\"http://www.w3.org/1999/XSL/Format\" xmlns:msxsl=\"urn:schemas-microsoft-com:xslt\">\n<head>\n<META http-equiv=\"Content-Type\" content=\"text/html\">\n<meta http-equiv=\"content-type\" content=\"text/html; charset=UTF-8\">\n</head>\n<body style=\"margin:0px 0px 0px 0px;overflow:auto;background:#FFFFFF;\">\n<table style=\"font-family:Arial,Verdana,Times;font-size:12px;text-align:left;width:100%;border-collapse:collapse;padding:3px 3px 3px 3px\">\n<tr style=\"text-align:center;font-weight:bold;background:#9CBCE2\">\n<td>North American:Pacific</td>\n</tr>\n<tr>\n<td>\n<table style=\"font-family:Arial,Verdana,Times;font-size:12px;text-align:left;width:100%;border-spacing:0px; padding:3px 3px 3px 3px\">\n<tr>\n<td>NAME</td>\n<td>North American:Pacific</td>\n</tr>\n<tr bgcolor=\"#D4E4F3\">\n<td>LABEL</td>\n<td>Divergent Boundary</td>\n</tr>\n</table>\n</td>\n</tr>\n</table>\n</body>\n</html>", "LABEL": "Divergent Boundary" }, "geometry": { "type": "MultiLineString", "coordinates": [ [ [ -110.007003783797501, 25.33900070212076, 0.0 ], [ -109.805999755884002, 25.556999206148479, 0.0 ] ] ] } },
{ "type": "Feature", "properties": { "Name": "North American:African", "Description": "<html xmlns:fo=\"http://www.w3.org/1999/XSL/Format\" xmlns:msxsl=\"urn:schemas-microsoft-com:xslt\">\n<head>\n<META http-equiv=\"Content-Type\" content=\"text/html\">\n<meta http-equiv=\"content-type\" content=\"text/html; charset=UTF-8\">\n</head>\n<body style=\"margin:0px 0px 0px 0px;overflow:auto;background:#FFFFFF;\">\n<table style=\"font-family:Arial,Verdana,Times;font-size:12px;text-align:left;width:100%;border-collapse:collapse;padding:3px 3px 3px 3px\">\n<tr style=\"text-align:center;font-weight:bold;background:#9CBCE2\">\n<td>North American:African</td>\n</tr>\n<tr>\n<td>\n<table style=\"font-family:Arial,Verdana,Times;font-size:12px;text-align:left;width:100%;border-spacing:0px; padding:3px 3px 3px 3px\">\n<tr>\n<td>NAME</td>\n<td>North American:African</td>\n</tr>\n<tr bgcolor=\"#D4E4F3\">\n<td>LABEL</td>\n<td>Divergent Boundary</td>\n</tr>\n</table>\n</td>\n</tr>\n</table>\n</body>\n</html>", "LABEL": "Divergent Boundary" }, "geometry": { "type": "MultiLineString", "coordinates": [ [ [ -45.091999054312851, 26.080999374821321, 0.0 ], [ -45.29600143451853, 25.63699912990597, 0.0 ], [ -45.499000549036062, 25.191999435125869, 0.0 ] ] ] } },
{ "type": "Feature", "properties": { "Name": "North American:African", "Description": "<html xmlns:fo=\"http://www.w3.org/1999/XSL/Format\" xmlns:msxsl=\"urn:schemas-microsoft-com:xslt\">\n<head>\n<META http-equiv=\"Content-Type\" content=\"text/html\">\n<meta http-equiv=\"content-type\" content=\"text/html; charset=UTF-8\">\n</head>\n<body style=\"margin:0px 0px 0px 0px;overflow:auto;background:#FFFFFF;\">\n<table style=\"font-family:Arial,Verdana,Times;font-size:12px;text-align:left;width:100%;border-collapse:collapse;padding:3px 3px 3px 3px\">\n<tr style=\"text-align:center;font-weight:bold;background:#9CBCE2\">\n<td>North American:African</td>\n</tr>\n<tr>\n<td>\n<table style=\"font-family:Arial,Verdana,Times;font-size:12px;text-align:left;width:100%;border-spacing:0px; padding:3px 3px 3px 3px\">\n<tr>\n<td>NAME</td>\n<td>North American:African</td>\n</tr>\n<tr bgcolor=\"#D4E4F3\">\n<td>LABEL</td>\n<td>Divergent Boundary</td>\n</tr>\n</table>\n</td>\n</tr>\n</table>\n</body>\n</html>", "LABEL": "Divergent Boundary" }, "geometry": { "type": "MultiLineString", "coordinates": [ [ [ -45.791999817337683, 25.253999710518261, 0.0 ], [ -46.118999480841353, 24.590000152585048, 0.0 ] ] ] } },
{ "type": "Feature", "properties": { "Name": "North American:Pacific", "Description": "<html xmlns:fo=\"http://www.w3.org/1999/XSL/Format\" xmlns:msxsl=\"urn:schemas-microsoft-com:xslt\">\n<head>\n<META http-equiv=\"Content-Type\" content=\"text/html\">\n<meta http-equiv=\"content-type\" content=\"text/html; charset=UTF-8\">\n</head>\n<body style=\"margin:0px 0px 0px 0px;overflow:auto;background:#FFFFFF;\">\n<table style=\"font-family:Arial,Verdana,Times;font-size:12px;text-align:left;width:100%;border-collapse:collapse;padding:3px 3px 3px 3px\">\n<tr style=\"text-align:center;font-weight:bold;background:#9CBCE2\">\n<td>North American:Pacific</td>\n</tr>\n<tr>\n<td>\n<table style=\"font-family:Arial,Verdana,Times;font-size:12px;text-align:left;width:100%;border-spacing:0px; padding:3px 3px 3px 3px\">\n<tr>\n<td>NAME</td>\n<td>North American:Pacific</td>\n</tr>\n<tr bgcolor=\"#D4E4F3\">\n<td>LABEL</td>\n<td>Divergent Boundary</td>\n</tr>\n</table>\n</td>\n</tr>\n</table>\n</body>\n</html>", "LABEL": "Divergent Boundary" }, "geometry": { "type": "MultiLineString", "coordinates": [ [ [ -109.276000976963502, 24.395999908069371, 0.0 ], [ -109.061996460168501, 24.658000945687149, 0.0 ] ] ] } },
{ "type": "Feature", "properties": { "Name": "North American:African", "Description": "<html xmlns:fo=\"http://www.w3.org/1999/XSL/Format\" xmlns:msxsl=\"urn:schemas-microsoft-com:xslt\">\n<head>\n<META http-equiv=\"Content-Type\" content=\"text/html\">\n<meta http-equiv=\"content-type\" content=\"text/html; charset=UTF-8\">\n</head>\n<body style=\"margin:0px 0px 0px 0px;overflow:auto;background:#FFFFFF;\">\n<table style=\"font-family:Arial,Verdana,Times;font-size:12px;text-align:left;width:100%;border-collapse:collapse;padding:3px 3px 3px 3px\">\n<tr style=\"text-align:center;font-weight:bold;background:#9CBCE2\">\n<td>North American:African</td>\n</tr>\n<tr>\n<td>\n<table style=\"font-family:Arial,Verdana,Times;font-size:12px;text-align:left;width:100%;border-spacing:0px; padding:3px 3px 3px 3px\">\n<tr>\n<td>NAME</td>\n<td>North American:African</td>\n</tr>\n<tr bgcolor=\"#D4E4F3\">\n<td>LABEL</td>\n<td>Divergent Boundary</td>\n</tr>\n</table>\n</td>\n</tr>\n</table>\n</body>\n</html>", "LABEL": "Divergent Boundary" }, "geometry": { "type": "MultiLineString", "coordinates": [ [ [ -46.19599914574394, 24.5970001219581, 0.0 ], [ -46.47600173918886, 23.91699981718784, 0.0 ] ] ] } },
{ "type": "Feature", "properties": { "Name": "North American:Pacific", "Description": "<html xmlns:fo=\"http://www.w3.org/1999/XSL/Format\" xmlns:msxsl=\"urn:schemas-microsoft-com:xslt\">\n<head>\n<META http-equiv=\"Content-Type\" content=\"text/html\">\n<meta http-equiv=\"content-type\" content=\"text/html; charset=UTF-8\">\n</head>\n<body style=\"margin:0px 0px 0px 0px;overflow:auto;background:#FFFFFF;\">\n<table style=\"font-family:Arial,Verdana,Times;font-size:12px;text-align:left;width:100%;border-collapse:collapse;padding:3px 3px 3px 3px\">\n<tr style=\"text-align:center;font-weight:bold;background:#9CBCE2\">\n<td>North American:Pacific</td>\n</tr>\n<tr>\n<td>\n<table style=\"font-family:Arial,Verdana,Times;font-size:12px;text-align:left;width:100%;border-spacing:0px; padding:3px 3px 3px 3px\">\n<tr>\n<td>NAME</td>\n<td>North American:Pacific</td>\n</tr>\n<tr bgcolor=\"#D4E4F3\">\n<td>LABEL</td>\n<td>Divergent Boundary</td>\n</tr>\n</table>\n</td>\n</tr>\n</table>\n</body>\n</html>", "LABEL": "Divergent Boundary" }, "geometry": { "type": "MultiLineString", "coordinates": [ [ [ -108.651000976413897, 23.240999222036521, 0.0 ], [ -108.357002258247604, 23.61400032065831, 0.0 ] ] ] } },
{ "type": "Feature", "properties": { "Name": "North American:African", "Description": "<html xmlns:fo=\"http://www.w3.org/1999/XSL/Format\" xmlns:msxsl=\"urn:schemas-microsoft-com:xslt\">\n<head>\n<META http-equiv=\"Content-Type\" content=\"text/html\">\n<meta http-equiv=\"content-type\" content=\"text/html; charset=UTF-8\">\n</head>\n<body style=\"margin:0px 0px 0px 0px;overflow:auto;background:#FFFFFF;\">\n<table style=\"font-family:Arial,Verdana,Times;font-size:12px;text-align:left;width:100%;border-collapse:collapse;padding:3px 3px 3px 3px\">\n<tr style=\"text-align:center;font-weight:bold;background:#9CBCE2\">\n<td>North American:African</td>\n</tr>\n<tr>\n<td>\n<table style=\"font-family:Arial,Verdana,Times;font-size:12px;text-align:left;width:100%;border-spacing:0px; padding:3px 3px 3px 3px\">\n<tr>\n<td>NAME</td>\n<td>North American:African</td>\n</tr>\n<tr bgcolor=\"#D4E4F3\">\n<td>LABEL</td>\n<td>Divergent Boundary</td>\n</tr>\n</table>\n</td>\n</tr>\n</table>\n</body>\n</html>", "LABEL": "Divergent Boundary" }, "geometry": { "type": "MultiLineString", "coordinates": [ [ [ -44.923999786660772, 23.645999908668902, 0.0 ], [ -45.02399826031143, 22.96299934414446, 0.0 ] ] ] } },
{ "type": "Feature", "properties": { "Name": "Pacific:Cocos", "Description": "<html xmlns:fo=\"http://www.w3.org/1999/XSL/Format\" xmlns:msxsl=\"urn:schemas-microsoft-com:xslt\">\n<head>\n<META http-equiv=\"Content-Type\" content=\"text/html\">\n<meta http-equiv=\"content-type\" content=\"text/html; charset=UTF-8\">\n</head>\n<body style=\"margin:0px 0px 0px 0px;overflow:auto;background:#FFFFFF;\">\n<table style=\"font-family:Arial,Verdana,Times;font-size:12px;text-align:left;width:100%;border-collapse:collapse;padding:3px 3px 3px 3px\">\n<tr style=\"text-align:center;font-weight:bold;background:#9CBCE2\">\n<td>Pacific:Cocos</td>\n</tr>\n<tr>\n<td>\n<table style=\"font-family:Arial,Verdana,Times;font-size:12px;text-align:left;width:100%;border-spacing:0px; padding:3px 3px 3px 3px\">\n<tr>\n<td>NAME</td>\n<td>Pacific:Cocos</td>\n</tr>\n<tr bgcolor=\"#D4E4F3\">\n<td>LABEL</td>\n<td>Divergent Boundary</td>\n</tr>\n</table>\n</td>\n</tr>\n</table>\n</body>\n</html>", "LABEL": "Divergent Boundary" }, "geometry": { "type": "MultiLineString", "coordinates": [ [ [ -108.010002136489405, 22.98600006125389, 0.0 ], [ -108.232002258497403, 22.71199989298071, 0.0 ], [ -108.273002624871197, 22.61300087009414, 0.0 ], [ -108.406997680598494, 22.440000533697742, 0.0 ], [ -108.527000427427794, 22.277000427327891, 0.0 ], [ -108.515998840074403, 22.201000213189332, 0.0 ], [ -108.588996886996696, 22.101999282840669, 0.0 ], [ -108.676002502513398, 21.959999084590152, 0.0 ] ] ] } },
{ "type": "Feature", "properties": { "Name": "North American:African", "Description": "<html xmlns:fo=\"http://www.w3.org/1999/XSL/Format\" xmlns:msxsl=\"urn:schemas-microsoft-com:xslt\">\n<head>\n<META http-equiv=\"Content-Type\" content=\"text/html\">\n<meta http-equiv=\"content-type\" content=\"text/html; charset=UTF-8\">\n</head>\n<body style=\"margin:0px 0px 0px 0px;overflow:auto;background:#FFFFFF;\">\n<table style=\"font-family:Arial,Verdana,Times;font-size:12px;text-align:left;width:100%;border-collapse:collapse;padding:3px 3px 3px 3px\">\n<tr style=\"text-align:center;font-weight:bold;background:#9CBCE2\">\n<td>North American:African</td>\n</tr>\n<tr>\n<td>\n<table style=\"font-family:Arial,Verdana,Times;font-size:12px;text-align:left;width:100%;border-spacing:0px; padding:3px 3px 3px 3px\">\n<tr>\n<td>NAME</td>\n<td>North American:African</td>\n</tr>\n<tr bgcolor=\"#D4E4F3\">\n<td>LABEL</td>\n<td>Divergent Boundary</td>\n</tr>\n</table>\n</td>\n</tr>\n</table>\n</body>\n</html>", "LABEL": "Divergent Boundary" }, "geometry": { "type": "MultiLineString", "coordinates": [ [ [ -45.066001892373379, 22.97299957237243, 0.0 ], [ -45.15700149512287, 22.389999389860009, 0.0 ], [ -45.248001098771617, 21.80599975568424, 0.0 ] ] ] } },
{ "type": "Feature", "properties": { "Name": "Pacific:Cocos", "Description": "<html xmlns:fo=\"http://www.w3.org/1999/XSL/Format\" xmlns:msxsl=\"urn:schemas-microsoft-com:xslt\">\n<head>\n<META http-equiv=\"Content-Type\" content=\"text/html\">\n<meta http-equiv=\"content-type\" content=\"text/html; charset=UTF-8\">\n</head>\n<body style=\"margin:0px 0px 0px 0px;overflow:auto;background:#FFFFFF;\">\n<table style=\"font-family:Arial,Verdana,Times;font-size:12px;text-align:left;width:100%;border-collapse:collapse;padding:3px 3px 3px 3px\">\n<tr style=\"text-align:center;font-weight:bold;background:#9CBCE2\">\n<td>Pacific:Cocos</td>\n</tr>\n<tr>\n<td>\n<table style=\"font-family:Arial,Verdana,Times;font-size:12px;text-align:left;width:100%;border-spacing:0px; padding:3px 3px 3px 3px\">\n<tr>\n<td>NAME</td>\n<td>Pacific:Cocos</td>\n</tr>\n<tr bgcolor=\"#D4E4F3\">\n<td>LABEL</td>\n<td>Divergent Boundary</td>\n</tr>\n</table>\n</td>\n</tr>\n</table>\n</body>\n</html>", "LABEL": "Divergent Boundary" }, "geometry": { "type": "MultiLineString", "coordinates": [ [ [ -108.976997375128803, 21.347000122157969, 0.0 ], [ -108.935997009654201, 21.451000213788859, 0.0 ], [ -108.867996215652795, 21.535999297929319, 0.0 ], [ -108.783996582276401, 21.64299964931439, 0.0 ], [ -108.668998718216201, 21.774000167673648, 0.0 ], [ -108.582000732547698, 21.90500068693223, 0.0 ] ] ] } },
{ "type": "Feature", "properties": { "Name": "North American:African", "Description": "<html xmlns:fo=\"http://www.w3.org/1999/XSL/Format\" xmlns:msxsl=\"urn:schemas-microsoft-com:xslt\">\n<head>\n<META http-equiv=\"Content-Type\" content=\"text/html\">\n<meta http-equiv=\"content-type\" content=\"text/html; charset=UTF-8\">\n</head>\n<body style=\"margin:0px 0px 0px 0px;overflow:auto;background:#FFFFFF;\">\n<table style=\"font-family:Arial,Verdana,Times;font-size:12px;text-align:left;width:100%;border-collapse:collapse;padding:3px 3px 3px 3px\">\n<tr style=\"text-align:center;font-weight:bold;background:#9CBCE2\">\n<td>North American:African</td>\n</tr>\n<tr>\n<td>\n<table style=\"font-family:Arial,Verdana,Times;font-size:12px;text-align:left;width:100%;border-spacing:0px; padding:3px 3px 3px 3px\">\n<tr>\n<td>NAME</td>\n<td>North American:African</td>\n</tr>\n<tr bgcolor=\"#D4E4F3\">\n<td>LABEL</td>\n<td>Divergent Boundary</td>\n</tr>\n</table>\n</td>\n</tr>\n</table>\n</body>\n</html>", "LABEL": "Divergent Boundary" }, "geometry": { "type": "MultiLineString", "coordinates": [ [ [ -45.384998321715159, 21.822000503420551, 0.0 ], [ -45.514999389310333, 21.246999741045268, 0.0 ] ] ] } },
{ "type": "Feature", "properties": { "Name": "North American:African", "Description": "<html xmlns:fo=\"http://www.w3.org/1999/XSL/Format\" xmlns:msxsl=\"urn:schemas-microsoft-com:xslt\">\n<head>\n<META http-equiv=\"Content-Type\" content=\"text/html\">\n<meta http-equiv=\"content-type\" content=\"text/html; charset=UTF-8\">\n</head>\n<body style=\"margin:0px 0px 0px 0px;overflow:auto;background:#FFFFFF;\">\n<table style=\"font-family:Arial,Verdana,Times;font-size:12px;text-align:left;width:100%;border-collapse:collapse;padding:3px 3px 3px 3px\">\n<tr style=\"text-align:center;font-weight:bold;background:#9CBCE2\">\n<td>North American:African</td>\n</tr>\n<tr>\n<td>\n<table style=\"font-family:Arial,Verdana,Times;font-size:12px;text-align:left;width:100%;border-spacing:0px; padding:3px 3px 3px 3px\">\n<tr>\n<td>NAME</td>\n<td>North American:African</td>\n</tr>\n<tr bgcolor=\"#D4E4F3\">\n<td>LABEL</td>\n<td>Divergent Boundary</td>\n</tr>\n</table>\n</td>\n</tr>\n</table>\n</body>\n</html>", "LABEL": "Divergent Boundary" }, "geometry": { "type": "MultiLineString", "coordinates": [ [ [ -45.418998717816521, 21.222000122407788, 0.0 ], [ -45.556999206448147, 20.596000671094149, 0.0 ] ] ] } },
{ "type": "Feature", "properties": { "Name": "Pacific:Cocos", "Description": "<html xmlns:fo=\"http://www.w3.org/1999/XSL/Format\" xmlns:msxsl=\"urn:schemas-microsoft-com:xslt\">\n<head>\n<META http-equiv=\"Content-Type\" content=\"text/html\">\n<meta http-equiv=\"content-type\" content=\"text/html; charset=UTF-8\">\n</head>\n<body style=\"margin:0px 0px 0px 0px;overflow:auto;background:#FFFFFF;\">\n<table style=\"font-family:Arial,Verdana,Times;font-size:12px;text-align:left;width:100%;border-collapse:collapse;padding:3px 3px 3px 3px\">\n<tr style=\"text-align:center;font-weight:bold;background:#9CBCE2\">\n<td>Pacific:Cocos</td>\n</tr>\n<tr>\n<td>\n<table style=\"font-family:Arial,Verdana,Times;font-size:12px;text-align:left;width:100%;border-spacing:0px; padding:3px 3px 3px 3px\">\n<tr>\n<td>NAME</td>\n<td>Pacific:Cocos</td>\n</tr>\n<tr bgcolor=\"#D4E4F3\">\n<td>LABEL</td>\n<td>Divergent Boundary</td>\n</tr>\n</table>\n</td>\n</tr>\n</table>\n</body>\n</html>", "LABEL": "Divergent Boundary" }, "geometry": { "type": "MultiLineString", "coordinates": [ [ [ -109.285003661889505, 20.558000564474529, 0.0 ], [ -109.261001586554002, 20.642999648614929, 0.0 ], [ -109.1940002442159, 20.73900032010874, 0.0 ], [ -109.1110000607042, 20.82399940514847, 0.0 ], [ -109.013000488581696, 20.94899940489864, 0.0 ], [ -108.915000915559702, 21.068000793501881, 0.0 ], [ -108.808998107476697, 21.2530002596543, 0.0 ] ] ] } },
{ "type": "Feature", "properties": { "Name": "Pacific:Cocos", "Description": "<html xmlns:fo=\"http://www.w3.org/1999/XSL/Format\" xmlns:msxsl=\"urn:schemas-microsoft-com:xslt\">\n<head>\n<META http-equiv=\"Content-Type\" content=\"text/html\">\n<meta http-equiv=\"content-type\" content=\"text/html; charset=UTF-8\">\n</head>\n<body style=\"margin:0px 0px 0px 0px;overflow:auto;background:#FFFFFF;\">\n<table style=\"font-family:Arial,Verdana,Times;font-size:12px;text-align:left;width:100%;border-collapse:collapse;padding:3px 3px 3px 3px\">\n<tr style=\"text-align:center;font-weight:bold;background:#9CBCE2\">\n<td>Pacific:Cocos</td>\n</tr>\n<tr>\n<td>\n<table style=\"font-family:Arial,Verdana,Times;font-size:12px;text-align:left;width:100%;border-spacing:0px; padding:3px 3px 3px 3px\">\n<tr>\n<td>NAME</td>\n<td>Pacific:Cocos</td>\n</tr>\n<tr bgcolor=\"#D4E4F3\">\n<td>LABEL</td>\n<td>Divergent Boundary</td>\n</tr>\n</table>\n</td>\n</tr>\n</table>\n</body>\n</html>", "LABEL": "Divergent Boundary" }, "geometry": { "type": "MultiLineString", "coordinates": [ [ [ -109.449996948300495, 20.027000427327891, 0.0 ], [ -109.373001098322007, 20.142000197950839, 0.0 ], [ -109.3779983521422, 20.176000594951521, 0.0 ], [ -109.319000243966101, 20.242000579962848, 0.0 ], [ -109.214996338310399, 20.396999358733471, 0.0 ], [ -109.186996459918703, 20.49999999960033, 0.0 ] ] ] } },
{ "type": "Feature", "properties": { "Name": "North American:African", "Description": "<html xmlns:fo=\"http://www.w3.org/1999/XSL/Format\" xmlns:msxsl=\"urn:schemas-microsoft-com:xslt\">\n<head>\n<META http-equiv=\"Content-Type\" content=\"text/html\">\n<meta http-equiv=\"content-type\" content=\"text/html; charset=UTF-8\">\n</head>\n<body style=\"margin:0px 0px 0px 0px;overflow:auto;background:#FFFFFF;\">\n<table style=\"font-family:Arial,Verdana,Times;font-size:12px;text-align:left;width:100%;border-collapse:collapse;padding:3px 3px 3px 3px\">\n<tr style=\"text-align:center;font-weight:bold;background:#9CBCE2\">\n<td>North American:African</td>\n</tr>\n<tr>\n<td>\n<table style=\"font-family:Arial,Verdana,Times;font-size:12px;text-align:left;width:100%;border-spacing:0px; padding:3px 3px 3px 3px\">\n<tr>\n<td>NAME</td>\n<td>North American:African</td>\n</tr>\n<tr bgcolor=\"#D4E4F3\">\n<td>LABEL</td>\n<td>Divergent Boundary</td>\n</tr>\n</table>\n</td>\n</tr>\n</table>\n</body>\n</html>", "LABEL": "Divergent Boundary" }, "geometry": { "type": "MultiLineString", "coordinates": [ [ [ -45.773998260611222, 20.618000030876772, 0.0 ], [ -45.939998626735189, 19.802000045565709, 0.0 ] ] ] } },
{ "type": "Feature", "properties": { "Name": "Pacific:Cocos", "Description": "<html xmlns:fo=\"http://www.w3.org/1999/XSL/Format\" xmlns:msxsl=\"urn:schemas-microsoft-com:xslt\">\n<head>\n<META http-equiv=\"Content-Type\" content=\"text/html\">\n<meta http-equiv=\"content-type\" content=\"text/html; charset=UTF-8\">\n</head>\n<body style=\"margin:0px 0px 0px 0px;overflow:auto;background:#FFFFFF;\">\n<table style=\"font-family:Arial,Verdana,Times;font-size:12px;text-align:left;width:100%;border-collapse:collapse;padding:3px 3px 3px 3px\">\n<tr style=\"text-align:center;font-weight:bold;background:#9CBCE2\">\n<td>Pacific:Cocos</td>\n</tr>\n<tr>\n<td>\n<table style=\"font-family:Arial,Verdana,Times;font-size:12px;text-align:left;width:100%;border-spacing:0px; padding:3px 3px 3px 3px\">\n<tr>\n<td>NAME</td>\n<td>Pacific:Cocos</td>\n</tr>\n<tr bgcolor=\"#D4E4F3\">\n<td>LABEL</td>\n<td>Divergent Boundary</td>\n</tr>\n</table>\n</td>\n</tr>\n</table>\n</body>\n</html>", "LABEL": "Divergent Boundary" }, "geometry": { "type": "MultiLineString", "coordinates": [ [ [ -108.896003722993399, 19.549999237075159, 0.0 ], [ -108.902999878341703, 19.624999999550369, 0.0 ] ] ] } },
{ "type": "Feature", "properties": { "Name": "Pacific:Cocos", "Description": "<html xmlns:fo=\"http://www.w3.org/1999/XSL/Format\" xmlns:msxsl=\"urn:schemas-microsoft-com:xslt\">\n<head>\n<META http-equiv=\"Content-Type\" content=\"text/html\">\n<meta http-equiv=\"content-type\" content=\"text/html; charset=UTF-8\">\n</head>\n<body style=\"margin:0px 0px 0px 0px;overflow:auto;background:#FFFFFF;\">\n<table style=\"font-family:Arial,Verdana,Times;font-size:12px;text-align:left;width:100%;border-collapse:collapse;padding:3px 3px 3px 3px\">\n<tr style=\"text-align:center;font-weight:bold;background:#9CBCE2\">\n<td>Pacific:Cocos</td>\n</tr>\n<tr>\n<td>\n<table style=\"font-family:Arial,Verdana,Times;font-size:12px;text-align:left;width:100%;border-spacing:0px; padding:3px 3px 3px 3px\">\n<tr>\n<td>NAME</td>\n<td>Pacific:Cocos</td>\n</tr>\n<tr bgcolor=\"#D4E4F3\">\n<td>LABEL</td>\n<td>Divergent Boundary</td>\n</tr>\n</table>\n</td>\n</tr>\n</table>\n</body>\n</html>", "LABEL": "Divergent Boundary" }, "geometry": { "type": "MultiLineString", "coordinates": [ [ [ -108.233001709261401, 19.107000351285251, 0.0 ], [ -108.197998046572494, 19.222999572672169, 0.0 ] ] ] } },
{ "type": "Feature", "properties": { "Name": "North American:African", "Description": "<html xmlns:fo=\"http://www.w3.org/1999/XSL/Format\" xmlns:msxsl=\"urn:schemas-microsoft-com:xslt\">\n<head>\n<META http-equiv=\"Content-Type\" content=\"text/html\">\n<meta http-equiv=\"content-type\" content=\"text/html; charset=UTF-8\">\n</head>\n<body style=\"margin:0px 0px 0px 0px;overflow:auto;background:#FFFFFF;\">\n<table style=\"font-family:Arial,Verdana,Times;font-size:12px;text-align:left;width:100%;border-collapse:collapse;padding:3px 3px 3px 3px\">\n<tr style=\"text-align:center;font-weight:bold;background:#9CBCE2\">\n<td>North American:African</td>\n</tr>\n<tr>\n<td>\n<table style=\"font-family:Arial,Verdana,Times;font-size:12px;text-align:left;width:100%;border-spacing:0px; padding:3px 3px 3px 3px\">\n<tr>\n<td>NAME</td>\n<td>North American:African</td>\n</tr>\n<tr bgcolor=\"#D4E4F3\">\n<td>LABEL</td>\n<td>Divergent Boundary</td>\n</tr>\n</table>\n</td>\n</tr>\n</table>\n</body>\n</html>", "LABEL": "Divergent Boundary" }, "geometry": { "type": "MultiLineString", "coordinates": [ [ [ -46.000999450464242, 19.822999954584301, 0.0 ], [ -46.092998504877073, 19.377000809040169, 0.0 ], [ -46.183998107626508, 18.931999206798029, 0.0 ] ] ] } },
{ "type": "Feature", "properties": { "Name": "North American:African", "Description": "<html xmlns:fo=\"http://www.w3.org/1999/XSL/Format\" xmlns:msxsl=\"urn:schemas-microsoft-com:xslt\">\n<head>\n<META http-equiv=\"Content-Type\" content=\"text/html\">\n<meta http-equiv=\"content-type\" content=\"text/html; charset=UTF-8\">\n</head>\n<body style=\"margin:0px 0px 0px 0px;overflow:auto;background:#FFFFFF;\">\n<table style=\"font-family:Arial,Verdana,Times;font-size:12px;text-align:left;width:100%;border-collapse:collapse;padding:3px 3px 3px 3px\">\n<tr style=\"text-align:center;font-weight:bold;background:#9CBCE2\">\n<td>North American:African</td>\n</tr>\n<tr>\n<td>\n<table style=\"font-family:Arial,Verdana,Times;font-size:12px;text-align:left;width:100%;border-spacing:0px; padding:3px 3px 3px 3px\">\n<tr>\n<td>NAME</td>\n<td>North American:African</td>\n</tr>\n<tr bgcolor=\"#D4E4F3\">\n<td>LABEL</td>\n<td>Divergent Boundary</td>\n</tr>\n</table>\n</td>\n</tr>\n</table>\n</body>\n</html>", "LABEL": "Divergent Boundary" }, "geometry": { "type": "MultiLineString", "coordinates": [ [ [ -46.223999023236267, 18.934999465652879, 0.0 ], [ -46.318000793201982, 18.420999527006639, 0.0 ] ] ] } },
{ "type": "Feature", "properties": { "Name": "Pacific:Cocos", "Description": "<html xmlns:fo=\"http://www.w3.org/1999/XSL/Format\" xmlns:msxsl=\"urn:schemas-microsoft-com:xslt\">\n<head>\n<META http-equiv=\"Content-Type\" content=\"text/html\">\n<meta http-equiv=\"content-type\" content=\"text/html; charset=UTF-8\">\n</head>\n<body style=\"margin:0px 0px 0px 0px;overflow:auto;background:#FFFFFF;\">\n<table style=\"font-family:Arial,Verdana,Times;font-size:12px;text-align:left;width:100%;border-collapse:collapse;padding:3px 3px 3px 3px\">\n<tr style=\"text-align:center;font-weight:bold;background:#9CBCE2\">\n<td>Pacific:Cocos</td>\n</tr>\n<tr>\n<td>\n<table style=\"font-family:Arial,Verdana,Times;font-size:12px;text-align:left;width:100%;border-spacing:0px; padding:3px 3px 3px 3px\">\n<tr>\n<td>NAME</td>\n<td>Pacific:Cocos</td>\n</tr>\n<tr bgcolor=\"#D4E4F3\">\n<td>LABEL</td>\n<td>Divergent Boundary</td>\n</tr>\n</table>\n</td>\n</tr>\n</table>\n</body>\n</html>", "LABEL": "Divergent Boundary" }, "geometry": { "type": "MultiLineString", "coordinates": [ [ [ -106.307998657212195, 17.929000854705748, 0.0 ], [ -106.318000793801602, 18.016000747836301, 0.0 ], [ -106.310997009504405, 18.120000839467199, 0.0 ], [ -106.280998229584597, 18.281000137746219, 0.0 ], [ -106.244003296115196, 18.520000457355248, 0.0 ] ] ] } },
{ "type": "Feature", "properties": { "Name": "North American:Caribbean", "Description": "<html xmlns:fo=\"http://www.w3.org/1999/XSL/Format\" xmlns:msxsl=\"urn:schemas-microsoft-com:xslt\">\n<head>\n<META http-equiv=\"Content-Type\" content=\"text/html\">\n<meta http-equiv=\"content-type\" content=\"text/html; charset=UTF-8\">\n</head>\n<body style=\"margin:0px 0px 0px 0px;overflow:auto;background:#FFFFFF;\">\n<table style=\"font-family:Arial,Verdana,Times;font-size:12px;text-align:left;width:100%;border-collapse:collapse;padding:3px 3px 3px 3px\">\n<tr style=\"text-align:center;font-weight:bold;background:#9CBCE2\">\n<td>North American:Caribbean</td>\n</tr>\n<tr>\n<td>\n<table style=\"font-family:Arial,Verdana,Times;font-size:12px;text-align:left;width:100%;border-spacing:0px; padding:3px 3px 3px 3px\">\n<tr>\n<td>NAME</td>\n<td>North American:Caribbean</td>\n</tr>\n<tr bgcolor=\"#D4E4F3\">\n<td>LABEL</td>\n<td>Divergent Boundary</td>\n</tr>\n</table>\n</td>\n</tr>\n</table>\n</body>\n</html>", "LABEL": "Divergent Boundary" }, "geometry": { "type": "MultiLineString", "coordinates": [ [ [ -81.624999999550312, 17.802000045965372, 0.0 ], [ -81.689002990495567, 18.333000183112009, 0.0 ], [ -81.75399780235665, 18.864999771022671, 0.0 ] ] ] } },
{ "type": "Feature", "properties": { "Name": "North American:African", "Description": "<html xmlns:fo=\"http://www.w3.org/1999/XSL/Format\" xmlns:msxsl=\"urn:schemas-microsoft-com:xslt\">\n<head>\n<META http-equiv=\"Content-Type\" content=\"text/html\">\n<meta http-equiv=\"content-type\" content=\"text/html; charset=UTF-8\">\n</head>\n<body style=\"margin:0px 0px 0px 0px;overflow:auto;background:#FFFFFF;\">\n<table style=\"font-family:Arial,Verdana,Times;font-size:12px;text-align:left;width:100%;border-collapse:collapse;padding:3px 3px 3px 3px\">\n<tr style=\"text-align:center;font-weight:bold;background:#9CBCE2\">\n<td>North American:African</td>\n</tr>\n<tr>\n<td>\n<table style=\"font-family:Arial,Verdana,Times;font-size:12px;text-align:left;width:100%;border-spacing:0px; padding:3px 3px 3px 3px\">\n<tr>\n<td>NAME</td>\n<td>North American:African</td>\n</tr>\n<tr bgcolor=\"#D4E4F3\">\n<td>LABEL</td>\n<td>Divergent Boundary</td>\n</tr>\n</table>\n</td>\n</tr>\n</table>\n</body>\n</html>", "LABEL": "Divergent Boundary" }, "geometry": { "type": "MultiLineString", "coordinates": [ [ [ -46.390998840124333, 18.422000885232709, 0.0 ], [ -46.520000457854792, 17.587999344094499, 0.0 ] ] ] } },
{ "type": "Feature", "properties": { "Name": "North American:African", "Description": "<html xmlns:fo=\"http://www.w3.org/1999/XSL/Format\" xmlns:msxsl=\"urn:schemas-microsoft-com:xslt\">\n<head>\n<META http-equiv=\"Content-Type\" content=\"text/html\">\n<meta http-equiv=\"content-type\" content=\"text/html; charset=UTF-8\">\n</head>\n<body style=\"margin:0px 0px 0px 0px;overflow:auto;background:#FFFFFF;\">\n<table style=\"font-family:Arial,Verdana,Times;font-size:12px;text-align:left;width:100%;border-collapse:collapse;padding:3px 3px 3px 3px\">\n<tr style=\"text-align:center;font-weight:bold;background:#9CBCE2\">\n<td>North American:African</td>\n</tr>\n<tr>\n<td>\n<table style=\"font-family:Arial,Verdana,Times;font-size:12px;text-align:left;width:100%;border-spacing:0px; padding:3px 3px 3px 3px\">\n<tr>\n<td>NAME</td>\n<td>North American:African</td>\n</tr>\n<tr bgcolor=\"#D4E4F3\">\n<td>LABEL</td>\n<td>Divergent Boundary</td>\n</tr>\n</table>\n</td>\n</tr>\n</table>\n</body>\n</html>", "LABEL": "Divergent Boundary" }, "geometry": { "type": "MultiLineString", "coordinates": [ [ [ -46.407001495322731, 17.565999984311869, 0.0 ], [ -46.498001098971493, 17.086999893430399, 0.0 ], [ -46.589000701720977, 16.607000350885532, 0.0 ] ] ] } },
{ "type": "Feature", "properties": { "Name": "African:Arabian", "Description": "<html xmlns:fo=\"http://www.w3.org/1999/XSL/Format\" xmlns:msxsl=\"urn:schemas-microsoft-com:xslt\">\n<head>\n<META http-equiv=\"Content-Type\" content=\"text/html\">\n<meta http-equiv=\"content-type\" content=\"text/html; charset=UTF-8\">\n</head>\n<body style=\"margin:0px 0px 0px 0px;overflow:auto;background:#FFFFFF;\">\n<table style=\"font-family:Arial,Verdana,Times;font-size:12px;text-align:left;width:100%;border-collapse:collapse;padding:3px 3px 3px 3px\">\n<tr style=\"text-align:center;font-weight:bold;background:#9CBCE2\">\n<td>African:Arabian</td>\n</tr>\n<tr>\n<td>\n<table style=\"font-family:Arial,Verdana,Times;font-size:12px;text-align:left;width:100%;border-spacing:0px; padding:3px 3px 3px 3px\">\n<tr>\n<td>NAME</td>\n<td>African:Arabian</td>\n</tr>\n<tr bgcolor=\"#D4E4F3\">\n<td>LABEL</td>\n<td>Divergent Boundary</td>\n</tr>\n</table>\n</td>\n</tr>\n</table>\n</body>\n</html>", "LABEL": "Divergent Boundary" }, "geometry": { "type": "MultiLineString", "coordinates": [ [ [ 43.67218475602175, 12.08258585275496, 0.0 ], [ 43.253994139218207, 12.655201452984731, 0.0 ], [ 43.044898830816457, 13.12407259027788, 0.0 ], [ 42.507225180897422, 13.679680254240401, 0.0 ], [ 42.298129872495679, 14.07365195477394, 0.0 ], [ 42.268259113767158, 14.525142196155461, 0.0 ], [ 42.09839163046945, 15.049913683669621, 0.0 ], [ 41.828309752593043, 15.57416689638524, 0.0 ], [ 41.486206040976072, 16.027429052209019, 0.0 ], [ 41.126096869574951, 16.635941975042162, 0.0 ], [ 40.675960406447643, 17.190593061620579, 0.0 ], [ 40.207818484435563, 17.933257291091142, 0.0 ], [ 39.811698397063417, 18.50108532612694, 0.0 ], [ 39.415578308791957, 19.08413321407664, 0.0 ], [ 38.929430928794382, 19.511527351506121, 0.0 ], [ 38.479294464767797, 19.937781402190009, 0.0 ], [ 38.209212586891397, 20.379854007856238, 0.0 ], [ 37.974998474500069, 21.020999908518998, 0.0 ], [ 37.867108874375113, 21.59731454533005, 0.0 ], [ 37.813092499519307, 22.135138119428749, 0.0 ], [ 37.651043372253874, 22.55387504559695, 0.0 ], [ 37.380961494377523, 22.904624428374749, 0.0 ], [ 37.041999817037997, 23.22599983252633, 0.0 ], [ 36.696754070244197, 23.619958517171881, 0.0 ], [ 36.407001495722511, 24.132999420586831, 0.0 ], [ 36.242000579463252, 24.625999451113842, 0.0 ], [ 36.066001891674027, 25.055000305619672, 0.0 ], [ 35.888999939095982, 25.483999252663409, 0.0 ], [ 35.546001434418713, 25.91900062577832, 0.0 ], [ 35.200000762525242, 26.353000640667059, 0.0 ], [ 34.874999999650299, 26.80800056457446, 0.0 ], [ 34.547000885382602, 27.261999130255731, 0.0 ], [ 34.256999969373112, 27.885000229277239, 0.0 ] ] ] } },
{ "type": "Feature", "properties": { "Name": "North American:African", "Description": "<html xmlns:fo=\"http://www.w3.org/1999/XSL/Format\" xmlns:msxsl=\"urn:schemas-microsoft-com:xslt\">\n<head>\n<META http-equiv=\"Content-Type\" content=\"text/html\">\n<meta http-equiv=\"content-type\" content=\"text/html; charset=UTF-8\">\n</head>\n<body style=\"margin:0px 0px 0px 0px;overflow:auto;background:#FFFFFF;\">\n<table style=\"font-family:Arial,Verdana,Times;font-size:12px;text-align:left;width:100%;border-collapse:collapse;padding:3px 3px 3px 3px\">\n<tr style=\"text-align:center;font-weight:bold;background:#9CBCE2\">\n<td>North American:African</td>\n</tr>\n<tr>\n<td>\n<table style=\"font-family:Arial,Verdana,Times;font-size:12px;text-align:left;width:100%;border-spacing:0px; padding:3px 3px 3px 3px\">\n<tr>\n<td>NAME</td>\n<td>North American:African</td>\n</tr>\n<tr bgcolor=\"#D4E4F3\">\n<td>LABEL</td>\n<td>Divergent Boundary</td>\n</tr>\n</table>\n</td>\n</tr>\n</table>\n</body>\n</html>", "LABEL": "Divergent Boundary" }, "geometry": { "type": "MultiLineString", "coordinates": [ [ [ -46.528999328755958, 16.586999893530329, 0.0 ], [ -46.647998809897103, 16.01899909962879, 0.0 ], [ -46.765998840274221, 15.45100021318933, 0.0 ] ] ] } },
{ "type": "Feature", "properties": { "Name": "Pacific:Cocos", "Description": "<html xmlns:fo=\"http://www.w3.org/1999/XSL/Format\" xmlns:msxsl=\"urn:schemas-microsoft-com:xslt\">\n<head>\n<META http-equiv=\"Content-Type\" content=\"text/html\">\n<meta http-equiv=\"content-type\" content=\"text/html; charset=UTF-8\">\n</head>\n<body style=\"margin:0px 0px 0px 0px;overflow:auto;background:#FFFFFF;\">\n<table style=\"font-family:Arial,Verdana,Times;font-size:12px;text-align:left;width:100%;border-collapse:collapse;padding:3px 3px 3px 3px\">\n<tr style=\"text-align:center;font-weight:bold;background:#9CBCE2\">\n<td>Pacific:Cocos</td>\n</tr>\n<tr>\n<td>\n<table style=\"font-family:Arial,Verdana,Times;font-size:12px;text-align:left;width:100%;border-spacing:0px; padding:3px 3px 3px 3px\">\n<tr>\n<td>NAME</td>\n<td>Pacific:Cocos</td>\n</tr>\n<tr bgcolor=\"#D4E4F3\">\n<td>LABEL</td>\n<td>Divergent Boundary</td>\n</tr>\n</table>\n</td>\n</tr>\n</table>\n</body>\n</html>", "LABEL": "Divergent Boundary" }, "geometry": { "type": "MultiLineString", "coordinates": [ [ [ -105.319999694630198, 15.107999801949351, 0.0 ], [ -105.357002257947798, 15.5579996112931, 0.0 ], [ -105.398002624321606, 16.260000229127339, 0.0 ], [ -105.366996764688906, 17.031000137546361, 0.0 ], [ -105.399002075085704, 17.76799964896469, 0.0 ], [ -105.5859985353041, 17.881000518958839, 0.0 ] ] ] } },
{ "type": "Feature", "properties": { "Name": "Indian:Arabian", "Description": "<html xmlns:fo=\"http://www.w3.org/1999/XSL/Format\" xmlns:msxsl=\"urn:schemas-microsoft-com:xslt\">\n<head>\n<META http-equiv=\"Content-Type\" content=\"text/html\">\n<meta http-equiv=\"content-type\" content=\"text/html; charset=UTF-8\">\n</head>\n<body style=\"margin:0px 0px 0px 0px;overflow:auto;background:#FFFFFF;\">\n<table style=\"font-family:Arial,Verdana,Times;font-size:12px;text-align:left;width:100%;border-collapse:collapse;padding:3px 3px 3px 3px\">\n<tr style=\"text-align:center;font-weight:bold;background:#9CBCE2\">\n<td>Indian:Arabian</td>\n</tr>\n<tr>\n<td>\n<table style=\"font-family:Arial,Verdana,Times;font-size:12px;text-align:left;width:100%;border-spacing:0px; padding:3px 3px 3px 3px\">\n<tr>\n<td>NAME</td>\n<td>Indian:Arabian</td>\n</tr>\n<tr bgcolor=\"#D4E4F3\">\n<td>LABEL</td>\n<td>Divergent Boundary</td>\n</tr>\n</table>\n</td>\n</tr>\n</table>\n</body>\n</html>", "LABEL": "Divergent Boundary" }, "geometry": { "type": "MultiLineString", "coordinates": [ [ [ 59.034000397000803, 15.08800029787551, 0.0 ], [ 59.409999847015399, 14.895000457405221, 0.0 ] ] ] } },
{ "type": "Feature", "properties": { "Name": "African:Arabian", "Description": "<html xmlns:fo=\"http://www.w3.org/1999/XSL/Format\" xmlns:msxsl=\"urn:schemas-microsoft-com:xslt\">\n<head>\n<META http-equiv=\"Content-Type\" content=\"text/html\">\n<meta http-equiv=\"content-type\" content=\"text/html; charset=UTF-8\">\n</head>\n<body style=\"margin:0px 0px 0px 0px;overflow:auto;background:#FFFFFF;\">\n<table style=\"font-family:Arial,Verdana,Times;font-size:12px;text-align:left;width:100%;border-collapse:collapse;padding:3px 3px 3px 3px\">\n<tr style=\"text-align:center;font-weight:bold;background:#9CBCE2\">\n<td>African:Arabian</td>\n</tr>\n<tr>\n<td>\n<table style=\"font-family:Arial,Verdana,Times;font-size:12px;text-align:left;width:100%;border-spacing:0px; padding:3px 3px 3px 3px\">\n<tr>\n<td>NAME</td>\n<td>African:Arabian</td>\n</tr>\n<tr bgcolor=\"#D4E4F3\">\n<td>LABEL</td>\n<td>Divergent Boundary</td>\n</tr>\n</table>\n</td>\n</tr>\n</table>\n</body>\n</html>", "LABEL": "Divergent Boundary" }, "geometry": { "type": "MultiLineString", "coordinates": [ [ [ 54.54899978651099, 14.869999885486379, 0.0 ], [ 54.730998992909242, 14.800999641620191, 0.0 ], [ 54.958000182762312, 14.727000236471779, 0.0 ], [ 55.047000884883012, 14.711999892780851, 0.0 ] ] ] } },
{ "type": "Feature", "properties": { "Name": "Indian:Arabian", "Description": "<html xmlns:fo=\"http://www.w3.org/1999/XSL/Format\" xmlns:msxsl=\"urn:schemas-microsoft-com:xslt\">\n<head>\n<META http-equiv=\"Content-Type\" content=\"text/html\">\n<meta http-equiv=\"content-type\" content=\"text/html; charset=UTF-8\">\n</head>\n<body style=\"margin:0px 0px 0px 0px;overflow:auto;background:#FFFFFF;\">\n<table style=\"font-family:Arial,Verdana,Times;font-size:12px;text-align:left;width:100%;border-collapse:collapse;padding:3px 3px 3px 3px\">\n<tr style=\"text-align:center;font-weight:bold;background:#9CBCE2\">\n<td>Indian:Arabian</td>\n</tr>\n<tr>\n<td>\n<table style=\"font-family:Arial,Verdana,Times;font-size:12px;text-align:left;width:100%;border-spacing:0px; padding:3px 3px 3px 3px\">\n<tr>\n<td>NAME</td>\n<td>Indian:Arabian</td>\n</tr>\n<tr bgcolor=\"#D4E4F3\">\n<td>LABEL</td>\n<td>Divergent Boundary</td>\n</tr>\n</table>\n</td>\n</tr>\n</table>\n</body>\n</html>", "LABEL": "Divergent Boundary" }, "geometry": { "type": "MultiLineString", "coordinates": [ [ [ 58.213001251306757, 14.91600036642382, 0.0 ], [ 58.589000702220687, 14.6459999086689, 0.0 ] ] ] } },
{ "type": "Feature", "properties": { "Name": "African:Arabian", "Description": "<html xmlns:fo=\"http://www.w3.org/1999/XSL/Format\" xmlns:msxsl=\"urn:schemas-microsoft-com:xslt\">\n<head>\n<META http-equiv=\"Content-Type\" content=\"text/html\">\n<meta http-equiv=\"content-type\" content=\"text/html; charset=UTF-8\">\n</head>\n<body style=\"margin:0px 0px 0px 0px;overflow:auto;background:#FFFFFF;\">\n<table style=\"font-family:Arial,Verdana,Times;font-size:12px;text-align:left;width:100%;border-collapse:collapse;padding:3px 3px 3px 3px\">\n<tr style=\"text-align:center;font-weight:bold;background:#9CBCE2\">\n<td>African:Arabian</td>\n</tr>\n<tr>\n<td>\n<table style=\"font-family:Arial,Verdana,Times;font-size:12px;text-align:left;width:100%;border-spacing:0px; padding:3px 3px 3px 3px\">\n<tr>\n<td>NAME</td>\n<td>African:Arabian</td>\n</tr>\n<tr bgcolor=\"#D4E4F3\">\n<td>LABEL</td>\n<td>Divergent Boundary</td>\n</tr>\n</table>\n</td>\n</tr>\n</table>\n</body>\n</html>", "LABEL": "Divergent Boundary" }, "geometry": { "type": "MultiLineString", "coordinates": [ [ [ 54.069000243966123, 14.77200031246451, 0.0 ], [ 54.148998260261578, 14.732999801799449, 0.0 ], [ 54.193000793851581, 14.71000003797144, 0.0 ], [ 54.249000549735626, 14.69099998466163, 0.0 ], [ 54.286998748893211, 14.680999755534341, 0.0 ], [ 54.332000732347979, 14.67099952730638, 0.0 ], [ 54.38700103746794, 14.64000034334123, 0.0 ], [ 54.451000213489117, 14.62100029003142, 0.0 ] ] ] } },
{ "type": "Feature", "properties": { "Name": "African:Arabian", "Description": "<html xmlns:fo=\"http://www.w3.org/1999/XSL/Format\" xmlns:msxsl=\"urn:schemas-microsoft-com:xslt\">\n<head>\n<META http-equiv=\"Content-Type\" content=\"text/html\">\n<meta http-equiv=\"content-type\" content=\"text/html; charset=UTF-8\">\n</head>\n<body style=\"margin:0px 0px 0px 0px;overflow:auto;background:#FFFFFF;\">\n<table style=\"font-family:Arial,Verdana,Times;font-size:12px;text-align:left;width:100%;border-collapse:collapse;padding:3px 3px 3px 3px\">\n<tr style=\"text-align:center;font-weight:bold;background:#9CBCE2\">\n<td>African:Arabian</td>\n</tr>\n<tr>\n<td>\n<table style=\"font-family:Arial,Verdana,Times;font-size:12px;text-align:left;width:100%;border-spacing:0px; padding:3px 3px 3px 3px\">\n<tr>\n<td>NAME</td>\n<td>African:Arabian</td>\n</tr>\n<tr bgcolor=\"#D4E4F3\">\n<td>LABEL</td>\n<td>Divergent Boundary</td>\n</tr>\n</table>\n</td>\n</tr>\n</table>\n</body>\n</html>", "LABEL": "Divergent Boundary" }, "geometry": { "type": "MultiLineString", "coordinates": [ [ [ 55.108001708611987, 14.850999832176569, 0.0 ], [ 55.277999877792183, 14.788000106919471, 0.0 ], [ 55.479999542445, 14.72900009128125, 0.0 ], [ 55.631000519058773, 14.680999755534341, 0.0 ], [ 55.667999267452267, 14.72200012190814, 0.0 ], [ 55.821998596358192, 14.692000388707021, 0.0 ], [ 56.056999206348337, 14.640999794105261, 0.0 ], [ 56.179000854705748, 14.62100029003142, 0.0 ], [ 56.20800018296211, 14.642999648914721, 0.0 ], [ 56.264999389610182, 14.623000144840891, 0.0 ] ] ] } },
{ "type": "Feature", "properties": { "Name": "Indian:Arabian", "Description": "<html xmlns:fo=\"http://www.w3.org/1999/XSL/Format\" xmlns:msxsl=\"urn:schemas-microsoft-com:xslt\">\n<head>\n<META http-equiv=\"Content-Type\" content=\"text/html\">\n<meta http-equiv=\"content-type\" content=\"text/html; charset=UTF-8\">\n</head>\n<body style=\"margin:0px 0px 0px 0px;overflow:auto;background:#FFFFFF;\">\n<table style=\"font-family:Arial,Verdana,Times;font-size:12px;text-align:left;width:100%;border-collapse:collapse;padding:3px 3px 3px 3px\">\n<tr style=\"text-align:center;font-weight:bold;background:#9CBCE2\">\n<td>Indian:Arabian</td>\n</tr>\n<tr>\n<td>\n<table style=\"font-family:Arial,Verdana,Times;font-size:12px;text-align:left;width:100%;border-spacing:0px; padding:3px 3px 3px 3px\">\n<tr>\n<td>NAME</td>\n<td>Indian:Arabian</td>\n</tr>\n<tr bgcolor=\"#D4E4F3\">\n<td>LABEL</td>\n<td>Divergent Boundary</td>\n</tr>\n</table>\n</td>\n</tr>\n</table>\n</body>\n</html>", "LABEL": "Divergent Boundary" }, "geometry": { "type": "MultiLineString", "coordinates": [ [ [ 56.264999389610182, 14.623000144840891, 0.0 ], [ 57.000999450264487, 14.659999847415071, 0.0 ], [ 57.476001739888432, 14.661999702224531, 0.0 ], [ 57.98400115992564, 14.598999976967431, 0.0 ] ] ] } },
{ "type": "Feature", "properties": { "Name": "African:Arabian", "Description": "<html xmlns:fo=\"http://www.w3.org/1999/XSL/Format\" xmlns:msxsl=\"urn:schemas-microsoft-com:xslt\">\n<head>\n<META http-equiv=\"Content-Type\" content=\"text/html\">\n<meta http-equiv=\"content-type\" content=\"text/html; charset=UTF-8\">\n</head>\n<body style=\"margin:0px 0px 0px 0px;overflow:auto;background:#FFFFFF;\">\n<table style=\"font-family:Arial,Verdana,Times;font-size:12px;text-align:left;width:100%;border-collapse:collapse;padding:3px 3px 3px 3px\">\n<tr style=\"text-align:center;font-weight:bold;background:#9CBCE2\">\n<td>African:Arabian</td>\n</tr>\n<tr>\n<td>\n<table style=\"font-family:Arial,Verdana,Times;font-size:12px;text-align:left;width:100%;border-spacing:0px; padding:3px 3px 3px 3px\">\n<tr>\n<td>NAME</td>\n<td>African:Arabian</td>\n</tr>\n<tr bgcolor=\"#D4E4F3\">\n<td>LABEL</td>\n<td>Divergent Boundary</td>\n</tr>\n</table>\n</td>\n</tr>\n</table>\n</body>\n</html>", "LABEL": "Divergent Boundary" }, "geometry": { "type": "MultiLineString", "coordinates": [ [ [ 52.138999938996051, 14.689000129852159, 0.0 ], [ 52.29899978651099, 14.663000107169241, 0.0 ], [ 52.547000885382602, 14.59700012215797, 0.0 ], [ 52.666999817287767, 14.560999870347811, 0.0 ] ] ] } },
{ "type": "Feature", "properties": { "Name": "African:Arabian", "Description": "<html xmlns:fo=\"http://www.w3.org/1999/XSL/Format\" xmlns:msxsl=\"urn:schemas-microsoft-com:xslt\">\n<head>\n<META http-equiv=\"Content-Type\" content=\"text/html\">\n<meta http-equiv=\"content-type\" content=\"text/html; charset=UTF-8\">\n</head>\n<body style=\"margin:0px 0px 0px 0px;overflow:auto;background:#FFFFFF;\">\n<table style=\"font-family:Arial,Verdana,Times;font-size:12px;text-align:left;width:100%;border-collapse:collapse;padding:3px 3px 3px 3px\">\n<tr style=\"text-align:center;font-weight:bold;background:#9CBCE2\">\n<td>African:Arabian</td>\n</tr>\n<tr>\n<td>\n<table style=\"font-family:Arial,Verdana,Times;font-size:12px;text-align:left;width:100%;border-spacing:0px; padding:3px 3px 3px 3px\">\n<tr>\n<td>NAME</td>\n<td>African:Arabian</td>\n</tr>\n<tr bgcolor=\"#D4E4F3\">\n<td>LABEL</td>\n<td>Divergent Boundary</td>\n</tr>\n</table>\n</td>\n</tr>\n</table>\n</body>\n</html>", "LABEL": "Divergent Boundary" }, "geometry": { "type": "MultiLineString", "coordinates": [ [ [ 52.736999511917993, 14.680999755534341, 0.0 ], [ 52.907001495122977, 14.621999740795451, 0.0 ], [ 53.122001647757877, 14.55900001553835, 0.0 ], [ 53.210998534954463, 14.53800010651975, 0.0 ] ] ] } },
{ "type": "Feature", "properties": { "Name": "African:Arabian", "Description": "<html xmlns:fo=\"http://www.w3.org/1999/XSL/Format\" xmlns:msxsl=\"urn:schemas-microsoft-com:xslt\">\n<head>\n<META http-equiv=\"Content-Type\" content=\"text/html\">\n<meta http-equiv=\"content-type\" content=\"text/html; charset=UTF-8\">\n</head>\n<body style=\"margin:0px 0px 0px 0px;overflow:auto;background:#FFFFFF;\">\n<table style=\"font-family:Arial,Verdana,Times;font-size:12px;text-align:left;width:100%;border-collapse:collapse;padding:3px 3px 3px 3px\">\n<tr style=\"text-align:center;font-weight:bold;background:#9CBCE2\">\n<td>African:Arabian</td>\n</tr>\n<tr>\n<td>\n<table style=\"font-family:Arial,Verdana,Times;font-size:12px;text-align:left;width:100%;border-spacing:0px; padding:3px 3px 3px 3px\">\n<tr>\n<td>NAME</td>\n<td>African:Arabian</td>\n</tr>\n<tr bgcolor=\"#D4E4F3\">\n<td>LABEL</td>\n<td>Divergent Boundary</td>\n</tr>\n</table>\n</td>\n</tr>\n</table>\n</body>\n</html>", "LABEL": "Divergent Boundary" }, "geometry": { "type": "MultiLineString", "coordinates": [ [ [ 53.22000122077975, 14.562000274393201, 0.0 ], [ 53.35800170941144, 14.512000083836821, 0.0 ], [ 53.578998565731297, 14.440999985161231, 0.0 ], [ 53.818000793701742, 14.361000061403789, 0.0 ], [ 53.861999511468362, 14.3509998322765, 0.0 ] ] ] } },
{ "type": "Feature", "properties": { "Name": "African:Indian", "Description": "<html xmlns:fo=\"http://www.w3.org/1999/XSL/Format\" xmlns:msxsl=\"urn:schemas-microsoft-com:xslt\">\n<head>\n<META http-equiv=\"Content-Type\" content=\"text/html\">\n<meta http-equiv=\"content-type\" content=\"text/html; charset=UTF-8\">\n</head>\n<body style=\"margin:0px 0px 0px 0px;overflow:auto;background:#FFFFFF;\">\n<table style=\"font-family:Arial,Verdana,Times;font-size:12px;text-align:left;width:100%;border-collapse:collapse;padding:3px 3px 3px 3px\">\n<tr style=\"text-align:center;font-weight:bold;background:#9CBCE2\">\n<td>African:Indian</td>\n</tr>\n<tr>\n<td>\n<table style=\"font-family:Arial,Verdana,Times;font-size:12px;text-align:left;width:100%;border-spacing:0px; padding:3px 3px 3px 3px\">\n<tr>\n<td>NAME</td>\n<td>African:Indian</td>\n</tr>\n<tr bgcolor=\"#D4E4F3\">\n<td>LABEL</td>\n<td>Divergent Boundary</td>\n</tr>\n</table>\n</td>\n</tr>\n</table>\n</body>\n</html>", "LABEL": "Divergent Boundary" }, "geometry": { "type": "MultiLineString", "coordinates": [ [ [ 56.264999389610182, 14.623000144840891, 0.0 ], [ 56.819000243866242, 14.30200004576557, 0.0 ] ] ] } },
{ "type": "Feature", "properties": { "Name": "African:Indian", "Description": "<html xmlns:fo=\"http://www.w3.org/1999/XSL/Format\" xmlns:msxsl=\"urn:schemas-microsoft-com:xslt\">\n<head>\n<META http-equiv=\"Content-Type\" content=\"text/html\">\n<meta http-equiv=\"content-type\" content=\"text/html; charset=UTF-8\">\n</head>\n<body style=\"margin:0px 0px 0px 0px;overflow:auto;background:#FFFFFF;\">\n<table style=\"font-family:Arial,Verdana,Times;font-size:12px;text-align:left;width:100%;border-collapse:collapse;padding:3px 3px 3px 3px\">\n<tr style=\"text-align:center;font-weight:bold;background:#9CBCE2\">\n<td>African:Indian</td>\n</tr>\n<tr>\n<td>\n<table style=\"font-family:Arial,Verdana,Times;font-size:12px;text-align:left;width:100%;border-spacing:0px; padding:3px 3px 3px 3px\">\n<tr>\n<td>NAME</td>\n<td>African:Indian</td>\n</tr>\n<tr bgcolor=\"#D4E4F3\">\n<td>LABEL</td>\n<td>Divergent Boundary</td>\n</tr>\n</table>\n</td>\n</tr>\n</table>\n</body>\n</html>", "LABEL": "Divergent Boundary" }, "geometry": { "type": "MultiLineString", "coordinates": [ [ [ 56.76200103721817, 14.2080001832619, 0.0 ], [ 56.902999878141941, 14.140999794205189, 0.0 ], [ 57.03699874879328, 14.0679998398208, 0.0 ] ] ] } },
{ "type": "Feature", "properties": { "Name": "African:Indian", "Description": "<html xmlns:fo=\"http://www.w3.org/1999/XSL/Format\" xmlns:msxsl=\"urn:schemas-microsoft-com:xslt\">\n<head>\n<META http-equiv=\"Content-Type\" content=\"text/html\">\n<meta http-equiv=\"content-type\" content=\"text/html; charset=UTF-8\">\n</head>\n<body style=\"margin:0px 0px 0px 0px;overflow:auto;background:#FFFFFF;\">\n<table style=\"font-family:Arial,Verdana,Times;font-size:12px;text-align:left;width:100%;border-collapse:collapse;padding:3px 3px 3px 3px\">\n<tr style=\"text-align:center;font-weight:bold;background:#9CBCE2\">\n<td>African:Indian</td>\n</tr>\n<tr>\n<td>\n<table style=\"font-family:Arial,Verdana,Times;font-size:12px;text-align:left;width:100%;border-spacing:0px; padding:3px 3px 3px 3px\">\n<tr>\n<td>NAME</td>\n<td>African:Indian</td>\n</tr>\n<tr bgcolor=\"#D4E4F3\">\n<td>LABEL</td>\n<td>Divergent Boundary</td>\n</tr>\n</table>\n</td>\n</tr>\n</table>\n</body>\n</html>", "LABEL": "Divergent Boundary" }, "geometry": { "type": "MultiLineString", "coordinates": [ [ [ 56.969001769715931, 13.93700027474296, 0.0 ], [ 57.139999389660147, 13.8479995726222, 0.0 ], [ 57.298999786411059, 13.77200031266438, 0.0 ] ] ] } },
{ "type": "Feature", "properties": { "Name": "African:Indian", "Description": "<html xmlns:fo=\"http://www.w3.org/1999/XSL/Format\" xmlns:msxsl=\"urn:schemas-microsoft-com:xslt\">\n<head>\n<META http-equiv=\"Content-Type\" content=\"text/html\">\n<meta http-equiv=\"content-type\" content=\"text/html; charset=UTF-8\">\n</head>\n<body style=\"margin:0px 0px 0px 0px;overflow:auto;background:#FFFFFF;\">\n<table style=\"font-family:Arial,Verdana,Times;font-size:12px;text-align:left;width:100%;border-collapse:collapse;padding:3px 3px 3px 3px\">\n<tr style=\"text-align:center;font-weight:bold;background:#9CBCE2\">\n<td>African:Indian</td>\n</tr>\n<tr>\n<td>\n<table style=\"font-family:Arial,Verdana,Times;font-size:12px;text-align:left;width:100%;border-spacing:0px; padding:3px 3px 3px 3px\">\n<tr>\n<td>NAME</td>\n<td>African:Indian</td>\n</tr>\n<tr bgcolor=\"#D4E4F3\">\n<td>LABEL</td>\n<td>Divergent Boundary</td>\n</tr>\n</table>\n</td>\n</tr>\n</table>\n</body>\n</html>", "LABEL": "Divergent Boundary" }, "geometry": { "type": "MultiLineString", "coordinates": [ [ [ 57.30099868793917, 13.73999977137243, 0.0 ], [ 57.478000640517223, 13.642999649114589, 0.0 ], [ 57.68899917607115, 13.522999763928, 0.0 ], [ 57.810001373664527, 13.45100021358906, 0.0 ] ] ] } },
{ "type": "Feature", "properties": { "Name": "African:Arabian", "Description": "<html xmlns:fo=\"http://www.w3.org/1999/XSL/Format\" xmlns:msxsl=\"urn:schemas-microsoft-com:xslt\">\n<head>\n<META http-equiv=\"Content-Type\" content=\"text/html\">\n<meta http-equiv=\"content-type\" content=\"text/html; charset=UTF-8\">\n</head>\n<body style=\"margin:0px 0px 0px 0px;overflow:auto;background:#FFFFFF;\">\n<table style=\"font-family:Arial,Verdana,Times;font-size:12px;text-align:left;width:100%;border-collapse:collapse;padding:3px 3px 3px 3px\">\n<tr style=\"text-align:center;font-weight:bold;background:#9CBCE2\">\n<td>African:Arabian</td>\n</tr>\n<tr>\n<td>\n<table style=\"font-family:Arial,Verdana,Times;font-size:12px;text-align:left;width:100%;border-spacing:0px; padding:3px 3px 3px 3px\">\n<tr>\n<td>NAME</td>\n<td>African:Arabian</td>\n</tr>\n<tr bgcolor=\"#D4E4F3\">\n<td>LABEL</td>\n<td>Divergent Boundary</td>\n</tr>\n</table>\n</td>\n</tr>\n</table>\n</body>\n</html>", "LABEL": "Divergent Boundary" }, "geometry": { "type": "MultiLineString", "coordinates": [ [ [ 50.310001373364742, 13.31299972495737, 0.0 ], [ 50.429000854505887, 13.272999763528331, 0.0 ], [ 50.573001861746597, 13.218000411689671, 0.0 ] ] ] } },
{ "type": "Feature", "properties": { "Name": "African:Arabian", "Description": "<html xmlns:fo=\"http://www.w3.org/1999/XSL/Format\" xmlns:msxsl=\"urn:schemas-microsoft-com:xslt\">\n<head>\n<META http-equiv=\"Content-Type\" content=\"text/html\">\n<meta http-equiv=\"content-type\" content=\"text/html; charset=UTF-8\">\n</head>\n<body style=\"margin:0px 0px 0px 0px;overflow:auto;background:#FFFFFF;\">\n<table style=\"font-family:Arial,Verdana,Times;font-size:12px;text-align:left;width:100%;border-collapse:collapse;padding:3px 3px 3px 3px\">\n<tr style=\"text-align:center;font-weight:bold;background:#9CBCE2\">\n<td>African:Arabian</td>\n</tr>\n<tr>\n<td>\n<table style=\"font-family:Arial,Verdana,Times;font-size:12px;text-align:left;width:100%;border-spacing:0px; padding:3px 3px 3px 3px\">\n<tr>\n<td>NAME</td>\n<td>African:Arabian</td>\n</tr>\n<tr bgcolor=\"#D4E4F3\">\n<td>LABEL</td>\n<td>Divergent Boundary</td>\n</tr>\n</table>\n</td>\n</tr>\n</table>\n</body>\n</html>", "LABEL": "Divergent Boundary" }, "geometry": { "type": "MultiLineString", "coordinates": [ [ [ 49.680000304970179, 13.31299972495737, 0.0 ], [ 49.848999023386277, 13.25100040464503, 0.0 ], [ 50.061000823729103, 13.166999817087911, 0.0 ], [ 50.166999816888108, 13.123000145140621, 0.0 ] ] ] } },
{ "type": "Feature", "properties": { "Name": "African:Arabian", "Description": "<html xmlns:fo=\"http://www.w3.org/1999/XSL/Format\" xmlns:msxsl=\"urn:schemas-microsoft-com:xslt\">\n<head>\n<META http-equiv=\"Content-Type\" content=\"text/html\">\n<meta http-equiv=\"content-type\" content=\"text/html; charset=UTF-8\">\n</head>\n<body style=\"margin:0px 0px 0px 0px;overflow:auto;background:#FFFFFF;\">\n<table style=\"font-family:Arial,Verdana,Times;font-size:12px;text-align:left;width:100%;border-collapse:collapse;padding:3px 3px 3px 3px\">\n<tr style=\"text-align:center;font-weight:bold;background:#9CBCE2\">\n<td>African:Arabian</td>\n</tr>\n<tr>\n<td>\n<table style=\"font-family:Arial,Verdana,Times;font-size:12px;text-align:left;width:100%;border-spacing:0px; padding:3px 3px 3px 3px\">\n<tr>\n<td>NAME</td>\n<td>African:Arabian</td>\n</tr>\n<tr bgcolor=\"#D4E4F3\">\n<td>LABEL</td>\n<td>Divergent Boundary</td>\n</tr>\n</table>\n</td>\n</tr>\n</table>\n</body>\n</html>", "LABEL": "Divergent Boundary" }, "geometry": { "type": "MultiLineString", "coordinates": [ [ [ 50.660999298179149, 13.362000465649031, 0.0 ], [ 50.841999053813311, 13.279000282137361, 0.0 ], [ 51.078998565331567, 13.192000389006809, 0.0 ], [ 51.252998352492, 13.121999740195919, 0.0 ] ] ] } },
{ "type": "Feature", "properties": { "Name": "African:Arabian", "Description": "<html xmlns:fo=\"http://www.w3.org/1999/XSL/Format\" xmlns:msxsl=\"urn:schemas-microsoft-com:xslt\">\n<head>\n<META http-equiv=\"Content-Type\" content=\"text/html\">\n<meta http-equiv=\"content-type\" content=\"text/html; charset=UTF-8\">\n</head>\n<body style=\"margin:0px 0px 0px 0px;overflow:auto;background:#FFFFFF;\">\n<table style=\"font-family:Arial,Verdana,Times;font-size:12px;text-align:left;width:100%;border-collapse:collapse;padding:3px 3px 3px 3px\">\n<tr style=\"text-align:center;font-weight:bold;background:#9CBCE2\">\n<td>African:Arabian</td>\n</tr>\n<tr>\n<td>\n<table style=\"font-family:Arial,Verdana,Times;font-size:12px;text-align:left;width:100%;border-spacing:0px; padding:3px 3px 3px 3px\">\n<tr>\n<td>NAME</td>\n<td>African:Arabian</td>\n</tr>\n<tr bgcolor=\"#D4E4F3\">\n<td>LABEL</td>\n<td>Divergent Boundary</td>\n</tr>\n</table>\n</td>\n</tr>\n</table>\n</body>\n</html>", "LABEL": "Divergent Boundary" }, "geometry": { "type": "MultiLineString", "coordinates": [ [ [ 49.430000305469783, 13.041999817337739, 0.0 ], [ 49.472000121708277, 13.008000373618421, 0.0 ] ] ] } },
{ "type": "Feature", "properties": { "Name": "African:Arabian", "Description": "<html xmlns:fo=\"http://www.w3.org/1999/XSL/Format\" xmlns:msxsl=\"urn:schemas-microsoft-com:xslt\">\n<head>\n<META http-equiv=\"Content-Type\" content=\"text/html\">\n<meta http-equiv=\"content-type\" content=\"text/html; charset=UTF-8\">\n</head>\n<body style=\"margin:0px 0px 0px 0px;overflow:auto;background:#FFFFFF;\">\n<table style=\"font-family:Arial,Verdana,Times;font-size:12px;text-align:left;width:100%;border-collapse:collapse;padding:3px 3px 3px 3px\">\n<tr style=\"text-align:center;font-weight:bold;background:#9CBCE2\">\n<td>African:Arabian</td>\n</tr>\n<tr>\n<td>\n<table style=\"font-family:Arial,Verdana,Times;font-size:12px;text-align:left;width:100%;border-spacing:0px; padding:3px 3px 3px 3px\">\n<tr>\n<td>NAME</td>\n<td>African:Arabian</td>\n</tr>\n<tr bgcolor=\"#D4E4F3\">\n<td>LABEL</td>\n<td>Divergent Boundary</td>\n</tr>\n</table>\n</td>\n</tr>\n</table>\n</body>\n</html>", "LABEL": "Divergent Boundary" }, "geometry": { "type": "MultiLineString", "coordinates": [ [ [ 48.8819999698228, 12.90799999250572, 0.0 ], [ 49.06999969483013, 12.852999687385701, 0.0 ], [ 49.277999878091983, 12.802000046065301, 0.0 ] ] ] } },
{ "type": "Feature", "properties": { "Name": "African:Indian", "Description": "<html xmlns:fo=\"http://www.w3.org/1999/XSL/Format\" xmlns:msxsl=\"urn:schemas-microsoft-com:xslt\">\n<head>\n<META http-equiv=\"Content-Type\" content=\"text/html\">\n<meta http-equiv=\"content-type\" content=\"text/html; charset=UTF-8\">\n</head>\n<body style=\"margin:0px 0px 0px 0px;overflow:auto;background:#FFFFFF;\">\n<table style=\"font-family:Arial,Verdana,Times;font-size:12px;text-align:left;width:100%;border-collapse:collapse;padding:3px 3px 3px 3px\">\n<tr style=\"text-align:center;font-weight:bold;background:#9CBCE2\">\n<td>African:Indian</td>\n</tr>\n<tr>\n<td>\n<table style=\"font-family:Arial,Verdana,Times;font-size:12px;text-align:left;width:100%;border-spacing:0px; padding:3px 3px 3px 3px\">\n<tr>\n<td>NAME</td>\n<td>African:Indian</td>\n</tr>\n<tr bgcolor=\"#D4E4F3\">\n<td>LABEL</td>\n<td>Divergent Boundary</td>\n</tr>\n</table>\n</td>\n</tr>\n</table>\n</body>\n</html>", "LABEL": "Divergent Boundary" }, "geometry": { "type": "MultiLineString", "coordinates": [ [ [ 57.638999938796189, 13.13799953465087, 0.0 ], [ 57.868000030177313, 13.001999855009331, 0.0 ], [ 58.238998413246243, 12.744999885236551, 0.0 ] ] ] } },
{ "type": "Feature", "properties": { "Name": "African:South American", "Description": "<html xmlns:fo=\"http://www.w3.org/1999/XSL/Format\" xmlns:msxsl=\"urn:schemas-microsoft-com:xslt\">\n<head>\n<META http-equiv=\"Content-Type\" content=\"text/html\">\n<meta http-equiv=\"content-type\" content=\"text/html; charset=UTF-8\">\n</head>\n<body style=\"margin:0px 0px 0px 0px;overflow:auto;background:#FFFFFF;\">\n<table style=\"font-family:Arial,Verdana,Times;font-size:12px;text-align:left;width:100%;border-collapse:collapse;padding:3px 3px 3px 3px\">\n<tr style=\"text-align:center;font-weight:bold;background:#9CBCE2\">\n<td>African:South American</td>\n</tr>\n<tr>\n<td>\n<table style=\"font-family:Arial,Verdana,Times;font-size:12px;text-align:left;width:100%;border-spacing:0px; padding:3px 3px 3px 3px\">\n<tr>\n<td>NAME</td>\n<td>African:South American</td>\n</tr>\n<tr bgcolor=\"#D4E4F3\">\n<td>LABEL</td>\n<td>Divergent Boundary</td>\n</tr>\n</table>\n</td>\n</tr>\n</table>\n</body>\n</html>", "LABEL": "Divergent Boundary" }, "geometry": { "type": "MultiLineString", "coordinates": [ [ [ -45.03699874919289, 12.68000030516998, 0.0 ], [ -45.048999786410953, 13.336000442066791, 0.0 ], [ -45.061000823629058, 13.99199962658156, 0.0 ], [ -45.141998290688548, 14.02600002268292, 0.0 ], [ -45.136001587003591, 14.64700031271428, 0.0 ], [ -45.130001068394563, 15.267000198700259, 0.0 ] ] ] } },
{ "type": "Feature", "properties": { "Name": "African:Arabian", "Description": "<html xmlns:fo=\"http://www.w3.org/1999/XSL/Format\" xmlns:msxsl=\"urn:schemas-microsoft-com:xslt\">\n<head>\n<META http-equiv=\"Content-Type\" content=\"text/html\">\n<meta http-equiv=\"content-type\" content=\"text/html; charset=UTF-8\">\n</head>\n<body style=\"margin:0px 0px 0px 0px;overflow:auto;background:#FFFFFF;\">\n<table style=\"font-family:Arial,Verdana,Times;font-size:12px;text-align:left;width:100%;border-collapse:collapse;padding:3px 3px 3px 3px\">\n<tr style=\"text-align:center;font-weight:bold;background:#9CBCE2\">\n<td>African:Arabian</td>\n</tr>\n<tr>\n<td>\n<table style=\"font-family:Arial,Verdana,Times;font-size:12px;text-align:left;width:100%;border-spacing:0px; padding:3px 3px 3px 3px\">\n<tr>\n<td>NAME</td>\n<td>African:Arabian</td>\n</tr>\n<tr bgcolor=\"#D4E4F3\">\n<td>LABEL</td>\n<td>Divergent Boundary</td>\n</tr>\n</table>\n</td>\n</tr>\n</table>\n</body>\n</html>", "LABEL": "Divergent Boundary" }, "geometry": { "type": "MultiLineString", "coordinates": [ [ [ 48.448001861496778, 12.72900009168092, 0.0 ], [ 48.567001342637923, 12.6909999850613, 0.0 ], [ 48.699001312660528, 12.657999992105999, 0.0 ], [ 48.803001403392102, 12.770000458054771, 0.0 ] ] ] } },
{ "type": "Feature", "properties": { "Name": "African:Arabian", "Description": "<html xmlns:fo=\"http://www.w3.org/1999/XSL/Format\" xmlns:msxsl=\"urn:schemas-microsoft-com:xslt\">\n<head>\n<META http-equiv=\"Content-Type\" content=\"text/html\">\n<meta http-equiv=\"content-type\" content=\"text/html; charset=UTF-8\">\n</head>\n<body style=\"margin:0px 0px 0px 0px;overflow:auto;background:#FFFFFF;\">\n<table style=\"font-family:Arial,Verdana,Times;font-size:12px;text-align:left;width:100%;border-collapse:collapse;padding:3px 3px 3px 3px\">\n<tr style=\"text-align:center;font-weight:bold;background:#9CBCE2\">\n<td>African:Arabian</td>\n</tr>\n<tr>\n<td>\n<table style=\"font-family:Arial,Verdana,Times;font-size:12px;text-align:left;width:100%;border-spacing:0px; padding:3px 3px 3px 3px\">\n<tr>\n<td>NAME</td>\n<td>African:Arabian</td>\n</tr>\n<tr bgcolor=\"#D4E4F3\">\n<td>LABEL</td>\n<td>Divergent Boundary</td>\n</tr>\n</table>\n</td>\n</tr>\n</table>\n</body>\n</html>", "LABEL": "Divergent Boundary" }, "geometry": { "type": "MultiLineString", "coordinates": [ [ [ 48.048000335247309, 12.67099952680678, 0.0 ], [ 48.141998291188258, 12.64099979360566, 0.0 ], [ 48.268001556626587, 12.602000236221951, 0.0 ], [ 48.348999023686019, 12.572999953784921, 0.0 ] ] ] } },
{ "type": "Feature", "properties": { "Name": "African:Arabian", "Description": "<html xmlns:fo=\"http://www.w3.org/1999/XSL/Format\" xmlns:msxsl=\"urn:schemas-microsoft-com:xslt\">\n<head>\n<META http-equiv=\"Content-Type\" content=\"text/html\">\n<meta http-equiv=\"content-type\" content=\"text/html; charset=UTF-8\">\n</head>\n<body style=\"margin:0px 0px 0px 0px;overflow:auto;background:#FFFFFF;\">\n<table style=\"font-family:Arial,Verdana,Times;font-size:12px;text-align:left;width:100%;border-collapse:collapse;padding:3px 3px 3px 3px\">\n<tr style=\"text-align:center;font-weight:bold;background:#9CBCE2\">\n<td>African:Arabian</td>\n</tr>\n<tr>\n<td>\n<table style=\"font-family:Arial,Verdana,Times;font-size:12px;text-align:left;width:100%;border-spacing:0px; padding:3px 3px 3px 3px\">\n<tr>\n<td>NAME</td>\n<td>African:Arabian</td>\n</tr>\n<tr bgcolor=\"#D4E4F3\">\n<td>LABEL</td>\n<td>Divergent Boundary</td>\n</tr>\n</table>\n</td>\n</tr>\n</table>\n</body>\n</html>", "LABEL": "Divergent Boundary" }, "geometry": { "type": "MultiLineString", "coordinates": [ [ [ 47.648998260661237, 12.519000053609661, 0.0 ], [ 47.787998199157641, 12.491999625981981, 0.0 ], [ 47.90100097661383, 12.46100044291615, 0.0 ] ] ] } },
{ "type": "Feature", "properties": { "Name": "African:Arabian", "Description": "<html xmlns:fo=\"http://www.w3.org/1999/XSL/Format\" xmlns:msxsl=\"urn:schemas-microsoft-com:xslt\">\n<head>\n<META http-equiv=\"Content-Type\" content=\"text/html\">\n<meta http-equiv=\"content-type\" content=\"text/html; charset=UTF-8\">\n</head>\n<body style=\"margin:0px 0px 0px 0px;overflow:auto;background:#FFFFFF;\">\n<table style=\"font-family:Arial,Verdana,Times;font-size:12px;text-align:left;width:100%;border-collapse:collapse;padding:3px 3px 3px 3px\">\n<tr style=\"text-align:center;font-weight:bold;background:#9CBCE2\">\n<td>African:Arabian</td>\n</tr>\n<tr>\n<td>\n<table style=\"font-family:Arial,Verdana,Times;font-size:12px;text-align:left;width:100%;border-spacing:0px; padding:3px 3px 3px 3px\">\n<tr>\n<td>NAME</td>\n<td>African:Arabian</td>\n</tr>\n<tr bgcolor=\"#D4E4F3\">\n<td>LABEL</td>\n<td>Divergent Boundary</td>\n</tr>\n</table>\n</td>\n</tr>\n</table>\n</body>\n</html>", "LABEL": "Divergent Boundary" }, "geometry": { "type": "MultiLineString", "coordinates": [ [ [ 47.160999297979288, 12.46300029772561, 0.0 ], [ 47.319000243966123, 12.430000304770321, 0.0 ], [ 47.539001464446073, 12.369000435221951, 0.0 ] ] ] } },
{ "type": "Feature", "properties": { "Name": "African:Arabian", "Description": "<html xmlns:fo=\"http://www.w3.org/1999/XSL/Format\" xmlns:msxsl=\"urn:schemas-microsoft-com:xslt\">\n<head>\n<META http-equiv=\"Content-Type\" content=\"text/html\">\n<meta http-equiv=\"content-type\" content=\"text/html; charset=UTF-8\">\n</head>\n<body style=\"margin:0px 0px 0px 0px;overflow:auto;background:#FFFFFF;\">\n<table style=\"font-family:Arial,Verdana,Times;font-size:12px;text-align:left;width:100%;border-collapse:collapse;padding:3px 3px 3px 3px\">\n<tr style=\"text-align:center;font-weight:bold;background:#9CBCE2\">\n<td>African:Arabian</td>\n</tr>\n<tr>\n<td>\n<table style=\"font-family:Arial,Verdana,Times;font-size:12px;text-align:left;width:100%;border-spacing:0px; padding:3px 3px 3px 3px\">\n<tr>\n<td>NAME</td>\n<td>African:Arabian</td>\n</tr>\n<tr bgcolor=\"#D4E4F3\">\n<td>LABEL</td>\n<td>Divergent Boundary</td>\n</tr>\n</table>\n</td>\n</tr>\n</table>\n</body>\n</html>", "LABEL": "Divergent Boundary" }, "geometry": { "type": "MultiLineString", "coordinates": [ [ [ 46.992000579563133, 12.40299987804201, 0.0 ], [ 47.048999786211198, 12.38799953435108, 0.0 ], [ 47.130001068194822, 12.35900020609466, 0.0 ] ] ] } },
{ "type": "Feature", "properties": { "Name": "African:Arabian", "Description": "<html xmlns:fo=\"http://www.w3.org/1999/XSL/Format\" xmlns:msxsl=\"urn:schemas-microsoft-com:xslt\">\n<head>\n<META http-equiv=\"Content-Type\" content=\"text/html\">\n<meta http-equiv=\"content-type\" content=\"text/html; charset=UTF-8\">\n</head>\n<body style=\"margin:0px 0px 0px 0px;overflow:auto;background:#FFFFFF;\">\n<table style=\"font-family:Arial,Verdana,Times;font-size:12px;text-align:left;width:100%;border-collapse:collapse;padding:3px 3px 3px 3px\">\n<tr style=\"text-align:center;font-weight:bold;background:#9CBCE2\">\n<td>African:Arabian</td>\n</tr>\n<tr>\n<td>\n<table style=\"font-family:Arial,Verdana,Times;font-size:12px;text-align:left;width:100%;border-spacing:0px; padding:3px 3px 3px 3px\">\n<tr>\n<td>NAME</td>\n<td>African:Arabian</td>\n</tr>\n<tr bgcolor=\"#D4E4F3\">\n<td>LABEL</td>\n<td>Divergent Boundary</td>\n</tr>\n</table>\n</td>\n</tr>\n</table>\n</body>\n</html>", "LABEL": "Divergent Boundary" }, "geometry": { "type": "MultiLineString", "coordinates": [ [ [ 46.578998565331567, 12.291999817037951, 0.0 ], [ 46.716999053963207, 12.248000145090661, 0.0 ], [ 46.848999023086492, 12.211000442516481, 0.0 ] ] ] } },
{ "type": "Feature", "properties": { "Name": "African:South American", "Description": "<html xmlns:fo=\"http://www.w3.org/1999/XSL/Format\" xmlns:msxsl=\"urn:schemas-microsoft-com:xslt\">\n<head>\n<META http-equiv=\"Content-Type\" content=\"text/html\">\n<meta http-equiv=\"content-type\" content=\"text/html; charset=UTF-8\">\n</head>\n<body style=\"margin:0px 0px 0px 0px;overflow:auto;background:#FFFFFF;\">\n<table style=\"font-family:Arial,Verdana,Times;font-size:12px;text-align:left;width:100%;border-collapse:collapse;padding:3px 3px 3px 3px\">\n<tr style=\"text-align:center;font-weight:bold;background:#9CBCE2\">\n<td>African:South American</td>\n</tr>\n<tr>\n<td>\n<table style=\"font-family:Arial,Verdana,Times;font-size:12px;text-align:left;width:100%;border-spacing:0px; padding:3px 3px 3px 3px\">\n<tr>\n<td>NAME</td>\n<td>African:South American</td>\n</tr>\n<tr bgcolor=\"#D4E4F3\">\n<td>LABEL</td>\n<td>Divergent Boundary</td>\n</tr>\n</table>\n</td>\n</tr>\n</table>\n</body>\n</html>", "LABEL": "Divergent Boundary" }, "geometry": { "type": "MultiLineString", "coordinates": [ [ [ -44.277999877991931, 12.1009998322765, 0.0 ], [ -44.262001037717653, 12.626000404095411, 0.0 ] ] ] } },
{ "type": "Feature", "properties": { "Name": "African:Arabian", "Description": "<html xmlns:fo=\"http://www.w3.org/1999/XSL/Format\" xmlns:msxsl=\"urn:schemas-microsoft-com:xslt\">\n<head>\n<META http-equiv=\"Content-Type\" content=\"text/html\">\n<meta http-equiv=\"content-type\" content=\"text/html; charset=UTF-8\">\n</head>\n<body style=\"margin:0px 0px 0px 0px;overflow:auto;background:#FFFFFF;\">\n<table style=\"font-family:Arial,Verdana,Times;font-size:12px;text-align:left;width:100%;border-collapse:collapse;padding:3px 3px 3px 3px\">\n<tr style=\"text-align:center;font-weight:bold;background:#9CBCE2\">\n<td>African:Arabian</td>\n</tr>\n<tr>\n<td>\n<table style=\"font-family:Arial,Verdana,Times;font-size:12px;text-align:left;width:100%;border-spacing:0px; padding:3px 3px 3px 3px\">\n<tr>\n<td>NAME</td>\n<td>African:Arabian</td>\n</tr>\n<tr bgcolor=\"#D4E4F3\">\n<td>LABEL</td>\n<td>Divergent Boundary</td>\n</tr>\n</table>\n</td>\n</tr>\n</table>\n</body>\n</html>", "LABEL": "Divergent Boundary" }, "geometry": { "type": "MultiLineString", "coordinates": [ [ [ 46.198001861496778, 12.171999930952101, 0.0 ], [ 46.311000824028838, 12.14200019865029, 0.0 ], [ 46.429000854405963, 12.086999893530329, 0.0 ] ] ] } },
{ "type": "Feature", "properties": { "Name": "African:Arabian", "Description": "<html xmlns:fo=\"http://www.w3.org/1999/XSL/Format\" xmlns:msxsl=\"urn:schemas-microsoft-com:xslt\">\n<head>\n<META http-equiv=\"Content-Type\" content=\"text/html\">\n<meta http-equiv=\"content-type\" content=\"text/html; charset=UTF-8\">\n</head>\n<body style=\"margin:0px 0px 0px 0px;overflow:auto;background:#FFFFFF;\">\n<table style=\"font-family:Arial,Verdana,Times;font-size:12px;text-align:left;width:100%;border-collapse:collapse;padding:3px 3px 3px 3px\">\n<tr style=\"text-align:center;font-weight:bold;background:#9CBCE2\">\n<td>African:Arabian</td>\n</tr>\n<tr>\n<td>\n<table style=\"font-family:Arial,Verdana,Times;font-size:12px;text-align:left;width:100%;border-spacing:0px; padding:3px 3px 3px 3px\">\n<tr>\n<td>NAME</td>\n<td>African:Arabian</td>\n</tr>\n<tr bgcolor=\"#D4E4F3\">\n<td>LABEL</td>\n<td>Divergent Boundary</td>\n</tr>\n</table>\n</td>\n</tr>\n</table>\n</body>\n</html>", "LABEL": "Divergent Boundary" }, "geometry": { "type": "MultiLineString", "coordinates": [ [ [ 45.637001037867662, 12.15900039715064, 0.0 ], [ 45.650001525849802, 12.15200042687826, 0.0 ], [ 45.851001739738543, 12.100000381512469, 0.0 ], [ 46.110000610140112, 12.057999611093241, 0.0 ] ] ] } },
{ "type": "Feature", "properties": { "Name": "African:Arabian", "Description": "<html xmlns:fo=\"http://www.w3.org/1999/XSL/Format\" xmlns:msxsl=\"urn:schemas-microsoft-com:xslt\">\n<head>\n<META http-equiv=\"Content-Type\" content=\"text/html\">\n<meta http-equiv=\"content-type\" content=\"text/html; charset=UTF-8\">\n</head>\n<body style=\"margin:0px 0px 0px 0px;overflow:auto;background:#FFFFFF;\">\n<table style=\"font-family:Arial,Verdana,Times;font-size:12px;text-align:left;width:100%;border-collapse:collapse;padding:3px 3px 3px 3px\">\n<tr style=\"text-align:center;font-weight:bold;background:#9CBCE2\">\n<td>African:Arabian</td>\n</tr>\n<tr>\n<td>\n<table style=\"font-family:Arial,Verdana,Times;font-size:12px;text-align:left;width:100%;border-spacing:0px; padding:3px 3px 3px 3px\">\n<tr>\n<td>NAME</td>\n<td>African:Arabian</td>\n</tr>\n<tr bgcolor=\"#D4E4F3\">\n<td>LABEL</td>\n<td>Divergent Boundary</td>\n</tr>\n</table>\n</td>\n</tr>\n</table>\n</body>\n</html>", "LABEL": "Divergent Boundary" }, "geometry": { "type": "MultiLineString", "coordinates": [ [ [ 43.650001526249468, 12.012999534201191, 0.0 ], [ 44.048999786810782, 12.00800037381822, 0.0 ], [ 44.513000488182058, 12.012999534201191, 0.0 ], [ 44.77999877962003, 12.02200031256444, 0.0 ], [ 44.88199996972287, 12.019000053709529, 0.0 ], [ 44.912998199507342, 12.01200008433648, 0.0 ], [ 45.097000122357827, 11.99899959545502, 0.0 ], [ 45.280998230284133, 11.998000144690989, 0.0 ] ] ] } },
{ "type": "Feature", "properties": { "Name": "African:Arabian", "Description": "<html xmlns:fo=\"http://www.w3.org/1999/XSL/Format\" xmlns:msxsl=\"urn:schemas-microsoft-com:xslt\">\n<head>\n<META http-equiv=\"Content-Type\" content=\"text/html\">\n<meta http-equiv=\"content-type\" content=\"text/html; charset=UTF-8\">\n</head>\n<body style=\"margin:0px 0px 0px 0px;overflow:auto;background:#FFFFFF;\">\n<table style=\"font-family:Arial,Verdana,Times;font-size:12px;text-align:left;width:100%;border-collapse:collapse;padding:3px 3px 3px 3px\">\n<tr style=\"text-align:center;font-weight:bold;background:#9CBCE2\">\n<td>African:Arabian</td>\n</tr>\n<tr>\n<td>\n<table style=\"font-family:Arial,Verdana,Times;font-size:12px;text-align:left;width:100%;border-spacing:0px; padding:3px 3px 3px 3px\">\n<tr>\n<td>NAME</td>\n<td>African:Arabian</td>\n</tr>\n<tr bgcolor=\"#D4E4F3\">\n<td>LABEL</td>\n<td>Divergent Boundary</td>\n</tr>\n</table>\n</td>\n</tr>\n</table>\n</body>\n</html>", "LABEL": "Divergent Boundary" }, "geometry": { "type": "MultiLineString", "coordinates": [ [ [ 45.327999115267012, 12.05200004576557, 0.0 ], [ 45.42800140384179, 12.01799964876483, 0.0 ], [ 45.521999358883363, 11.98299980189938, 0.0 ] ] ] } },
{ "type": "Feature", "properties": { "Name": "Pacific:Cocos", "Description": "<html xmlns:fo=\"http://www.w3.org/1999/XSL/Format\" xmlns:msxsl=\"urn:schemas-microsoft-com:xslt\">\n<head>\n<META http-equiv=\"Content-Type\" content=\"text/html\">\n<meta http-equiv=\"content-type\" content=\"text/html; charset=UTF-8\">\n</head>\n<body style=\"margin:0px 0px 0px 0px;overflow:auto;background:#FFFFFF;\">\n<table style=\"font-family:Arial,Verdana,Times;font-size:12px;text-align:left;width:100%;border-collapse:collapse;padding:3px 3px 3px 3px\">\n<tr style=\"text-align:center;font-weight:bold;background:#9CBCE2\">\n<td>Pacific:Cocos</td>\n</tr>\n<tr>\n<td>\n<table style=\"font-family:Arial,Verdana,Times;font-size:12px;text-align:left;width:100%;border-spacing:0px; padding:3px 3px 3px 3px\">\n<tr>\n<td>NAME</td>\n<td>Pacific:Cocos</td>\n</tr>\n<tr bgcolor=\"#D4E4F3\">\n<td>LABEL</td>\n<td>Divergent Boundary</td>\n</tr>\n</table>\n</td>\n</tr>\n</table>\n</body>\n</html>", "LABEL": "Divergent Boundary" }, "geometry": { "type": "MultiLineString", "coordinates": [ [ [ -103.772003174107198, 11.890000343441161, 0.0 ], [ -103.927001952877802, 12.5869998934304, 0.0 ], [ -104.180999755434399, 13.32800006864829, 0.0 ], [ -104.436996459518994, 14.069999694630271, 0.0 ], [ -104.563003539881393, 14.67199993135182, 0.0 ], [ -104.690002441159706, 15.274000168073369, 0.0 ] ] ] } },
{ "type": "Feature", "properties": { "Name": "African:South American", "Description": "<html xmlns:fo=\"http://www.w3.org/1999/XSL/Format\" xmlns:msxsl=\"urn:schemas-microsoft-com:xslt\">\n<head>\n<META http-equiv=\"Content-Type\" content=\"text/html\">\n<meta http-equiv=\"content-type\" content=\"text/html; charset=UTF-8\">\n</head>\n<body style=\"margin:0px 0px 0px 0px;overflow:auto;background:#FFFFFF;\">\n<table style=\"font-family:Arial,Verdana,Times;font-size:12px;text-align:left;width:100%;border-collapse:collapse;padding:3px 3px 3px 3px\">\n<tr style=\"text-align:center;font-weight:bold;background:#9CBCE2\">\n<td>African:South American</td>\n</tr>\n<tr>\n<td>\n<table style=\"font-family:Arial,Verdana,Times;font-size:12px;text-align:left;width:100%;border-spacing:0px; padding:3px 3px 3px 3px\">\n<tr>\n<td>NAME</td>\n<td>African:South American</td>\n</tr>\n<tr bgcolor=\"#D4E4F3\">\n<td>LABEL</td>\n<td>Divergent Boundary</td>\n</tr>\n</table>\n</td>\n</tr>\n</table>\n</body>\n</html>", "LABEL": "Divergent Boundary" }, "geometry": { "type": "MultiLineString", "coordinates": [ [ [ -43.921001434568502, 10.9270000462152, 0.0 ], [ -43.902999877842042, 11.505999564928, 0.0 ], [ -43.883998871250867, 12.085000037821541, 0.0 ] ] ] } },
{ "type": "Feature", "properties": { "Name": "South American:Caribbean", "Description": "<html xmlns:fo=\"http://www.w3.org/1999/XSL/Format\" xmlns:msxsl=\"urn:schemas-microsoft-com:xslt\">\n<head>\n<META http-equiv=\"Content-Type\" content=\"text/html\">\n<meta http-equiv=\"content-type\" content=\"text/html; charset=UTF-8\">\n</head>\n<body style=\"margin:0px 0px 0px 0px;overflow:auto;background:#FFFFFF;\">\n<table style=\"font-family:Arial,Verdana,Times;font-size:12px;text-align:left;width:100%;border-collapse:collapse;padding:3px 3px 3px 3px\">\n<tr style=\"text-align:center;font-weight:bold;background:#9CBCE2\">\n<td>South American:Caribbean</td>\n</tr>\n<tr>\n<td>\n<table style=\"font-family:Arial,Verdana,Times;font-size:12px;text-align:left;width:100%;border-spacing:0px; padding:3px 3px 3px 3px\">\n<tr>\n<td>NAME</td>\n<td>South American:Caribbean</td>\n</tr>\n<tr bgcolor=\"#D4E4F3\">\n<td>LABEL</td>\n<td>Divergent Boundary</td>\n</tr>\n</table>\n</td>\n</tr>\n</table>\n</body>\n</html>", "LABEL": "Divergent Boundary" }, "geometry": { "type": "MultiLineString", "coordinates": [ [ [ -64.997001648107528, 10.538999557183841, 0.0 ], [ -65.121002197093674, 10.60000038181221, 0.0 ] ] ] } },
{ "type": "Feature", "properties": { "Name": "Pacific:Cocos", "Description": "<html xmlns:fo=\"http://www.w3.org/1999/XSL/Format\" xmlns:msxsl=\"urn:schemas-microsoft-com:xslt\">\n<head>\n<META http-equiv=\"Content-Type\" content=\"text/html\">\n<meta http-equiv=\"content-type\" content=\"text/html; charset=UTF-8\">\n</head>\n<body style=\"margin:0px 0px 0px 0px;overflow:auto;background:#FFFFFF;\">\n<table style=\"font-family:Arial,Verdana,Times;font-size:12px;text-align:left;width:100%;border-collapse:collapse;padding:3px 3px 3px 3px\">\n<tr style=\"text-align:center;font-weight:bold;background:#9CBCE2\">\n<td>Pacific:Cocos</td>\n</tr>\n<tr>\n<td>\n<table style=\"font-family:Arial,Verdana,Times;font-size:12px;text-align:left;width:100%;border-spacing:0px; padding:3px 3px 3px 3px\">\n<tr>\n<td>NAME</td>\n<td>Pacific:Cocos</td>\n</tr>\n<tr bgcolor=\"#D4E4F3\">\n<td>LABEL</td>\n<td>Divergent Boundary</td>\n</tr>\n</table>\n</td>\n</tr>\n</table>\n</body>\n</html>", "LABEL": "Divergent Boundary" }, "geometry": { "type": "MultiLineString", "coordinates": [ [ [ -103.597999572921907, 10.123000144840891, 0.0 ], [ -103.627998351942395, 10.274999618937329, 0.0 ], [ -103.738998412946401, 10.937000274443159, 0.0 ], [ -103.806999206947793, 11.40499973305128, 0.0 ], [ -103.875000000049894, 11.871999740895379, 0.0 ] ] ] } },
{ "type": "Feature", "properties": { "Name": "African:South American", "Description": "<html xmlns:fo=\"http://www.w3.org/1999/XSL/Format\" xmlns:msxsl=\"urn:schemas-microsoft-com:xslt\">\n<head>\n<META http-equiv=\"Content-Type\" content=\"text/html\">\n<meta http-equiv=\"content-type\" content=\"text/html; charset=UTF-8\">\n</head>\n<body style=\"margin:0px 0px 0px 0px;overflow:auto;background:#FFFFFF;\">\n<table style=\"font-family:Arial,Verdana,Times;font-size:12px;text-align:left;width:100%;border-collapse:collapse;padding:3px 3px 3px 3px\">\n<tr style=\"text-align:center;font-weight:bold;background:#9CBCE2\">\n<td>African:South American</td>\n</tr>\n<tr>\n<td>\n<table style=\"font-family:Arial,Verdana,Times;font-size:12px;text-align:left;width:100%;border-spacing:0px; padding:3px 3px 3px 3px\">\n<tr>\n<td>NAME</td>\n<td>African:South American</td>\n</tr>\n<tr bgcolor=\"#D4E4F3\">\n<td>LABEL</td>\n<td>Divergent Boundary</td>\n</tr>\n</table>\n</td>\n</tr>\n</table>\n</body>\n</html>", "LABEL": "Divergent Boundary" }, "geometry": { "type": "MultiLineString", "coordinates": [ [ [ -41.083000183311754, 9.979000091780847, 0.0 ], [ -41.087001800392727, 10.7869997027741, 0.0 ] ] ] } },
{ "type": "Feature", "properties": { "Name": "African:Indian", "Description": "<html xmlns:fo=\"http://www.w3.org/1999/XSL/Format\" xmlns:msxsl=\"urn:schemas-microsoft-com:xslt\">\n<head>\n<META http-equiv=\"Content-Type\" content=\"text/html\">\n<meta http-equiv=\"content-type\" content=\"text/html; charset=UTF-8\">\n</head>\n<body style=\"margin:0px 0px 0px 0px;overflow:auto;background:#FFFFFF;\">\n<table style=\"font-family:Arial,Verdana,Times;font-size:12px;text-align:left;width:100%;border-collapse:collapse;padding:3px 3px 3px 3px\">\n<tr style=\"text-align:center;font-weight:bold;background:#9CBCE2\">\n<td>African:Indian</td>\n</tr>\n<tr>\n<td>\n<table style=\"font-family:Arial,Verdana,Times;font-size:12px;text-align:left;width:100%;border-spacing:0px; padding:3px 3px 3px 3px\">\n<tr>\n<td>NAME</td>\n<td>African:Indian</td>\n</tr>\n<tr bgcolor=\"#D4E4F3\">\n<td>LABEL</td>\n<td>Divergent Boundary</td>\n</tr>\n</table>\n</td>\n</tr>\n</table>\n</body>\n</html>", "LABEL": "Divergent Boundary" }, "geometry": { "type": "MultiLineString", "coordinates": [ [ [ 58.062999725457018, 9.531999588010649, 0.0 ], [ 57.491001129398683, 9.942000389206669, 0.0 ], [ 57.261001587253531, 9.680999755634275, 0.0 ], [ 57.028999328656141, 9.857000350885528, 0.0 ], [ 56.978000640617097, 9.857000350885528, 0.0 ], [ 56.918998718416162, 9.97099971746303, 0.0 ] ] ] } },
{ "type": "Feature", "properties": { "Name": "African:South American", "Description": "<html xmlns:fo=\"http://www.w3.org/1999/XSL/Format\" xmlns:msxsl=\"urn:schemas-microsoft-com:xslt\">\n<head>\n<META http-equiv=\"Content-Type\" content=\"text/html\">\n<meta http-equiv=\"content-type\" content=\"text/html; charset=UTF-8\">\n</head>\n<body style=\"margin:0px 0px 0px 0px;overflow:auto;background:#FFFFFF;\">\n<table style=\"font-family:Arial,Verdana,Times;font-size:12px;text-align:left;width:100%;border-collapse:collapse;padding:3px 3px 3px 3px\">\n<tr style=\"text-align:center;font-weight:bold;background:#9CBCE2\">\n<td>African:South American</td>\n</tr>\n<tr>\n<td>\n<table style=\"font-family:Arial,Verdana,Times;font-size:12px;text-align:left;width:100%;border-spacing:0px; padding:3px 3px 3px 3px\">\n<tr>\n<td>NAME</td>\n<td>African:South American</td>\n</tr>\n<tr bgcolor=\"#D4E4F3\">\n<td>LABEL</td>\n<td>Divergent Boundary</td>\n</tr>\n</table>\n</td>\n</tr>\n</table>\n</body>\n</html>", "LABEL": "Divergent Boundary" }, "geometry": { "type": "MultiLineString", "coordinates": [ [ [ -40.865001678384722, 9.388999938996051, 0.0 ], [ -40.861000061303741, 9.972999573171819, 0.0 ] ] ] } },
{ "type": "Feature", "properties": { "Name": "African:Indian", "Description": "<html xmlns:fo=\"http://www.w3.org/1999/XSL/Format\" xmlns:msxsl=\"urn:schemas-microsoft-com:xslt\">\n<head>\n<META http-equiv=\"Content-Type\" content=\"text/html\">\n<meta http-equiv=\"content-type\" content=\"text/html; charset=UTF-8\">\n</head>\n<body style=\"margin:0px 0px 0px 0px;overflow:auto;background:#FFFFFF;\">\n<table style=\"font-family:Arial,Verdana,Times;font-size:12px;text-align:left;width:100%;border-collapse:collapse;padding:3px 3px 3px 3px\">\n<tr style=\"text-align:center;font-weight:bold;background:#9CBCE2\">\n<td>African:Indian</td>\n</tr>\n<tr>\n<td>\n<table style=\"font-family:Arial,Verdana,Times;font-size:12px;text-align:left;width:100%;border-spacing:0px; padding:3px 3px 3px 3px\">\n<tr>\n<td>NAME</td>\n<td>African:Indian</td>\n</tr>\n<tr bgcolor=\"#D4E4F3\">\n<td>LABEL</td>\n<td>Divergent Boundary</td>\n</tr>\n</table>\n</td>\n</tr>\n</table>\n</body>\n</html>", "LABEL": "Divergent Boundary" }, "geometry": { "type": "MultiLineString", "coordinates": [ [ [ 58.263000488581717, 9.293000221682917, 0.0 ], [ 58.018001556027059, 9.449999809443682, 0.0 ] ] ] } },
{ "type": "Feature", "properties": { "Name": "African:Indian", "Description": "<html xmlns:fo=\"http://www.w3.org/1999/XSL/Format\" xmlns:msxsl=\"urn:schemas-microsoft-com:xslt\">\n<head>\n<META http-equiv=\"Content-Type\" content=\"text/html\">\n<meta http-equiv=\"content-type\" content=\"text/html; charset=UTF-8\">\n</head>\n<body style=\"margin:0px 0px 0px 0px;overflow:auto;background:#FFFFFF;\">\n<table style=\"font-family:Arial,Verdana,Times;font-size:12px;text-align:left;width:100%;border-collapse:collapse;padding:3px 3px 3px 3px\">\n<tr style=\"text-align:center;font-weight:bold;background:#9CBCE2\">\n<td>African:Indian</td>\n</tr>\n<tr>\n<td>\n<table style=\"font-family:Arial,Verdana,Times;font-size:12px;text-align:left;width:100%;border-spacing:0px; padding:3px 3px 3px 3px\">\n<tr>\n<td>NAME</td>\n<td>African:Indian</td>\n</tr>\n<tr bgcolor=\"#D4E4F3\">\n<td>LABEL</td>\n<td>Divergent Boundary</td>\n</tr>\n</table>\n</td>\n</tr>\n</table>\n</body>\n</html>", "LABEL": "Divergent Boundary" }, "geometry": { "type": "MultiLineString", "coordinates": [ [ [ 58.430000305469783, 8.86299991641306, 0.0 ], [ 58.147998809597432, 9.090000152984715, 0.0 ] ] ] } },
{ "type": "Feature", "properties": { "Name": "African:South American", "Description": "<html xmlns:fo=\"http://www.w3.org/1999/XSL/Format\" xmlns:msxsl=\"urn:schemas-microsoft-com:xslt\">\n<head>\n<META http-equiv=\"Content-Type\" content=\"text/html\">\n<meta http-equiv=\"content-type\" content=\"text/html; charset=UTF-8\">\n</head>\n<body style=\"margin:0px 0px 0px 0px;overflow:auto;background:#FFFFFF;\">\n<table style=\"font-family:Arial,Verdana,Times;font-size:12px;text-align:left;width:100%;border-collapse:collapse;padding:3px 3px 3px 3px\">\n<tr style=\"text-align:center;font-weight:bold;background:#9CBCE2\">\n<td>African:South American</td>\n</tr>\n<tr>\n<td>\n<table style=\"font-family:Arial,Verdana,Times;font-size:12px;text-align:left;width:100%;border-spacing:0px; padding:3px 3px 3px 3px\">\n<tr>\n<td>NAME</td>\n<td>African:South American</td>\n</tr>\n<tr bgcolor=\"#D4E4F3\">\n<td>LABEL</td>\n<td>Divergent Boundary</td>\n</tr>\n</table>\n</td>\n</tr>\n</table>\n</body>\n</html>", "LABEL": "Divergent Boundary" }, "geometry": { "type": "MultiLineString", "coordinates": [ [ [ -40.652000427277869, 8.840999603349076, 0.0 ], [ -40.639999390059756, 9.373000144541095, 0.0 ] ] ] } },
{ "type": "Feature", "properties": { "Name": "Pacific:Cocos", "Description": "<html xmlns:fo=\"http://www.w3.org/1999/XSL/Format\" xmlns:msxsl=\"urn:schemas-microsoft-com:xslt\">\n<head>\n<META http-equiv=\"Content-Type\" content=\"text/html\">\n<meta http-equiv=\"content-type\" content=\"text/html; charset=UTF-8\">\n</head>\n<body style=\"margin:0px 0px 0px 0px;overflow:auto;background:#FFFFFF;\">\n<table style=\"font-family:Arial,Verdana,Times;font-size:12px;text-align:left;width:100%;border-collapse:collapse;padding:3px 3px 3px 3px\">\n<tr style=\"text-align:center;font-weight:bold;background:#9CBCE2\">\n<td>Pacific:Cocos</td>\n</tr>\n<tr>\n<td>\n<table style=\"font-family:Arial,Verdana,Times;font-size:12px;text-align:left;width:100%;border-spacing:0px; padding:3px 3px 3px 3px\">\n<tr>\n<td>NAME</td>\n<td>Pacific:Cocos</td>\n</tr>\n<tr bgcolor=\"#D4E4F3\">\n<td>LABEL</td>\n<td>Divergent Boundary</td>\n</tr>\n</table>\n</td>\n</tr>\n</table>\n</body>\n</html>", "LABEL": "Divergent Boundary" }, "geometry": { "type": "MultiLineString", "coordinates": [ [ [ -104.228996277156497, 8.340000152684922, 0.0 ], [ -104.2580032352611, 8.456000328252571, 0.0 ], [ -104.2959976194945, 9.175000190406536, 0.0 ], [ -104.2959976194945, 10.017000198400471, 0.0 ] ] ] } },
{ "type": "Feature", "properties": { "Name": "African:South American", "Description": "<html xmlns:fo=\"http://www.w3.org/1999/XSL/Format\" xmlns:msxsl=\"urn:schemas-microsoft-com:xslt\">\n<head>\n<META http-equiv=\"Content-Type\" content=\"text/html\">\n<meta http-equiv=\"content-type\" content=\"text/html; charset=UTF-8\">\n</head>\n<body style=\"margin:0px 0px 0px 0px;overflow:auto;background:#FFFFFF;\">\n<table style=\"font-family:Arial,Verdana,Times;font-size:12px;text-align:left;width:100%;border-collapse:collapse;padding:3px 3px 3px 3px\">\n<tr style=\"text-align:center;font-weight:bold;background:#9CBCE2\">\n<td>African:South American</td>\n</tr>\n<tr>\n<td>\n<table style=\"font-family:Arial,Verdana,Times;font-size:12px;text-align:left;width:100%;border-spacing:0px; padding:3px 3px 3px 3px\">\n<tr>\n<td>NAME</td>\n<td>African:South American</td>\n</tr>\n<tr bgcolor=\"#D4E4F3\">\n<td>LABEL</td>\n<td>Divergent Boundary</td>\n</tr>\n</table>\n</td>\n</tr>\n</table>\n</body>\n</html>", "LABEL": "Divergent Boundary" }, "geometry": { "type": "MultiLineString", "coordinates": [ [ [ -40.140998840024402, 8.215000152934749, 0.0 ], [ -40.119998931905123, 8.814999580666154, 0.0 ] ] ] } },
{ "type": "Feature", "properties": { "Name": "African:Indian", "Description": "<html xmlns:fo=\"http://www.w3.org/1999/XSL/Format\" xmlns:msxsl=\"urn:schemas-microsoft-com:xslt\">\n<head>\n<META http-equiv=\"Content-Type\" content=\"text/html\">\n<meta http-equiv=\"content-type\" content=\"text/html; charset=UTF-8\">\n</head>\n<body style=\"margin:0px 0px 0px 0px;overflow:auto;background:#FFFFFF;\">\n<table style=\"font-family:Arial,Verdana,Times;font-size:12px;text-align:left;width:100%;border-collapse:collapse;padding:3px 3px 3px 3px\">\n<tr style=\"text-align:center;font-weight:bold;background:#9CBCE2\">\n<td>African:Indian</td>\n</tr>\n<tr>\n<td>\n<table style=\"font-family:Arial,Verdana,Times;font-size:12px;text-align:left;width:100%;border-spacing:0px; padding:3px 3px 3px 3px\">\n<tr>\n<td>NAME</td>\n<td>African:Indian</td>\n</tr>\n<tr bgcolor=\"#D4E4F3\">\n<td>LABEL</td>\n<td>Divergent Boundary</td>\n</tr>\n</table>\n</td>\n</tr>\n</table>\n</body>\n</html>", "LABEL": "Divergent Boundary" }, "geometry": { "type": "MultiLineString", "coordinates": [ [ [ 58.917999267252412, 8.166999817187843, 0.0 ], [ 58.611000061103987, 8.40100002313261, 0.0 ], [ 58.250999450464349, 8.647000313014075, 0.0 ] ] ] } },
{ "type": "Feature", "properties": { "Name": "African:Indian", "Description": "<html xmlns:fo=\"http://www.w3.org/1999/XSL/Format\" xmlns:msxsl=\"urn:schemas-microsoft-com:xslt\">\n<head>\n<META http-equiv=\"Content-Type\" content=\"text/html\">\n<meta http-equiv=\"content-type\" content=\"text/html; charset=UTF-8\">\n</head>\n<body style=\"margin:0px 0px 0px 0px;overflow:auto;background:#FFFFFF;\">\n<table style=\"font-family:Arial,Verdana,Times;font-size:12px;text-align:left;width:100%;border-collapse:collapse;padding:3px 3px 3px 3px\">\n<tr style=\"text-align:center;font-weight:bold;background:#9CBCE2\">\n<td>African:Indian</td>\n</tr>\n<tr>\n<td>\n<table style=\"font-family:Arial,Verdana,Times;font-size:12px;text-align:left;width:100%;border-spacing:0px; padding:3px 3px 3px 3px\">\n<tr>\n<td>NAME</td>\n<td>African:Indian</td>\n</tr>\n<tr bgcolor=\"#D4E4F3\">\n<td>LABEL</td>\n<td>Divergent Boundary</td>\n</tr>\n</table>\n</td>\n</tr>\n</table>\n</body>\n</html>", "LABEL": "Divergent Boundary" }, "geometry": { "type": "MultiLineString", "coordinates": [ [ [ 59.308998107676587, 7.768000125805202, 0.0 ], [ 58.880001068094877, 8.097000121658311, 0.0 ] ] ] } },
{ "type": "Feature", "properties": { "Name": "African:South American", "Description": "<html xmlns:fo=\"http://www.w3.org/1999/XSL/Format\" xmlns:msxsl=\"urn:schemas-microsoft-com:xslt\">\n<head>\n<META http-equiv=\"Content-Type\" content=\"text/html\">\n<meta http-equiv=\"content-type\" content=\"text/html; charset=UTF-8\">\n</head>\n<body style=\"margin:0px 0px 0px 0px;overflow:auto;background:#FFFFFF;\">\n<table style=\"font-family:Arial,Verdana,Times;font-size:12px;text-align:left;width:100%;border-collapse:collapse;padding:3px 3px 3px 3px\">\n<tr style=\"text-align:center;font-weight:bold;background:#9CBCE2\">\n<td>African:South American</td>\n</tr>\n<tr>\n<td>\n<table style=\"font-family:Arial,Verdana,Times;font-size:12px;text-align:left;width:100%;border-spacing:0px; padding:3px 3px 3px 3px\">\n<tr>\n<td>NAME</td>\n<td>African:South American</td>\n</tr>\n<tr bgcolor=\"#D4E4F3\">\n<td>LABEL</td>\n<td>Divergent Boundary</td>\n</tr>\n</table>\n</td>\n</tr>\n</table>\n</body>\n</html>", "LABEL": "Divergent Boundary" }, "geometry": { "type": "MultiLineString", "coordinates": [ [ [ -38.207000731998157, 7.703000069097982, 0.0 ], [ -38.221000671643651, 8.140000343740894, 0.0 ] ] ] } },
{ "type": "Feature", "properties": { "Name": "African:South American", "Description": "<html xmlns:fo=\"http://www.w3.org/1999/XSL/Format\" xmlns:msxsl=\"urn:schemas-microsoft-com:xslt\">\n<head>\n<META http-equiv=\"Content-Type\" content=\"text/html\">\n<meta http-equiv=\"content-type\" content=\"text/html; charset=UTF-8\">\n</head>\n<body style=\"margin:0px 0px 0px 0px;overflow:auto;background:#FFFFFF;\">\n<table style=\"font-family:Arial,Verdana,Times;font-size:12px;text-align:left;width:100%;border-collapse:collapse;padding:3px 3px 3px 3px\">\n<tr style=\"text-align:center;font-weight:bold;background:#9CBCE2\">\n<td>African:South American</td>\n</tr>\n<tr>\n<td>\n<table style=\"font-family:Arial,Verdana,Times;font-size:12px;text-align:left;width:100%;border-spacing:0px; padding:3px 3px 3px 3px\">\n<tr>\n<td>NAME</td>\n<td>African:South American</td>\n</tr>\n<tr bgcolor=\"#D4E4F3\">\n<td>LABEL</td>\n<td>Divergent Boundary</td>\n</tr>\n</table>\n</td>\n</tr>\n</table>\n</body>\n</html>", "LABEL": "Divergent Boundary" }, "geometry": { "type": "MultiLineString", "coordinates": [ [ [ -36.851001739538617, 7.401000023332472, 0.0 ], [ -36.865001678284777, 7.653999805047022, 0.0 ] ] ] } },
{ "type": "Feature", "properties": { "Name": "African:South American", "Description": "<html xmlns:fo=\"http://www.w3.org/1999/XSL/Format\" xmlns:msxsl=\"urn:schemas-microsoft-com:xslt\">\n<head>\n<META http-equiv=\"Content-Type\" content=\"text/html\">\n<meta http-equiv=\"content-type\" content=\"text/html; charset=UTF-8\">\n</head>\n<body style=\"margin:0px 0px 0px 0px;overflow:auto;background:#FFFFFF;\">\n<table style=\"font-family:Arial,Verdana,Times;font-size:12px;text-align:left;width:100%;border-collapse:collapse;padding:3px 3px 3px 3px\">\n<tr style=\"text-align:center;font-weight:bold;background:#9CBCE2\">\n<td>African:South American</td>\n</tr>\n<tr>\n<td>\n<table style=\"font-family:Arial,Verdana,Times;font-size:12px;text-align:left;width:100%;border-spacing:0px; padding:3px 3px 3px 3px\">\n<tr>\n<td>NAME</td>\n<td>African:South American</td>\n</tr>\n<tr bgcolor=\"#D4E4F3\">\n<td>LABEL</td>\n<td>Divergent Boundary</td>\n</tr>\n</table>\n</td>\n</tr>\n</table>\n</body>\n</html>", "LABEL": "Divergent Boundary" }, "geometry": { "type": "MultiLineString", "coordinates": [ [ [ -36.047000884882891, 7.022999763428402, 0.0 ], [ -36.057998657312169, 7.362999915813532, 0.0 ] ] ] } },
{ "type": "Feature", "properties": { "Name": "African:Indian", "Description": "<html xmlns:fo=\"http://www.w3.org/1999/XSL/Format\" xmlns:msxsl=\"urn:schemas-microsoft-com:xslt\">\n<head>\n<META http-equiv=\"Content-Type\" content=\"text/html\">\n<meta http-equiv=\"content-type\" content=\"text/html; charset=UTF-8\">\n</head>\n<body style=\"margin:0px 0px 0px 0px;overflow:auto;background:#FFFFFF;\">\n<table style=\"font-family:Arial,Verdana,Times;font-size:12px;text-align:left;width:100%;border-collapse:collapse;padding:3px 3px 3px 3px\">\n<tr style=\"text-align:center;font-weight:bold;background:#9CBCE2\">\n<td>African:Indian</td>\n</tr>\n<tr>\n<td>\n<table style=\"font-family:Arial,Verdana,Times;font-size:12px;text-align:left;width:100%;border-spacing:0px; padding:3px 3px 3px 3px\">\n<tr>\n<td>NAME</td>\n<td>African:Indian</td>\n</tr>\n<tr bgcolor=\"#D4E4F3\">\n<td>LABEL</td>\n<td>Divergent Boundary</td>\n</tr>\n</table>\n</td>\n</tr>\n</table>\n</body>\n</html>", "LABEL": "Divergent Boundary" }, "geometry": { "type": "MultiLineString", "coordinates": [ [ [ 60.179000854805679, 6.951000213988721, 0.0 ], [ 59.700000763024832, 7.311999797852423, 0.0 ], [ 59.220001220480022, 7.672999859256152, 0.0 ] ] ] } },
{ "type": "Feature", "properties": { "Name": "African:South American", "Description": "<html xmlns:fo=\"http://www.w3.org/1999/XSL/Format\" xmlns:msxsl=\"urn:schemas-microsoft-com:xslt\">\n<head>\n<META http-equiv=\"Content-Type\" content=\"text/html\">\n<meta http-equiv=\"content-type\" content=\"text/html; charset=UTF-8\">\n</head>\n<body style=\"margin:0px 0px 0px 0px;overflow:auto;background:#FFFFFF;\">\n<table style=\"font-family:Arial,Verdana,Times;font-size:12px;text-align:left;width:100%;border-collapse:collapse;padding:3px 3px 3px 3px\">\n<tr style=\"text-align:center;font-weight:bold;background:#9CBCE2\">\n<td>African:South American</td>\n</tr>\n<tr>\n<td>\n<table style=\"font-family:Arial,Verdana,Times;font-size:12px;text-align:left;width:100%;border-spacing:0px; padding:3px 3px 3px 3px\">\n<tr>\n<td>NAME</td>\n<td>African:South American</td>\n</tr>\n<tr bgcolor=\"#D4E4F3\">\n<td>LABEL</td>\n<td>Divergent Boundary</td>\n</tr>\n</table>\n</td>\n</tr>\n</table>\n</body>\n</html>", "LABEL": "Divergent Boundary" }, "geometry": { "type": "MultiLineString", "coordinates": [ [ [ -35.362998962132338, 6.613999843817794, 0.0 ], [ -35.367000580112631, 6.934999942893114, 0.0 ] ] ] } },
{ "type": "Feature", "properties": { "Name": "African:South American", "Description": "<html xmlns:fo=\"http://www.w3.org/1999/XSL/Format\" xmlns:msxsl=\"urn:schemas-microsoft-com:xslt\">\n<head>\n<META http-equiv=\"Content-Type\" content=\"text/html\">\n<meta http-equiv=\"content-type\" content=\"text/html; charset=UTF-8\">\n</head>\n<body style=\"margin:0px 0px 0px 0px;overflow:auto;background:#FFFFFF;\">\n<table style=\"font-family:Arial,Verdana,Times;font-size:12px;text-align:left;width:100%;border-collapse:collapse;padding:3px 3px 3px 3px\">\n<tr style=\"text-align:center;font-weight:bold;background:#9CBCE2\">\n<td>African:South American</td>\n</tr>\n<tr>\n<td>\n<table style=\"font-family:Arial,Verdana,Times;font-size:12px;text-align:left;width:100%;border-spacing:0px; padding:3px 3px 3px 3px\">\n<tr>\n<td>NAME</td>\n<td>African:South American</td>\n</tr>\n<tr bgcolor=\"#D4E4F3\">\n<td>LABEL</td>\n<td>Divergent Boundary</td>\n</tr>\n</table>\n</td>\n</tr>\n</table>\n</body>\n</html>", "LABEL": "Divergent Boundary" }, "geometry": { "type": "MultiLineString", "coordinates": [ [ [ -33.619998932304838, 6.104000091431146, 0.0 ], [ -33.624000549385812, 6.618000030077383, 0.0 ] ] ] } },
{ "type": "Feature", "properties": { "Name": "African:South American", "Description": "<html xmlns:fo=\"http://www.w3.org/1999/XSL/Format\" xmlns:msxsl=\"urn:schemas-microsoft-com:xslt\">\n<head>\n<META http-equiv=\"Content-Type\" content=\"text/html\">\n<meta http-equiv=\"content-type\" content=\"text/html; charset=UTF-8\">\n</head>\n<body style=\"margin:0px 0px 0px 0px;overflow:auto;background:#FFFFFF;\">\n<table style=\"font-family:Arial,Verdana,Times;font-size:12px;text-align:left;width:100%;border-collapse:collapse;padding:3px 3px 3px 3px\">\n<tr style=\"text-align:center;font-weight:bold;background:#9CBCE2\">\n<td>African:South American</td>\n</tr>\n<tr>\n<td>\n<table style=\"font-family:Arial,Verdana,Times;font-size:12px;text-align:left;width:100%;border-spacing:0px; padding:3px 3px 3px 3px\">\n<tr>\n<td>NAME</td>\n<td>African:South American</td>\n</tr>\n<tr bgcolor=\"#D4E4F3\">\n<td>LABEL</td>\n<td>Divergent Boundary</td>\n</tr>\n</table>\n</td>\n</tr>\n</table>\n</body>\n</html>", "LABEL": "Divergent Boundary" }, "geometry": { "type": "MultiLineString", "coordinates": [ [ [ -33.506999969772721, 5.649000167523752, 0.0 ], [ -33.513999939145833, 6.076000213938755, 0.0 ] ] ] } },
{ "type": "Feature", "properties": { "Name": "African:Indian", "Description": "<html xmlns:fo=\"http://www.w3.org/1999/XSL/Format\" xmlns:msxsl=\"urn:schemas-microsoft-com:xslt\">\n<head>\n<META http-equiv=\"Content-Type\" content=\"text/html\">\n<meta http-equiv=\"content-type\" content=\"text/html; charset=UTF-8\">\n</head>\n<body style=\"margin:0px 0px 0px 0px;overflow:auto;background:#FFFFFF;\">\n<table style=\"font-family:Arial,Verdana,Times;font-size:12px;text-align:left;width:100%;border-collapse:collapse;padding:3px 3px 3px 3px\">\n<tr style=\"text-align:center;font-weight:bold;background:#9CBCE2\">\n<td>African:Indian</td>\n</tr>\n<tr>\n<td>\n<table style=\"font-family:Arial,Verdana,Times;font-size:12px;text-align:left;width:100%;border-spacing:0px; padding:3px 3px 3px 3px\">\n<tr>\n<td>NAME</td>\n<td>African:Indian</td>\n</tr>\n<tr bgcolor=\"#D4E4F3\">\n<td>LABEL</td>\n<td>Divergent Boundary</td>\n</tr>\n</table>\n</td>\n</tr>\n</table>\n</body>\n</html>", "LABEL": "Divergent Boundary" }, "geometry": { "type": "MultiLineString", "coordinates": [ [ [ 61.65700149562258, 5.48999977077284, 0.0 ], [ 61.141998291288189, 5.909999847814788, 0.0 ], [ 60.669998168880447, 6.309999942343495, 0.0 ], [ 60.0379981998571, 6.767000198600329, 0.0 ] ] ] } },
{ "type": "Feature", "properties": { "Name": "African:Indian", "Description": "<html xmlns:fo=\"http://www.w3.org/1999/XSL/Format\" xmlns:msxsl=\"urn:schemas-microsoft-com:xslt\">\n<head>\n<META http-equiv=\"Content-Type\" content=\"text/html\">\n<meta http-equiv=\"content-type\" content=\"text/html; charset=UTF-8\">\n</head>\n<body style=\"margin:0px 0px 0px 0px;overflow:auto;background:#FFFFFF;\">\n<table style=\"font-family:Arial,Verdana,Times;font-size:12px;text-align:left;width:100%;border-collapse:collapse;padding:3px 3px 3px 3px\">\n<tr style=\"text-align:center;font-weight:bold;background:#9CBCE2\">\n<td>African:Indian</td>\n</tr>\n<tr>\n<td>\n<table style=\"font-family:Arial,Verdana,Times;font-size:12px;text-align:left;width:100%;border-spacing:0px; padding:3px 3px 3px 3px\">\n<tr>\n<td>NAME</td>\n<td>African:Indian</td>\n</tr>\n<tr bgcolor=\"#D4E4F3\">\n<td>LABEL</td>\n<td>Divergent Boundary</td>\n</tr>\n</table>\n</td>\n</tr>\n</table>\n</body>\n</html>", "LABEL": "Divergent Boundary" }, "geometry": { "type": "MultiLineString", "coordinates": [ [ [ 63.001998901628042, 4.107999801449751, 0.0 ], [ 62.457000732298013, 4.522999763927999, 0.0 ], [ 62.000000000299849, 4.910999774520008, 0.0 ], [ 61.528999328656141, 5.262000084336478, 0.0 ] ] ] } },
{ "type": "Feature", "properties": { "Name": "African:South American", "Description": "<html xmlns:fo=\"http://www.w3.org/1999/XSL/Format\" xmlns:msxsl=\"urn:schemas-microsoft-com:xslt\">\n<head>\n<META http-equiv=\"Content-Type\" content=\"text/html\">\n<meta http-equiv=\"content-type\" content=\"text/html; charset=UTF-8\">\n</head>\n<body style=\"margin:0px 0px 0px 0px;overflow:auto;background:#FFFFFF;\">\n<table style=\"font-family:Arial,Verdana,Times;font-size:12px;text-align:left;width:100%;border-collapse:collapse;padding:3px 3px 3px 3px\">\n<tr style=\"text-align:center;font-weight:bold;background:#9CBCE2\">\n<td>African:South American</td>\n</tr>\n<tr>\n<td>\n<table style=\"font-family:Arial,Verdana,Times;font-size:12px;text-align:left;width:100%;border-spacing:0px; padding:3px 3px 3px 3px\">\n<tr>\n<td>NAME</td>\n<td>African:South American</td>\n</tr>\n<tr bgcolor=\"#D4E4F3\">\n<td>LABEL</td>\n<td>Divergent Boundary</td>\n</tr>\n</table>\n</td>\n</tr>\n</table>\n</body>\n</html>", "LABEL": "Divergent Boundary" }, "geometry": { "type": "MultiLineString", "coordinates": [ [ [ -32.861999511867907, 3.960000037871509, 0.0 ], [ -32.919998169280063, 4.80399990067491, 0.0 ], [ -32.978000640716971, 5.646999836073633, 0.0 ] ] ] } },
{ "type": "Feature", "properties": { "Name": "Pacific:Cocos", "Description": "<html xmlns:fo=\"http://www.w3.org/1999/XSL/Format\" xmlns:msxsl=\"urn:schemas-microsoft-com:xslt\">\n<head>\n<META http-equiv=\"Content-Type\" content=\"text/html\">\n<meta http-equiv=\"content-type\" content=\"text/html; charset=UTF-8\">\n</head>\n<body style=\"margin:0px 0px 0px 0px;overflow:auto;background:#FFFFFF;\">\n<table style=\"font-family:Arial,Verdana,Times;font-size:12px;text-align:left;width:100%;border-collapse:collapse;padding:3px 3px 3px 3px\">\n<tr style=\"text-align:center;font-weight:bold;background:#9CBCE2\">\n<td>Pacific:Cocos</td>\n</tr>\n<tr>\n<td>\n<table style=\"font-family:Arial,Verdana,Times;font-size:12px;text-align:left;width:100%;border-spacing:0px; padding:3px 3px 3px 3px\">\n<tr>\n<td>NAME</td>\n<td>Pacific:Cocos</td>\n</tr>\n<tr bgcolor=\"#D4E4F3\">\n<td>LABEL</td>\n<td>Divergent Boundary</td>\n</tr>\n</table>\n</td>\n</tr>\n</table>\n</body>\n</html>", "LABEL": "Divergent Boundary" }, "geometry": { "type": "MultiLineString", "coordinates": [ [ [ -102.183998108126204, 3.778000116512203, 0.0 ], [ -102.319999695229697, 4.652999878241815, 0.0 ], [ -102.457000732197997, 5.528999805696515, 0.0 ], [ -102.557998657512002, 6.355000019235547, 0.0 ], [ -102.658996581926701, 7.182000160179314, 0.0 ], [ -102.809997558540402, 7.79099988963327, 0.0 ], [ -102.960998535154303, 8.399999618187906, 0.0 ] ] ] } },
{ "type": "Feature", "properties": { "Name": "African:Indian", "Description": "<html xmlns:fo=\"http://www.w3.org/1999/XSL/Format\" xmlns:msxsl=\"urn:schemas-microsoft-com:xslt\">\n<head>\n<META http-equiv=\"Content-Type\" content=\"text/html\">\n<meta http-equiv=\"content-type\" content=\"text/html; charset=UTF-8\">\n</head>\n<body style=\"margin:0px 0px 0px 0px;overflow:auto;background:#FFFFFF;\">\n<table style=\"font-family:Arial,Verdana,Times;font-size:12px;text-align:left;width:100%;border-collapse:collapse;padding:3px 3px 3px 3px\">\n<tr style=\"text-align:center;font-weight:bold;background:#9CBCE2\">\n<td>African:Indian</td>\n</tr>\n<tr>\n<td>\n<table style=\"font-family:Arial,Verdana,Times;font-size:12px;text-align:left;width:100%;border-spacing:0px; padding:3px 3px 3px 3px\">\n<tr>\n<td>NAME</td>\n<td>African:Indian</td>\n</tr>\n<tr bgcolor=\"#D4E4F3\">\n<td>LABEL</td>\n<td>Divergent Boundary</td>\n</tr>\n</table>\n</td>\n</tr>\n</table>\n</body>\n</html>", "LABEL": "Divergent Boundary" }, "geometry": { "type": "MultiLineString", "coordinates": [ [ [ 63.331001281583951, 3.6310000420184, 0.0 ], [ 62.868000030077383, 3.892999887135147, 0.0 ] ] ] } },
{ "type": "Feature", "properties": { "Name": "African:Indian", "Description": "<html xmlns:fo=\"http://www.w3.org/1999/XSL/Format\" xmlns:msxsl=\"urn:schemas-microsoft-com:xslt\">\n<head>\n<META http-equiv=\"Content-Type\" content=\"text/html\">\n<meta http-equiv=\"content-type\" content=\"text/html; charset=UTF-8\">\n</head>\n<body style=\"margin:0px 0px 0px 0px;overflow:auto;background:#FFFFFF;\">\n<table style=\"font-family:Arial,Verdana,Times;font-size:12px;text-align:left;width:100%;border-collapse:collapse;padding:3px 3px 3px 3px\">\n<tr style=\"text-align:center;font-weight:bold;background:#9CBCE2\">\n<td>African:Indian</td>\n</tr>\n<tr>\n<td>\n<table style=\"font-family:Arial,Verdana,Times;font-size:12px;text-align:left;width:100%;border-spacing:0px; padding:3px 3px 3px 3px\">\n<tr>\n<td>NAME</td>\n<td>African:Indian</td>\n</tr>\n<tr bgcolor=\"#D4E4F3\">\n<td>LABEL</td>\n<td>Divergent Boundary</td>\n</tr>\n</table>\n</td>\n</tr>\n</table>\n</body>\n</html>", "LABEL": "Divergent Boundary" }, "geometry": { "type": "MultiLineString", "coordinates": [ [ [ 63.819000244265908, 3.48200011271507, 0.0 ], [ 63.388000488232016, 3.700000047564174, 0.0 ] ] ] } },
{ "type": "Feature", "properties": { "Name": "African:Indian", "Description": "<html xmlns:fo=\"http://www.w3.org/1999/XSL/Format\" xmlns:msxsl=\"urn:schemas-microsoft-com:xslt\">\n<head>\n<META http-equiv=\"Content-Type\" content=\"text/html\">\n<meta http-equiv=\"content-type\" content=\"text/html; charset=UTF-8\">\n</head>\n<body style=\"margin:0px 0px 0px 0px;overflow:auto;background:#FFFFFF;\">\n<table style=\"font-family:Arial,Verdana,Times;font-size:12px;text-align:left;width:100%;border-collapse:collapse;padding:3px 3px 3px 3px\">\n<tr style=\"text-align:center;font-weight:bold;background:#9CBCE2\">\n<td>African:Indian</td>\n</tr>\n<tr>\n<td>\n<table style=\"font-family:Arial,Verdana,Times;font-size:12px;text-align:left;width:100%;border-spacing:0px; padding:3px 3px 3px 3px\">\n<tr>\n<td>NAME</td>\n<td>African:Indian</td>\n</tr>\n<tr bgcolor=\"#D4E4F3\">\n<td>LABEL</td>\n<td>Divergent Boundary</td>\n</tr>\n</table>\n</td>\n</tr>\n</table>\n</body>\n</html>", "LABEL": "Divergent Boundary" }, "geometry": { "type": "MultiLineString", "coordinates": [ [ [ 64.617996216152505, 3.217000007844149, 0.0 ], [ 63.889999389660147, 3.601999997901658, 0.0 ] ] ] } },
{ "type": "Feature", "properties": { "Name": "Nazca:Cocos", "Description": "<html xmlns:fo=\"http://www.w3.org/1999/XSL/Format\" xmlns:msxsl=\"urn:schemas-microsoft-com:xslt\">\n<head>\n<META http-equiv=\"Content-Type\" content=\"text/html\">\n<meta http-equiv=\"content-type\" content=\"text/html; charset=UTF-8\">\n</head>\n<body style=\"margin:0px 0px 0px 0px;overflow:auto;background:#FFFFFF;\">\n<table style=\"font-family:Arial,Verdana,Times;font-size:12px;text-align:left;width:100%;border-collapse:collapse;padding:3px 3px 3px 3px\">\n<tr style=\"text-align:center;font-weight:bold;background:#9CBCE2\">\n<td>Nazca:Cocos</td>\n</tr>\n<tr>\n<td>\n<table style=\"font-family:Arial,Verdana,Times;font-size:12px;text-align:left;width:100%;border-spacing:0px; padding:3px 3px 3px 3px\">\n<tr>\n<td>NAME</td>\n<td>Nazca:Cocos</td>\n</tr>\n<tr bgcolor=\"#D4E4F3\">\n<td>LABEL</td>\n<td>Divergent Boundary</td>\n</tr>\n</table>\n</td>\n</tr>\n</table>\n</body>\n</html>", "LABEL": "Divergent Boundary" }, "geometry": { "type": "MultiLineString", "coordinates": [ [ [ -82.631780544036815, 3.105257278600561, 0.0 ], [ -83.377998351942324, 3.164999961578985, 0.0 ], [ -83.92299652127241, 3.13899993889612, 0.0 ], [ -84.467002868787347, 3.111999988808464, 0.0 ] ] ] } },
{ "type": "Feature", "properties": { "Name": "African:Indian", "Description": "<html xmlns:fo=\"http://www.w3.org/1999/XSL/Format\" xmlns:msxsl=\"urn:schemas-microsoft-com:xslt\">\n<head>\n<META http-equiv=\"Content-Type\" content=\"text/html\">\n<meta http-equiv=\"content-type\" content=\"text/html; charset=UTF-8\">\n</head>\n<body style=\"margin:0px 0px 0px 0px;overflow:auto;background:#FFFFFF;\">\n<table style=\"font-family:Arial,Verdana,Times;font-size:12px;text-align:left;width:100%;border-collapse:collapse;padding:3px 3px 3px 3px\">\n<tr style=\"text-align:center;font-weight:bold;background:#9CBCE2\">\n<td>African:Indian</td>\n</tr>\n<tr>\n<td>\n<table style=\"font-family:Arial,Verdana,Times;font-size:12px;text-align:left;width:100%;border-spacing:0px; padding:3px 3px 3px 3px\">\n<tr>\n<td>NAME</td>\n<td>African:Indian</td>\n</tr>\n<tr bgcolor=\"#D4E4F3\">\n<td>LABEL</td>\n<td>Divergent Boundary</td>\n</tr>\n</table>\n</td>\n</tr>\n</table>\n</body>\n</html>", "LABEL": "Divergent Boundary" }, "geometry": { "type": "MultiLineString", "coordinates": [ [ [ 65.212997436782359, 2.921000004047016, 0.0 ], [ 64.681999206198441, 3.299000024731413, 0.0 ] ] ] } },
{ "type": "Feature", "properties": { "Name": "Pacific:Cocos", "Description": "<html xmlns:fo=\"http://www.w3.org/1999/XSL/Format\" xmlns:msxsl=\"urn:schemas-microsoft-com:xslt\">\n<head>\n<META http-equiv=\"Content-Type\" content=\"text/html\">\n<meta http-equiv=\"content-type\" content=\"text/html; charset=UTF-8\">\n</head>\n<body style=\"margin:0px 0px 0px 0px;overflow:auto;background:#FFFFFF;\">\n<table style=\"font-family:Arial,Verdana,Times;font-size:12px;text-align:left;width:100%;border-collapse:collapse;padding:3px 3px 3px 3px\">\n<tr style=\"text-align:center;font-weight:bold;background:#9CBCE2\">\n<td>Pacific:Cocos</td>\n</tr>\n<tr>\n<td>\n<table style=\"font-family:Arial,Verdana,Times;font-size:12px;text-align:left;width:100%;border-spacing:0px; padding:3px 3px 3px 3px\">\n<tr>\n<td>NAME</td>\n<td>Pacific:Cocos</td>\n</tr>\n<tr bgcolor=\"#D4E4F3\">\n<td>LABEL</td>\n<td>Divergent Boundary</td>\n</tr>\n</table>\n</td>\n</tr>\n</table>\n</body>\n</html>", "LABEL": "Divergent Boundary" }, "geometry": { "type": "MultiLineString", "coordinates": [ [ [ -102.259002685525502, 3.75099992720493, 0.0 ], [ -102.198997497636398, 3.457999944841617, 0.0 ], [ -102.219001769915707, 3.239000081688459, 0.0 ], [ -102.193000793052093, 3.072000026480112, 0.0 ], [ -102.144996643280393, 2.888999939395717, 0.0 ] ] ] } },
{ "type": "Feature", "properties": { "Name": "African:Indian", "Description": "<html xmlns:fo=\"http://www.w3.org/1999/XSL/Format\" xmlns:msxsl=\"urn:schemas-microsoft-com:xslt\">\n<head>\n<META http-equiv=\"Content-Type\" content=\"text/html\">\n<meta http-equiv=\"content-type\" content=\"text/html; charset=UTF-8\">\n</head>\n<body style=\"margin:0px 0px 0px 0px;overflow:auto;background:#FFFFFF;\">\n<table style=\"font-family:Arial,Verdana,Times;font-size:12px;text-align:left;width:100%;border-collapse:collapse;padding:3px 3px 3px 3px\">\n<tr style=\"text-align:center;font-weight:bold;background:#9CBCE2\">\n<td>African:Indian</td>\n</tr>\n<tr>\n<td>\n<table style=\"font-family:Arial,Verdana,Times;font-size:12px;text-align:left;width:100%;border-spacing:0px; padding:3px 3px 3px 3px\">\n<tr>\n<td>NAME</td>\n<td>African:Indian</td>\n</tr>\n<tr bgcolor=\"#D4E4F3\">\n<td>LABEL</td>\n<td>Divergent Boundary</td>\n</tr>\n</table>\n</td>\n</tr>\n</table>\n</body>\n</html>", "LABEL": "Divergent Boundary" }, "geometry": { "type": "MultiLineString", "coordinates": [ [ [ 66.379997253470549, 2.752000093129823, 0.0 ], [ 65.962997436182775, 2.970999956282981, 0.0 ], [ 65.488998413146305, 3.299000024731413, 0.0 ] ] ] } },
{ "type": "Feature", "properties": { "Name": "Pacific:Cocos", "Description": "<html xmlns:fo=\"http://www.w3.org/1999/XSL/Format\" xmlns:msxsl=\"urn:schemas-microsoft-com:xslt\">\n<head>\n<META http-equiv=\"Content-Type\" content=\"text/html\">\n<meta http-equiv=\"content-type\" content=\"text/html; charset=UTF-8\">\n</head>\n<body style=\"margin:0px 0px 0px 0px;overflow:auto;background:#FFFFFF;\">\n<table style=\"font-family:Arial,Verdana,Times;font-size:12px;text-align:left;width:100%;border-collapse:collapse;padding:3px 3px 3px 3px\">\n<tr style=\"text-align:center;font-weight:bold;background:#9CBCE2\">\n<td>Pacific:Cocos</td>\n</tr>\n<tr>\n<td>\n<table style=\"font-family:Arial,Verdana,Times;font-size:12px;text-align:left;width:100%;border-spacing:0px; padding:3px 3px 3px 3px\">\n<tr>\n<td>NAME</td>\n<td>Pacific:Cocos</td>\n</tr>\n<tr bgcolor=\"#D4E4F3\">\n<td>LABEL</td>\n<td>Divergent Boundary</td>\n</tr>\n</table>\n</td>\n</tr>\n</table>\n</body>\n</html>", "LABEL": "Divergent Boundary" }, "geometry": { "type": "MultiLineString", "coordinates": [ [ [ -102.117996215652795, 2.892999887335009, 0.0 ], [ -102.096000671693602, 2.798000097426609, 0.0 ], [ -102.109001159675799, 2.786000013489854, 0.0 ], [ -102.068000793301906, 2.634999990157496, 0.0 ] ] ] } },
{ "type": "Feature", "properties": { "Name": "Nazca:Cocos", "Description": "<html xmlns:fo=\"http://www.w3.org/1999/XSL/Format\" xmlns:msxsl=\"urn:schemas-microsoft-com:xslt\">\n<head>\n<META http-equiv=\"Content-Type\" content=\"text/html\">\n<meta http-equiv=\"content-type\" content=\"text/html; charset=UTF-8\">\n</head>\n<body style=\"margin:0px 0px 0px 0px;overflow:auto;background:#FFFFFF;\">\n<table style=\"font-family:Arial,Verdana,Times;font-size:12px;text-align:left;width:100%;border-collapse:collapse;padding:3px 3px 3px 3px\">\n<tr style=\"text-align:center;font-weight:bold;background:#9CBCE2\">\n<td>Nazca:Cocos</td>\n</tr>\n<tr>\n<td>\n<table style=\"font-family:Arial,Verdana,Times;font-size:12px;text-align:left;width:100%;border-spacing:0px; padding:3px 3px 3px 3px\">\n<tr>\n<td>NAME</td>\n<td>Nazca:Cocos</td>\n</tr>\n<tr bgcolor=\"#D4E4F3\">\n<td>LABEL</td>\n<td>Divergent Boundary</td>\n</tr>\n</table>\n</td>\n</tr>\n</table>\n</body>\n</html>", "LABEL": "Divergent Boundary" }, "geometry": { "type": "MultiLineString", "coordinates": [ [ [ -101.203002929841304, 2.24099993669779, 0.0 ], [ -101.512001037517905, 2.232000112515209, 0.0 ] ] ] } },
{ "type": "Feature", "properties": { "Name": "Nazca:Cocos", "Description": "<html xmlns:fo=\"http://www.w3.org/1999/XSL/Format\" xmlns:msxsl=\"urn:schemas-microsoft-com:xslt\">\n<head>\n<META http-equiv=\"Content-Type\" content=\"text/html\">\n<meta http-equiv=\"content-type\" content=\"text/html; charset=UTF-8\">\n</head>\n<body style=\"margin:0px 0px 0px 0px;overflow:auto;background:#FFFFFF;\">\n<table style=\"font-family:Arial,Verdana,Times;font-size:12px;text-align:left;width:100%;border-collapse:collapse;padding:3px 3px 3px 3px\">\n<tr style=\"text-align:center;font-weight:bold;background:#9CBCE2\">\n<td>Nazca:Cocos</td>\n</tr>\n<tr>\n<td>\n<table style=\"font-family:Arial,Verdana,Times;font-size:12px;text-align:left;width:100%;border-spacing:0px; padding:3px 3px 3px 3px\">\n<tr>\n<td>NAME</td>\n<td>Nazca:Cocos</td>\n</tr>\n<tr bgcolor=\"#D4E4F3\">\n<td>LABEL</td>\n<td>Divergent Boundary</td>\n</tr>\n</table>\n</td>\n</tr>\n</table>\n</body>\n</html>", "LABEL": "Divergent Boundary" }, "geometry": { "type": "MultiLineString", "coordinates": [ [ [ -102.068000793301906, 2.634999990157496, 0.0 ], [ -101.877998351842507, 2.641999959530551, 0.0 ], [ -101.696998596208203, 2.640000104721082, 0.0 ], [ -101.4899978637104, 2.605000018636019, 0.0 ], [ -101.512001037517905, 2.232000112515209, 0.0 ] ] ] } },
{ "type": "Feature", "properties": { "Name": "Nazca:Cocos", "Description": "<html xmlns:fo=\"http://www.w3.org/1999/XSL/Format\" xmlns:msxsl=\"urn:schemas-microsoft-com:xslt\">\n<head>\n<META http-equiv=\"Content-Type\" content=\"text/html\">\n<meta http-equiv=\"content-type\" content=\"text/html; charset=UTF-8\">\n</head>\n<body style=\"margin:0px 0px 0px 0px;overflow:auto;background:#FFFFFF;\">\n<table style=\"font-family:Arial,Verdana,Times;font-size:12px;text-align:left;width:100%;border-collapse:collapse;padding:3px 3px 3px 3px\">\n<tr style=\"text-align:center;font-weight:bold;background:#9CBCE2\">\n<td>Nazca:Cocos</td>\n</tr>\n<tr>\n<td>\n<table style=\"font-family:Arial,Verdana,Times;font-size:12px;text-align:left;width:100%;border-spacing:0px; padding:3px 3px 3px 3px\">\n<tr>\n<td>NAME</td>\n<td>Nazca:Cocos</td>\n</tr>\n<tr bgcolor=\"#D4E4F3\">\n<td>LABEL</td>\n<td>Divergent Boundary</td>\n</tr>\n</table>\n</td>\n</tr>\n</table>\n</body>\n</html>", "LABEL": "Divergent Boundary" }, "geometry": { "type": "MultiLineString", "coordinates": [ [ [ -95.223999023336205, 2.22199988338798, 0.0 ], [ -96.120002746429577, 2.237999916163233, 0.0 ] ] ] } },
{ "type": "Feature", "properties": { "Name": "Nazca:Cocos", "Description": "<html xmlns:fo=\"http://www.w3.org/1999/XSL/Format\" xmlns:msxsl=\"urn:schemas-microsoft-com:xslt\">\n<head>\n<META http-equiv=\"Content-Type\" content=\"text/html\">\n<meta http-equiv=\"content-type\" content=\"text/html; charset=UTF-8\">\n</head>\n<body style=\"margin:0px 0px 0px 0px;overflow:auto;background:#FFFFFF;\">\n<table style=\"font-family:Arial,Verdana,Times;font-size:12px;text-align:left;width:100%;border-collapse:collapse;padding:3px 3px 3px 3px\">\n<tr style=\"text-align:center;font-weight:bold;background:#9CBCE2\">\n<td>Nazca:Cocos</td>\n</tr>\n<tr>\n<td>\n<table style=\"font-family:Arial,Verdana,Times;font-size:12px;text-align:left;width:100%;border-spacing:0px; padding:3px 3px 3px 3px\">\n<tr>\n<td>NAME</td>\n<td>Nazca:Cocos</td>\n</tr>\n<tr bgcolor=\"#D4E4F3\">\n<td>LABEL</td>\n<td>Divergent Boundary</td>\n</tr>\n</table>\n</td>\n</tr>\n</table>\n</body>\n</html>", "LABEL": "Divergent Boundary" }, "geometry": { "type": "MultiLineString", "coordinates": [ [ [ -92.089996337460946, 2.200000047863966, 0.0 ], [ -92.245002746979139, 2.226999997951566, 0.0 ], [ -92.928001404041538, 2.299999952335952, 0.0 ], [ -93.61100006110388, 2.37199997931566, 0.0 ], [ -94.403999328406258, 2.440000057456757, 0.0 ], [ -95.197998046472605, 2.506999969872766, 0.0 ] ] ] } },
{ "type": "Feature", "properties": { "Name": "Nazca:Cocos", "Description": "<html xmlns:fo=\"http://www.w3.org/1999/XSL/Format\" xmlns:msxsl=\"urn:schemas-microsoft-com:xslt\">\n<head>\n<META http-equiv=\"Content-Type\" content=\"text/html\">\n<meta http-equiv=\"content-type\" content=\"text/html; charset=UTF-8\">\n</head>\n<body style=\"margin:0px 0px 0px 0px;overflow:auto;background:#FFFFFF;\">\n<table style=\"font-family:Arial,Verdana,Times;font-size:12px;text-align:left;width:100%;border-collapse:collapse;padding:3px 3px 3px 3px\">\n<tr style=\"text-align:center;font-weight:bold;background:#9CBCE2\">\n<td>Nazca:Cocos</td>\n</tr>\n<tr>\n<td>\n<table style=\"font-family:Arial,Verdana,Times;font-size:12px;text-align:left;width:100%;border-spacing:0px; padding:3px 3px 3px 3px\">\n<tr>\n<td>NAME</td>\n<td>Nazca:Cocos</td>\n</tr>\n<tr bgcolor=\"#D4E4F3\">\n<td>LABEL</td>\n<td>Divergent Boundary</td>\n</tr>\n</table>\n</td>\n</tr>\n</table>\n</body>\n</html>", "LABEL": "Divergent Boundary" }, "geometry": { "type": "MultiLineString", "coordinates": [ [ [ -100.066001892173603, 2.207000017237078, 0.0 ], [ -100.393997192416506, 2.207000017237078, 0.0 ], [ -100.643997192816201, 2.203999995803201, 0.0 ], [ -101.067001342737697, 2.210000037771579, 0.0 ], [ -101.195999145544107, 2.198999882138878, 0.0 ] ] ] } },
{ "type": "Feature", "properties": { "Name": "Nazca:Cocos", "Description": "<html xmlns:fo=\"http://www.w3.org/1999/XSL/Format\" xmlns:msxsl=\"urn:schemas-microsoft-com:xslt\">\n<head>\n<META http-equiv=\"Content-Type\" content=\"text/html\">\n<meta http-equiv=\"content-type\" content=\"text/html; charset=UTF-8\">\n</head>\n<body style=\"margin:0px 0px 0px 0px;overflow:auto;background:#FFFFFF;\">\n<table style=\"font-family:Arial,Verdana,Times;font-size:12px;text-align:left;width:100%;border-collapse:collapse;padding:3px 3px 3px 3px\">\n<tr style=\"text-align:center;font-weight:bold;background:#9CBCE2\">\n<td>Nazca:Cocos</td>\n</tr>\n<tr>\n<td>\n<table style=\"font-family:Arial,Verdana,Times;font-size:12px;text-align:left;width:100%;border-spacing:0px; padding:3px 3px 3px 3px\">\n<tr>\n<td>NAME</td>\n<td>Nazca:Cocos</td>\n</tr>\n<tr bgcolor=\"#D4E4F3\">\n<td>LABEL</td>\n<td>Divergent Boundary</td>\n</tr>\n</table>\n</td>\n</tr>\n</table>\n</body>\n</html>", "LABEL": "Divergent Boundary" }, "geometry": { "type": "MultiLineString", "coordinates": [ [ [ -98.917999267152425, 2.111999988109005, 0.0 ], [ -99.656997680998131, 2.190000057057034, 0.0 ], [ -99.738998412846456, 2.269000053409798, 0.0 ], [ -99.810997009004723, 2.273000002248352, 0.0 ], [ -99.91300201403169, 2.272000073944298, 0.0 ], [ -100.046997070658193, 2.299999952335952, 0.0 ] ] ] } },
{ "type": "Feature", "properties": { "Name": "Nazca:Cocos", "Description": "<html xmlns:fo=\"http://www.w3.org/1999/XSL/Format\" xmlns:msxsl=\"urn:schemas-microsoft-com:xslt\">\n<head>\n<META http-equiv=\"Content-Type\" content=\"text/html\">\n<meta http-equiv=\"content-type\" content=\"text/html; charset=UTF-8\">\n</head>\n<body style=\"margin:0px 0px 0px 0px;overflow:auto;background:#FFFFFF;\">\n<table style=\"font-family:Arial,Verdana,Times;font-size:12px;text-align:left;width:100%;border-collapse:collapse;padding:3px 3px 3px 3px\">\n<tr style=\"text-align:center;font-weight:bold;background:#9CBCE2\">\n<td>Nazca:Cocos</td>\n</tr>\n<tr>\n<td>\n<table style=\"font-family:Arial,Verdana,Times;font-size:12px;text-align:left;width:100%;border-spacing:0px; padding:3px 3px 3px 3px\">\n<tr>\n<td>NAME</td>\n<td>Nazca:Cocos</td>\n</tr>\n<tr bgcolor=\"#D4E4F3\">\n<td>LABEL</td>\n<td>Divergent Boundary</td>\n</tr>\n</table>\n</td>\n</tr>\n</table>\n</body>\n</html>", "LABEL": "Divergent Boundary" }, "geometry": { "type": "MultiLineString", "coordinates": [ [ [ -97.551002502263657, 2.088000059455226, 0.0 ], [ -97.846000671193963, 2.076999902923205, 0.0 ], [ -98.366996765188503, 2.144999981064302, 0.0 ], [ -98.888999938896006, 2.213000059205399, 0.0 ] ] ] } },
{ "type": "Feature", "properties": { "Name": "Nazca:Cocos", "Description": "<html xmlns:fo=\"http://www.w3.org/1999/XSL/Format\" xmlns:msxsl=\"urn:schemas-microsoft-com:xslt\">\n<head>\n<META http-equiv=\"Content-Type\" content=\"text/html\">\n<meta http-equiv=\"content-type\" content=\"text/html; charset=UTF-8\">\n</head>\n<body style=\"margin:0px 0px 0px 0px;overflow:auto;background:#FFFFFF;\">\n<table style=\"font-family:Arial,Verdana,Times;font-size:12px;text-align:left;width:100%;border-collapse:collapse;padding:3px 3px 3px 3px\">\n<tr style=\"text-align:center;font-weight:bold;background:#9CBCE2\">\n<td>Nazca:Cocos</td>\n</tr>\n<tr>\n<td>\n<table style=\"font-family:Arial,Verdana,Times;font-size:12px;text-align:left;width:100%;border-spacing:0px; padding:3px 3px 3px 3px\">\n<tr>\n<td>NAME</td>\n<td>Nazca:Cocos</td>\n</tr>\n<tr bgcolor=\"#D4E4F3\">\n<td>LABEL</td>\n<td>Divergent Boundary</td>\n</tr>\n</table>\n</td>\n</tr>\n</table>\n</body>\n</html>", "LABEL": "Divergent Boundary" }, "geometry": { "type": "MultiLineString", "coordinates": [ [ [ -91.538002014581252, 2.010999917911931, 0.0 ], [ -92.117996215852656, 1.990000009792652, 0.0 ] ] ] } },
{ "type": "Feature", "properties": { "Name": "Pacific:Nazca", "Description": "<html xmlns:fo=\"http://www.w3.org/1999/XSL/Format\" xmlns:msxsl=\"urn:schemas-microsoft-com:xslt\">\n<head>\n<META http-equiv=\"Content-Type\" content=\"text/html\">\n<meta http-equiv=\"content-type\" content=\"text/html; charset=UTF-8\">\n</head>\n<body style=\"margin:0px 0px 0px 0px;overflow:auto;background:#FFFFFF;\">\n<table style=\"font-family:Arial,Verdana,Times;font-size:12px;text-align:left;width:100%;border-collapse:collapse;padding:3px 3px 3px 3px\">\n<tr style=\"text-align:center;font-weight:bold;background:#9CBCE2\">\n<td>Pacific:Nazca</td>\n</tr>\n<tr>\n<td>\n<table style=\"font-family:Arial,Verdana,Times;font-size:12px;text-align:left;width:100%;border-spacing:0px; padding:3px 3px 3px 3px\">\n<tr>\n<td>NAME</td>\n<td>Pacific:Nazca</td>\n</tr>\n<tr bgcolor=\"#D4E4F3\">\n<td>LABEL</td>\n<td>Divergent Boundary</td>\n</tr>\n</table>\n</td>\n</tr>\n</table>\n</body>\n</html>", "LABEL": "Divergent Boundary" }, "geometry": { "type": "MultiLineString", "coordinates": [ [ [ -102.087997436632406, 1.902999997052291, 0.0 ], [ -102.075996398514903, 1.972000002598065, 0.0 ], [ -102.074996948650195, 2.023999929253364, 0.0 ], [ -102.067001342537907, 2.137000084286512, 0.0 ], [ -102.074996948650195, 2.161000012940292, 0.0 ], [ -102.080001831419295, 2.308000087434152, 0.0 ], [ -102.087997436632406, 2.326999902423609, 0.0 ], [ -102.089996338160503, 2.39100003262547, 0.0 ], [ -102.084999084340197, 2.411999940744693, 0.0 ], [ -102.084999084340197, 2.486000060854167, 0.0 ], [ -102.0770034791272, 2.502000093629476, 0.0 ], [ -102.082000732048101, 2.573999881389455, 0.0 ], [ -102.068000793301906, 2.634999990157496, 0.0 ] ] ] } },
{ "type": "Feature", "properties": { "Name": "Nazca:Cocos", "Description": "<html xmlns:fo=\"http://www.w3.org/1999/XSL/Format\" xmlns:msxsl=\"urn:schemas-microsoft-com:xslt\">\n<head>\n<META http-equiv=\"Content-Type\" content=\"text/html\">\n<meta http-equiv=\"content-type\" content=\"text/html; charset=UTF-8\">\n</head>\n<body style=\"margin:0px 0px 0px 0px;overflow:auto;background:#FFFFFF;\">\n<table style=\"font-family:Arial,Verdana,Times;font-size:12px;text-align:left;width:100%;border-collapse:collapse;padding:3px 3px 3px 3px\">\n<tr style=\"text-align:center;font-weight:bold;background:#9CBCE2\">\n<td>Nazca:Cocos</td>\n</tr>\n<tr>\n<td>\n<table style=\"font-family:Arial,Verdana,Times;font-size:12px;text-align:left;width:100%;border-spacing:0px; padding:3px 3px 3px 3px\">\n<tr>\n<td>NAME</td>\n<td>Nazca:Cocos</td>\n</tr>\n<tr bgcolor=\"#D4E4F3\">\n<td>LABEL</td>\n<td>Divergent Boundary</td>\n</tr>\n</table>\n</td>\n</tr>\n</table>\n</body>\n</html>", "LABEL": "Divergent Boundary" }, "geometry": { "type": "MultiLineString", "coordinates": [ [ [ -96.175003051549538, 1.873000025530814, 0.0 ], [ -96.879997253470435, 1.886000036872247, 0.0 ], [ -97.584999084340211, 1.898000002098456, 0.0 ] ] ] } },
{ "type": "Feature", "properties": { "Name": "Pacific:Nazca", "Description": "<html xmlns:fo=\"http://www.w3.org/1999/XSL/Format\" xmlns:msxsl=\"urn:schemas-microsoft-com:xslt\">\n<head>\n<META http-equiv=\"Content-Type\" content=\"text/html\">\n<meta http-equiv=\"content-type\" content=\"text/html; charset=UTF-8\">\n</head>\n<body style=\"margin:0px 0px 0px 0px;overflow:auto;background:#FFFFFF;\">\n<table style=\"font-family:Arial,Verdana,Times;font-size:12px;text-align:left;width:100%;border-collapse:collapse;padding:3px 3px 3px 3px\">\n<tr style=\"text-align:center;font-weight:bold;background:#9CBCE2\">\n<td>Pacific:Nazca</td>\n</tr>\n<tr>\n<td>\n<table style=\"font-family:Arial,Verdana,Times;font-size:12px;text-align:left;width:100%;border-spacing:0px; padding:3px 3px 3px 3px\">\n<tr>\n<td>NAME</td>\n<td>Pacific:Nazca</td>\n</tr>\n<tr bgcolor=\"#D4E4F3\">\n<td>LABEL</td>\n<td>Divergent Boundary</td>\n</tr>\n</table>\n</td>\n</tr>\n</table>\n</body>\n</html>", "LABEL": "Divergent Boundary" }, "geometry": { "type": "MultiLineString", "coordinates": [ [ [ -102.133003235011202, 1.777999997302061, 0.0 ], [ -102.103996276906599, 1.904000044066834, 0.0 ] ] ] } },
{ "type": "Feature", "properties": { "Name": "Nazca:Cocos", "Description": "<html xmlns:fo=\"http://www.w3.org/1999/XSL/Format\" xmlns:msxsl=\"urn:schemas-microsoft-com:xslt\">\n<head>\n<META http-equiv=\"Content-Type\" content=\"text/html\">\n<meta http-equiv=\"content-type\" content=\"text/html; charset=UTF-8\">\n</head>\n<body style=\"margin:0px 0px 0px 0px;overflow:auto;background:#FFFFFF;\">\n<table style=\"font-family:Arial,Verdana,Times;font-size:12px;text-align:left;width:100%;border-collapse:collapse;padding:3px 3px 3px 3px\">\n<tr style=\"text-align:center;font-weight:bold;background:#9CBCE2\">\n<td>Nazca:Cocos</td>\n</tr>\n<tr>\n<td>\n<table style=\"font-family:Arial,Verdana,Times;font-size:12px;text-align:left;width:100%;border-spacing:0px; padding:3px 3px 3px 3px\">\n<tr>\n<td>NAME</td>\n<td>Nazca:Cocos</td>\n</tr>\n<tr bgcolor=\"#D4E4F3\">\n<td>LABEL</td>\n<td>Divergent Boundary</td>\n</tr>\n</table>\n</td>\n</tr>\n</table>\n</body>\n</html>", "LABEL": "Divergent Boundary" }, "geometry": { "type": "MultiLineString", "coordinates": [ [ [ -90.696998596607898, 1.735999941843886, 0.0 ], [ -91.560997009304515, 1.817000031326415, 0.0 ] ] ] } },
{ "type": "Feature", "properties": { "Name": "African:South American", "Description": "<html xmlns:fo=\"http://www.w3.org/1999/XSL/Format\" xmlns:msxsl=\"urn:schemas-microsoft-com:xslt\">\n<head>\n<META http-equiv=\"Content-Type\" content=\"text/html\">\n<meta http-equiv=\"content-type\" content=\"text/html; charset=UTF-8\">\n</head>\n<body style=\"margin:0px 0px 0px 0px;overflow:auto;background:#FFFFFF;\">\n<table style=\"font-family:Arial,Verdana,Times;font-size:12px;text-align:left;width:100%;border-collapse:collapse;padding:3px 3px 3px 3px\">\n<tr style=\"text-align:center;font-weight:bold;background:#9CBCE2\">\n<td>African:South American</td>\n</tr>\n<tr>\n<td>\n<table style=\"font-family:Arial,Verdana,Times;font-size:12px;text-align:left;width:100%;border-spacing:0px; padding:3px 3px 3px 3px\">\n<tr>\n<td>NAME</td>\n<td>African:South American</td>\n</tr>\n<tr bgcolor=\"#D4E4F3\">\n<td>LABEL</td>\n<td>Divergent Boundary</td>\n</tr>\n</table>\n</td>\n</tr>\n</table>\n</body>\n</html>", "LABEL": "Divergent Boundary" }, "geometry": { "type": "MultiLineString", "coordinates": [ [ [ -30.73600006085405, 1.643000006744956, 0.0 ], [ -30.811000824228589, 2.448999881639281, 0.0 ], [ -30.88699913000579, 3.255000114463769, 0.0 ], [ -30.96199989338032, 4.060999870647549, 0.0 ] ] ] } },
{ "type": "Feature", "properties": { "Name": "African:Indian", "Description": "<html xmlns:fo=\"http://www.w3.org/1999/XSL/Format\" xmlns:msxsl=\"urn:schemas-microsoft-com:xslt\">\n<head>\n<META http-equiv=\"Content-Type\" content=\"text/html\">\n<meta http-equiv=\"content-type\" content=\"text/html; charset=UTF-8\">\n</head>\n<body style=\"margin:0px 0px 0px 0px;overflow:auto;background:#FFFFFF;\">\n<table style=\"font-family:Arial,Verdana,Times;font-size:12px;text-align:left;width:100%;border-collapse:collapse;padding:3px 3px 3px 3px\">\n<tr style=\"text-align:center;font-weight:bold;background:#9CBCE2\">\n<td>African:Indian</td>\n</tr>\n<tr>\n<td>\n<table style=\"font-family:Arial,Verdana,Times;font-size:12px;text-align:left;width:100%;border-spacing:0px; padding:3px 3px 3px 3px\">\n<tr>\n<td>NAME</td>\n<td>African:Indian</td>\n</tr>\n<tr bgcolor=\"#D4E4F3\">\n<td>LABEL</td>\n<td>Divergent Boundary</td>\n</tr>\n</table>\n</td>\n</tr>\n</table>\n</body>\n</html>", "LABEL": "Divergent Boundary" }, "geometry": { "type": "MultiLineString", "coordinates": [ [ [ 66.6729965208728, 1.621000051611134, 0.0 ], [ 66.333000183411798, 1.858999967174782, 0.0 ], [ 65.991996765338513, 2.052000045965372, 0.0 ] ] ] } },
{ "type": "Feature", "properties": { "Name": "Nazca:Cocos", "Description": "<html xmlns:fo=\"http://www.w3.org/1999/XSL/Format\" xmlns:msxsl=\"urn:schemas-microsoft-com:xslt\">\n<head>\n<META http-equiv=\"Content-Type\" content=\"text/html\">\n<meta http-equiv=\"content-type\" content=\"text/html; charset=UTF-8\">\n</head>\n<body style=\"margin:0px 0px 0px 0px;overflow:auto;background:#FFFFFF;\">\n<table style=\"font-family:Arial,Verdana,Times;font-size:12px;text-align:left;width:100%;border-collapse:collapse;padding:3px 3px 3px 3px\">\n<tr style=\"text-align:center;font-weight:bold;background:#9CBCE2\">\n<td>Nazca:Cocos</td>\n</tr>\n<tr>\n<td>\n<table style=\"font-family:Arial,Verdana,Times;font-size:12px;text-align:left;width:100%;border-spacing:0px; padding:3px 3px 3px 3px\">\n<tr>\n<td>NAME</td>\n<td>Nazca:Cocos</td>\n</tr>\n<tr bgcolor=\"#D4E4F3\">\n<td>LABEL</td>\n<td>Divergent Boundary</td>\n</tr>\n</table>\n</td>\n</tr>\n</table>\n</body>\n</html>", "LABEL": "Divergent Boundary" }, "geometry": { "type": "MultiLineString", "coordinates": [ [ [ -84.575996399314363, 1.598000049462769, 0.0 ], [ -85.34899902328624, 1.644000053759498, 0.0 ] ] ] } },
{ "type": "Feature", "properties": { "Name": "Pacific:Nazca", "Description": "<html xmlns:fo=\"http://www.w3.org/1999/XSL/Format\" xmlns:msxsl=\"urn:schemas-microsoft-com:xslt\">\n<head>\n<META http-equiv=\"Content-Type\" content=\"text/html\">\n<meta http-equiv=\"content-type\" content=\"text/html; charset=UTF-8\">\n</head>\n<body style=\"margin:0px 0px 0px 0px;overflow:auto;background:#FFFFFF;\">\n<table style=\"font-family:Arial,Verdana,Times;font-size:12px;text-align:left;width:100%;border-collapse:collapse;padding:3px 3px 3px 3px\">\n<tr style=\"text-align:center;font-weight:bold;background:#9CBCE2\">\n<td>Pacific:Nazca</td>\n</tr>\n<tr>\n<td>\n<table style=\"font-family:Arial,Verdana,Times;font-size:12px;text-align:left;width:100%;border-spacing:0px; padding:3px 3px 3px 3px\">\n<tr>\n<td>NAME</td>\n<td>Pacific:Nazca</td>\n</tr>\n<tr bgcolor=\"#D4E4F3\">\n<td>LABEL</td>\n<td>Divergent Boundary</td>\n</tr>\n</table>\n</td>\n</tr>\n</table>\n</body>\n</html>", "LABEL": "Divergent Boundary" }, "geometry": { "type": "MultiLineString", "coordinates": [ [ [ -102.230003357269098, 1.541000008243827, 0.0 ], [ -102.262001037817598, 1.751999974619196, 0.0 ] ] ] } },
{ "type": "Feature", "properties": { "Name": "Pacific:Nazca", "Description": "<html xmlns:fo=\"http://www.w3.org/1999/XSL/Format\" xmlns:msxsl=\"urn:schemas-microsoft-com:xslt\">\n<head>\n<META http-equiv=\"Content-Type\" content=\"text/html\">\n<meta http-equiv=\"content-type\" content=\"text/html; charset=UTF-8\">\n</head>\n<body style=\"margin:0px 0px 0px 0px;overflow:auto;background:#FFFFFF;\">\n<table style=\"font-family:Arial,Verdana,Times;font-size:12px;text-align:left;width:100%;border-collapse:collapse;padding:3px 3px 3px 3px\">\n<tr style=\"text-align:center;font-weight:bold;background:#9CBCE2\">\n<td>Pacific:Nazca</td>\n</tr>\n<tr>\n<td>\n<table style=\"font-family:Arial,Verdana,Times;font-size:12px;text-align:left;width:100%;border-spacing:0px; padding:3px 3px 3px 3px\">\n<tr>\n<td>NAME</td>\n<td>Pacific:Nazca</td>\n</tr>\n<tr bgcolor=\"#D4E4F3\">\n<td>LABEL</td>\n<td>Divergent Boundary</td>\n</tr>\n</table>\n</td>\n</tr>\n</table>\n</body>\n</html>", "LABEL": "Divergent Boundary" }, "geometry": { "type": "MultiLineString", "coordinates": [ [ [ -102.203002929641499, 1.220999956183107, 0.0 ], [ -102.242996215402997, 1.3489999773671, 0.0 ], [ -102.222000122207803, 1.36099994169399, 0.0 ], [ -102.257003783997405, 1.527999996902395, 0.0 ] ] ] } },
{ "type": "Feature", "properties": { "Name": "Pacific:Nazca", "Description": "<html xmlns:fo=\"http://www.w3.org/1999/XSL/Format\" xmlns:msxsl=\"urn:schemas-microsoft-com:xslt\">\n<head>\n<META http-equiv=\"Content-Type\" content=\"text/html\">\n<meta http-equiv=\"content-type\" content=\"text/html; charset=UTF-8\">\n</head>\n<body style=\"margin:0px 0px 0px 0px;overflow:auto;background:#FFFFFF;\">\n<table style=\"font-family:Arial,Verdana,Times;font-size:12px;text-align:left;width:100%;border-collapse:collapse;padding:3px 3px 3px 3px\">\n<tr style=\"text-align:center;font-weight:bold;background:#9CBCE2\">\n<td>Pacific:Nazca</td>\n</tr>\n<tr>\n<td>\n<table style=\"font-family:Arial,Verdana,Times;font-size:12px;text-align:left;width:100%;border-spacing:0px; padding:3px 3px 3px 3px\">\n<tr>\n<td>NAME</td>\n<td>Pacific:Nazca</td>\n</tr>\n<tr bgcolor=\"#D4E4F3\">\n<td>LABEL</td>\n<td>Divergent Boundary</td>\n</tr>\n</table>\n</td>\n</tr>\n</table>\n</body>\n</html>", "LABEL": "Divergent Boundary" }, "geometry": { "type": "MultiLineString", "coordinates": [ [ [ -102.180999755833994, 1.133999943442689, 0.0 ], [ -102.222999572971901, 1.213999986809995, 0.0 ] ] ] } },
{ "type": "Feature", "properties": { "Name": "African:Indian", "Description": "<html xmlns:fo=\"http://www.w3.org/1999/XSL/Format\" xmlns:msxsl=\"urn:schemas-microsoft-com:xslt\">\n<head>\n<META http-equiv=\"Content-Type\" content=\"text/html\">\n<meta http-equiv=\"content-type\" content=\"text/html; charset=UTF-8\">\n</head>\n<body style=\"margin:0px 0px 0px 0px;overflow:auto;background:#FFFFFF;\">\n<table style=\"font-family:Arial,Verdana,Times;font-size:12px;text-align:left;width:100%;border-collapse:collapse;padding:3px 3px 3px 3px\">\n<tr style=\"text-align:center;font-weight:bold;background:#9CBCE2\">\n<td>African:Indian</td>\n</tr>\n<tr>\n<td>\n<table style=\"font-family:Arial,Verdana,Times;font-size:12px;text-align:left;width:100%;border-spacing:0px; padding:3px 3px 3px 3px\">\n<tr>\n<td>NAME</td>\n<td>African:Indian</td>\n</tr>\n<tr bgcolor=\"#D4E4F3\">\n<td>LABEL</td>\n<td>Divergent Boundary</td>\n</tr>\n</table>\n</td>\n</tr>\n</table>\n</body>\n</html>", "LABEL": "Divergent Boundary" }, "geometry": { "type": "MultiLineString", "coordinates": [ [ [ 66.870002746629496, 1.067999959330734, 0.0 ], [ 66.492996216002609, 1.330999970172513, 0.0 ] ] ] } },
{ "type": "Feature", "properties": { "Name": "Nazca:Cocos", "Description": "<html xmlns:fo=\"http://www.w3.org/1999/XSL/Format\" xmlns:msxsl=\"urn:schemas-microsoft-com:xslt\">\n<head>\n<META http-equiv=\"Content-Type\" content=\"text/html\">\n<meta http-equiv=\"content-type\" content=\"text/html; charset=UTF-8\">\n</head>\n<body style=\"margin:0px 0px 0px 0px;overflow:auto;background:#FFFFFF;\">\n<table style=\"font-family:Arial,Verdana,Times;font-size:12px;text-align:left;width:100%;border-collapse:collapse;padding:3px 3px 3px 3px\">\n<tr style=\"text-align:center;font-weight:bold;background:#9CBCE2\">\n<td>Nazca:Cocos</td>\n</tr>\n<tr>\n<td>\n<table style=\"font-family:Arial,Verdana,Times;font-size:12px;text-align:left;width:100%;border-spacing:0px; padding:3px 3px 3px 3px\">\n<tr>\n<td>NAME</td>\n<td>Nazca:Cocos</td>\n</tr>\n<tr bgcolor=\"#D4E4F3\">\n<td>LABEL</td>\n<td>Divergent Boundary</td>\n</tr>\n</table>\n</td>\n</tr>\n</table>\n</body>\n</html>", "LABEL": "Divergent Boundary" }, "geometry": { "type": "MultiLineString", "coordinates": [ [ [ -85.386001586603925, 0.832000017287044, 0.0 ], [ -86.265998840474083, 0.879999995103731, 0.0 ], [ -87.144996642680894, 0.929000019935017, 0.0 ], [ -88.024002075635224, 0.976999997751761, 0.0 ], [ -88.903999328606119, 1.024999976467768, 0.0 ], [ -89.783996582476277, 1.072999954284512, 0.0 ], [ -90.663002014531287, 1.120000004696522, 0.0 ] ] ] } },
{ "type": "Feature", "properties": { "Name": "African:South American", "Description": "<html xmlns:fo=\"http://www.w3.org/1999/XSL/Format\" xmlns:msxsl=\"urn:schemas-microsoft-com:xslt\">\n<head>\n<META http-equiv=\"Content-Type\" content=\"text/html\">\n<meta http-equiv=\"content-type\" content=\"text/html; charset=UTF-8\">\n</head>\n<body style=\"margin:0px 0px 0px 0px;overflow:auto;background:#FFFFFF;\">\n<table style=\"font-family:Arial,Verdana,Times;font-size:12px;text-align:left;width:100%;border-collapse:collapse;padding:3px 3px 3px 3px\">\n<tr style=\"text-align:center;font-weight:bold;background:#9CBCE2\">\n<td>African:South American</td>\n</tr>\n<tr>\n<td>\n<table style=\"font-family:Arial,Verdana,Times;font-size:12px;text-align:left;width:100%;border-spacing:0px; padding:3px 3px 3px 3px\">\n<tr>\n<td>NAME</td>\n<td>African:South American</td>\n</tr>\n<tr bgcolor=\"#D4E4F3\">\n<td>LABEL</td>\n<td>Divergent Boundary</td>\n</tr>\n</table>\n</td>\n</tr>\n</table>\n</body>\n</html>", "LABEL": "Divergent Boundary" }, "geometry": { "type": "MultiLineString", "coordinates": [ [ [ -29.92000007644231, 0.79699999055714, 0.0 ], [ -30.027000426928112, 1.606999993255158, 0.0 ] ] ] } },
{ "type": "Feature", "properties": { "Name": "Pacific:Nazca", "Description": "<html xmlns:fo=\"http://www.w3.org/1999/XSL/Format\" xmlns:msxsl=\"urn:schemas-microsoft-com:xslt\">\n<head>\n<META http-equiv=\"Content-Type\" content=\"text/html\">\n<meta http-equiv=\"content-type\" content=\"text/html; charset=UTF-8\">\n</head>\n<body style=\"margin:0px 0px 0px 0px;overflow:auto;background:#FFFFFF;\">\n<table style=\"font-family:Arial,Verdana,Times;font-size:12px;text-align:left;width:100%;border-collapse:collapse;padding:3px 3px 3px 3px\">\n<tr style=\"text-align:center;font-weight:bold;background:#9CBCE2\">\n<td>Pacific:Nazca</td>\n</tr>\n<tr>\n<td>\n<table style=\"font-family:Arial,Verdana,Times;font-size:12px;text-align:left;width:100%;border-spacing:0px; padding:3px 3px 3px 3px\">\n<tr>\n<td>NAME</td>\n<td>Pacific:Nazca</td>\n</tr>\n<tr bgcolor=\"#D4E4F3\">\n<td>LABEL</td>\n<td>Divergent Boundary</td>\n</tr>\n</table>\n</td>\n</tr>\n</table>\n</body>\n</html>", "LABEL": "Divergent Boundary" }, "geometry": { "type": "MultiLineString", "coordinates": [ [ [ -102.239997864010206, 0.712999999250599, 0.0 ], [ -102.180999755833994, 1.133999943442689, 0.0 ] ] ] } },
{ "type": "Feature", "properties": { "Name": "African:South American", "Description": "<html xmlns:fo=\"http://www.w3.org/1999/XSL/Format\" xmlns:msxsl=\"urn:schemas-microsoft-com:xslt\">\n<head>\n<META http-equiv=\"Content-Type\" content=\"text/html\">\n<meta http-equiv=\"content-type\" content=\"text/html; charset=UTF-8\">\n</head>\n<body style=\"margin:0px 0px 0px 0px;overflow:auto;background:#FFFFFF;\">\n<table style=\"font-family:Arial,Verdana,Times;font-size:12px;text-align:left;width:100%;border-collapse:collapse;padding:3px 3px 3px 3px\">\n<tr style=\"text-align:center;font-weight:bold;background:#9CBCE2\">\n<td>African:South American</td>\n</tr>\n<tr>\n<td>\n<table style=\"font-family:Arial,Verdana,Times;font-size:12px;text-align:left;width:100%;border-spacing:0px; padding:3px 3px 3px 3px\">\n<tr>\n<td>NAME</td>\n<td>African:South American</td>\n</tr>\n<tr bgcolor=\"#D4E4F3\">\n<td>LABEL</td>\n<td>Divergent Boundary</td>\n</tr>\n</table>\n</td>\n</tr>\n</table>\n</body>\n</html>", "LABEL": "Divergent Boundary" }, "geometry": { "type": "MultiLineString", "coordinates": [ [ [ -26.28899955788324, 0.497999995903115, 0.0 ], [ -26.474000930598439, 1.159000038720876, 0.0 ] ] ] } },
{ "type": "Feature", "properties": { "Name": "African:Indian", "Description": "<html xmlns:fo=\"http://www.w3.org/1999/XSL/Format\" xmlns:msxsl=\"urn:schemas-microsoft-com:xslt\">\n<head>\n<META http-equiv=\"Content-Type\" content=\"text/html\">\n<meta http-equiv=\"content-type\" content=\"text/html; charset=UTF-8\">\n</head>\n<body style=\"margin:0px 0px 0px 0px;overflow:auto;background:#FFFFFF;\">\n<table style=\"font-family:Arial,Verdana,Times;font-size:12px;text-align:left;width:100%;border-collapse:collapse;padding:3px 3px 3px 3px\">\n<tr style=\"text-align:center;font-weight:bold;background:#9CBCE2\">\n<td>African:Indian</td>\n</tr>\n<tr>\n<td>\n<table style=\"font-family:Arial,Verdana,Times;font-size:12px;text-align:left;width:100%;border-spacing:0px; padding:3px 3px 3px 3px\">\n<tr>\n<td>NAME</td>\n<td>African:Indian</td>\n</tr>\n<tr bgcolor=\"#D4E4F3\">\n<td>LABEL</td>\n<td>Divergent Boundary</td>\n</tr>\n</table>\n</td>\n</tr>\n</table>\n</body>\n</html>", "LABEL": "Divergent Boundary" }, "geometry": { "type": "MultiLineString", "coordinates": [ [ [ 67.158996582026703, 0.337000012340752, 0.0 ], [ 66.656997680598522, 0.72200000329758, 0.0 ] ] ] } },
{ "type": "Feature", "properties": { "Name": "African:Indian", "Description": "<html xmlns:fo=\"http://www.w3.org/1999/XSL/Format\" xmlns:msxsl=\"urn:schemas-microsoft-com:xslt\">\n<head>\n<META http-equiv=\"Content-Type\" content=\"text/html\">\n<meta http-equiv=\"content-type\" content=\"text/html; charset=UTF-8\">\n</head>\n<body style=\"margin:0px 0px 0px 0px;overflow:auto;background:#FFFFFF;\">\n<table style=\"font-family:Arial,Verdana,Times;font-size:12px;text-align:left;width:100%;border-collapse:collapse;padding:3px 3px 3px 3px\">\n<tr style=\"text-align:center;font-weight:bold;background:#9CBCE2\">\n<td>African:Indian</td>\n</tr>\n<tr>\n<td>\n<table style=\"font-family:Arial,Verdana,Times;font-size:12px;text-align:left;width:100%;border-spacing:0px; padding:3px 3px 3px 3px\">\n<tr>\n<td>NAME</td>\n<td>African:Indian</td>\n</tr>\n<tr bgcolor=\"#D4E4F3\">\n<td>LABEL</td>\n<td>Divergent Boundary</td>\n</tr>\n</table>\n</td>\n</tr>\n</table>\n</body>\n</html>", "LABEL": "Divergent Boundary" }, "geometry": { "type": "MultiLineString", "coordinates": [ [ [ 67.20899963422579, -0.340000003896989, 0.0 ], [ 66.838996886996767, -0.03900000064948, 0.0 ] ] ] } },
{ "type": "Feature", "properties": { "Name": "African:South American", "Description": "<html xmlns:fo=\"http://www.w3.org/1999/XSL/Format\" xmlns:msxsl=\"urn:schemas-microsoft-com:xslt\">\n<head>\n<META http-equiv=\"Content-Type\" content=\"text/html\">\n<meta http-equiv=\"content-type\" content=\"text/html; charset=UTF-8\">\n</head>\n<body style=\"margin:0px 0px 0px 0px;overflow:auto;background:#FFFFFF;\">\n<table style=\"font-family:Arial,Verdana,Times;font-size:12px;text-align:left;width:100%;border-collapse:collapse;padding:3px 3px 3px 3px\">\n<tr style=\"text-align:center;font-weight:bold;background:#9CBCE2\">\n<td>African:South American</td>\n</tr>\n<tr>\n<td>\n<table style=\"font-family:Arial,Verdana,Times;font-size:12px;text-align:left;width:100%;border-spacing:0px; padding:3px 3px 3px 3px\">\n<tr>\n<td>NAME</td>\n<td>African:South American</td>\n</tr>\n<tr bgcolor=\"#D4E4F3\">\n<td>LABEL</td>\n<td>Divergent Boundary</td>\n</tr>\n</table>\n</td>\n</tr>\n</table>\n</body>\n</html>", "LABEL": "Divergent Boundary" }, "geometry": { "type": "MultiLineString", "coordinates": [ [ [ -16.252000808790228, -0.55599999400448, 0.0 ], [ -16.497999191209662, 0.298999994754013, 0.0 ] ] ] } },
{ "type": "Feature", "properties": { "Name": "African:Indian", "Description": "<html xmlns:fo=\"http://www.w3.org/1999/XSL/Format\" xmlns:msxsl=\"urn:schemas-microsoft-com:xslt\">\n<head>\n<META http-equiv=\"Content-Type\" content=\"text/html\">\n<meta http-equiv=\"content-type\" content=\"text/html; charset=UTF-8\">\n</head>\n<body style=\"margin:0px 0px 0px 0px;overflow:auto;background:#FFFFFF;\">\n<table style=\"font-family:Arial,Verdana,Times;font-size:12px;text-align:left;width:100%;border-collapse:collapse;padding:3px 3px 3px 3px\">\n<tr style=\"text-align:center;font-weight:bold;background:#9CBCE2\">\n<td>African:Indian</td>\n</tr>\n<tr>\n<td>\n<table style=\"font-family:Arial,Verdana,Times;font-size:12px;text-align:left;width:100%;border-spacing:0px; padding:3px 3px 3px 3px\">\n<tr>\n<td>NAME</td>\n<td>African:Indian</td>\n</tr>\n<tr bgcolor=\"#D4E4F3\">\n<td>LABEL</td>\n<td>Divergent Boundary</td>\n</tr>\n</table>\n</td>\n</tr>\n</table>\n</body>\n</html>", "LABEL": "Divergent Boundary" }, "geometry": { "type": "MultiLineString", "coordinates": [ [ [ 67.662002563167789, -1.03999996202856, 0.0 ], [ 67.023002624771379, -0.578000009392895, 0.0 ] ] ] } },
{ "type": "Feature", "properties": { "Name": "African:South American", "Description": "<html xmlns:fo=\"http://www.w3.org/1999/XSL/Format\" xmlns:msxsl=\"urn:schemas-microsoft-com:xslt\">\n<head>\n<META http-equiv=\"Content-Type\" content=\"text/html\">\n<meta http-equiv=\"content-type\" content=\"text/html; charset=UTF-8\">\n</head>\n<body style=\"margin:0px 0px 0px 0px;overflow:auto;background:#FFFFFF;\">\n<table style=\"font-family:Arial,Verdana,Times;font-size:12px;text-align:left;width:100%;border-collapse:collapse;padding:3px 3px 3px 3px\">\n<tr style=\"text-align:center;font-weight:bold;background:#9CBCE2\">\n<td>African:South American</td>\n</tr>\n<tr>\n<td>\n<table style=\"font-family:Arial,Verdana,Times;font-size:12px;text-align:left;width:100%;border-spacing:0px; padding:3px 3px 3px 3px\">\n<tr>\n<td>NAME</td>\n<td>African:South American</td>\n</tr>\n<tr bgcolor=\"#D4E4F3\">\n<td>LABEL</td>\n<td>Divergent Boundary</td>\n</tr>\n</table>\n</td>\n</tr>\n</table>\n</body>\n</html>", "LABEL": "Divergent Boundary" }, "geometry": { "type": "MultiLineString", "coordinates": [ [ [ -24.611999512167699, -1.103000045215879, 0.0 ], [ -24.820999145294252, -0.245000004446581, 0.0 ], [ -25.0289993285561, 0.614000022183347, 0.0 ] ] ] } },
{ "type": "Feature", "properties": { "Name": "African:South American", "Description": "<html xmlns:fo=\"http://www.w3.org/1999/XSL/Format\" xmlns:msxsl=\"urn:schemas-microsoft-com:xslt\">\n<head>\n<META http-equiv=\"Content-Type\" content=\"text/html\">\n<meta http-equiv=\"content-type\" content=\"text/html; charset=UTF-8\">\n</head>\n<body style=\"margin:0px 0px 0px 0px;overflow:auto;background:#FFFFFF;\">\n<table style=\"font-family:Arial,Verdana,Times;font-size:12px;text-align:left;width:100%;border-collapse:collapse;padding:3px 3px 3px 3px\">\n<tr style=\"text-align:center;font-weight:bold;background:#9CBCE2\">\n<td>African:South American</td>\n</tr>\n<tr>\n<td>\n<table style=\"font-family:Arial,Verdana,Times;font-size:12px;text-align:left;width:100%;border-spacing:0px; padding:3px 3px 3px 3px\">\n<tr>\n<td>NAME</td>\n<td>African:South American</td>\n</tr>\n<tr bgcolor=\"#D4E4F3\">\n<td>LABEL</td>\n<td>Divergent Boundary</td>\n</tr>\n</table>\n</td>\n</tr>\n</table>\n</body>\n</html>", "LABEL": "Divergent Boundary" }, "geometry": { "type": "MultiLineString", "coordinates": [ [ [ -15.84099960354882, -1.143000006644968, 0.0 ], [ -16.037000656155332, -0.519999980514626, 0.0 ] ] ] } },
{ "type": "Feature", "properties": { "Name": "Pacific:Nazca", "Description": "<html xmlns:fo=\"http://www.w3.org/1999/XSL/Format\" xmlns:msxsl=\"urn:schemas-microsoft-com:xslt\">\n<head>\n<META http-equiv=\"Content-Type\" content=\"text/html\">\n<meta http-equiv=\"content-type\" content=\"text/html; charset=UTF-8\">\n</head>\n<body style=\"margin:0px 0px 0px 0px;overflow:auto;background:#FFFFFF;\">\n<table style=\"font-family:Arial,Verdana,Times;font-size:12px;text-align:left;width:100%;border-collapse:collapse;padding:3px 3px 3px 3px\">\n<tr style=\"text-align:center;font-weight:bold;background:#9CBCE2\">\n<td>Pacific:Nazca</td>\n</tr>\n<tr>\n<td>\n<table style=\"font-family:Arial,Verdana,Times;font-size:12px;text-align:left;width:100%;border-spacing:0px; padding:3px 3px 3px 3px\">\n<tr>\n<td>NAME</td>\n<td>Pacific:Nazca</td>\n</tr>\n<tr bgcolor=\"#D4E4F3\">\n<td>LABEL</td>\n<td>Divergent Boundary</td>\n</tr>\n</table>\n</td>\n</tr>\n</table>\n</body>\n</html>", "LABEL": "Divergent Boundary" }, "geometry": { "type": "MultiLineString", "coordinates": [ [ [ -102.524002075435405, -1.282999992155851, 0.0 ], [ -102.397003174157106, -0.503000021233959, 0.0 ], [ -102.319000244465698, -0.015000000049895, 0.0 ], [ -102.293998718366097, 0.157000005146188, 0.0 ], [ -102.252998351992304, 0.372000008493671, 0.0 ], [ -102.209999084090398, 0.705999970522271, 0.0 ] ] ] } },
{ "type": "Feature", "properties": { "Name": "African:South American", "Description": "<html xmlns:fo=\"http://www.w3.org/1999/XSL/Format\" xmlns:msxsl=\"urn:schemas-microsoft-com:xslt\">\n<head>\n<META http-equiv=\"Content-Type\" content=\"text/html\">\n<meta http-equiv=\"content-type\" content=\"text/html; charset=UTF-8\">\n</head>\n<body style=\"margin:0px 0px 0px 0px;overflow:auto;background:#FFFFFF;\">\n<table style=\"font-family:Arial,Verdana,Times;font-size:12px;text-align:left;width:100%;border-collapse:collapse;padding:3px 3px 3px 3px\">\n<tr style=\"text-align:center;font-weight:bold;background:#9CBCE2\">\n<td>African:South American</td>\n</tr>\n<tr>\n<td>\n<table style=\"font-family:Arial,Verdana,Times;font-size:12px;text-align:left;width:100%;border-spacing:0px; padding:3px 3px 3px 3px\">\n<tr>\n<td>NAME</td>\n<td>African:South American</td>\n</tr>\n<tr bgcolor=\"#D4E4F3\">\n<td>LABEL</td>\n<td>Divergent Boundary</td>\n</tr>\n</table>\n</td>\n</tr>\n</table>\n</body>\n</html>", "LABEL": "Divergent Boundary" }, "geometry": { "type": "MultiLineString", "coordinates": [ [ [ -15.40999984751488, -1.493000030227165, 0.0 ], [ -15.564999580466241, -1.072999954084594, 0.0 ] ] ] } },
{ "type": "Feature", "properties": { "Name": "Pacific:Nazca", "Description": "<html xmlns:fo=\"http://www.w3.org/1999/XSL/Format\" xmlns:msxsl=\"urn:schemas-microsoft-com:xslt\">\n<head>\n<META http-equiv=\"Content-Type\" content=\"text/html\">\n<meta http-equiv=\"content-type\" content=\"text/html; charset=UTF-8\">\n</head>\n<body style=\"margin:0px 0px 0px 0px;overflow:auto;background:#FFFFFF;\">\n<table style=\"font-family:Arial,Verdana,Times;font-size:12px;text-align:left;width:100%;border-collapse:collapse;padding:3px 3px 3px 3px\">\n<tr style=\"text-align:center;font-weight:bold;background:#9CBCE2\">\n<td>Pacific:Nazca</td>\n</tr>\n<tr>\n<td>\n<table style=\"font-family:Arial,Verdana,Times;font-size:12px;text-align:left;width:100%;border-spacing:0px; padding:3px 3px 3px 3px\">\n<tr>\n<td>NAME</td>\n<td>Pacific:Nazca</td>\n</tr>\n<tr bgcolor=\"#D4E4F3\">\n<td>LABEL</td>\n<td>Divergent Boundary</td>\n</tr>\n</table>\n</td>\n</tr>\n</table>\n</body>\n</html>", "LABEL": "Divergent Boundary" }, "geometry": { "type": "MultiLineString", "coordinates": [ [ [ -102.461997986018204, -1.532999992555574, 0.0 ], [ -102.399002074785898, -1.282999992155851, 0.0 ] ] ] } },
{ "type": "Feature", "properties": { "Name": "Pacific:Nazca", "Description": "<html xmlns:fo=\"http://www.w3.org/1999/XSL/Format\" xmlns:msxsl=\"urn:schemas-microsoft-com:xslt\">\n<head>\n<META http-equiv=\"Content-Type\" content=\"text/html\">\n<meta http-equiv=\"content-type\" content=\"text/html; charset=UTF-8\">\n</head>\n<body style=\"margin:0px 0px 0px 0px;overflow:auto;background:#FFFFFF;\">\n<table style=\"font-family:Arial,Verdana,Times;font-size:12px;text-align:left;width:100%;border-collapse:collapse;padding:3px 3px 3px 3px\">\n<tr style=\"text-align:center;font-weight:bold;background:#9CBCE2\">\n<td>Pacific:Nazca</td>\n</tr>\n<tr>\n<td>\n<table style=\"font-family:Arial,Verdana,Times;font-size:12px;text-align:left;width:100%;border-spacing:0px; padding:3px 3px 3px 3px\">\n<tr>\n<td>NAME</td>\n<td>Pacific:Nazca</td>\n</tr>\n<tr bgcolor=\"#D4E4F3\">\n<td>LABEL</td>\n<td>Divergent Boundary</td>\n</tr>\n</table>\n</td>\n</tr>\n</table>\n</body>\n</html>", "LABEL": "Divergent Boundary" }, "geometry": { "type": "MultiLineString", "coordinates": [ [ [ -102.402000427077994, -1.90699994569087, 0.0 ], [ -102.306999206348294, -1.595999956133028, 0.0 ] ] ] } },
{ "type": "Feature", "properties": { "Name": "African:Indian", "Description": "<html xmlns:fo=\"http://www.w3.org/1999/XSL/Format\" xmlns:msxsl=\"urn:schemas-microsoft-com:xslt\">\n<head>\n<META http-equiv=\"Content-Type\" content=\"text/html\">\n<meta http-equiv=\"content-type\" content=\"text/html; charset=UTF-8\">\n</head>\n<body style=\"margin:0px 0px 0px 0px;overflow:auto;background:#FFFFFF;\">\n<table style=\"font-family:Arial,Verdana,Times;font-size:12px;text-align:left;width:100%;border-collapse:collapse;padding:3px 3px 3px 3px\">\n<tr style=\"text-align:center;font-weight:bold;background:#9CBCE2\">\n<td>African:Indian</td>\n</tr>\n<tr>\n<td>\n<table style=\"font-family:Arial,Verdana,Times;font-size:12px;text-align:left;width:100%;border-spacing:0px; padding:3px 3px 3px 3px\">\n<tr>\n<td>NAME</td>\n<td>African:Indian</td>\n</tr>\n<tr bgcolor=\"#D4E4F3\">\n<td>LABEL</td>\n<td>Divergent Boundary</td>\n</tr>\n</table>\n</td>\n</tr>\n</table>\n</body>\n</html>", "LABEL": "Divergent Boundary" }, "geometry": { "type": "MultiLineString", "coordinates": [ [ [ 67.929000854605817, -1.912999987659248, 0.0 ], [ 67.366996765288548, -1.440000057456643, 0.0 ] ] ] } },
{ "type": "Feature", "properties": { "Name": "African:South American", "Description": "<html xmlns:fo=\"http://www.w3.org/1999/XSL/Format\" xmlns:msxsl=\"urn:schemas-microsoft-com:xslt\">\n<head>\n<META http-equiv=\"Content-Type\" content=\"text/html\">\n<meta http-equiv=\"content-type\" content=\"text/html; charset=UTF-8\">\n</head>\n<body style=\"margin:0px 0px 0px 0px;overflow:auto;background:#FFFFFF;\">\n<table style=\"font-family:Arial,Verdana,Times;font-size:12px;text-align:left;width:100%;border-collapse:collapse;padding:3px 3px 3px 3px\">\n<tr style=\"text-align:center;font-weight:bold;background:#9CBCE2\">\n<td>African:South American</td>\n</tr>\n<tr>\n<td>\n<table style=\"font-family:Arial,Verdana,Times;font-size:12px;text-align:left;width:100%;border-spacing:0px; padding:3px 3px 3px 3px\">\n<tr>\n<td>NAME</td>\n<td>African:South American</td>\n</tr>\n<tr bgcolor=\"#D4E4F3\">\n<td>LABEL</td>\n<td>Divergent Boundary</td>\n</tr>\n</table>\n</td>\n</tr>\n</table>\n</body>\n</html>", "LABEL": "Divergent Boundary" }, "geometry": { "type": "MultiLineString", "coordinates": [ [ [ -12.70100021398866, -2.098999977466917, 0.0 ], [ -12.930000305369729, -1.506999969872652, 0.0 ], [ -13.15799999270547, -0.915000021633659, 0.0 ] ] ] } },
{ "type": "Feature", "properties": { "Name": "African:Indian", "Description": "<html xmlns:fo=\"http://www.w3.org/1999/XSL/Format\" xmlns:msxsl=\"urn:schemas-microsoft-com:xslt\">\n<head>\n<META http-equiv=\"Content-Type\" content=\"text/html\">\n<meta http-equiv=\"content-type\" content=\"text/html; charset=UTF-8\">\n</head>\n<body style=\"margin:0px 0px 0px 0px;overflow:auto;background:#FFFFFF;\">\n<table style=\"font-family:Arial,Verdana,Times;font-size:12px;text-align:left;width:100%;border-collapse:collapse;padding:3px 3px 3px 3px\">\n<tr style=\"text-align:center;font-weight:bold;background:#9CBCE2\">\n<td>African:Indian</td>\n</tr>\n<tr>\n<td>\n<table style=\"font-family:Arial,Verdana,Times;font-size:12px;text-align:left;width:100%;border-spacing:0px; padding:3px 3px 3px 3px\">\n<tr>\n<td>NAME</td>\n<td>African:Indian</td>\n</tr>\n<tr bgcolor=\"#D4E4F3\">\n<td>LABEL</td>\n<td>Divergent Boundary</td>\n</tr>\n</table>\n</td>\n</tr>\n</table>\n</body>\n</html>", "LABEL": "Divergent Boundary" }, "geometry": { "type": "MultiLineString", "coordinates": [ [ [ 68.249000549635696, -2.539999961728825, 0.0 ], [ 67.788002014581366, -2.088000059255307, 0.0 ] ] ] } },
{ "type": "Feature", "properties": { "Name": "Pacific:Nazca", "Description": "<html xmlns:fo=\"http://www.w3.org/1999/XSL/Format\" xmlns:msxsl=\"urn:schemas-microsoft-com:xslt\">\n<head>\n<META http-equiv=\"Content-Type\" content=\"text/html\">\n<meta http-equiv=\"content-type\" content=\"text/html; charset=UTF-8\">\n</head>\n<body style=\"margin:0px 0px 0px 0px;overflow:auto;background:#FFFFFF;\">\n<table style=\"font-family:Arial,Verdana,Times;font-size:12px;text-align:left;width:100%;border-collapse:collapse;padding:3px 3px 3px 3px\">\n<tr style=\"text-align:center;font-weight:bold;background:#9CBCE2\">\n<td>Pacific:Nazca</td>\n</tr>\n<tr>\n<td>\n<table style=\"font-family:Arial,Verdana,Times;font-size:12px;text-align:left;width:100%;border-spacing:0px; padding:3px 3px 3px 3px\">\n<tr>\n<td>NAME</td>\n<td>Pacific:Nazca</td>\n</tr>\n<tr bgcolor=\"#D4E4F3\">\n<td>LABEL</td>\n<td>Divergent Boundary</td>\n</tr>\n</table>\n</td>\n</tr>\n</table>\n</body>\n</html>", "LABEL": "Divergent Boundary" }, "geometry": { "type": "MultiLineString", "coordinates": [ [ [ -102.7539978026564, -2.934000015188531, 0.0 ], [ -102.686996460318397, -2.436000108418227, 0.0 ], [ -102.621002197693301, -1.906000018286193, 0.0 ] ] ] } },
{ "type": "Feature", "properties": { "Name": "African:Australian", "Description": "<html xmlns:fo=\"http://www.w3.org/1999/XSL/Format\" xmlns:msxsl=\"urn:schemas-microsoft-com:xslt\">\n<head>\n<META http-equiv=\"Content-Type\" content=\"text/html\">\n<meta http-equiv=\"content-type\" content=\"text/html; charset=UTF-8\">\n</head>\n<body style=\"margin:0px 0px 0px 0px;overflow:auto;background:#FFFFFF;\">\n<table style=\"font-family:Arial,Verdana,Times;font-size:12px;text-align:left;width:100%;border-collapse:collapse;padding:3px 3px 3px 3px\">\n<tr style=\"text-align:center;font-weight:bold;background:#9CBCE2\">\n<td>African:Australian</td>\n</tr>\n<tr>\n<td>\n<table style=\"font-family:Arial,Verdana,Times;font-size:12px;text-align:left;width:100%;border-spacing:0px; padding:3px 3px 3px 3px\">\n<tr>\n<td>NAME</td>\n<td>African:Australian</td>\n</tr>\n<tr bgcolor=\"#D4E4F3\">\n<td>LABEL</td>\n<td>Divergent Boundary</td>\n</tr>\n</table>\n</td>\n</tr>\n</table>\n</body>\n</html>", "LABEL": "Divergent Boundary" }, "geometry": { "type": "MultiLineString", "coordinates": [ [ [ 68.666999816788177, -3.770999908618819, 0.0 ], [ 68.269996642830847, -3.351000070796601, 0.0 ], [ 67.891998291288189, -2.888000011791064, 0.0 ] ] ] } },
{ "type": "Feature", "properties": { "Name": "African:South American", "Description": "<html xmlns:fo=\"http://www.w3.org/1999/XSL/Format\" xmlns:msxsl=\"urn:schemas-microsoft-com:xslt\">\n<head>\n<META http-equiv=\"Content-Type\" content=\"text/html\">\n<meta http-equiv=\"content-type\" content=\"text/html; charset=UTF-8\">\n</head>\n<body style=\"margin:0px 0px 0px 0px;overflow:auto;background:#FFFFFF;\">\n<table style=\"font-family:Arial,Verdana,Times;font-size:12px;text-align:left;width:100%;border-collapse:collapse;padding:3px 3px 3px 3px\">\n<tr style=\"text-align:center;font-weight:bold;background:#9CBCE2\">\n<td>African:South American</td>\n</tr>\n<tr>\n<td>\n<table style=\"font-family:Arial,Verdana,Times;font-size:12px;text-align:left;width:100%;border-spacing:0px; padding:3px 3px 3px 3px\">\n<tr>\n<td>NAME</td>\n<td>African:South American</td>\n</tr>\n<tr bgcolor=\"#D4E4F3\">\n<td>LABEL</td>\n<td>Divergent Boundary</td>\n</tr>\n</table>\n</td>\n</tr>\n</table>\n</body>\n</html>", "LABEL": "Divergent Boundary" }, "geometry": { "type": "MultiLineString", "coordinates": [ [ [ -11.765999794255039, -3.971999883287936, 0.0 ], [ -11.897999763378319, -3.493000030726762, 0.0 ], [ -12.0290002826369, -3.013000011541237, 0.0 ], [ -11.833999634075781, -2.855000018835767, 0.0 ], [ -11.998999595255039, -2.400000094928373, 0.0 ], [ -12.16399955733368, -1.94500005231049, 0.0 ] ] ] } },
{ "type": "Feature", "properties": { "Name": "Pacific:Nazca", "Description": "<html xmlns:fo=\"http://www.w3.org/1999/XSL/Format\" xmlns:msxsl=\"urn:schemas-microsoft-com:xslt\">\n<head>\n<META http-equiv=\"Content-Type\" content=\"text/html\">\n<meta http-equiv=\"content-type\" content=\"text/html; charset=UTF-8\">\n</head>\n<body style=\"margin:0px 0px 0px 0px;overflow:auto;background:#FFFFFF;\">\n<table style=\"font-family:Arial,Verdana,Times;font-size:12px;text-align:left;width:100%;border-collapse:collapse;padding:3px 3px 3px 3px\">\n<tr style=\"text-align:center;font-weight:bold;background:#9CBCE2\">\n<td>Pacific:Nazca</td>\n</tr>\n<tr>\n<td>\n<table style=\"font-family:Arial,Verdana,Times;font-size:12px;text-align:left;width:100%;border-spacing:0px; padding:3px 3px 3px 3px\">\n<tr>\n<td>NAME</td>\n<td>Pacific:Nazca</td>\n</tr>\n<tr bgcolor=\"#D4E4F3\">\n<td>LABEL</td>\n<td>Divergent Boundary</td>\n</tr>\n</table>\n</td>\n</tr>\n</table>\n</body>\n</html>", "LABEL": "Divergent Boundary" }, "geometry": { "type": "MultiLineString", "coordinates": [ [ [ -102.735000610089998, -4.056000232524639, 0.0 ], [ -102.570999145494099, -3.434999942493278, 0.0 ], [ -102.566001891673906, -2.936000108318297, 0.0 ] ] ] } },
{ "type": "Feature", "properties": { "Name": "Pacific:Nazca", "Description": "<html xmlns:fo=\"http://www.w3.org/1999/XSL/Format\" xmlns:msxsl=\"urn:schemas-microsoft-com:xslt\">\n<head>\n<META http-equiv=\"Content-Type\" content=\"text/html\">\n<meta http-equiv=\"content-type\" content=\"text/html; charset=UTF-8\">\n</head>\n<body style=\"margin:0px 0px 0px 0px;overflow:auto;background:#FFFFFF;\">\n<table style=\"font-family:Arial,Verdana,Times;font-size:12px;text-align:left;width:100%;border-collapse:collapse;padding:3px 3px 3px 3px\">\n<tr style=\"text-align:center;font-weight:bold;background:#9CBCE2\">\n<td>Pacific:Nazca</td>\n</tr>\n<tr>\n<td>\n<table style=\"font-family:Arial,Verdana,Times;font-size:12px;text-align:left;width:100%;border-spacing:0px; padding:3px 3px 3px 3px\">\n<tr>\n<td>NAME</td>\n<td>Pacific:Nazca</td>\n</tr>\n<tr bgcolor=\"#D4E4F3\">\n<td>LABEL</td>\n<td>Divergent Boundary</td>\n</tr>\n</table>\n</td>\n</tr>\n</table>\n</body>\n</html>", "LABEL": "Divergent Boundary" }, "geometry": { "type": "MultiLineString", "coordinates": [ [ [ -104.698997497136801, -4.151999950737093, 0.0 ], [ -104.539001464545905, -3.844000101323559, 0.0 ] ] ] } },
{ "type": "Feature", "properties": { "Name": "African:Australian", "Description": "<html xmlns:fo=\"http://www.w3.org/1999/XSL/Format\" xmlns:msxsl=\"urn:schemas-microsoft-com:xslt\">\n<head>\n<META http-equiv=\"Content-Type\" content=\"text/html\">\n<meta http-equiv=\"content-type\" content=\"text/html; charset=UTF-8\">\n</head>\n<body style=\"margin:0px 0px 0px 0px;overflow:auto;background:#FFFFFF;\">\n<table style=\"font-family:Arial,Verdana,Times;font-size:12px;text-align:left;width:100%;border-collapse:collapse;padding:3px 3px 3px 3px\">\n<tr style=\"text-align:center;font-weight:bold;background:#9CBCE2\">\n<td>African:Australian</td>\n</tr>\n<tr>\n<td>\n<table style=\"font-family:Arial,Verdana,Times;font-size:12px;text-align:left;width:100%;border-spacing:0px; padding:3px 3px 3px 3px\">\n<tr>\n<td>NAME</td>\n<td>African:Australian</td>\n</tr>\n<tr bgcolor=\"#D4E4F3\">\n<td>LABEL</td>\n<td>Divergent Boundary</td>\n</tr>\n</table>\n</td>\n</tr>\n</table>\n</body>\n</html>", "LABEL": "Divergent Boundary" }, "geometry": { "type": "MultiLineString", "coordinates": [ [ [ 68.750999451063876, -4.548999786410946, 0.0 ], [ 68.348999023286353, -4.118000030377061, 0.0 ] ] ] } },
{ "type": "Feature", "properties": { "Name": "Pacific:Nazca", "Description": "<html xmlns:fo=\"http://www.w3.org/1999/XSL/Format\" xmlns:msxsl=\"urn:schemas-microsoft-com:xslt\">\n<head>\n<META http-equiv=\"Content-Type\" content=\"text/html\">\n<meta http-equiv=\"content-type\" content=\"text/html; charset=UTF-8\">\n</head>\n<body style=\"margin:0px 0px 0px 0px;overflow:auto;background:#FFFFFF;\">\n<table style=\"font-family:Arial,Verdana,Times;font-size:12px;text-align:left;width:100%;border-collapse:collapse;padding:3px 3px 3px 3px\">\n<tr style=\"text-align:center;font-weight:bold;background:#9CBCE2\">\n<td>Pacific:Nazca</td>\n</tr>\n<tr>\n<td>\n<table style=\"font-family:Arial,Verdana,Times;font-size:12px;text-align:left;width:100%;border-spacing:0px; padding:3px 3px 3px 3px\">\n<tr>\n<td>NAME</td>\n<td>Pacific:Nazca</td>\n</tr>\n<tr bgcolor=\"#D4E4F3\">\n<td>LABEL</td>\n<td>Divergent Boundary</td>\n</tr>\n</table>\n</td>\n</tr>\n</table>\n</body>\n</html>", "LABEL": "Divergent Boundary" }, "geometry": { "type": "MultiLineString", "coordinates": [ [ [ -105.543998718166307, -4.56899976712549, 0.0 ], [ -105.379997253570394, -4.078000068947972, 0.0 ] ] ] } },
{ "type": "Feature", "properties": { "Name": "African:South American", "Description": "<html xmlns:fo=\"http://www.w3.org/1999/XSL/Format\" xmlns:msxsl=\"urn:schemas-microsoft-com:xslt\">\n<head>\n<META http-equiv=\"Content-Type\" content=\"text/html\">\n<meta http-equiv=\"content-type\" content=\"text/html; charset=UTF-8\">\n</head>\n<body style=\"margin:0px 0px 0px 0px;overflow:auto;background:#FFFFFF;\">\n<table style=\"font-family:Arial,Verdana,Times;font-size:12px;text-align:left;width:100%;border-collapse:collapse;padding:3px 3px 3px 3px\">\n<tr style=\"text-align:center;font-weight:bold;background:#9CBCE2\">\n<td>African:South American</td>\n</tr>\n<tr>\n<td>\n<table style=\"font-family:Arial,Verdana,Times;font-size:12px;text-align:left;width:100%;border-spacing:0px; padding:3px 3px 3px 3px\">\n<tr>\n<td>NAME</td>\n<td>African:South American</td>\n</tr>\n<tr bgcolor=\"#D4E4F3\">\n<td>LABEL</td>\n<td>Divergent Boundary</td>\n</tr>\n</table>\n</td>\n</tr>\n</table>\n</body>\n</html>", "LABEL": "Divergent Boundary" }, "geometry": { "type": "MultiLineString", "coordinates": [ [ [ -12.03899955758345, -4.586999893030566, 0.0 ], [ -12.09700012245764, -4.10300016422616, 0.0 ] ] ] } },
{ "type": "Feature", "properties": { "Name": "African:South American", "Description": "<html xmlns:fo=\"http://www.w3.org/1999/XSL/Format\" xmlns:msxsl=\"urn:schemas-microsoft-com:xslt\">\n<head>\n<META http-equiv=\"Content-Type\" content=\"text/html\">\n<meta http-equiv=\"content-type\" content=\"text/html; charset=UTF-8\">\n</head>\n<body style=\"margin:0px 0px 0px 0px;overflow:auto;background:#FFFFFF;\">\n<table style=\"font-family:Arial,Verdana,Times;font-size:12px;text-align:left;width:100%;border-collapse:collapse;padding:3px 3px 3px 3px\">\n<tr style=\"text-align:center;font-weight:bold;background:#9CBCE2\">\n<td>African:South American</td>\n</tr>\n<tr>\n<td>\n<table style=\"font-family:Arial,Verdana,Times;font-size:12px;text-align:left;width:100%;border-spacing:0px; padding:3px 3px 3px 3px\">\n<tr>\n<td>NAME</td>\n<td>African:South American</td>\n</tr>\n<tr bgcolor=\"#D4E4F3\">\n<td>LABEL</td>\n<td>Divergent Boundary</td>\n</tr>\n</table>\n</td>\n</tr>\n</table>\n</body>\n</html>", "LABEL": "Divergent Boundary" }, "geometry": { "type": "MultiLineString", "coordinates": [ [ [ -12.01900005350962, -5.026000022483004, 0.0 ], [ -12.14400005325979, -4.609000206094606, 0.0 ] ] ] } },
{ "type": "Feature", "properties": { "Name": "African:South American", "Description": "<html xmlns:fo=\"http://www.w3.org/1999/XSL/Format\" xmlns:msxsl=\"urn:schemas-microsoft-com:xslt\">\n<head>\n<META http-equiv=\"Content-Type\" content=\"text/html\">\n<meta http-equiv=\"content-type\" content=\"text/html; charset=UTF-8\">\n</head>\n<body style=\"margin:0px 0px 0px 0px;overflow:auto;background:#FFFFFF;\">\n<table style=\"font-family:Arial,Verdana,Times;font-size:12px;text-align:left;width:100%;border-collapse:collapse;padding:3px 3px 3px 3px\">\n<tr style=\"text-align:center;font-weight:bold;background:#9CBCE2\">\n<td>African:South American</td>\n</tr>\n<tr>\n<td>\n<table style=\"font-family:Arial,Verdana,Times;font-size:12px;text-align:left;width:100%;border-spacing:0px; padding:3px 3px 3px 3px\">\n<tr>\n<td>NAME</td>\n<td>African:South American</td>\n</tr>\n<tr bgcolor=\"#D4E4F3\">\n<td>LABEL</td>\n<td>Divergent Boundary</td>\n</tr>\n</table>\n</td>\n</tr>\n</table>\n</body>\n</html>", "LABEL": "Divergent Boundary" }, "geometry": { "type": "MultiLineString", "coordinates": [ [ [ -11.51599979385537, -5.414999962278387, 0.0 ], [ -11.604000091930629, -4.941999912465917, 0.0 ] ] ] } },
{ "type": "Feature", "properties": { "Name": "African:Australian", "Description": "<html xmlns:fo=\"http://www.w3.org/1999/XSL/Format\" xmlns:msxsl=\"urn:schemas-microsoft-com:xslt\">\n<head>\n<META http-equiv=\"Content-Type\" content=\"text/html\">\n<meta http-equiv=\"content-type\" content=\"text/html; charset=UTF-8\">\n</head>\n<body style=\"margin:0px 0px 0px 0px;overflow:auto;background:#FFFFFF;\">\n<table style=\"font-family:Arial,Verdana,Times;font-size:12px;text-align:left;width:100%;border-collapse:collapse;padding:3px 3px 3px 3px\">\n<tr style=\"text-align:center;font-weight:bold;background:#9CBCE2\">\n<td>African:Australian</td>\n</tr>\n<tr>\n<td>\n<table style=\"font-family:Arial,Verdana,Times;font-size:12px;text-align:left;width:100%;border-spacing:0px; padding:3px 3px 3px 3px\">\n<tr>\n<td>NAME</td>\n<td>African:Australian</td>\n</tr>\n<tr bgcolor=\"#D4E4F3\">\n<td>LABEL</td>\n<td>Divergent Boundary</td>\n</tr>\n</table>\n</td>\n</tr>\n</table>\n</body>\n</html>", "LABEL": "Divergent Boundary" }, "geometry": { "type": "MultiLineString", "coordinates": [ [ [ 68.607002258747286, -5.472000122207817, 0.0 ], [ 68.198997497436608, -5.04199981693796, 0.0 ] ] ] } },
{ "type": "Feature", "properties": { "Name": "Pacific:Nazca", "Description": "<html xmlns:fo=\"http://www.w3.org/1999/XSL/Format\" xmlns:msxsl=\"urn:schemas-microsoft-com:xslt\">\n<head>\n<META http-equiv=\"Content-Type\" content=\"text/html\">\n<meta http-equiv=\"content-type\" content=\"text/html; charset=UTF-8\">\n</head>\n<body style=\"margin:0px 0px 0px 0px;overflow:auto;background:#FFFFFF;\">\n<table style=\"font-family:Arial,Verdana,Times;font-size:12px;text-align:left;width:100%;border-collapse:collapse;padding:3px 3px 3px 3px\">\n<tr style=\"text-align:center;font-weight:bold;background:#9CBCE2\">\n<td>Pacific:Nazca</td>\n</tr>\n<tr>\n<td>\n<table style=\"font-family:Arial,Verdana,Times;font-size:12px;text-align:left;width:100%;border-spacing:0px; padding:3px 3px 3px 3px\">\n<tr>\n<td>NAME</td>\n<td>Pacific:Nazca</td>\n</tr>\n<tr bgcolor=\"#D4E4F3\">\n<td>LABEL</td>\n<td>Divergent Boundary</td>\n</tr>\n</table>\n</td>\n</tr>\n</table>\n</body>\n</html>", "LABEL": "Divergent Boundary" }, "geometry": { "type": "MultiLineString", "coordinates": [ [ [ -106.586997985868294, -5.624000072045646, 0.0 ], [ -106.449996948000702, -5.043000220983345, 0.0 ], [ -106.252998352092206, -4.493999957931692, 0.0 ] ] ] } },
{ "type": "Feature", "properties": { "Name": "African:South American", "Description": "<html xmlns:fo=\"http://www.w3.org/1999/XSL/Format\" xmlns:msxsl=\"urn:schemas-microsoft-com:xslt\">\n<head>\n<META http-equiv=\"Content-Type\" content=\"text/html\">\n<meta http-equiv=\"content-type\" content=\"text/html; charset=UTF-8\">\n</head>\n<body style=\"margin:0px 0px 0px 0px;overflow:auto;background:#FFFFFF;\">\n<table style=\"font-family:Arial,Verdana,Times;font-size:12px;text-align:left;width:100%;border-collapse:collapse;padding:3px 3px 3px 3px\">\n<tr style=\"text-align:center;font-weight:bold;background:#9CBCE2\">\n<td>African:South American</td>\n</tr>\n<tr>\n<td>\n<table style=\"font-family:Arial,Verdana,Times;font-size:12px;text-align:left;width:100%;border-spacing:0px; padding:3px 3px 3px 3px\">\n<tr>\n<td>NAME</td>\n<td>African:South American</td>\n</tr>\n<tr bgcolor=\"#D4E4F3\">\n<td>LABEL</td>\n<td>Divergent Boundary</td>\n</tr>\n</table>\n</td>\n</tr>\n</table>\n</body>\n</html>", "LABEL": "Divergent Boundary" }, "geometry": { "type": "MultiLineString", "coordinates": [ [ [ -11.02200031256433, -5.929999828329358, 0.0 ], [ -11.166999817287721, -5.376999854759447, 0.0 ] ] ] } },
{ "type": "Feature", "properties": { "Name": "Pacific:Nazca", "Description": "<html xmlns:fo=\"http://www.w3.org/1999/XSL/Format\" xmlns:msxsl=\"urn:schemas-microsoft-com:xslt\">\n<head>\n<META http-equiv=\"Content-Type\" content=\"text/html\">\n<meta http-equiv=\"content-type\" content=\"text/html; charset=UTF-8\">\n</head>\n<body style=\"margin:0px 0px 0px 0px;overflow:auto;background:#FFFFFF;\">\n<table style=\"font-family:Arial,Verdana,Times;font-size:12px;text-align:left;width:100%;border-collapse:collapse;padding:3px 3px 3px 3px\">\n<tr style=\"text-align:center;font-weight:bold;background:#9CBCE2\">\n<td>Pacific:Nazca</td>\n</tr>\n<tr>\n<td>\n<table style=\"font-family:Arial,Verdana,Times;font-size:12px;text-align:left;width:100%;border-spacing:0px; padding:3px 3px 3px 3px\">\n<tr>\n<td>NAME</td>\n<td>Pacific:Nazca</td>\n</tr>\n<tr bgcolor=\"#D4E4F3\">\n<td>LABEL</td>\n<td>Divergent Boundary</td>\n</tr>\n</table>\n</td>\n</tr>\n</table>\n</body>\n</html>", "LABEL": "Divergent Boundary" }, "geometry": { "type": "MultiLineString", "coordinates": [ [ [ -106.751998901228305, -6.019000053809407, 0.0 ], [ -106.740997314774205, -5.619999885786058, 0.0 ] ] ] } },
{ "type": "Feature", "properties": { "Name": "Pacific:Nazca", "Description": "<html xmlns:fo=\"http://www.w3.org/1999/XSL/Format\" xmlns:msxsl=\"urn:schemas-microsoft-com:xslt\">\n<head>\n<META http-equiv=\"Content-Type\" content=\"text/html\">\n<meta http-equiv=\"content-type\" content=\"text/html; charset=UTF-8\">\n</head>\n<body style=\"margin:0px 0px 0px 0px;overflow:auto;background:#FFFFFF;\">\n<table style=\"font-family:Arial,Verdana,Times;font-size:12px;text-align:left;width:100%;border-collapse:collapse;padding:3px 3px 3px 3px\">\n<tr style=\"text-align:center;font-weight:bold;background:#9CBCE2\">\n<td>Pacific:Nazca</td>\n</tr>\n<tr>\n<td>\n<table style=\"font-family:Arial,Verdana,Times;font-size:12px;text-align:left;width:100%;border-spacing:0px; padding:3px 3px 3px 3px\">\n<tr>\n<td>NAME</td>\n<td>Pacific:Nazca</td>\n</tr>\n<tr bgcolor=\"#D4E4F3\">\n<td>LABEL</td>\n<td>Divergent Boundary</td>\n</tr>\n</table>\n</td>\n</tr>\n</table>\n</body>\n</html>", "LABEL": "Divergent Boundary" }, "geometry": { "type": "MultiLineString", "coordinates": [ [ [ -106.9499969479008, -6.442999839570916, 0.0 ], [ -106.845001220429893, -6.015999794055176, 0.0 ] ] ] } },
{ "type": "Feature", "properties": { "Name": "African:South American", "Description": "<html xmlns:fo=\"http://www.w3.org/1999/XSL/Format\" xmlns:msxsl=\"urn:schemas-microsoft-com:xslt\">\n<head>\n<META http-equiv=\"Content-Type\" content=\"text/html\">\n<meta http-equiv=\"content-type\" content=\"text/html; charset=UTF-8\">\n</head>\n<body style=\"margin:0px 0px 0px 0px;overflow:auto;background:#FFFFFF;\">\n<table style=\"font-family:Arial,Verdana,Times;font-size:12px;text-align:left;width:100%;border-collapse:collapse;padding:3px 3px 3px 3px\">\n<tr style=\"text-align:center;font-weight:bold;background:#9CBCE2\">\n<td>African:South American</td>\n</tr>\n<tr>\n<td>\n<table style=\"font-family:Arial,Verdana,Times;font-size:12px;text-align:left;width:100%;border-spacing:0px; padding:3px 3px 3px 3px\">\n<tr>\n<td>NAME</td>\n<td>African:South American</td>\n</tr>\n<tr bgcolor=\"#D4E4F3\">\n<td>LABEL</td>\n<td>Divergent Boundary</td>\n</tr>\n</table>\n</td>\n</tr>\n</table>\n</body>\n</html>", "LABEL": "Divergent Boundary" }, "geometry": { "type": "MultiLineString", "coordinates": [ [ [ -11.180999756033881, -6.755000114463655, 0.0 ], [ -11.26700019840041, -6.019999981214141, 0.0 ] ] ] } },
{ "type": "Feature", "properties": { "Name": "African:Australian", "Description": "<html xmlns:fo=\"http://www.w3.org/1999/XSL/Format\" xmlns:msxsl=\"urn:schemas-microsoft-com:xslt\">\n<head>\n<META http-equiv=\"Content-Type\" content=\"text/html\">\n<meta http-equiv=\"content-type\" content=\"text/html; charset=UTF-8\">\n</head>\n<body style=\"margin:0px 0px 0px 0px;overflow:auto;background:#FFFFFF;\">\n<table style=\"font-family:Arial,Verdana,Times;font-size:12px;text-align:left;width:100%;border-collapse:collapse;padding:3px 3px 3px 3px\">\n<tr style=\"text-align:center;font-weight:bold;background:#9CBCE2\">\n<td>African:Australian</td>\n</tr>\n<tr>\n<td>\n<table style=\"font-family:Arial,Verdana,Times;font-size:12px;text-align:left;width:100%;border-spacing:0px; padding:3px 3px 3px 3px\">\n<tr>\n<td>NAME</td>\n<td>African:Australian</td>\n</tr>\n<tr bgcolor=\"#D4E4F3\">\n<td>LABEL</td>\n<td>Divergent Boundary</td>\n</tr>\n</table>\n</td>\n</tr>\n</table>\n</body>\n</html>", "LABEL": "Divergent Boundary" }, "geometry": { "type": "MultiLineString", "coordinates": [ [ [ 68.274002074835948, -6.8109998703477, 0.0 ], [ 67.78199768104821, -6.258999824182467, 0.0 ] ] ] } },
{ "type": "Feature", "properties": { "Name": "African:Australian", "Description": "<html xmlns:fo=\"http://www.w3.org/1999/XSL/Format\" xmlns:msxsl=\"urn:schemas-microsoft-com:xslt\">\n<head>\n<META http-equiv=\"Content-Type\" content=\"text/html\">\n<meta http-equiv=\"content-type\" content=\"text/html; charset=UTF-8\">\n</head>\n<body style=\"margin:0px 0px 0px 0px;overflow:auto;background:#FFFFFF;\">\n<table style=\"font-family:Arial,Verdana,Times;font-size:12px;text-align:left;width:100%;border-collapse:collapse;padding:3px 3px 3px 3px\">\n<tr style=\"text-align:center;font-weight:bold;background:#9CBCE2\">\n<td>African:Australian</td>\n</tr>\n<tr>\n<td>\n<table style=\"font-family:Arial,Verdana,Times;font-size:12px;text-align:left;width:100%;border-spacing:0px; padding:3px 3px 3px 3px\">\n<tr>\n<td>NAME</td>\n<td>African:Australian</td>\n</tr>\n<tr bgcolor=\"#D4E4F3\">\n<td>LABEL</td>\n<td>Divergent Boundary</td>\n</tr>\n</table>\n</td>\n</tr>\n</table>\n</body>\n</html>", "LABEL": "Divergent Boundary" }, "geometry": { "type": "MultiLineString", "coordinates": [ [ [ 68.072998046922407, -7.647999763778046, 0.0 ], [ 67.810997009304572, -7.252999782913605, 0.0 ] ] ] } },
{ "type": "Feature", "properties": { "Name": "African:South American", "Description": "<html xmlns:fo=\"http://www.w3.org/1999/XSL/Format\" xmlns:msxsl=\"urn:schemas-microsoft-com:xslt\">\n<head>\n<META http-equiv=\"Content-Type\" content=\"text/html\">\n<meta http-equiv=\"content-type\" content=\"text/html; charset=UTF-8\">\n</head>\n<body style=\"margin:0px 0px 0px 0px;overflow:auto;background:#FFFFFF;\">\n<table style=\"font-family:Arial,Verdana,Times;font-size:12px;text-align:left;width:100%;border-collapse:collapse;padding:3px 3px 3px 3px\">\n<tr style=\"text-align:center;font-weight:bold;background:#9CBCE2\">\n<td>African:South American</td>\n</tr>\n<tr>\n<td>\n<table style=\"font-family:Arial,Verdana,Times;font-size:12px;text-align:left;width:100%;border-spacing:0px; padding:3px 3px 3px 3px\">\n<tr>\n<td>NAME</td>\n<td>African:South American</td>\n</tr>\n<tr bgcolor=\"#D4E4F3\">\n<td>LABEL</td>\n<td>Divergent Boundary</td>\n</tr>\n</table>\n</td>\n</tr>\n</table>\n</body>\n</html>", "LABEL": "Divergent Boundary" }, "geometry": { "type": "MultiLineString", "coordinates": [ [ [ -13.357000350885411, -8.411000252059921, 0.0 ], [ -13.489000320008699, -7.888999939095868, 0.0 ], [ -13.621000290031301, -7.367000102772465, 0.0 ] ] ] } },
{ "type": "Feature", "properties": { "Name": "African:Australian", "Description": "<html xmlns:fo=\"http://www.w3.org/1999/XSL/Format\" xmlns:msxsl=\"urn:schemas-microsoft-com:xslt\">\n<head>\n<META http-equiv=\"Content-Type\" content=\"text/html\">\n<meta http-equiv=\"content-type\" content=\"text/html; charset=UTF-8\">\n</head>\n<body style=\"margin:0px 0px 0px 0px;overflow:auto;background:#FFFFFF;\">\n<table style=\"font-family:Arial,Verdana,Times;font-size:12px;text-align:left;width:100%;border-collapse:collapse;padding:3px 3px 3px 3px\">\n<tr style=\"text-align:center;font-weight:bold;background:#9CBCE2\">\n<td>African:Australian</td>\n</tr>\n<tr>\n<td>\n<table style=\"font-family:Arial,Verdana,Times;font-size:12px;text-align:left;width:100%;border-spacing:0px; padding:3px 3px 3px 3px\">\n<tr>\n<td>NAME</td>\n<td>African:Australian</td>\n</tr>\n<tr bgcolor=\"#D4E4F3\">\n<td>LABEL</td>\n<td>Divergent Boundary</td>\n</tr>\n</table>\n</td>\n</tr>\n</table>\n</body>\n</html>", "LABEL": "Divergent Boundary" }, "geometry": { "type": "MultiLineString", "coordinates": [ [ [ 68.039001464845796, -8.491999626581446, 0.0 ], [ 67.641998290888466, -8.027000426828181, 0.0 ] ] ] } },
{ "type": "Feature", "properties": { "Name": "Pacific:Nazca", "Description": "<html xmlns:fo=\"http://www.w3.org/1999/XSL/Format\" xmlns:msxsl=\"urn:schemas-microsoft-com:xslt\">\n<head>\n<META http-equiv=\"Content-Type\" content=\"text/html\">\n<meta http-equiv=\"content-type\" content=\"text/html; charset=UTF-8\">\n</head>\n<body style=\"margin:0px 0px 0px 0px;overflow:auto;background:#FFFFFF;\">\n<table style=\"font-family:Arial,Verdana,Times;font-size:12px;text-align:left;width:100%;border-collapse:collapse;padding:3px 3px 3px 3px\">\n<tr style=\"text-align:center;font-weight:bold;background:#9CBCE2\">\n<td>Pacific:Nazca</td>\n</tr>\n<tr>\n<td>\n<table style=\"font-family:Arial,Verdana,Times;font-size:12px;text-align:left;width:100%;border-spacing:0px; padding:3px 3px 3px 3px\">\n<tr>\n<td>NAME</td>\n<td>Pacific:Nazca</td>\n</tr>\n<tr bgcolor=\"#D4E4F3\">\n<td>LABEL</td>\n<td>Divergent Boundary</td>\n</tr>\n</table>\n</td>\n</tr>\n</table>\n</body>\n</html>", "LABEL": "Divergent Boundary" }, "geometry": { "type": "MultiLineString", "coordinates": [ [ [ -108.319999694930004, -9.145000457904757, 0.0 ], [ -108.192001342887593, -8.357000350985345, 0.0 ], [ -108.063003540081297, -8.239999771372311, 0.0 ], [ -107.879997253070698, -7.513999938945972, 0.0 ], [ -107.652999878141799, -7.185999870497597, 0.0 ], [ -107.607002257947798, -6.758999824082594, 0.0 ], [ -107.441001891823802, -6.367000102972327, 0.0 ] ] ] } },
{ "type": "Feature", "properties": { "Name": "African:South American", "Description": "<html xmlns:fo=\"http://www.w3.org/1999/XSL/Format\" xmlns:msxsl=\"urn:schemas-microsoft-com:xslt\">\n<head>\n<META http-equiv=\"Content-Type\" content=\"text/html\">\n<meta http-equiv=\"content-type\" content=\"text/html; charset=UTF-8\">\n</head>\n<body style=\"margin:0px 0px 0px 0px;overflow:auto;background:#FFFFFF;\">\n<table style=\"font-family:Arial,Verdana,Times;font-size:12px;text-align:left;width:100%;border-collapse:collapse;padding:3px 3px 3px 3px\">\n<tr style=\"text-align:center;font-weight:bold;background:#9CBCE2\">\n<td>African:South American</td>\n</tr>\n<tr>\n<td>\n<table style=\"font-family:Arial,Verdana,Times;font-size:12px;text-align:left;width:100%;border-spacing:0px; padding:3px 3px 3px 3px\">\n<tr>\n<td>NAME</td>\n<td>African:South American</td>\n</tr>\n<tr bgcolor=\"#D4E4F3\">\n<td>LABEL</td>\n<td>Divergent Boundary</td>\n</tr>\n</table>\n</td>\n</tr>\n</table>\n</body>\n</html>", "LABEL": "Divergent Boundary" }, "geometry": { "type": "MultiLineString", "coordinates": [ [ [ -13.022999763828009, -9.225000381662255, 0.0 ], [ -13.190999984761451, -8.373999595305008, 0.0 ] ] ] } },
{ "type": "Feature", "properties": { "Name": "African:Australian", "Description": "<html xmlns:fo=\"http://www.w3.org/1999/XSL/Format\" xmlns:msxsl=\"urn:schemas-microsoft-com:xslt\">\n<head>\n<META http-equiv=\"Content-Type\" content=\"text/html\">\n<meta http-equiv=\"content-type\" content=\"text/html; charset=UTF-8\">\n</head>\n<body style=\"margin:0px 0px 0px 0px;overflow:auto;background:#FFFFFF;\">\n<table style=\"font-family:Arial,Verdana,Times;font-size:12px;text-align:left;width:100%;border-collapse:collapse;padding:3px 3px 3px 3px\">\n<tr style=\"text-align:center;font-weight:bold;background:#9CBCE2\">\n<td>African:Australian</td>\n</tr>\n<tr>\n<td>\n<table style=\"font-family:Arial,Verdana,Times;font-size:12px;text-align:left;width:100%;border-spacing:0px; padding:3px 3px 3px 3px\">\n<tr>\n<td>NAME</td>\n<td>African:Australian</td>\n</tr>\n<tr bgcolor=\"#D4E4F3\">\n<td>LABEL</td>\n<td>Divergent Boundary</td>\n</tr>\n</table>\n</td>\n</tr>\n</table>\n</body>\n</html>", "LABEL": "Divergent Boundary" }, "geometry": { "type": "MultiLineString", "coordinates": [ [ [ 67.377998351742576, -9.630000114113955, 0.0 ], [ 67.089996338160518, -9.27000045765493, 0.0 ] ] ] } },
{ "type": "Feature", "properties": { "Name": "Pacific:Nazca", "Description": "<html xmlns:fo=\"http://www.w3.org/1999/XSL/Format\" xmlns:msxsl=\"urn:schemas-microsoft-com:xslt\">\n<head>\n<META http-equiv=\"Content-Type\" content=\"text/html\">\n<meta http-equiv=\"content-type\" content=\"text/html; charset=UTF-8\">\n</head>\n<body style=\"margin:0px 0px 0px 0px;overflow:auto;background:#FFFFFF;\">\n<table style=\"font-family:Arial,Verdana,Times;font-size:12px;text-align:left;width:100%;border-collapse:collapse;padding:3px 3px 3px 3px\">\n<tr style=\"text-align:center;font-weight:bold;background:#9CBCE2\">\n<td>Pacific:Nazca</td>\n</tr>\n<tr>\n<td>\n<table style=\"font-family:Arial,Verdana,Times;font-size:12px;text-align:left;width:100%;border-spacing:0px; padding:3px 3px 3px 3px\">\n<tr>\n<td>NAME</td>\n<td>Pacific:Nazca</td>\n</tr>\n<tr bgcolor=\"#D4E4F3\">\n<td>LABEL</td>\n<td>Divergent Boundary</td>\n</tr>\n</table>\n</td>\n</tr>\n</table>\n</body>\n</html>", "LABEL": "Divergent Boundary" }, "geometry": { "type": "MultiLineString", "coordinates": [ [ [ -109.857002257947798, -9.677000045815419, 0.0 ], [ -109.7559967036849, -8.925000190706214, 0.0 ] ] ] } },
{ "type": "Feature", "properties": { "Name": "African:South American", "Description": "<html xmlns:fo=\"http://www.w3.org/1999/XSL/Format\" xmlns:msxsl=\"urn:schemas-microsoft-com:xslt\">\n<head>\n<META http-equiv=\"Content-Type\" content=\"text/html\">\n<meta http-equiv=\"content-type\" content=\"text/html; charset=UTF-8\">\n</head>\n<body style=\"margin:0px 0px 0px 0px;overflow:auto;background:#FFFFFF;\">\n<table style=\"font-family:Arial,Verdana,Times;font-size:12px;text-align:left;width:100%;border-collapse:collapse;padding:3px 3px 3px 3px\">\n<tr style=\"text-align:center;font-weight:bold;background:#9CBCE2\">\n<td>African:South American</td>\n</tr>\n<tr>\n<td>\n<table style=\"font-family:Arial,Verdana,Times;font-size:12px;text-align:left;width:100%;border-spacing:0px; padding:3px 3px 3px 3px\">\n<tr>\n<td>NAME</td>\n<td>African:South American</td>\n</tr>\n<tr bgcolor=\"#D4E4F3\">\n<td>LABEL</td>\n<td>Divergent Boundary</td>\n</tr>\n</table>\n</td>\n</tr>\n</table>\n</body>\n</html>", "LABEL": "Divergent Boundary" }, "geometry": { "type": "MultiLineString", "coordinates": [ [ [ -13.166000366123971, -9.793999672147095, 0.0 ], [ -13.248000144690881, -9.276000022982601, 0.0 ] ] ] } },
{ "type": "Feature", "properties": { "Name": "African:Australian", "Description": "<html xmlns:fo=\"http://www.w3.org/1999/XSL/Format\" xmlns:msxsl=\"urn:schemas-microsoft-com:xslt\">\n<head>\n<META http-equiv=\"Content-Type\" content=\"text/html\">\n<meta http-equiv=\"content-type\" content=\"text/html; charset=UTF-8\">\n</head>\n<body style=\"margin:0px 0px 0px 0px;overflow:auto;background:#FFFFFF;\">\n<table style=\"font-family:Arial,Verdana,Times;font-size:12px;text-align:left;width:100%;border-collapse:collapse;padding:3px 3px 3px 3px\">\n<tr style=\"text-align:center;font-weight:bold;background:#9CBCE2\">\n<td>African:Australian</td>\n</tr>\n<tr>\n<td>\n<table style=\"font-family:Arial,Verdana,Times;font-size:12px;text-align:left;width:100%;border-spacing:0px; padding:3px 3px 3px 3px\">\n<tr>\n<td>NAME</td>\n<td>African:Australian</td>\n</tr>\n<tr bgcolor=\"#D4E4F3\">\n<td>LABEL</td>\n<td>Divergent Boundary</td>\n</tr>\n</table>\n</td>\n</tr>\n</table>\n</body>\n</html>", "LABEL": "Divergent Boundary" }, "geometry": { "type": "MultiLineString", "coordinates": [ [ [ 66.787002563117824, -10.7620000839367, 0.0 ], [ 66.459999084690082, -10.35000038121257, 0.0 ] ] ] } },
{ "type": "Feature", "properties": { "Name": "Pacific:Nazca", "Description": "<html xmlns:fo=\"http://www.w3.org/1999/XSL/Format\" xmlns:msxsl=\"urn:schemas-microsoft-com:xslt\">\n<head>\n<META http-equiv=\"Content-Type\" content=\"text/html\">\n<meta http-equiv=\"content-type\" content=\"text/html; charset=UTF-8\">\n</head>\n<body style=\"margin:0px 0px 0px 0px;overflow:auto;background:#FFFFFF;\">\n<table style=\"font-family:Arial,Verdana,Times;font-size:12px;text-align:left;width:100%;border-collapse:collapse;padding:3px 3px 3px 3px\">\n<tr style=\"text-align:center;font-weight:bold;background:#9CBCE2\">\n<td>Pacific:Nazca</td>\n</tr>\n<tr>\n<td>\n<table style=\"font-family:Arial,Verdana,Times;font-size:12px;text-align:left;width:100%;border-spacing:0px; padding:3px 3px 3px 3px\">\n<tr>\n<td>NAME</td>\n<td>Pacific:Nazca</td>\n</tr>\n<tr bgcolor=\"#D4E4F3\">\n<td>LABEL</td>\n<td>Divergent Boundary</td>\n</tr>\n</table>\n</td>\n</tr>\n</table>\n</body>\n</html>", "LABEL": "Divergent Boundary" }, "geometry": { "type": "MultiLineString", "coordinates": [ [ [ -110.291999817037905, -10.80200004536573, 0.0 ], [ -110.218002319351498, -10.079999923457651, 0.0 ], [ -110.070999145793905, -9.664999961878664, 0.0 ] ] ] } },
{ "type": "Feature", "properties": { "Name": "African:South American", "Description": "<html xmlns:fo=\"http://www.w3.org/1999/XSL/Format\" xmlns:msxsl=\"urn:schemas-microsoft-com:xslt\">\n<head>\n<META http-equiv=\"Content-Type\" content=\"text/html\">\n<meta http-equiv=\"content-type\" content=\"text/html; charset=UTF-8\">\n</head>\n<body style=\"margin:0px 0px 0px 0px;overflow:auto;background:#FFFFFF;\">\n<table style=\"font-family:Arial,Verdana,Times;font-size:12px;text-align:left;width:100%;border-collapse:collapse;padding:3px 3px 3px 3px\">\n<tr style=\"text-align:center;font-weight:bold;background:#9CBCE2\">\n<td>African:South American</td>\n</tr>\n<tr>\n<td>\n<table style=\"font-family:Arial,Verdana,Times;font-size:12px;text-align:left;width:100%;border-spacing:0px; padding:3px 3px 3px 3px\">\n<tr>\n<td>NAME</td>\n<td>African:South American</td>\n</tr>\n<tr bgcolor=\"#D4E4F3\">\n<td>LABEL</td>\n<td>Divergent Boundary</td>\n</tr>\n</table>\n</td>\n</tr>\n</table>\n</body>\n</html>", "LABEL": "Divergent Boundary" }, "geometry": { "type": "MultiLineString", "coordinates": [ [ [ -13.03100013724651, -11.42199993135171, 0.0 ], [ -13.17399978626111, -10.623000144540979, 0.0 ], [ -13.314999580466241, -9.82499980939366, 0.0 ] ] ] } },
{ "type": "Feature", "properties": { "Name": "African:Australian", "Description": "<html xmlns:fo=\"http://www.w3.org/1999/XSL/Format\" xmlns:msxsl=\"urn:schemas-microsoft-com:xslt\">\n<head>\n<META http-equiv=\"Content-Type\" content=\"text/html\">\n<meta http-equiv=\"content-type\" content=\"text/html; charset=UTF-8\">\n</head>\n<body style=\"margin:0px 0px 0px 0px;overflow:auto;background:#FFFFFF;\">\n<table style=\"font-family:Arial,Verdana,Times;font-size:12px;text-align:left;width:100%;border-collapse:collapse;padding:3px 3px 3px 3px\">\n<tr style=\"text-align:center;font-weight:bold;background:#9CBCE2\">\n<td>African:Australian</td>\n</tr>\n<tr>\n<td>\n<table style=\"font-family:Arial,Verdana,Times;font-size:12px;text-align:left;width:100%;border-spacing:0px; padding:3px 3px 3px 3px\">\n<tr>\n<td>NAME</td>\n<td>African:Australian</td>\n</tr>\n<tr bgcolor=\"#D4E4F3\">\n<td>LABEL</td>\n<td>Divergent Boundary</td>\n</tr>\n</table>\n</td>\n</tr>\n</table>\n</body>\n</html>", "LABEL": "Divergent Boundary" }, "geometry": { "type": "MultiLineString", "coordinates": [ [ [ 66.417999267552204, -11.55900001503864, 0.0 ], [ 66.166999817287774, -11.21000003847098, 0.0 ] ] ] } },
{ "type": "Feature", "properties": { "Name": "African:South American", "Description": "<html xmlns:fo=\"http://www.w3.org/1999/XSL/Format\" xmlns:msxsl=\"urn:schemas-microsoft-com:xslt\">\n<head>\n<META http-equiv=\"Content-Type\" content=\"text/html\">\n<meta http-equiv=\"content-type\" content=\"text/html; charset=UTF-8\">\n</head>\n<body style=\"margin:0px 0px 0px 0px;overflow:auto;background:#FFFFFF;\">\n<table style=\"font-family:Arial,Verdana,Times;font-size:12px;text-align:left;width:100%;border-collapse:collapse;padding:3px 3px 3px 3px\">\n<tr style=\"text-align:center;font-weight:bold;background:#9CBCE2\">\n<td>African:South American</td>\n</tr>\n<tr>\n<td>\n<table style=\"font-family:Arial,Verdana,Times;font-size:12px;text-align:left;width:100%;border-spacing:0px; padding:3px 3px 3px 3px\">\n<tr>\n<td>NAME</td>\n<td>African:South American</td>\n</tr>\n<tr bgcolor=\"#D4E4F3\">\n<td>LABEL</td>\n<td>Divergent Boundary</td>\n</tr>\n</table>\n</td>\n</tr>\n</table>\n</body>\n</html>", "LABEL": "Divergent Boundary" }, "geometry": { "type": "MultiLineString", "coordinates": [ [ [ -14.907999992805401, -12.338999748539489, 0.0 ], [ -15.005999564927951, -11.885000228677541, 0.0 ] ] ] } },
{ "type": "Feature", "properties": { "Name": "African:South American", "Description": "<html xmlns:fo=\"http://www.w3.org/1999/XSL/Format\" xmlns:msxsl=\"urn:schemas-microsoft-com:xslt\">\n<head>\n<META http-equiv=\"Content-Type\" content=\"text/html\">\n<meta http-equiv=\"content-type\" content=\"text/html; charset=UTF-8\">\n</head>\n<body style=\"margin:0px 0px 0px 0px;overflow:auto;background:#FFFFFF;\">\n<table style=\"font-family:Arial,Verdana,Times;font-size:12px;text-align:left;width:100%;border-collapse:collapse;padding:3px 3px 3px 3px\">\n<tr style=\"text-align:center;font-weight:bold;background:#9CBCE2\">\n<td>African:South American</td>\n</tr>\n<tr>\n<td>\n<table style=\"font-family:Arial,Verdana,Times;font-size:12px;text-align:left;width:100%;border-spacing:0px; padding:3px 3px 3px 3px\">\n<tr>\n<td>NAME</td>\n<td>African:South American</td>\n</tr>\n<tr bgcolor=\"#D4E4F3\">\n<td>LABEL</td>\n<td>Divergent Boundary</td>\n</tr>\n</table>\n</td>\n</tr>\n</table>\n</body>\n</html>", "LABEL": "Divergent Boundary" }, "geometry": { "type": "MultiLineString", "coordinates": [ [ [ -14.79100036647367, -12.65600013709661, 0.0 ], [ -14.86100006110388, -12.319999695229679, 0.0 ] ] ] } },
{ "type": "Feature", "properties": { "Name": "Pacific:Nazca", "Description": "<html xmlns:fo=\"http://www.w3.org/1999/XSL/Format\" xmlns:msxsl=\"urn:schemas-microsoft-com:xslt\">\n<head>\n<META http-equiv=\"Content-Type\" content=\"text/html\">\n<meta http-equiv=\"content-type\" content=\"text/html; charset=UTF-8\">\n</head>\n<body style=\"margin:0px 0px 0px 0px;overflow:auto;background:#FFFFFF;\">\n<table style=\"font-family:Arial,Verdana,Times;font-size:12px;text-align:left;width:100%;border-collapse:collapse;padding:3px 3px 3px 3px\">\n<tr style=\"text-align:center;font-weight:bold;background:#9CBCE2\">\n<td>Pacific:Nazca</td>\n</tr>\n<tr>\n<td>\n<table style=\"font-family:Arial,Verdana,Times;font-size:12px;text-align:left;width:100%;border-spacing:0px; padding:3px 3px 3px 3px\">\n<tr>\n<td>NAME</td>\n<td>Pacific:Nazca</td>\n</tr>\n<tr bgcolor=\"#D4E4F3\">\n<td>LABEL</td>\n<td>Divergent Boundary</td>\n</tr>\n</table>\n</td>\n</tr>\n</table>\n</body>\n</html>", "LABEL": "Divergent Boundary" }, "geometry": { "type": "MultiLineString", "coordinates": [ [ [ -111.0770034791272, -12.74199962618178, 0.0 ], [ -110.926002502513398, -11.968000412189211, 0.0 ], [ -110.675003051349705, -11.47200012190808, 0.0 ], [ -110.485000610789498, -11.394000052960051, 0.0 ], [ -110.446998595808495, -10.821999549439621, 0.0 ] ] ] } },
{ "type": "Feature", "properties": { "Name": "African:Australian", "Description": "<html xmlns:fo=\"http://www.w3.org/1999/XSL/Format\" xmlns:msxsl=\"urn:schemas-microsoft-com:xslt\">\n<head>\n<META http-equiv=\"Content-Type\" content=\"text/html\">\n<meta http-equiv=\"content-type\" content=\"text/html; charset=UTF-8\">\n</head>\n<body style=\"margin:0px 0px 0px 0px;overflow:auto;background:#FFFFFF;\">\n<table style=\"font-family:Arial,Verdana,Times;font-size:12px;text-align:left;width:100%;border-collapse:collapse;padding:3px 3px 3px 3px\">\n<tr style=\"text-align:center;font-weight:bold;background:#9CBCE2\">\n<td>African:Australian</td>\n</tr>\n<tr>\n<td>\n<table style=\"font-family:Arial,Verdana,Times;font-size:12px;text-align:left;width:100%;border-spacing:0px; padding:3px 3px 3px 3px\">\n<tr>\n<td>NAME</td>\n<td>African:Australian</td>\n</tr>\n<tr bgcolor=\"#D4E4F3\">\n<td>LABEL</td>\n<td>Divergent Boundary</td>\n</tr>\n</table>\n</td>\n</tr>\n</table>\n</body>\n</html>", "LABEL": "Divergent Boundary" }, "geometry": { "type": "MultiLineString", "coordinates": [ [ [ 66.369003295965399, -12.83300018311189, 0.0 ], [ 66.032997131712307, -12.425999641670099, 0.0 ], [ 65.697998047172177, -12.01900005350962, 0.0 ] ] ] } },
{ "type": "Feature", "properties": { "Name": "African:South American", "Description": "<html xmlns:fo=\"http://www.w3.org/1999/XSL/Format\" xmlns:msxsl=\"urn:schemas-microsoft-com:xslt\">\n<head>\n<META http-equiv=\"Content-Type\" content=\"text/html\">\n<meta http-equiv=\"content-type\" content=\"text/html; charset=UTF-8\">\n</head>\n<body style=\"margin:0px 0px 0px 0px;overflow:auto;background:#FFFFFF;\">\n<table style=\"font-family:Arial,Verdana,Times;font-size:12px;text-align:left;width:100%;border-collapse:collapse;padding:3px 3px 3px 3px\">\n<tr style=\"text-align:center;font-weight:bold;background:#9CBCE2\">\n<td>African:South American</td>\n</tr>\n<tr>\n<td>\n<table style=\"font-family:Arial,Verdana,Times;font-size:12px;text-align:left;width:100%;border-spacing:0px; padding:3px 3px 3px 3px\">\n<tr>\n<td>NAME</td>\n<td>African:South American</td>\n</tr>\n<tr bgcolor=\"#D4E4F3\">\n<td>LABEL</td>\n<td>Divergent Boundary</td>\n</tr>\n</table>\n</td>\n</tr>\n</table>\n</body>\n</html>", "LABEL": "Divergent Boundary" }, "geometry": { "type": "MultiLineString", "coordinates": [ [ [ -14.40999984771474, -13.21800041238907, 0.0 ], [ -14.550000191155849, -12.5769996641032, 0.0 ] ] ] } },
{ "type": "Feature", "properties": { "Name": "Pacific:Nazca", "Description": "<html xmlns:fo=\"http://www.w3.org/1999/XSL/Format\" xmlns:msxsl=\"urn:schemas-microsoft-com:xslt\">\n<head>\n<META http-equiv=\"Content-Type\" content=\"text/html\">\n<meta http-equiv=\"content-type\" content=\"text/html; charset=UTF-8\">\n</head>\n<body style=\"margin:0px 0px 0px 0px;overflow:auto;background:#FFFFFF;\">\n<table style=\"font-family:Arial,Verdana,Times;font-size:12px;text-align:left;width:100%;border-collapse:collapse;padding:3px 3px 3px 3px\">\n<tr style=\"text-align:center;font-weight:bold;background:#9CBCE2\">\n<td>Pacific:Nazca</td>\n</tr>\n<tr>\n<td>\n<table style=\"font-family:Arial,Verdana,Times;font-size:12px;text-align:left;width:100%;border-spacing:0px; padding:3px 3px 3px 3px\">\n<tr>\n<td>NAME</td>\n<td>Pacific:Nazca</td>\n</tr>\n<tr bgcolor=\"#D4E4F3\">\n<td>LABEL</td>\n<td>Divergent Boundary</td>\n</tr>\n</table>\n</td>\n</tr>\n</table>\n</body>\n</html>", "LABEL": "Divergent Boundary" }, "geometry": { "type": "MultiLineString", "coordinates": [ [ [ -111.007003784497002, -13.41100025195999, 0.0 ], [ -110.891998290588603, -12.75500011416386, 0.0 ] ] ] } },
{ "type": "Feature", "properties": { "Name": "Pacific:Nazca", "Description": "<html xmlns:fo=\"http://www.w3.org/1999/XSL/Format\" xmlns:msxsl=\"urn:schemas-microsoft-com:xslt\">\n<head>\n<META http-equiv=\"Content-Type\" content=\"text/html\">\n<meta http-equiv=\"content-type\" content=\"text/html; charset=UTF-8\">\n</head>\n<body style=\"margin:0px 0px 0px 0px;overflow:auto;background:#FFFFFF;\">\n<table style=\"font-family:Arial,Verdana,Times;font-size:12px;text-align:left;width:100%;border-collapse:collapse;padding:3px 3px 3px 3px\">\n<tr style=\"text-align:center;font-weight:bold;background:#9CBCE2\">\n<td>Pacific:Nazca</td>\n</tr>\n<tr>\n<td>\n<table style=\"font-family:Arial,Verdana,Times;font-size:12px;text-align:left;width:100%;border-spacing:0px; padding:3px 3px 3px 3px\">\n<tr>\n<td>NAME</td>\n<td>Pacific:Nazca</td>\n</tr>\n<tr bgcolor=\"#D4E4F3\">\n<td>LABEL</td>\n<td>Divergent Boundary</td>\n</tr>\n</table>\n</td>\n</tr>\n</table>\n</body>\n</html>", "LABEL": "Divergent Boundary" }, "geometry": { "type": "MultiLineString", "coordinates": [ [ [ -111.265998839974401, -13.54100036627386, 0.0 ], [ -111.191001892423301, -13.39599990826912, 0.0 ] ] ] } },
{ "type": "Feature", "properties": { "Name": "African:Australian", "Description": "<html xmlns:fo=\"http://www.w3.org/1999/XSL/Format\" xmlns:msxsl=\"urn:schemas-microsoft-com:xslt\">\n<head>\n<META http-equiv=\"Content-Type\" content=\"text/html\">\n<meta http-equiv=\"content-type\" content=\"text/html; charset=UTF-8\">\n</head>\n<body style=\"margin:0px 0px 0px 0px;overflow:auto;background:#FFFFFF;\">\n<table style=\"font-family:Arial,Verdana,Times;font-size:12px;text-align:left;width:100%;border-collapse:collapse;padding:3px 3px 3px 3px\">\n<tr style=\"text-align:center;font-weight:bold;background:#9CBCE2\">\n<td>African:Australian</td>\n</tr>\n<tr>\n<td>\n<table style=\"font-family:Arial,Verdana,Times;font-size:12px;text-align:left;width:100%;border-spacing:0px; padding:3px 3px 3px 3px\">\n<tr>\n<td>NAME</td>\n<td>African:Australian</td>\n</tr>\n<tr bgcolor=\"#D4E4F3\">\n<td>LABEL</td>\n<td>Divergent Boundary</td>\n</tr>\n</table>\n</td>\n</tr>\n</table>\n</body>\n</html>", "LABEL": "Divergent Boundary" }, "geometry": { "type": "MultiLineString", "coordinates": [ [ [ 66.209999084290359, -13.777000427028041, 0.0 ], [ 65.820999145394296, -13.267999648764709, 0.0 ] ] ] } },
{ "type": "Feature", "properties": { "Name": "African:South American", "Description": "<html xmlns:fo=\"http://www.w3.org/1999/XSL/Format\" xmlns:msxsl=\"urn:schemas-microsoft-com:xslt\">\n<head>\n<META http-equiv=\"Content-Type\" content=\"text/html\">\n<meta http-equiv=\"content-type\" content=\"text/html; charset=UTF-8\">\n</head>\n<body style=\"margin:0px 0px 0px 0px;overflow:auto;background:#FFFFFF;\">\n<table style=\"font-family:Arial,Verdana,Times;font-size:12px;text-align:left;width:100%;border-collapse:collapse;padding:3px 3px 3px 3px\">\n<tr style=\"text-align:center;font-weight:bold;background:#9CBCE2\">\n<td>African:South American</td>\n</tr>\n<tr>\n<td>\n<table style=\"font-family:Arial,Verdana,Times;font-size:12px;text-align:left;width:100%;border-spacing:0px; padding:3px 3px 3px 3px\">\n<tr>\n<td>NAME</td>\n<td>African:South American</td>\n</tr>\n<tr bgcolor=\"#D4E4F3\">\n<td>LABEL</td>\n<td>Divergent Boundary</td>\n</tr>\n</table>\n</td>\n</tr>\n</table>\n</body>\n</html>", "LABEL": "Divergent Boundary" }, "geometry": { "type": "MultiLineString", "coordinates": [ [ [ -14.47799968753549, -14.20800018306193, 0.0 ], [ -14.53899955708386, -13.73700046559895, 0.0 ], [ -14.600000381712221, -13.2659997939553, 0.0 ] ] ] } },
{ "type": "Feature", "properties": { "Name": "Pacific:Nazca", "Description": "<html xmlns:fo=\"http://www.w3.org/1999/XSL/Format\" xmlns:msxsl=\"urn:schemas-microsoft-com:xslt\">\n<head>\n<META http-equiv=\"Content-Type\" content=\"text/html\">\n<meta http-equiv=\"content-type\" content=\"text/html; charset=UTF-8\">\n</head>\n<body style=\"margin:0px 0px 0px 0px;overflow:auto;background:#FFFFFF;\">\n<table style=\"font-family:Arial,Verdana,Times;font-size:12px;text-align:left;width:100%;border-collapse:collapse;padding:3px 3px 3px 3px\">\n<tr style=\"text-align:center;font-weight:bold;background:#9CBCE2\">\n<td>Pacific:Nazca</td>\n</tr>\n<tr>\n<td>\n<table style=\"font-family:Arial,Verdana,Times;font-size:12px;text-align:left;width:100%;border-spacing:0px; padding:3px 3px 3px 3px\">\n<tr>\n<td>NAME</td>\n<td>Pacific:Nazca</td>\n</tr>\n<tr bgcolor=\"#D4E4F3\">\n<td>LABEL</td>\n<td>Divergent Boundary</td>\n</tr>\n</table>\n</td>\n</tr>\n</table>\n</body>\n</html>", "LABEL": "Divergent Boundary" }, "geometry": { "type": "MultiLineString", "coordinates": [ [ [ -112.612998962432101, -14.71800041208928, 0.0 ], [ -112.581001281883601, -14.06200027429316, 0.0 ], [ -112.439002991095194, -13.864999770922619, 0.0 ], [ -112.426002502213706, -13.385999679141831, 0.0 ] ] ] } },
{ "type": "Feature", "properties": { "Name": "African:South American", "Description": "<html xmlns:fo=\"http://www.w3.org/1999/XSL/Format\" xmlns:msxsl=\"urn:schemas-microsoft-com:xslt\">\n<head>\n<META http-equiv=\"Content-Type\" content=\"text/html\">\n<meta http-equiv=\"content-type\" content=\"text/html; charset=UTF-8\">\n</head>\n<body style=\"margin:0px 0px 0px 0px;overflow:auto;background:#FFFFFF;\">\n<table style=\"font-family:Arial,Verdana,Times;font-size:12px;text-align:left;width:100%;border-collapse:collapse;padding:3px 3px 3px 3px\">\n<tr style=\"text-align:center;font-weight:bold;background:#9CBCE2\">\n<td>African:South American</td>\n</tr>\n<tr>\n<td>\n<table style=\"font-family:Arial,Verdana,Times;font-size:12px;text-align:left;width:100%;border-spacing:0px; padding:3px 3px 3px 3px\">\n<tr>\n<td>NAME</td>\n<td>African:South American</td>\n</tr>\n<tr bgcolor=\"#D4E4F3\">\n<td>LABEL</td>\n<td>Divergent Boundary</td>\n</tr>\n</table>\n</td>\n</tr>\n</table>\n</body>\n</html>", "LABEL": "Divergent Boundary" }, "geometry": { "type": "MultiLineString", "coordinates": [ [ [ -13.22599983252621, -15.663000106769459, 0.0 ], [ -13.43500041983344, -14.84899997716718, 0.0 ], [ -13.642999648914611, -14.034999847564849, 0.0 ] ] ] } },
{ "type": "Feature", "properties": { "Name": "African:Australian", "Description": "<html xmlns:fo=\"http://www.w3.org/1999/XSL/Format\" xmlns:msxsl=\"urn:schemas-microsoft-com:xslt\">\n<head>\n<META http-equiv=\"Content-Type\" content=\"text/html\">\n<meta http-equiv=\"content-type\" content=\"text/html; charset=UTF-8\">\n</head>\n<body style=\"margin:0px 0px 0px 0px;overflow:auto;background:#FFFFFF;\">\n<table style=\"font-family:Arial,Verdana,Times;font-size:12px;text-align:left;width:100%;border-collapse:collapse;padding:3px 3px 3px 3px\">\n<tr style=\"text-align:center;font-weight:bold;background:#9CBCE2\">\n<td>African:Australian</td>\n</tr>\n<tr>\n<td>\n<table style=\"font-family:Arial,Verdana,Times;font-size:12px;text-align:left;width:100%;border-spacing:0px; padding:3px 3px 3px 3px\">\n<tr>\n<td>NAME</td>\n<td>African:Australian</td>\n</tr>\n<tr bgcolor=\"#D4E4F3\">\n<td>LABEL</td>\n<td>Divergent Boundary</td>\n</tr>\n</table>\n</td>\n</tr>\n</table>\n</body>\n</html>", "LABEL": "Divergent Boundary" }, "geometry": { "type": "MultiLineString", "coordinates": [ [ [ 67.383003234511705, -15.9420003887069, 0.0 ], [ 67.290000915310031, -15.82100009947499, 0.0 ], [ 66.888000488431828, -15.2700004573552, 0.0 ], [ 66.487998962182417, -14.697999953834771, 0.0 ], [ 66.208000182762305, -14.33899974813983, 0.0 ], [ 65.928001404241456, -13.979000091680859, 0.0 ] ] ] } },
{ "type": "Feature", "properties": { "Name": "African:South American", "Description": "<html xmlns:fo=\"http://www.w3.org/1999/XSL/Format\" xmlns:msxsl=\"urn:schemas-microsoft-com:xslt\">\n<head>\n<META http-equiv=\"Content-Type\" content=\"text/html\">\n<meta http-equiv=\"content-type\" content=\"text/html; charset=UTF-8\">\n</head>\n<body style=\"margin:0px 0px 0px 0px;overflow:auto;background:#FFFFFF;\">\n<table style=\"font-family:Arial,Verdana,Times;font-size:12px;text-align:left;width:100%;border-collapse:collapse;padding:3px 3px 3px 3px\">\n<tr style=\"text-align:center;font-weight:bold;background:#9CBCE2\">\n<td>African:South American</td>\n</tr>\n<tr>\n<td>\n<table style=\"font-family:Arial,Verdana,Times;font-size:12px;text-align:left;width:100%;border-spacing:0px; padding:3px 3px 3px 3px\">\n<tr>\n<td>NAME</td>\n<td>African:South American</td>\n</tr>\n<tr bgcolor=\"#D4E4F3\">\n<td>LABEL</td>\n<td>Divergent Boundary</td>\n</tr>\n</table>\n</td>\n</tr>\n</table>\n</body>\n</html>", "LABEL": "Divergent Boundary" }, "geometry": { "type": "MultiLineString", "coordinates": [ [ [ -13.23900032050835, -16.211999893180462, 0.0 ], [ -13.38399982433236, -15.687999725406939, 0.0 ] ] ] } },
{ "type": "Feature", "properties": { "Name": "Pacific:Nazca", "Description": "<html xmlns:fo=\"http://www.w3.org/1999/XSL/Format\" xmlns:msxsl=\"urn:schemas-microsoft-com:xslt\">\n<head>\n<META http-equiv=\"Content-Type\" content=\"text/html\">\n<meta http-equiv=\"content-type\" content=\"text/html; charset=UTF-8\">\n</head>\n<body style=\"margin:0px 0px 0px 0px;overflow:auto;background:#FFFFFF;\">\n<table style=\"font-family:Arial,Verdana,Times;font-size:12px;text-align:left;width:100%;border-collapse:collapse;padding:3px 3px 3px 3px\">\n<tr style=\"text-align:center;font-weight:bold;background:#9CBCE2\">\n<td>Pacific:Nazca</td>\n</tr>\n<tr>\n<td>\n<table style=\"font-family:Arial,Verdana,Times;font-size:12px;text-align:left;width:100%;border-spacing:0px; padding:3px 3px 3px 3px\">\n<tr>\n<td>NAME</td>\n<td>Pacific:Nazca</td>\n</tr>\n<tr bgcolor=\"#D4E4F3\">\n<td>LABEL</td>\n<td>Divergent Boundary</td>\n</tr>\n</table>\n</td>\n</tr>\n</table>\n</body>\n</html>", "LABEL": "Divergent Boundary" }, "geometry": { "type": "MultiLineString", "coordinates": [ [ [ -113.066001892273505, -16.350999832576179, 0.0 ], [ -112.972999573071803, -15.79199981703789, 0.0 ], [ -112.869003295465703, -15.248000145190471, 0.0 ], [ -112.765998840573999, -14.70400047334312, 0.0 ] ] ] } },
{ "type": "Feature", "properties": { "Name": "African:Australian", "Description": "<html xmlns:fo=\"http://www.w3.org/1999/XSL/Format\" xmlns:msxsl=\"urn:schemas-microsoft-com:xslt\">\n<head>\n<META http-equiv=\"Content-Type\" content=\"text/html\">\n<meta http-equiv=\"content-type\" content=\"text/html; charset=UTF-8\">\n</head>\n<body style=\"margin:0px 0px 0px 0px;overflow:auto;background:#FFFFFF;\">\n<table style=\"font-family:Arial,Verdana,Times;font-size:12px;text-align:left;width:100%;border-collapse:collapse;padding:3px 3px 3px 3px\">\n<tr style=\"text-align:center;font-weight:bold;background:#9CBCE2\">\n<td>African:Australian</td>\n</tr>\n<tr>\n<td>\n<table style=\"font-family:Arial,Verdana,Times;font-size:12px;text-align:left;width:100%;border-spacing:0px; padding:3px 3px 3px 3px\">\n<tr>\n<td>NAME</td>\n<td>African:Australian</td>\n</tr>\n<tr bgcolor=\"#D4E4F3\">\n<td>LABEL</td>\n<td>Divergent Boundary</td>\n</tr>\n</table>\n</td>\n</tr>\n</table>\n</body>\n</html>", "LABEL": "Divergent Boundary" }, "geometry": { "type": "MultiLineString", "coordinates": [ [ [ 67.410003662139331, -16.65900039695072, 0.0 ], [ 67.032997131512445, -16.138999938796079, 0.0 ] ] ] } },
{ "type": "Feature", "properties": { "Name": "Pacific:Nazca", "Description": "<html xmlns:fo=\"http://www.w3.org/1999/XSL/Format\" xmlns:msxsl=\"urn:schemas-microsoft-com:xslt\">\n<head>\n<META http-equiv=\"Content-Type\" content=\"text/html\">\n<meta http-equiv=\"content-type\" content=\"text/html; charset=UTF-8\">\n</head>\n<body style=\"margin:0px 0px 0px 0px;overflow:auto;background:#FFFFFF;\">\n<table style=\"font-family:Arial,Verdana,Times;font-size:12px;text-align:left;width:100%;border-collapse:collapse;padding:3px 3px 3px 3px\">\n<tr style=\"text-align:center;font-weight:bold;background:#9CBCE2\">\n<td>Pacific:Nazca</td>\n</tr>\n<tr>\n<td>\n<table style=\"font-family:Arial,Verdana,Times;font-size:12px;text-align:left;width:100%;border-spacing:0px; padding:3px 3px 3px 3px\">\n<tr>\n<td>NAME</td>\n<td>Pacific:Nazca</td>\n</tr>\n<tr bgcolor=\"#D4E4F3\">\n<td>LABEL</td>\n<td>Divergent Boundary</td>\n</tr>\n</table>\n</td>\n</tr>\n</table>\n</body>\n</html>", "LABEL": "Divergent Boundary" }, "geometry": { "type": "MultiLineString", "coordinates": [ [ [ -113.165000915160107, -16.67000007594271, 0.0 ], [ -112.972999573071803, -16.361000060804152, 0.0 ] ] ] } },
{ "type": "Feature", "properties": { "Name": "African:South American", "Description": "<html xmlns:fo=\"http://www.w3.org/1999/XSL/Format\" xmlns:msxsl=\"urn:schemas-microsoft-com:xslt\">\n<head>\n<META http-equiv=\"Content-Type\" content=\"text/html\">\n<meta http-equiv=\"content-type\" content=\"text/html; charset=UTF-8\">\n</head>\n<body style=\"margin:0px 0px 0px 0px;overflow:auto;background:#FFFFFF;\">\n<table style=\"font-family:Arial,Verdana,Times;font-size:12px;text-align:left;width:100%;border-collapse:collapse;padding:3px 3px 3px 3px\">\n<tr style=\"text-align:center;font-weight:bold;background:#9CBCE2\">\n<td>African:South American</td>\n</tr>\n<tr>\n<td>\n<table style=\"font-family:Arial,Verdana,Times;font-size:12px;text-align:left;width:100%;border-spacing:0px; padding:3px 3px 3px 3px\">\n<tr>\n<td>NAME</td>\n<td>African:South American</td>\n</tr>\n<tr bgcolor=\"#D4E4F3\">\n<td>LABEL</td>\n<td>Divergent Boundary</td>\n</tr>\n</table>\n</td>\n</tr>\n</table>\n</body>\n</html>", "LABEL": "Divergent Boundary" }, "geometry": { "type": "MultiLineString", "coordinates": [ [ [ -14.23799991626311, -16.763999939345702, 0.0 ], [ -14.30200004556559, -16.43300056442445, 0.0 ] ] ] } },
{ "type": "Feature", "properties": { "Name": "Pacific:Nazca", "Description": "<html xmlns:fo=\"http://www.w3.org/1999/XSL/Format\" xmlns:msxsl=\"urn:schemas-microsoft-com:xslt\">\n<head>\n<META http-equiv=\"Content-Type\" content=\"text/html\">\n<meta http-equiv=\"content-type\" content=\"text/html; charset=UTF-8\">\n</head>\n<body style=\"margin:0px 0px 0px 0px;overflow:auto;background:#FFFFFF;\">\n<table style=\"font-family:Arial,Verdana,Times;font-size:12px;text-align:left;width:100%;border-collapse:collapse;padding:3px 3px 3px 3px\">\n<tr style=\"text-align:center;font-weight:bold;background:#9CBCE2\">\n<td>Pacific:Nazca</td>\n</tr>\n<tr>\n<td>\n<table style=\"font-family:Arial,Verdana,Times;font-size:12px;text-align:left;width:100%;border-spacing:0px; padding:3px 3px 3px 3px\">\n<tr>\n<td>NAME</td>\n<td>Pacific:Nazca</td>\n</tr>\n<tr bgcolor=\"#D4E4F3\">\n<td>LABEL</td>\n<td>Divergent Boundary</td>\n</tr>\n</table>\n</td>\n</tr>\n</table>\n</body>\n</html>", "LABEL": "Divergent Boundary" }, "geometry": { "type": "MultiLineString", "coordinates": [ [ [ -113.240997314374496, -17.052000045465661, 0.0 ], [ -113.041000366173904, -16.683000564824169, 0.0 ] ] ] } },
{ "type": "Feature", "properties": { "Name": "Pacific:Nazca", "Description": "<html xmlns:fo=\"http://www.w3.org/1999/XSL/Format\" xmlns:msxsl=\"urn:schemas-microsoft-com:xslt\">\n<head>\n<META http-equiv=\"Content-Type\" content=\"text/html\">\n<meta http-equiv=\"content-type\" content=\"text/html; charset=UTF-8\">\n</head>\n<body style=\"margin:0px 0px 0px 0px;overflow:auto;background:#FFFFFF;\">\n<table style=\"font-family:Arial,Verdana,Times;font-size:12px;text-align:left;width:100%;border-collapse:collapse;padding:3px 3px 3px 3px\">\n<tr style=\"text-align:center;font-weight:bold;background:#9CBCE2\">\n<td>Pacific:Nazca</td>\n</tr>\n<tr>\n<td>\n<table style=\"font-family:Arial,Verdana,Times;font-size:12px;text-align:left;width:100%;border-spacing:0px; padding:3px 3px 3px 3px\">\n<tr>\n<td>NAME</td>\n<td>Pacific:Nazca</td>\n</tr>\n<tr bgcolor=\"#D4E4F3\">\n<td>LABEL</td>\n<td>Divergent Boundary</td>\n</tr>\n</table>\n</td>\n</tr>\n</table>\n</body>\n</html>", "LABEL": "Divergent Boundary" }, "geometry": { "type": "MultiLineString", "coordinates": [ [ [ -113.329002380655297, -17.520999908119219, 0.0 ], [ -113.116996765388393, -17.065000534347121, 0.0 ] ] ] } },
{ "type": "Feature", "properties": { "Name": "Pacific:Nazca", "Description": "<html xmlns:fo=\"http://www.w3.org/1999/XSL/Format\" xmlns:msxsl=\"urn:schemas-microsoft-com:xslt\">\n<head>\n<META http-equiv=\"Content-Type\" content=\"text/html\">\n<meta http-equiv=\"content-type\" content=\"text/html; charset=UTF-8\">\n</head>\n<body style=\"margin:0px 0px 0px 0px;overflow:auto;background:#FFFFFF;\">\n<table style=\"font-family:Arial,Verdana,Times;font-size:12px;text-align:left;width:100%;border-collapse:collapse;padding:3px 3px 3px 3px\">\n<tr style=\"text-align:center;font-weight:bold;background:#9CBCE2\">\n<td>Pacific:Nazca</td>\n</tr>\n<tr>\n<td>\n<table style=\"font-family:Arial,Verdana,Times;font-size:12px;text-align:left;width:100%;border-spacing:0px; padding:3px 3px 3px 3px\">\n<tr>\n<td>NAME</td>\n<td>Pacific:Nazca</td>\n</tr>\n<tr bgcolor=\"#D4E4F3\">\n<td>LABEL</td>\n<td>Divergent Boundary</td>\n</tr>\n</table>\n</td>\n</tr>\n</table>\n</body>\n</html>", "LABEL": "Divergent Boundary" }, "geometry": { "type": "MultiLineString", "coordinates": [ [ [ -113.388000487932104, -17.993999481290981, 0.0 ], [ -113.174003600985401, -17.53800010661956, 0.0 ] ] ] } },
{ "type": "Feature", "properties": { "Name": "African:South American", "Description": "<html xmlns:fo=\"http://www.w3.org/1999/XSL/Format\" xmlns:msxsl=\"urn:schemas-microsoft-com:xslt\">\n<head>\n<META http-equiv=\"Content-Type\" content=\"text/html\">\n<meta http-equiv=\"content-type\" content=\"text/html; charset=UTF-8\">\n</head>\n<body style=\"margin:0px 0px 0px 0px;overflow:auto;background:#FFFFFF;\">\n<table style=\"font-family:Arial,Verdana,Times;font-size:12px;text-align:left;width:100%;border-collapse:collapse;padding:3px 3px 3px 3px\">\n<tr style=\"text-align:center;font-weight:bold;background:#9CBCE2\">\n<td>African:South American</td>\n</tr>\n<tr>\n<td>\n<table style=\"font-family:Arial,Verdana,Times;font-size:12px;text-align:left;width:100%;border-spacing:0px; padding:3px 3px 3px 3px\">\n<tr>\n<td>NAME</td>\n<td>African:South American</td>\n</tr>\n<tr bgcolor=\"#D4E4F3\">\n<td>LABEL</td>\n<td>Divergent Boundary</td>\n</tr>\n</table>\n</td>\n</tr>\n</table>\n</body>\n</html>", "LABEL": "Divergent Boundary" }, "geometry": { "type": "MultiLineString", "coordinates": [ [ [ -14.079000472793551, -17.9950008395171, 0.0 ], [ -14.223999977516881, -17.38599967924176, 0.0 ], [ -14.369000434622309, -16.777000427327842, 0.0 ] ] ] } },
{ "type": "Feature", "properties": { "Name": "Pacific:Nazca", "Description": "<html xmlns:fo=\"http://www.w3.org/1999/XSL/Format\" xmlns:msxsl=\"urn:schemas-microsoft-com:xslt\">\n<head>\n<META http-equiv=\"Content-Type\" content=\"text/html\">\n<meta http-equiv=\"content-type\" content=\"text/html; charset=UTF-8\">\n</head>\n<body style=\"margin:0px 0px 0px 0px;overflow:auto;background:#FFFFFF;\">\n<table style=\"font-family:Arial,Verdana,Times;font-size:12px;text-align:left;width:100%;border-collapse:collapse;padding:3px 3px 3px 3px\">\n<tr style=\"text-align:center;font-weight:bold;background:#9CBCE2\">\n<td>Pacific:Nazca</td>\n</tr>\n<tr>\n<td>\n<table style=\"font-family:Arial,Verdana,Times;font-size:12px;text-align:left;width:100%;border-spacing:0px; padding:3px 3px 3px 3px\">\n<tr>\n<td>NAME</td>\n<td>Pacific:Nazca</td>\n</tr>\n<tr bgcolor=\"#D4E4F3\">\n<td>LABEL</td>\n<td>Divergent Boundary</td>\n</tr>\n</table>\n</td>\n</tr>\n</table>\n</body>\n</html>", "LABEL": "Divergent Boundary" }, "geometry": { "type": "MultiLineString", "coordinates": [ [ [ -113.519996643030595, -18.75799942033694, 0.0 ], [ -113.383003235011202, -18.44400024391609, 0.0 ], [ -113.263999938946, -18.007999420037152, 0.0 ] ] ] } },
{ "type": "Feature", "properties": { "Name": "African:South American", "Description": "<html xmlns:fo=\"http://www.w3.org/1999/XSL/Format\" xmlns:msxsl=\"urn:schemas-microsoft-com:xslt\">\n<head>\n<META http-equiv=\"Content-Type\" content=\"text/html\">\n<meta http-equiv=\"content-type\" content=\"text/html; charset=UTF-8\">\n</head>\n<body style=\"margin:0px 0px 0px 0px;overflow:auto;background:#FFFFFF;\">\n<table style=\"font-family:Arial,Verdana,Times;font-size:12px;text-align:left;width:100%;border-collapse:collapse;padding:3px 3px 3px 3px\">\n<tr style=\"text-align:center;font-weight:bold;background:#9CBCE2\">\n<td>African:South American</td>\n</tr>\n<tr>\n<td>\n<table style=\"font-family:Arial,Verdana,Times;font-size:12px;text-align:left;width:100%;border-spacing:0px; padding:3px 3px 3px 3px\">\n<tr>\n<td>NAME</td>\n<td>African:South American</td>\n</tr>\n<tr bgcolor=\"#D4E4F3\">\n<td>LABEL</td>\n<td>Divergent Boundary</td>\n</tr>\n</table>\n</td>\n</tr>\n</table>\n</body>\n</html>", "LABEL": "Divergent Boundary" }, "geometry": { "type": "MultiLineString", "coordinates": [ [ [ -12.758999824682119, -18.784999847065251, 0.0 ], [ -12.859999656558839, -18.287000656155332, 0.0 ], [ -12.96000003857085, -17.79000091511011, 0.0 ] ] ] } },
{ "type": "Feature", "properties": { "Name": "Pacific:Nazca", "Description": "<html xmlns:fo=\"http://www.w3.org/1999/XSL/Format\" xmlns:msxsl=\"urn:schemas-microsoft-com:xslt\">\n<head>\n<META http-equiv=\"Content-Type\" content=\"text/html\">\n<meta http-equiv=\"content-type\" content=\"text/html; charset=UTF-8\">\n</head>\n<body style=\"margin:0px 0px 0px 0px;overflow:auto;background:#FFFFFF;\">\n<table style=\"font-family:Arial,Verdana,Times;font-size:12px;text-align:left;width:100%;border-collapse:collapse;padding:3px 3px 3px 3px\">\n<tr style=\"text-align:center;font-weight:bold;background:#9CBCE2\">\n<td>Pacific:Nazca</td>\n</tr>\n<tr>\n<td>\n<table style=\"font-family:Arial,Verdana,Times;font-size:12px;text-align:left;width:100%;border-spacing:0px; padding:3px 3px 3px 3px\">\n<tr>\n<td>NAME</td>\n<td>Pacific:Nazca</td>\n</tr>\n<tr bgcolor=\"#D4E4F3\">\n<td>LABEL</td>\n<td>Divergent Boundary</td>\n</tr>\n</table>\n</td>\n</tr>\n</table>\n</body>\n</html>", "LABEL": "Divergent Boundary" }, "geometry": { "type": "MultiLineString", "coordinates": [ [ [ -113.623001098821703, -19.28499984696532, 0.0 ], [ -113.363998413496006, -18.777000426928112, 0.0 ] ] ] } },
{ "type": "Feature", "properties": { "Name": "African:South American", "Description": "<html xmlns:fo=\"http://www.w3.org/1999/XSL/Format\" xmlns:msxsl=\"urn:schemas-microsoft-com:xslt\">\n<head>\n<META http-equiv=\"Content-Type\" content=\"text/html\">\n<meta http-equiv=\"content-type\" content=\"text/html; charset=UTF-8\">\n</head>\n<body style=\"margin:0px 0px 0px 0px;overflow:auto;background:#FFFFFF;\">\n<table style=\"font-family:Arial,Verdana,Times;font-size:12px;text-align:left;width:100%;border-collapse:collapse;padding:3px 3px 3px 3px\">\n<tr style=\"text-align:center;font-weight:bold;background:#9CBCE2\">\n<td>African:South American</td>\n</tr>\n<tr>\n<td>\n<table style=\"font-family:Arial,Verdana,Times;font-size:12px;text-align:left;width:100%;border-spacing:0px; padding:3px 3px 3px 3px\">\n<tr>\n<td>NAME</td>\n<td>African:South American</td>\n</tr>\n<tr bgcolor=\"#D4E4F3\">\n<td>LABEL</td>\n<td>Divergent Boundary</td>\n</tr>\n</table>\n</td>\n</tr>\n</table>\n</body>\n</html>", "LABEL": "Divergent Boundary" }, "geometry": { "type": "MultiLineString", "coordinates": [ [ [ -12.262999534400929, -19.934999466152419, 0.0 ], [ -12.36999988578606, -19.340999602849369, 0.0 ], [ -12.477000236271859, -18.746999740445631, 0.0 ] ] ] } },
{ "type": "Feature", "properties": { "Name": "African:Australian", "Description": "<html xmlns:fo=\"http://www.w3.org/1999/XSL/Format\" xmlns:msxsl=\"urn:schemas-microsoft-com:xslt\">\n<head>\n<META http-equiv=\"Content-Type\" content=\"text/html\">\n<meta http-equiv=\"content-type\" content=\"text/html; charset=UTF-8\">\n</head>\n<body style=\"margin:0px 0px 0px 0px;overflow:auto;background:#FFFFFF;\">\n<table style=\"font-family:Arial,Verdana,Times;font-size:12px;text-align:left;width:100%;border-collapse:collapse;padding:3px 3px 3px 3px\">\n<tr style=\"text-align:center;font-weight:bold;background:#9CBCE2\">\n<td>African:Australian</td>\n</tr>\n<tr>\n<td>\n<table style=\"font-family:Arial,Verdana,Times;font-size:12px;text-align:left;width:100%;border-spacing:0px; padding:3px 3px 3px 3px\">\n<tr>\n<td>NAME</td>\n<td>African:Australian</td>\n</tr>\n<tr bgcolor=\"#D4E4F3\">\n<td>LABEL</td>\n<td>Divergent Boundary</td>\n</tr>\n</table>\n</td>\n</tr>\n</table>\n</body>\n</html>", "LABEL": "Divergent Boundary" }, "geometry": { "type": "MultiLineString", "coordinates": [ [ [ 66.428001404141526, -20.077999115166961, 0.0 ], [ 66.032997131712307, -19.576999664502861, 0.0 ], [ 65.522003173407768, -18.827999114967159, 0.0 ], [ 65.263999938846155, -18.443000793152009, 0.0 ], [ 65.007003783997504, -18.058000564774201, 0.0 ] ] ] } },
{ "type": "Feature", "properties": { "Name": "African:Australian", "Description": "<html xmlns:fo=\"http://www.w3.org/1999/XSL/Format\" xmlns:msxsl=\"urn:schemas-microsoft-com:xslt\">\n<head>\n<META http-equiv=\"Content-Type\" content=\"text/html\">\n<meta http-equiv=\"content-type\" content=\"text/html; charset=UTF-8\">\n</head>\n<body style=\"margin:0px 0px 0px 0px;overflow:auto;background:#FFFFFF;\">\n<table style=\"font-family:Arial,Verdana,Times;font-size:12px;text-align:left;width:100%;border-collapse:collapse;padding:3px 3px 3px 3px\">\n<tr style=\"text-align:center;font-weight:bold;background:#9CBCE2\">\n<td>African:Australian</td>\n</tr>\n<tr>\n<td>\n<table style=\"font-family:Arial,Verdana,Times;font-size:12px;text-align:left;width:100%;border-spacing:0px; padding:3px 3px 3px 3px\">\n<tr>\n<td>NAME</td>\n<td>African:Australian</td>\n</tr>\n<tr bgcolor=\"#D4E4F3\">\n<td>LABEL</td>\n<td>Divergent Boundary</td>\n</tr>\n</table>\n</td>\n</tr>\n</table>\n</body>\n</html>", "LABEL": "Divergent Boundary" }, "geometry": { "type": "MultiLineString", "coordinates": [ [ [ 67.040000915809685, -20.218000411889481, 0.0 ], [ 66.750999450564223, -19.870000839367211, 0.0 ] ] ] } },
{ "type": "Feature", "properties": { "Name": "African:South American", "Description": "<html xmlns:fo=\"http://www.w3.org/1999/XSL/Format\" xmlns:msxsl=\"urn:schemas-microsoft-com:xslt\">\n<head>\n<META http-equiv=\"Content-Type\" content=\"text/html\">\n<meta http-equiv=\"content-type\" content=\"text/html; charset=UTF-8\">\n</head>\n<body style=\"margin:0px 0px 0px 0px;overflow:auto;background:#FFFFFF;\">\n<table style=\"font-family:Arial,Verdana,Times;font-size:12px;text-align:left;width:100%;border-collapse:collapse;padding:3px 3px 3px 3px\">\n<tr style=\"text-align:center;font-weight:bold;background:#9CBCE2\">\n<td>African:South American</td>\n</tr>\n<tr>\n<td>\n<table style=\"font-family:Arial,Verdana,Times;font-size:12px;text-align:left;width:100%;border-spacing:0px; padding:3px 3px 3px 3px\">\n<tr>\n<td>NAME</td>\n<td>African:South American</td>\n</tr>\n<tr bgcolor=\"#D4E4F3\">\n<td>LABEL</td>\n<td>Divergent Boundary</td>\n</tr>\n</table>\n</td>\n</tr>\n</table>\n</body>\n</html>", "LABEL": "Divergent Boundary" }, "geometry": { "type": "MultiLineString", "coordinates": [ [ [ -11.85200023662156, -20.27799987829172, 0.0 ], [ -11.94499969507984, -19.825000763374479, 0.0 ] ] ] } },
{ "type": "Feature", "properties": { "Name": "African:Australian", "Description": "<html xmlns:fo=\"http://www.w3.org/1999/XSL/Format\" xmlns:msxsl=\"urn:schemas-microsoft-com:xslt\">\n<head>\n<META http-equiv=\"Content-Type\" content=\"text/html\">\n<meta http-equiv=\"content-type\" content=\"text/html; charset=UTF-8\">\n</head>\n<body style=\"margin:0px 0px 0px 0px;overflow:auto;background:#FFFFFF;\">\n<table style=\"font-family:Arial,Verdana,Times;font-size:12px;text-align:left;width:100%;border-collapse:collapse;padding:3px 3px 3px 3px\">\n<tr style=\"text-align:center;font-weight:bold;background:#9CBCE2\">\n<td>African:Australian</td>\n</tr>\n<tr>\n<td>\n<table style=\"font-family:Arial,Verdana,Times;font-size:12px;text-align:left;width:100%;border-spacing:0px; padding:3px 3px 3px 3px\">\n<tr>\n<td>NAME</td>\n<td>African:Australian</td>\n</tr>\n<tr bgcolor=\"#D4E4F3\">\n<td>LABEL</td>\n<td>Divergent Boundary</td>\n</tr>\n</table>\n</td>\n</tr>\n</table>\n</body>\n</html>", "LABEL": "Divergent Boundary" }, "geometry": { "type": "MultiLineString", "coordinates": [ [ [ 67.593002319301661, -20.368999481041161, 0.0 ], [ 67.309997558640475, -20.072999953884729, 0.0 ] ] ] } },
{ "type": "Feature", "properties": { "Name": "African:Australian", "Description": "<html xmlns:fo=\"http://www.w3.org/1999/XSL/Format\" xmlns:msxsl=\"urn:schemas-microsoft-com:xslt\">\n<head>\n<META http-equiv=\"Content-Type\" content=\"text/html\">\n<meta http-equiv=\"content-type\" content=\"text/html; charset=UTF-8\">\n</head>\n<body style=\"margin:0px 0px 0px 0px;overflow:auto;background:#FFFFFF;\">\n<table style=\"font-family:Arial,Verdana,Times;font-size:12px;text-align:left;width:100%;border-collapse:collapse;padding:3px 3px 3px 3px\">\n<tr style=\"text-align:center;font-weight:bold;background:#9CBCE2\">\n<td>African:Australian</td>\n</tr>\n<tr>\n<td>\n<table style=\"font-family:Arial,Verdana,Times;font-size:12px;text-align:left;width:100%;border-spacing:0px; padding:3px 3px 3px 3px\">\n<tr>\n<td>NAME</td>\n<td>African:Australian</td>\n</tr>\n<tr bgcolor=\"#D4E4F3\">\n<td>LABEL</td>\n<td>Divergent Boundary</td>\n</tr>\n</table>\n</td>\n</tr>\n</table>\n</body>\n</html>", "LABEL": "Divergent Boundary" }, "geometry": { "type": "MultiLineString", "coordinates": [ [ [ 67.897003174057318, -20.46899986305317, 0.0 ], [ 67.767997741402723, -20.28000068638255, 0.0 ] ] ] } },
{ "type": "Feature", "properties": { "Name": "African:Australian", "Description": "<html xmlns:fo=\"http://www.w3.org/1999/XSL/Format\" xmlns:msxsl=\"urn:schemas-microsoft-com:xslt\">\n<head>\n<META http-equiv=\"Content-Type\" content=\"text/html\">\n<meta http-equiv=\"content-type\" content=\"text/html; charset=UTF-8\">\n</head>\n<body style=\"margin:0px 0px 0px 0px;overflow:auto;background:#FFFFFF;\">\n<table style=\"font-family:Arial,Verdana,Times;font-size:12px;text-align:left;width:100%;border-collapse:collapse;padding:3px 3px 3px 3px\">\n<tr style=\"text-align:center;font-weight:bold;background:#9CBCE2\">\n<td>African:Australian</td>\n</tr>\n<tr>\n<td>\n<table style=\"font-family:Arial,Verdana,Times;font-size:12px;text-align:left;width:100%;border-spacing:0px; padding:3px 3px 3px 3px\">\n<tr>\n<td>NAME</td>\n<td>African:Australian</td>\n</tr>\n<tr bgcolor=\"#D4E4F3\">\n<td>LABEL</td>\n<td>Divergent Boundary</td>\n</tr>\n</table>\n</td>\n</tr>\n</table>\n</body>\n</html>", "LABEL": "Divergent Boundary" }, "geometry": { "type": "MultiLineString", "coordinates": [ [ [ 68.55899810807631, -20.711999893180462, 0.0 ], [ 68.212997436182775, -20.29100036627386, 0.0 ] ] ] } },
{ "type": "Feature", "properties": { "Name": "African:South American", "Description": "<html xmlns:fo=\"http://www.w3.org/1999/XSL/Format\" xmlns:msxsl=\"urn:schemas-microsoft-com:xslt\">\n<head>\n<META http-equiv=\"Content-Type\" content=\"text/html\">\n<meta http-equiv=\"content-type\" content=\"text/html; charset=UTF-8\">\n</head>\n<body style=\"margin:0px 0px 0px 0px;overflow:auto;background:#FFFFFF;\">\n<table style=\"font-family:Arial,Verdana,Times;font-size:12px;text-align:left;width:100%;border-collapse:collapse;padding:3px 3px 3px 3px\">\n<tr style=\"text-align:center;font-weight:bold;background:#9CBCE2\">\n<td>African:South American</td>\n</tr>\n<tr>\n<td>\n<table style=\"font-family:Arial,Verdana,Times;font-size:12px;text-align:left;width:100%;border-spacing:0px; padding:3px 3px 3px 3px\">\n<tr>\n<td>NAME</td>\n<td>African:South American</td>\n</tr>\n<tr bgcolor=\"#D4E4F3\">\n<td>LABEL</td>\n<td>Divergent Boundary</td>\n</tr>\n</table>\n</td>\n</tr>\n</table>\n</body>\n</html>", "LABEL": "Divergent Boundary" }, "geometry": { "type": "MultiLineString", "coordinates": [ [ [ -11.76299953450086, -21.176000595451061, 0.0 ], [ -11.970999717762711, -20.298999786410949, 0.0 ] ] ] } },
{ "type": "Feature", "properties": { "Name": "African:South American", "Description": "<html xmlns:fo=\"http://www.w3.org/1999/XSL/Format\" xmlns:msxsl=\"urn:schemas-microsoft-com:xslt\">\n<head>\n<META http-equiv=\"Content-Type\" content=\"text/html\">\n<meta http-equiv=\"content-type\" content=\"text/html; charset=UTF-8\">\n</head>\n<body style=\"margin:0px 0px 0px 0px;overflow:auto;background:#FFFFFF;\">\n<table style=\"font-family:Arial,Verdana,Times;font-size:12px;text-align:left;width:100%;border-collapse:collapse;padding:3px 3px 3px 3px\">\n<tr style=\"text-align:center;font-weight:bold;background:#9CBCE2\">\n<td>African:South American</td>\n</tr>\n<tr>\n<td>\n<table style=\"font-family:Arial,Verdana,Times;font-size:12px;text-align:left;width:100%;border-spacing:0px; padding:3px 3px 3px 3px\">\n<tr>\n<td>NAME</td>\n<td>African:South American</td>\n</tr>\n<tr bgcolor=\"#D4E4F3\">\n<td>LABEL</td>\n<td>Divergent Boundary</td>\n</tr>\n</table>\n</td>\n</tr>\n</table>\n</body>\n</html>", "LABEL": "Divergent Boundary" }, "geometry": { "type": "MultiLineString", "coordinates": [ [ [ -11.84899997686739, -21.735000610090029, 0.0 ], [ -12.00699996957292, -21.20899963422568, 0.0 ] ] ] } },
{ "type": "Feature", "properties": { "Name": "African:Australian", "Description": "<html xmlns:fo=\"http://www.w3.org/1999/XSL/Format\" xmlns:msxsl=\"urn:schemas-microsoft-com:xslt\">\n<head>\n<META http-equiv=\"Content-Type\" content=\"text/html\">\n<meta http-equiv=\"content-type\" content=\"text/html; charset=UTF-8\">\n</head>\n<body style=\"margin:0px 0px 0px 0px;overflow:auto;background:#FFFFFF;\">\n<table style=\"font-family:Arial,Verdana,Times;font-size:12px;text-align:left;width:100%;border-collapse:collapse;padding:3px 3px 3px 3px\">\n<tr style=\"text-align:center;font-weight:bold;background:#9CBCE2\">\n<td>African:Australian</td>\n</tr>\n<tr>\n<td>\n<table style=\"font-family:Arial,Verdana,Times;font-size:12px;text-align:left;width:100%;border-spacing:0px; padding:3px 3px 3px 3px\">\n<tr>\n<td>NAME</td>\n<td>African:Australian</td>\n</tr>\n<tr bgcolor=\"#D4E4F3\">\n<td>LABEL</td>\n<td>Divergent Boundary</td>\n</tr>\n</table>\n</td>\n</tr>\n</table>\n</body>\n</html>", "LABEL": "Divergent Boundary" }, "geometry": { "type": "MultiLineString", "coordinates": [ [ [ 69.20200347937714, -22.08799934389458, 0.0 ], [ 68.65299987804201, -21.448999404598791, 0.0 ], [ 68.277000427128087, -20.878000259304489, 0.0 ] ] ] } },
{ "type": "Feature", "properties": { "Name": "Pacific:Nazca", "Description": "<html xmlns:fo=\"http://www.w3.org/1999/XSL/Format\" xmlns:msxsl=\"urn:schemas-microsoft-com:xslt\">\n<head>\n<META http-equiv=\"Content-Type\" content=\"text/html\">\n<meta http-equiv=\"content-type\" content=\"text/html; charset=UTF-8\">\n</head>\n<body style=\"margin:0px 0px 0px 0px;overflow:auto;background:#FFFFFF;\">\n<table style=\"font-family:Arial,Verdana,Times;font-size:12px;text-align:left;width:100%;border-collapse:collapse;padding:3px 3px 3px 3px\">\n<tr style=\"text-align:center;font-weight:bold;background:#9CBCE2\">\n<td>Pacific:Nazca</td>\n</tr>\n<tr>\n<td>\n<table style=\"font-family:Arial,Verdana,Times;font-size:12px;text-align:left;width:100%;border-spacing:0px; padding:3px 3px 3px 3px\">\n<tr>\n<td>NAME</td>\n<td>Pacific:Nazca</td>\n</tr>\n<tr bgcolor=\"#D4E4F3\">\n<td>LABEL</td>\n<td>Divergent Boundary</td>\n</tr>\n</table>\n</td>\n</tr>\n</table>\n</body>\n</html>", "LABEL": "Divergent Boundary" }, "geometry": { "type": "MultiLineString", "coordinates": [ [ [ -114.420997619944202, -22.114999771522211, 0.0 ], [ -114.378997802806296, -21.62700080884019, 0.0 ], [ -114.318000793102101, -21.563999176121062, 0.0 ], [ -114.228996276956593, -21.1210002903311, 0.0 ], [ -114.0869979861681, -20.599000930648401, 0.0 ], [ -113.930999755734106, -20.573999404548829, 0.0 ], [ -113.795997619394598, -20.320999145294252, 0.0 ], [ -113.696998596507996, -19.96800041238907, 0.0 ], [ -113.498001099071402, -19.30100059470163, 0.0 ] ] ] } },
{ "type": "Feature", "properties": { "Name": "African:South American", "Description": "<html xmlns:fo=\"http://www.w3.org/1999/XSL/Format\" xmlns:msxsl=\"urn:schemas-microsoft-com:xslt\">\n<head>\n<META http-equiv=\"Content-Type\" content=\"text/html\">\n<meta http-equiv=\"content-type\" content=\"text/html; charset=UTF-8\">\n</head>\n<body style=\"margin:0px 0px 0px 0px;overflow:auto;background:#FFFFFF;\">\n<table style=\"font-family:Arial,Verdana,Times;font-size:12px;text-align:left;width:100%;border-collapse:collapse;padding:3px 3px 3px 3px\">\n<tr style=\"text-align:center;font-weight:bold;background:#9CBCE2\">\n<td>African:South American</td>\n</tr>\n<tr>\n<td>\n<table style=\"font-family:Arial,Verdana,Times;font-size:12px;text-align:left;width:100%;border-spacing:0px; padding:3px 3px 3px 3px\">\n<tr>\n<td>NAME</td>\n<td>African:South American</td>\n</tr>\n<tr bgcolor=\"#D4E4F3\">\n<td>LABEL</td>\n<td>Divergent Boundary</td>\n</tr>\n</table>\n</td>\n</tr>\n</table>\n</body>\n</html>", "LABEL": "Divergent Boundary" }, "geometry": { "type": "MultiLineString", "coordinates": [ [ [ -11.81900024456559, -22.152999878141831, 0.0 ], [ -11.935999869997939, -21.75200080859042, 0.0 ] ] ] } },
{ "type": "Feature", "properties": { "Name": "African:South American", "Description": "<html xmlns:fo=\"http://www.w3.org/1999/XSL/Format\" xmlns:msxsl=\"urn:schemas-microsoft-com:xslt\">\n<head>\n<META http-equiv=\"Content-Type\" content=\"text/html\">\n<meta http-equiv=\"content-type\" content=\"text/html; charset=UTF-8\">\n</head>\n<body style=\"margin:0px 0px 0px 0px;overflow:auto;background:#FFFFFF;\">\n<table style=\"font-family:Arial,Verdana,Times;font-size:12px;text-align:left;width:100%;border-collapse:collapse;padding:3px 3px 3px 3px\">\n<tr style=\"text-align:center;font-weight:bold;background:#9CBCE2\">\n<td>African:South American</td>\n</tr>\n<tr>\n<td>\n<table style=\"font-family:Arial,Verdana,Times;font-size:12px;text-align:left;width:100%;border-spacing:0px; padding:3px 3px 3px 3px\">\n<tr>\n<td>NAME</td>\n<td>African:South American</td>\n</tr>\n<tr bgcolor=\"#D4E4F3\">\n<td>LABEL</td>\n<td>Divergent Boundary</td>\n</tr>\n</table>\n</td>\n</tr>\n</table>\n</body>\n</html>", "LABEL": "Divergent Boundary" }, "geometry": { "type": "MultiLineString", "coordinates": [ [ [ -12.850999832376321, -22.629999160932471, 0.0 ], [ -12.90999984711522, -22.378999709768721, 0.0 ] ] ] } },
{ "type": "Feature", "properties": { "Name": "Pacific:Nazca", "Description": "<html xmlns:fo=\"http://www.w3.org/1999/XSL/Format\" xmlns:msxsl=\"urn:schemas-microsoft-com:xslt\">\n<head>\n<META http-equiv=\"Content-Type\" content=\"text/html\">\n<meta http-equiv=\"content-type\" content=\"text/html; charset=UTF-8\">\n</head>\n<body style=\"margin:0px 0px 0px 0px;overflow:auto;background:#FFFFFF;\">\n<table style=\"font-family:Arial,Verdana,Times;font-size:12px;text-align:left;width:100%;border-collapse:collapse;padding:3px 3px 3px 3px\">\n<tr style=\"text-align:center;font-weight:bold;background:#9CBCE2\">\n<td>Pacific:Nazca</td>\n</tr>\n<tr>\n<td>\n<table style=\"font-family:Arial,Verdana,Times;font-size:12px;text-align:left;width:100%;border-spacing:0px; padding:3px 3px 3px 3px\">\n<tr>\n<td>NAME</td>\n<td>Pacific:Nazca</td>\n</tr>\n<tr bgcolor=\"#D4E4F3\">\n<td>LABEL</td>\n<td>Divergent Boundary</td>\n</tr>\n</table>\n</td>\n</tr>\n</table>\n</body>\n</html>", "LABEL": "Divergent Boundary" }, "geometry": { "type": "MultiLineString", "coordinates": [ [ [ -114.567001342737697, -23.024000167673542, 0.0 ], [ -114.498001098871597, -22.542999267801921, 0.0 ], [ -114.504997253320496, -22.195999145144409, 0.0 ], [ -114.420997619944202, -22.114999771522211, 0.0 ] ] ] } },
{ "type": "Feature", "properties": { "Name": "Pacific:Nazca", "Description": "<html xmlns:fo=\"http://www.w3.org/1999/XSL/Format\" xmlns:msxsl=\"urn:schemas-microsoft-com:xslt\">\n<head>\n<META http-equiv=\"Content-Type\" content=\"text/html\">\n<meta http-equiv=\"content-type\" content=\"text/html; charset=UTF-8\">\n</head>\n<body style=\"margin:0px 0px 0px 0px;overflow:auto;background:#FFFFFF;\">\n<table style=\"font-family:Arial,Verdana,Times;font-size:12px;text-align:left;width:100%;border-collapse:collapse;padding:3px 3px 3px 3px\">\n<tr style=\"text-align:center;font-weight:bold;background:#9CBCE2\">\n<td>Pacific:Nazca</td>\n</tr>\n<tr>\n<td>\n<table style=\"font-family:Arial,Verdana,Times;font-size:12px;text-align:left;width:100%;border-spacing:0px; padding:3px 3px 3px 3px\">\n<tr>\n<td>NAME</td>\n<td>Pacific:Nazca</td>\n</tr>\n<tr bgcolor=\"#D4E4F3\">\n<td>LABEL</td>\n<td>Divergent Boundary</td>\n</tr>\n</table>\n</td>\n</tr>\n</table>\n</body>\n</html>", "LABEL": "Divergent Boundary" }, "geometry": { "type": "MultiLineString", "coordinates": [ [ [ -114.961997986218094, -23.179000854805569, 0.0 ], [ -114.8749999996502, -23.040000915409848, 0.0 ] ] ] } },
{ "type": "Feature", "properties": { "Name": "Pacific:Nazca", "Description": "<html xmlns:fo=\"http://www.w3.org/1999/XSL/Format\" xmlns:msxsl=\"urn:schemas-microsoft-com:xslt\">\n<head>\n<META http-equiv=\"Content-Type\" content=\"text/html\">\n<meta http-equiv=\"content-type\" content=\"text/html; charset=UTF-8\">\n</head>\n<body style=\"margin:0px 0px 0px 0px;overflow:auto;background:#FFFFFF;\">\n<table style=\"font-family:Arial,Verdana,Times;font-size:12px;text-align:left;width:100%;border-collapse:collapse;padding:3px 3px 3px 3px\">\n<tr style=\"text-align:center;font-weight:bold;background:#9CBCE2\">\n<td>Pacific:Nazca</td>\n</tr>\n<tr>\n<td>\n<table style=\"font-family:Arial,Verdana,Times;font-size:12px;text-align:left;width:100%;border-spacing:0px; padding:3px 3px 3px 3px\">\n<tr>\n<td>NAME</td>\n<td>Pacific:Nazca</td>\n</tr>\n<tr bgcolor=\"#D4E4F3\">\n<td>LABEL</td>\n<td>Divergent Boundary</td>\n</tr>\n</table>\n</td>\n</tr>\n</table>\n</body>\n</html>", "LABEL": "Divergent Boundary" }, "geometry": { "type": "MultiLineString", "coordinates": [ [ [ -115.253997802856304, -23.396999358833281, 0.0 ], [ -115.182998657462093, -23.236999511318349, 0.0 ] ] ] } },
{ "type": "Feature", "properties": { "Name": "African:South American", "Description": "<html xmlns:fo=\"http://www.w3.org/1999/XSL/Format\" xmlns:msxsl=\"urn:schemas-microsoft-com:xslt\">\n<head>\n<META http-equiv=\"Content-Type\" content=\"text/html\">\n<meta http-equiv=\"content-type\" content=\"text/html; charset=UTF-8\">\n</head>\n<body style=\"margin:0px 0px 0px 0px;overflow:auto;background:#FFFFFF;\">\n<table style=\"font-family:Arial,Verdana,Times;font-size:12px;text-align:left;width:100%;border-collapse:collapse;padding:3px 3px 3px 3px\">\n<tr style=\"text-align:center;font-weight:bold;background:#9CBCE2\">\n<td>African:South American</td>\n</tr>\n<tr>\n<td>\n<table style=\"font-family:Arial,Verdana,Times;font-size:12px;text-align:left;width:100%;border-spacing:0px; padding:3px 3px 3px 3px\">\n<tr>\n<td>NAME</td>\n<td>African:South American</td>\n</tr>\n<tr bgcolor=\"#D4E4F3\">\n<td>LABEL</td>\n<td>Divergent Boundary</td>\n</tr>\n</table>\n</td>\n</tr>\n</table>\n</body>\n</html>", "LABEL": "Divergent Boundary" }, "geometry": { "type": "MultiLineString", "coordinates": [ [ [ -13.663999557933209, -23.544000625828179, 0.0 ], [ -13.829000473293149, -22.829000473293149, 0.0 ] ] ] } },
{ "type": "Feature", "properties": { "Name": "African:Australian", "Description": "<html xmlns:fo=\"http://www.w3.org/1999/XSL/Format\" xmlns:msxsl=\"urn:schemas-microsoft-com:xslt\">\n<head>\n<META http-equiv=\"Content-Type\" content=\"text/html\">\n<meta http-equiv=\"content-type\" content=\"text/html; charset=UTF-8\">\n</head>\n<body style=\"margin:0px 0px 0px 0px;overflow:auto;background:#FFFFFF;\">\n<table style=\"font-family:Arial,Verdana,Times;font-size:12px;text-align:left;width:100%;border-collapse:collapse;padding:3px 3px 3px 3px\">\n<tr style=\"text-align:center;font-weight:bold;background:#9CBCE2\">\n<td>African:Australian</td>\n</tr>\n<tr>\n<td>\n<table style=\"font-family:Arial,Verdana,Times;font-size:12px;text-align:left;width:100%;border-spacing:0px; padding:3px 3px 3px 3px\">\n<tr>\n<td>NAME</td>\n<td>African:Australian</td>\n</tr>\n<tr bgcolor=\"#D4E4F3\">\n<td>LABEL</td>\n<td>Divergent Boundary</td>\n</tr>\n</table>\n</td>\n</tr>\n</table>\n</body>\n</html>", "LABEL": "Divergent Boundary" }, "geometry": { "type": "MultiLineString", "coordinates": [ [ [ 69.849998473750645, -23.70899963372608, 0.0 ], [ 69.557998657112364, -23.372999190959831, 0.0 ], [ 69.162002563767373, -22.82999992405718, 0.0 ], [ 68.796997070358543, -22.38699912990586, 0.0 ] ] ] } },
{ "type": "Feature", "properties": { "Name": "Nazca", "Description": "<html xmlns:fo=\"http://www.w3.org/1999/XSL/Format\" xmlns:msxsl=\"urn:schemas-microsoft-com:xslt\">\n<head>\n<META http-equiv=\"Content-Type\" content=\"text/html\">\n<meta http-equiv=\"content-type\" content=\"text/html; charset=UTF-8\">\n</head>\n<body style=\"margin:0px 0px 0px 0px;overflow:auto;background:#FFFFFF;\">\n<table style=\"font-family:Arial,Verdana,Times;font-size:12px;text-align:left;width:100%;border-collapse:collapse;padding:3px 3px 3px 3px\">\n<tr style=\"text-align:center;font-weight:bold;background:#9CBCE2\">\n<td>Nazca</td>\n</tr>\n<tr>\n<td>\n<table style=\"font-family:Arial,Verdana,Times;font-size:12px;text-align:left;width:100%;border-spacing:0px; padding:3px 3px 3px 3px\">\n<tr>\n<td>NAME</td>\n<td>Nazca</td>\n</tr>\n<tr bgcolor=\"#D4E4F3\">\n<td>LABEL</td>\n<td>Divergent Boundary</td>\n</tr>\n</table>\n</td>\n</tr>\n</table>\n</body>\n</html>", "LABEL": "Divergent Boundary" }, "geometry": { "type": "MultiLineString", "coordinates": [ [ [ -112.208000183261802, -22.820999145693978, 0.0 ], [ -111.924003600785497, -23.016000747536449, 0.0 ], [ -111.740997314674303, -23.208999633826011, 0.0 ], [ -111.871002197193604, -23.326999664203068, 0.0 ], [ -111.863998412896393, -23.475000381062671, 0.0 ], [ -111.832000732347893, -23.728000641216571, 0.0 ], [ -111.763000488481694, -23.860000610339849, 0.0 ], [ -111.712997436282706, -24.031999587610809, 0.0 ] ] ] } },
{ "type": "Feature", "properties": { "Name": "Pacific:Nazca", "Description": "<html xmlns:fo=\"http://www.w3.org/1999/XSL/Format\" xmlns:msxsl=\"urn:schemas-microsoft-com:xslt\">\n<head>\n<META http-equiv=\"Content-Type\" content=\"text/html\">\n<meta http-equiv=\"content-type\" content=\"text/html; charset=UTF-8\">\n</head>\n<body style=\"margin:0px 0px 0px 0px;overflow:auto;background:#FFFFFF;\">\n<table style=\"font-family:Arial,Verdana,Times;font-size:12px;text-align:left;width:100%;border-collapse:collapse;padding:3px 3px 3px 3px\">\n<tr style=\"text-align:center;font-weight:bold;background:#9CBCE2\">\n<td>Pacific:Nazca</td>\n</tr>\n<tr>\n<td>\n<table style=\"font-family:Arial,Verdana,Times;font-size:12px;text-align:left;width:100%;border-spacing:0px; padding:3px 3px 3px 3px\">\n<tr>\n<td>NAME</td>\n<td>Pacific:Nazca</td>\n</tr>\n<tr bgcolor=\"#D4E4F3\">\n<td>LABEL</td>\n<td>Divergent Boundary</td>\n</tr>\n</table>\n</td>\n</tr>\n</table>\n</body>\n</html>", "LABEL": "Divergent Boundary" }, "geometry": { "type": "MultiLineString", "coordinates": [ [ [ -115.4820022583975, -24.104999541995198, 0.0 ], [ -115.402000427177896, -24.017000198100622, 0.0 ], [ -115.424003600985401, -23.884000778213309, 0.0 ], [ -115.598999023086407, -23.468000411689619, 0.0 ] ] ] } },
{ "type": "Feature", "properties": { "Name": "Pacific:Nazca", "Description": "<html xmlns:fo=\"http://www.w3.org/1999/XSL/Format\" xmlns:msxsl=\"urn:schemas-microsoft-com:xslt\">\n<head>\n<META http-equiv=\"Content-Type\" content=\"text/html\">\n<meta http-equiv=\"content-type\" content=\"text/html; charset=UTF-8\">\n</head>\n<body style=\"margin:0px 0px 0px 0px;overflow:auto;background:#FFFFFF;\">\n<table style=\"font-family:Arial,Verdana,Times;font-size:12px;text-align:left;width:100%;border-collapse:collapse;padding:3px 3px 3px 3px\">\n<tr style=\"text-align:center;font-weight:bold;background:#9CBCE2\">\n<td>Pacific:Nazca</td>\n</tr>\n<tr>\n<td>\n<table style=\"font-family:Arial,Verdana,Times;font-size:12px;text-align:left;width:100%;border-spacing:0px; padding:3px 3px 3px 3px\">\n<tr>\n<td>NAME</td>\n<td>Pacific:Nazca</td>\n</tr>\n<tr bgcolor=\"#D4E4F3\">\n<td>LABEL</td>\n<td>Divergent Boundary</td>\n</tr>\n</table>\n</td>\n</tr>\n</table>\n</body>\n</html>", "LABEL": "Divergent Boundary" }, "geometry": { "type": "MultiLineString", "coordinates": [ [ [ -115.968002319551402, -24.382999419887259, 0.0 ], [ -115.912002563667301, -24.2420005798628, 0.0 ] ] ] } },
{ "type": "Feature", "properties": { "Name": "African:Australian", "Description": "<html xmlns:fo=\"http://www.w3.org/1999/XSL/Format\" xmlns:msxsl=\"urn:schemas-microsoft-com:xslt\">\n<head>\n<META http-equiv=\"Content-Type\" content=\"text/html\">\n<meta http-equiv=\"content-type\" content=\"text/html; charset=UTF-8\">\n</head>\n<body style=\"margin:0px 0px 0px 0px;overflow:auto;background:#FFFFFF;\">\n<table style=\"font-family:Arial,Verdana,Times;font-size:12px;text-align:left;width:100%;border-collapse:collapse;padding:3px 3px 3px 3px\">\n<tr style=\"text-align:center;font-weight:bold;background:#9CBCE2\">\n<td>African:Australian</td>\n</tr>\n<tr>\n<td>\n<table style=\"font-family:Arial,Verdana,Times;font-size:12px;text-align:left;width:100%;border-spacing:0px; padding:3px 3px 3px 3px\">\n<tr>\n<td>NAME</td>\n<td>African:Australian</td>\n</tr>\n<tr bgcolor=\"#D4E4F3\">\n<td>LABEL</td>\n<td>Divergent Boundary</td>\n</tr>\n</table>\n</td>\n</tr>\n</table>\n</body>\n</html>", "LABEL": "Divergent Boundary" }, "geometry": { "type": "MultiLineString", "coordinates": [ [ [ 69.939002990795473, -24.67799949627971, 0.0 ], [ 69.680000305469775, -24.368999481141088, 0.0 ], [ 69.402000427577718, -24.04000091521004, 0.0 ] ] ] } },
{ "type": "Feature", "properties": { "Name": "African:South American", "Description": "<html xmlns:fo=\"http://www.w3.org/1999/XSL/Format\" xmlns:msxsl=\"urn:schemas-microsoft-com:xslt\">\n<head>\n<META http-equiv=\"Content-Type\" content=\"text/html\">\n<meta http-equiv=\"content-type\" content=\"text/html; charset=UTF-8\">\n</head>\n<body style=\"margin:0px 0px 0px 0px;overflow:auto;background:#FFFFFF;\">\n<table style=\"font-family:Arial,Verdana,Times;font-size:12px;text-align:left;width:100%;border-collapse:collapse;padding:3px 3px 3px 3px\">\n<tr style=\"text-align:center;font-weight:bold;background:#9CBCE2\">\n<td>African:South American</td>\n</tr>\n<tr>\n<td>\n<table style=\"font-family:Arial,Verdana,Times;font-size:12px;text-align:left;width:100%;border-spacing:0px; padding:3px 3px 3px 3px\">\n<tr>\n<td>NAME</td>\n<td>African:South American</td>\n</tr>\n<tr bgcolor=\"#D4E4F3\">\n<td>LABEL</td>\n<td>Divergent Boundary</td>\n</tr>\n</table>\n</td>\n</tr>\n</table>\n</body>\n</html>", "LABEL": "Divergent Boundary" }, "geometry": { "type": "MultiLineString", "coordinates": [ [ [ -13.279999732701469, -24.777000427527639, 0.0 ], [ -13.42599964147024, -24.145999908369049, 0.0 ], [ -13.56999969453023, -23.513999939345702, 0.0 ] ] ] } },
{ "type": "Feature", "properties": { "Name": "Pacific:Nazca", "Description": "<html xmlns:fo=\"http://www.w3.org/1999/XSL/Format\" xmlns:msxsl=\"urn:schemas-microsoft-com:xslt\">\n<head>\n<META http-equiv=\"Content-Type\" content=\"text/html\">\n<meta http-equiv=\"content-type\" content=\"text/html; charset=UTF-8\">\n</head>\n<body style=\"margin:0px 0px 0px 0px;overflow:auto;background:#FFFFFF;\">\n<table style=\"font-family:Arial,Verdana,Times;font-size:12px;text-align:left;width:100%;border-collapse:collapse;padding:3px 3px 3px 3px\">\n<tr style=\"text-align:center;font-weight:bold;background:#9CBCE2\">\n<td>Pacific:Nazca</td>\n</tr>\n<tr>\n<td>\n<table style=\"font-family:Arial,Verdana,Times;font-size:12px;text-align:left;width:100%;border-spacing:0px; padding:3px 3px 3px 3px\">\n<tr>\n<td>NAME</td>\n<td>Pacific:Nazca</td>\n</tr>\n<tr bgcolor=\"#D4E4F3\">\n<td>LABEL</td>\n<td>Divergent Boundary</td>\n</tr>\n</table>\n</td>\n</tr>\n</table>\n</body>\n</html>", "LABEL": "Divergent Boundary" }, "geometry": { "type": "MultiLineString", "coordinates": [ [ [ -116.098999023885796, -24.847000122157851, 0.0 ], [ -116.224998474399996, -24.555999756283651, 0.0 ], [ -116.183998108026202, -24.458000183261792, 0.0 ] ] ] } },
{ "type": "Feature", "properties": { "Name": "Nazca", "Description": "<html xmlns:fo=\"http://www.w3.org/1999/XSL/Format\" xmlns:msxsl=\"urn:schemas-microsoft-com:xslt\">\n<head>\n<META http-equiv=\"Content-Type\" content=\"text/html\">\n<meta http-equiv=\"content-type\" content=\"text/html; charset=UTF-8\">\n</head>\n<body style=\"margin:0px 0px 0px 0px;overflow:auto;background:#FFFFFF;\">\n<table style=\"font-family:Arial,Verdana,Times;font-size:12px;text-align:left;width:100%;border-collapse:collapse;padding:3px 3px 3px 3px\">\n<tr style=\"text-align:center;font-weight:bold;background:#9CBCE2\">\n<td>Nazca</td>\n</tr>\n<tr>\n<td>\n<table style=\"font-family:Arial,Verdana,Times;font-size:12px;text-align:left;width:100%;border-spacing:0px; padding:3px 3px 3px 3px\">\n<tr>\n<td>NAME</td>\n<td>Nazca</td>\n</tr>\n<tr bgcolor=\"#D4E4F3\">\n<td>LABEL</td>\n<td>Divergent Boundary</td>\n</tr>\n</table>\n</td>\n</tr>\n</table>\n</body>\n</html>", "LABEL": "Divergent Boundary" }, "geometry": { "type": "MultiLineString", "coordinates": [ [ [ -112.097999573021895, -24.110000610739579, 0.0 ], [ -112.123001098222105, -24.222000122507609, 0.0 ], [ -112.102996825942697, -24.447999954134559, 0.0 ], [ -112.047996520822693, -24.659000397150582, 0.0 ], [ -111.976997375428496, -24.89100074738656, 0.0 ], [ -111.977996826192594, -25.027000427028039, 0.0 ] ] ] } },
{ "type": "Feature", "properties": { "Name": "African:Australian", "Description": "<html xmlns:fo=\"http://www.w3.org/1999/XSL/Format\" xmlns:msxsl=\"urn:schemas-microsoft-com:xslt\">\n<head>\n<META http-equiv=\"Content-Type\" content=\"text/html\">\n<meta http-equiv=\"content-type\" content=\"text/html; charset=UTF-8\">\n</head>\n<body style=\"margin:0px 0px 0px 0px;overflow:auto;background:#FFFFFF;\">\n<table style=\"font-family:Arial,Verdana,Times;font-size:12px;text-align:left;width:100%;border-collapse:collapse;padding:3px 3px 3px 3px\">\n<tr style=\"text-align:center;font-weight:bold;background:#9CBCE2\">\n<td>African:Australian</td>\n</tr>\n<tr>\n<td>\n<table style=\"font-family:Arial,Verdana,Times;font-size:12px;text-align:left;width:100%;border-spacing:0px; padding:3px 3px 3px 3px\">\n<tr>\n<td>NAME</td>\n<td>African:Australian</td>\n</tr>\n<tr bgcolor=\"#D4E4F3\">\n<td>LABEL</td>\n<td>Divergent Boundary</td>\n</tr>\n</table>\n</td>\n</tr>\n</table>\n</body>\n</html>", "LABEL": "Divergent Boundary" }, "geometry": { "type": "MultiLineString", "coordinates": [ [ [ 70.08999633756099, -25.48299980169946, 0.0 ], [ 69.592002869037231, -24.969999312917938, 0.0 ] ] ] } },
{ "type": "Feature", "properties": { "Name": "African:South American", "Description": "<html xmlns:fo=\"http://www.w3.org/1999/XSL/Format\" xmlns:msxsl=\"urn:schemas-microsoft-com:xslt\">\n<head>\n<META http-equiv=\"Content-Type\" content=\"text/html\">\n<meta http-equiv=\"content-type\" content=\"text/html; charset=UTF-8\">\n</head>\n<body style=\"margin:0px 0px 0px 0px;overflow:auto;background:#FFFFFF;\">\n<table style=\"font-family:Arial,Verdana,Times;font-size:12px;text-align:left;width:100%;border-collapse:collapse;padding:3px 3px 3px 3px\">\n<tr style=\"text-align:center;font-weight:bold;background:#9CBCE2\">\n<td>African:South American</td>\n</tr>\n<tr>\n<td>\n<table style=\"font-family:Arial,Verdana,Times;font-size:12px;text-align:left;width:100%;border-spacing:0px; padding:3px 3px 3px 3px\">\n<tr>\n<td>NAME</td>\n<td>African:South American</td>\n</tr>\n<tr bgcolor=\"#D4E4F3\">\n<td>LABEL</td>\n<td>Divergent Boundary</td>\n</tr>\n</table>\n</td>\n</tr>\n</table>\n</body>\n</html>", "LABEL": "Divergent Boundary" }, "geometry": { "type": "MultiLineString", "coordinates": [ [ [ -13.66300010716918, -25.6480007170594, 0.0 ], [ -13.81099987074737, -24.886999130305579, 0.0 ] ] ] } },
{ "type": "Feature", "properties": { "Name": "African:Antarctic", "Description": "<html xmlns:fo=\"http://www.w3.org/1999/XSL/Format\" xmlns:msxsl=\"urn:schemas-microsoft-com:xslt\">\n<head>\n<META http-equiv=\"Content-Type\" content=\"text/html\">\n<meta http-equiv=\"content-type\" content=\"text/html; charset=UTF-8\">\n</head>\n<body style=\"margin:0px 0px 0px 0px;overflow:auto;background:#FFFFFF;\">\n<table style=\"font-family:Arial,Verdana,Times;font-size:12px;text-align:left;width:100%;border-collapse:collapse;padding:3px 3px 3px 3px\">\n<tr style=\"text-align:center;font-weight:bold;background:#9CBCE2\">\n<td>African:Antarctic</td>\n</tr>\n<tr>\n<td>\n<table style=\"font-family:Arial,Verdana,Times;font-size:12px;text-align:left;width:100%;border-spacing:0px; padding:3px 3px 3px 3px\">\n<tr>\n<td>NAME</td>\n<td>African:Antarctic</td>\n</tr>\n<tr bgcolor=\"#D4E4F3\">\n<td>LABEL</td>\n<td>Divergent Boundary</td>\n</tr>\n</table>\n</td>\n</tr>\n</table>\n</body>\n</html>", "LABEL": "Divergent Boundary" }, "geometry": { "type": "MultiLineString", "coordinates": [ [ [ 69.959999084889887, -25.650999069351538, 0.0 ], [ 69.489997864010263, -25.676000595451061, 0.0 ] ] ] } },
{ "type": "Feature", "properties": { "Name": "African:Antarctic", "Description": "<html xmlns:fo=\"http://www.w3.org/1999/XSL/Format\" xmlns:msxsl=\"urn:schemas-microsoft-com:xslt\">\n<head>\n<META http-equiv=\"Content-Type\" content=\"text/html\">\n<meta http-equiv=\"content-type\" content=\"text/html; charset=UTF-8\">\n</head>\n<body style=\"margin:0px 0px 0px 0px;overflow:auto;background:#FFFFFF;\">\n<table style=\"font-family:Arial,Verdana,Times;font-size:12px;text-align:left;width:100%;border-collapse:collapse;padding:3px 3px 3px 3px\">\n<tr style=\"text-align:center;font-weight:bold;background:#9CBCE2\">\n<td>African:Antarctic</td>\n</tr>\n<tr>\n<td>\n<table style=\"font-family:Arial,Verdana,Times;font-size:12px;text-align:left;width:100%;border-spacing:0px; padding:3px 3px 3px 3px\">\n<tr>\n<td>NAME</td>\n<td>African:Antarctic</td>\n</tr>\n<tr bgcolor=\"#D4E4F3\">\n<td>LABEL</td>\n<td>Divergent Boundary</td>\n</tr>\n</table>\n</td>\n</tr>\n</table>\n</body>\n</html>", "LABEL": "Divergent Boundary" }, "geometry": { "type": "MultiLineString", "coordinates": [ [ [ 69.459999084090498, -25.78199958771074, 0.0 ], [ 69.138000488431828, -25.78400039670089, 0.0 ] ] ] } },
{ "type": "Feature", "properties": { "Name": "Nazca", "Description": "<html xmlns:fo=\"http://www.w3.org/1999/XSL/Format\" xmlns:msxsl=\"urn:schemas-microsoft-com:xslt\">\n<head>\n<META http-equiv=\"Content-Type\" content=\"text/html\">\n<meta http-equiv=\"content-type\" content=\"text/html; charset=UTF-8\">\n</head>\n<body style=\"margin:0px 0px 0px 0px;overflow:auto;background:#FFFFFF;\">\n<table style=\"font-family:Arial,Verdana,Times;font-size:12px;text-align:left;width:100%;border-collapse:collapse;padding:3px 3px 3px 3px\">\n<tr style=\"text-align:center;font-weight:bold;background:#9CBCE2\">\n<td>Nazca</td>\n</tr>\n<tr>\n<td>\n<table style=\"font-family:Arial,Verdana,Times;font-size:12px;text-align:left;width:100%;border-spacing:0px; padding:3px 3px 3px 3px\">\n<tr>\n<td>NAME</td>\n<td>Nazca</td>\n</tr>\n<tr bgcolor=\"#D4E4F3\">\n<td>LABEL</td>\n<td>Divergent Boundary</td>\n</tr>\n</table>\n</td>\n</tr>\n</table>\n</body>\n</html>", "LABEL": "Divergent Boundary" }, "geometry": { "type": "MultiLineString", "coordinates": [ [ [ -112.453002929841304, -25.059000015038642, 0.0 ], [ -112.443000793251997, -25.197999954434302, 0.0 ], [ -112.388000488131993, -25.429000854805569, 0.0 ], [ -112.365997314324602, -25.563999176220989, 0.0 ], [ -112.363998412796505, -25.663999557333678, 0.0 ], [ -112.436996459718799, -25.683000564824169, 0.0 ], [ -112.455001831369401, -25.785999298229001, 0.0 ] ] ] } },
{ "type": "Feature", "properties": { "Name": "Nazca", "Description": "<html xmlns:fo=\"http://www.w3.org/1999/XSL/Format\" xmlns:msxsl=\"urn:schemas-microsoft-com:xslt\">\n<head>\n<META http-equiv=\"Content-Type\" content=\"text/html\">\n<meta http-equiv=\"content-type\" content=\"text/html; charset=UTF-8\">\n</head>\n<body style=\"margin:0px 0px 0px 0px;overflow:auto;background:#FFFFFF;\">\n<table style=\"font-family:Arial,Verdana,Times;font-size:12px;text-align:left;width:100%;border-collapse:collapse;padding:3px 3px 3px 3px\">\n<tr style=\"text-align:center;font-weight:bold;background:#9CBCE2\">\n<td>Nazca</td>\n</tr>\n<tr>\n<td>\n<table style=\"font-family:Arial,Verdana,Times;font-size:12px;text-align:left;width:100%;border-spacing:0px; padding:3px 3px 3px 3px\">\n<tr>\n<td>NAME</td>\n<td>Nazca</td>\n</tr>\n<tr bgcolor=\"#D4E4F3\">\n<td>LABEL</td>\n<td>Divergent Boundary</td>\n</tr>\n</table>\n</td>\n</tr>\n</table>\n</body>\n</html>", "LABEL": "Divergent Boundary" }, "geometry": { "type": "MultiLineString", "coordinates": [ [ [ -112.541000366273906, -25.78700065645506, 0.0 ], [ -112.5500030520992, -25.926000594951461, 0.0 ] ] ] } },
{ "type": "Feature", "properties": { "Name": "African:Antarctic", "Description": "<html xmlns:fo=\"http://www.w3.org/1999/XSL/Format\" xmlns:msxsl=\"urn:schemas-microsoft-com:xslt\">\n<head>\n<META http-equiv=\"Content-Type\" content=\"text/html\">\n<meta http-equiv=\"content-type\" content=\"text/html; charset=UTF-8\">\n</head>\n<body style=\"margin:0px 0px 0px 0px;overflow:auto;background:#FFFFFF;\">\n<table style=\"font-family:Arial,Verdana,Times;font-size:12px;text-align:left;width:100%;border-collapse:collapse;padding:3px 3px 3px 3px\">\n<tr style=\"text-align:center;font-weight:bold;background:#9CBCE2\">\n<td>African:Antarctic</td>\n</tr>\n<tr>\n<td>\n<table style=\"font-family:Arial,Verdana,Times;font-size:12px;text-align:left;width:100%;border-spacing:0px; padding:3px 3px 3px 3px\">\n<tr>\n<td>NAME</td>\n<td>African:Antarctic</td>\n</tr>\n<tr bgcolor=\"#D4E4F3\">\n<td>LABEL</td>\n<td>Divergent Boundary</td>\n</tr>\n</table>\n</td>\n</tr>\n</table>\n</body>\n</html>", "LABEL": "Divergent Boundary" }, "geometry": { "type": "MultiLineString", "coordinates": [ [ [ 69.150001525649941, -25.993000030726819, 0.0 ], [ 68.829002380755298, -26.009000778463129, 0.0 ] ] ] } },
{ "type": "Feature", "properties": { "Name": "Australian:Antarctic", "Description": "<html xmlns:fo=\"http://www.w3.org/1999/XSL/Format\" xmlns:msxsl=\"urn:schemas-microsoft-com:xslt\">\n<head>\n<META http-equiv=\"Content-Type\" content=\"text/html\">\n<meta http-equiv=\"content-type\" content=\"text/html; charset=UTF-8\">\n</head>\n<body style=\"margin:0px 0px 0px 0px;overflow:auto;background:#FFFFFF;\">\n<table style=\"font-family:Arial,Verdana,Times;font-size:12px;text-align:left;width:100%;border-collapse:collapse;padding:3px 3px 3px 3px\">\n<tr style=\"text-align:center;font-weight:bold;background:#9CBCE2\">\n<td>Australian:Antarctic</td>\n</tr>\n<tr>\n<td>\n<table style=\"font-family:Arial,Verdana,Times;font-size:12px;text-align:left;width:100%;border-spacing:0px; padding:3px 3px 3px 3px\">\n<tr>\n<td>NAME</td>\n<td>Australian:Antarctic</td>\n</tr>\n<tr bgcolor=\"#D4E4F3\">\n<td>LABEL</td>\n<td>Divergent Boundary</td>\n</tr>\n</table>\n</td>\n</tr>\n</table>\n</body>\n</html>", "LABEL": "Divergent Boundary" }, "geometry": { "type": "MultiLineString", "coordinates": [ [ [ 70.408996581826841, -26.0599994656028, 0.0 ], [ 69.959999084889887, -25.650999069351538, 0.0 ] ] ] } },
{ "type": "Feature", "properties": { "Name": "African:Antarctic", "Description": "<html xmlns:fo=\"http://www.w3.org/1999/XSL/Format\" xmlns:msxsl=\"urn:schemas-microsoft-com:xslt\">\n<head>\n<META http-equiv=\"Content-Type\" content=\"text/html\">\n<meta http-equiv=\"content-type\" content=\"text/html; charset=UTF-8\">\n</head>\n<body style=\"margin:0px 0px 0px 0px;overflow:auto;background:#FFFFFF;\">\n<table style=\"font-family:Arial,Verdana,Times;font-size:12px;text-align:left;width:100%;border-collapse:collapse;padding:3px 3px 3px 3px\">\n<tr style=\"text-align:center;font-weight:bold;background:#9CBCE2\">\n<td>African:Antarctic</td>\n</tr>\n<tr>\n<td>\n<table style=\"font-family:Arial,Verdana,Times;font-size:12px;text-align:left;width:100%;border-spacing:0px; padding:3px 3px 3px 3px\">\n<tr>\n<td>NAME</td>\n<td>African:Antarctic</td>\n</tr>\n<tr bgcolor=\"#D4E4F3\">\n<td>LABEL</td>\n<td>Divergent Boundary</td>\n</tr>\n</table>\n</td>\n</tr>\n</table>\n</body>\n</html>", "LABEL": "Divergent Boundary" }, "geometry": { "type": "MultiLineString", "coordinates": [ [ [ 68.819999694930061, -26.141000747586361, 0.0 ], [ 68.597999572921992, -26.121000290231169, 0.0 ] ] ] } },
{ "type": "Feature", "properties": { "Name": "Australian:Antarctic", "Description": "<html xmlns:fo=\"http://www.w3.org/1999/XSL/Format\" xmlns:msxsl=\"urn:schemas-microsoft-com:xslt\">\n<head>\n<META http-equiv=\"Content-Type\" content=\"text/html\">\n<meta http-equiv=\"content-type\" content=\"text/html; charset=UTF-8\">\n</head>\n<body style=\"margin:0px 0px 0px 0px;overflow:auto;background:#FFFFFF;\">\n<table style=\"font-family:Arial,Verdana,Times;font-size:12px;text-align:left;width:100%;border-collapse:collapse;padding:3px 3px 3px 3px\">\n<tr style=\"text-align:center;font-weight:bold;background:#9CBCE2\">\n<td>Australian:Antarctic</td>\n</tr>\n<tr>\n<td>\n<table style=\"font-family:Arial,Verdana,Times;font-size:12px;text-align:left;width:100%;border-spacing:0px; padding:3px 3px 3px 3px\">\n<tr>\n<td>NAME</td>\n<td>Australian:Antarctic</td>\n</tr>\n<tr bgcolor=\"#D4E4F3\">\n<td>LABEL</td>\n<td>Divergent Boundary</td>\n</tr>\n</table>\n</td>\n</tr>\n</table>\n</body>\n</html>", "LABEL": "Divergent Boundary" }, "geometry": { "type": "MultiLineString", "coordinates": [ [ [ 70.994003295715572, -26.18700027434312, 0.0 ], [ 70.66500091575972, -25.91200065620529, 0.0 ] ] ] } },
{ "type": "Feature", "properties": { "Name": "African:Antarctic", "Description": "<html xmlns:fo=\"http://www.w3.org/1999/XSL/Format\" xmlns:msxsl=\"urn:schemas-microsoft-com:xslt\">\n<head>\n<META http-equiv=\"Content-Type\" content=\"text/html\">\n<meta http-equiv=\"content-type\" content=\"text/html; charset=UTF-8\">\n</head>\n<body style=\"margin:0px 0px 0px 0px;overflow:auto;background:#FFFFFF;\">\n<table style=\"font-family:Arial,Verdana,Times;font-size:12px;text-align:left;width:100%;border-collapse:collapse;padding:3px 3px 3px 3px\">\n<tr style=\"text-align:center;font-weight:bold;background:#9CBCE2\">\n<td>African:Antarctic</td>\n</tr>\n<tr>\n<td>\n<table style=\"font-family:Arial,Verdana,Times;font-size:12px;text-align:left;width:100%;border-spacing:0px; padding:3px 3px 3px 3px\">\n<tr>\n<td>NAME</td>\n<td>African:Antarctic</td>\n</tr>\n<tr bgcolor=\"#D4E4F3\">\n<td>LABEL</td>\n<td>Divergent Boundary</td>\n</tr>\n</table>\n</td>\n</tr>\n</table>\n</body>\n</html>", "LABEL": "Divergent Boundary" }, "geometry": { "type": "MultiLineString", "coordinates": [ [ [ 68.622001648257537, -26.26300048848174, 0.0 ], [ 67.97899627695665, -26.291000365974071, 0.0 ] ] ] } },
{ "type": "Feature", "properties": { "Name": "Australian:Antarctic", "Description": "<html xmlns:fo=\"http://www.w3.org/1999/XSL/Format\" xmlns:msxsl=\"urn:schemas-microsoft-com:xslt\">\n<head>\n<META http-equiv=\"Content-Type\" content=\"text/html\">\n<meta http-equiv=\"content-type\" content=\"text/html; charset=UTF-8\">\n</head>\n<body style=\"margin:0px 0px 0px 0px;overflow:auto;background:#FFFFFF;\">\n<table style=\"font-family:Arial,Verdana,Times;font-size:12px;text-align:left;width:100%;border-collapse:collapse;padding:3px 3px 3px 3px\">\n<tr style=\"text-align:center;font-weight:bold;background:#9CBCE2\">\n<td>Australian:Antarctic</td>\n</tr>\n<tr>\n<td>\n<table style=\"font-family:Arial,Verdana,Times;font-size:12px;text-align:left;width:100%;border-spacing:0px; padding:3px 3px 3px 3px\">\n<tr>\n<td>NAME</td>\n<td>Australian:Antarctic</td>\n</tr>\n<tr bgcolor=\"#D4E4F3\">\n<td>LABEL</td>\n<td>Divergent Boundary</td>\n</tr>\n</table>\n</td>\n</tr>\n</table>\n</body>\n</html>", "LABEL": "Divergent Boundary" }, "geometry": { "type": "MultiLineString", "coordinates": [ [ [ 71.580001831419452, -26.45400047324318, 0.0 ], [ 71.135002136639343, -26.08300018271223, 0.0 ] ] ] } },
{ "type": "Feature", "properties": { "Name": "African:Antarctic", "Description": "<html xmlns:fo=\"http://www.w3.org/1999/XSL/Format\" xmlns:msxsl=\"urn:schemas-microsoft-com:xslt\">\n<head>\n<META http-equiv=\"Content-Type\" content=\"text/html\">\n<meta http-equiv=\"content-type\" content=\"text/html; charset=UTF-8\">\n</head>\n<body style=\"margin:0px 0px 0px 0px;overflow:auto;background:#FFFFFF;\">\n<table style=\"font-family:Arial,Verdana,Times;font-size:12px;text-align:left;width:100%;border-collapse:collapse;padding:3px 3px 3px 3px\">\n<tr style=\"text-align:center;font-weight:bold;background:#9CBCE2\">\n<td>African:Antarctic</td>\n</tr>\n<tr>\n<td>\n<table style=\"font-family:Arial,Verdana,Times;font-size:12px;text-align:left;width:100%;border-spacing:0px; padding:3px 3px 3px 3px\">\n<tr>\n<td>NAME</td>\n<td>African:Antarctic</td>\n</tr>\n<tr bgcolor=\"#D4E4F3\">\n<td>LABEL</td>\n<td>Divergent Boundary</td>\n</tr>\n</table>\n</td>\n</tr>\n</table>\n</body>\n</html>", "LABEL": "Divergent Boundary" }, "geometry": { "type": "MultiLineString", "coordinates": [ [ [ 67.961997985918345, -26.583000183511619, 0.0 ], [ 67.432998656862594, -26.572000503620298, 0.0 ] ] ] } },
{ "type": "Feature", "properties": { "Name": "African:South American", "Description": "<html xmlns:fo=\"http://www.w3.org/1999/XSL/Format\" xmlns:msxsl=\"urn:schemas-microsoft-com:xslt\">\n<head>\n<META http-equiv=\"Content-Type\" content=\"text/html\">\n<meta http-equiv=\"content-type\" content=\"text/html; charset=UTF-8\">\n</head>\n<body style=\"margin:0px 0px 0px 0px;overflow:auto;background:#FFFFFF;\">\n<table style=\"font-family:Arial,Verdana,Times;font-size:12px;text-align:left;width:100%;border-collapse:collapse;padding:3px 3px 3px 3px\">\n<tr style=\"text-align:center;font-weight:bold;background:#9CBCE2\">\n<td>African:South American</td>\n</tr>\n<tr>\n<td>\n<table style=\"font-family:Arial,Verdana,Times;font-size:12px;text-align:left;width:100%;border-spacing:0px; padding:3px 3px 3px 3px\">\n<tr>\n<td>NAME</td>\n<td>African:South American</td>\n</tr>\n<tr bgcolor=\"#D4E4F3\">\n<td>LABEL</td>\n<td>Divergent Boundary</td>\n</tr>\n</table>\n</td>\n</tr>\n</table>\n</body>\n</html>", "LABEL": "Divergent Boundary" }, "geometry": { "type": "MultiLineString", "coordinates": [ [ [ -13.81599998441169, -26.586000442366469, 0.0 ], [ -14.04899978631107, -25.73800086994413, 0.0 ] ] ] } },
{ "type": "Feature", "properties": { "Name": "Australian:Antarctic", "Description": "<html xmlns:fo=\"http://www.w3.org/1999/XSL/Format\" xmlns:msxsl=\"urn:schemas-microsoft-com:xslt\">\n<head>\n<META http-equiv=\"Content-Type\" content=\"text/html\">\n<meta http-equiv=\"content-type\" content=\"text/html; charset=UTF-8\">\n</head>\n<body style=\"margin:0px 0px 0px 0px;overflow:auto;background:#FFFFFF;\">\n<table style=\"font-family:Arial,Verdana,Times;font-size:12px;text-align:left;width:100%;border-collapse:collapse;padding:3px 3px 3px 3px\">\n<tr style=\"text-align:center;font-weight:bold;background:#9CBCE2\">\n<td>Australian:Antarctic</td>\n</tr>\n<tr>\n<td>\n<table style=\"font-family:Arial,Verdana,Times;font-size:12px;text-align:left;width:100%;border-spacing:0px; padding:3px 3px 3px 3px\">\n<tr>\n<td>NAME</td>\n<td>Australian:Antarctic</td>\n</tr>\n<tr bgcolor=\"#D4E4F3\">\n<td>LABEL</td>\n<td>Divergent Boundary</td>\n</tr>\n</table>\n</td>\n</tr>\n</table>\n</body>\n</html>", "LABEL": "Divergent Boundary" }, "geometry": { "type": "MultiLineString", "coordinates": [ [ [ 72.066001891674034, -26.656000136996681, 0.0 ], [ 71.717002868387738, -26.38599967924176, 0.0 ] ] ] } },
{ "type": "Feature", "properties": { "Name": "Pacific:Nazca", "Description": "<html xmlns:fo=\"http://www.w3.org/1999/XSL/Format\" xmlns:msxsl=\"urn:schemas-microsoft-com:xslt\">\n<head>\n<META http-equiv=\"Content-Type\" content=\"text/html\">\n<meta http-equiv=\"content-type\" content=\"text/html; charset=UTF-8\">\n</head>\n<body style=\"margin:0px 0px 0px 0px;overflow:auto;background:#FFFFFF;\">\n<table style=\"font-family:Arial,Verdana,Times;font-size:12px;text-align:left;width:100%;border-collapse:collapse;padding:3px 3px 3px 3px\">\n<tr style=\"text-align:center;font-weight:bold;background:#9CBCE2\">\n<td>Pacific:Nazca</td>\n</tr>\n<tr>\n<td>\n<table style=\"font-family:Arial,Verdana,Times;font-size:12px;text-align:left;width:100%;border-spacing:0px; padding:3px 3px 3px 3px\">\n<tr>\n<td>NAME</td>\n<td>Pacific:Nazca</td>\n</tr>\n<tr bgcolor=\"#D4E4F3\">\n<td>LABEL</td>\n<td>Divergent Boundary</td>\n</tr>\n</table>\n</td>\n</tr>\n</table>\n</body>\n</html>", "LABEL": "Divergent Boundary" }, "geometry": { "type": "MultiLineString", "coordinates": [ [ [ -113.944000243716204, -26.79000091511011, 0.0 ], [ -114.526000976364003, -26.72500038176219, 0.0 ], [ -115.105003356719493, -26.604000091630891, 0.0 ], [ -115.291000366173904, -26.465999602999261, 0.0 ], [ -115.517997742002095, -26.243000030227169, 0.0 ], [ -115.768997192266596, -25.968000412089278, 0.0 ], [ -116.027999877592293, -25.673999786460911, 0.0 ], [ -116.352996826442293, -25.416000365924109, 0.0 ], [ -116.489997863410593, -25.172000885032791, 0.0 ] ] ] } },
{ "type": "Feature", "properties": { "Name": "Nazca", "Description": "<html xmlns:fo=\"http://www.w3.org/1999/XSL/Format\" xmlns:msxsl=\"urn:schemas-microsoft-com:xslt\">\n<head>\n<META http-equiv=\"Content-Type\" content=\"text/html\">\n<meta http-equiv=\"content-type\" content=\"text/html; charset=UTF-8\">\n</head>\n<body style=\"margin:0px 0px 0px 0px;overflow:auto;background:#FFFFFF;\">\n<table style=\"font-family:Arial,Verdana,Times;font-size:12px;text-align:left;width:100%;border-collapse:collapse;padding:3px 3px 3px 3px\">\n<tr style=\"text-align:center;font-weight:bold;background:#9CBCE2\">\n<td>Nazca</td>\n</tr>\n<tr>\n<td>\n<table style=\"font-family:Arial,Verdana,Times;font-size:12px;text-align:left;width:100%;border-spacing:0px; padding:3px 3px 3px 3px\">\n<tr>\n<td>NAME</td>\n<td>Nazca</td>\n</tr>\n<tr bgcolor=\"#D4E4F3\">\n<td>LABEL</td>\n<td>Divergent Boundary</td>\n</tr>\n</table>\n</td>\n</tr>\n</table>\n</body>\n</html>", "LABEL": "Divergent Boundary" }, "geometry": { "type": "MultiLineString", "coordinates": [ [ [ -112.620002746729398, -25.9340000150886, 0.0 ], [ -112.671997070608299, -26.03800010671949, 0.0 ], [ -112.682998657062299, -26.281999587610809, 0.0 ], [ -112.657997130962798, -26.554000854355881, 0.0 ], [ -112.683998107826397, -26.80100059500143, 0.0 ] ] ] } },
{ "type": "Feature", "properties": { "Name": "Pacific:Nazca", "Description": "<html xmlns:fo=\"http://www.w3.org/1999/XSL/Format\" xmlns:msxsl=\"urn:schemas-microsoft-com:xslt\">\n<head>\n<META http-equiv=\"Content-Type\" content=\"text/html\">\n<meta http-equiv=\"content-type\" content=\"text/html; charset=UTF-8\">\n</head>\n<body style=\"margin:0px 0px 0px 0px;overflow:auto;background:#FFFFFF;\">\n<table style=\"font-family:Arial,Verdana,Times;font-size:12px;text-align:left;width:100%;border-collapse:collapse;padding:3px 3px 3px 3px\">\n<tr style=\"text-align:center;font-weight:bold;background:#9CBCE2\">\n<td>Pacific:Nazca</td>\n</tr>\n<tr>\n<td>\n<table style=\"font-family:Arial,Verdana,Times;font-size:12px;text-align:left;width:100%;border-spacing:0px; padding:3px 3px 3px 3px\">\n<tr>\n<td>NAME</td>\n<td>Pacific:Nazca</td>\n</tr>\n<tr bgcolor=\"#D4E4F3\">\n<td>LABEL</td>\n<td>Divergent Boundary</td>\n</tr>\n</table>\n</td>\n</tr>\n</table>\n</body>\n</html>", "LABEL": "Divergent Boundary" }, "geometry": { "type": "MultiLineString", "coordinates": [ [ [ -112.946998596208203, -26.724000930998098, 0.0 ], [ -112.975997924464593, -26.829999923257791, 0.0 ] ] ] } },
{ "type": "Feature", "properties": { "Name": "African:Antarctic", "Description": "<html xmlns:fo=\"http://www.w3.org/1999/XSL/Format\" xmlns:msxsl=\"urn:schemas-microsoft-com:xslt\">\n<head>\n<META http-equiv=\"Content-Type\" content=\"text/html\">\n<meta http-equiv=\"content-type\" content=\"text/html; charset=UTF-8\">\n</head>\n<body style=\"margin:0px 0px 0px 0px;overflow:auto;background:#FFFFFF;\">\n<table style=\"font-family:Arial,Verdana,Times;font-size:12px;text-align:left;width:100%;border-collapse:collapse;padding:3px 3px 3px 3px\">\n<tr style=\"text-align:center;font-weight:bold;background:#9CBCE2\">\n<td>African:Antarctic</td>\n</tr>\n<tr>\n<td>\n<table style=\"font-family:Arial,Verdana,Times;font-size:12px;text-align:left;width:100%;border-spacing:0px; padding:3px 3px 3px 3px\">\n<tr>\n<td>NAME</td>\n<td>African:Antarctic</td>\n</tr>\n<tr bgcolor=\"#D4E4F3\">\n<td>LABEL</td>\n<td>Divergent Boundary</td>\n</tr>\n</table>\n</td>\n</tr>\n</table>\n</body>\n</html>", "LABEL": "Divergent Boundary" }, "geometry": { "type": "MultiLineString", "coordinates": [ [ [ 67.424003600885555, -26.870000838867551, 0.0 ], [ 67.155998229734564, -26.8670005800127, 0.0 ] ] ] } },
{ "type": "Feature", "properties": { "Name": "African:Antarctic", "Description": "<html xmlns:fo=\"http://www.w3.org/1999/XSL/Format\" xmlns:msxsl=\"urn:schemas-microsoft-com:xslt\">\n<head>\n<META http-equiv=\"Content-Type\" content=\"text/html\">\n<meta http-equiv=\"content-type\" content=\"text/html; charset=UTF-8\">\n</head>\n<body style=\"margin:0px 0px 0px 0px;overflow:auto;background:#FFFFFF;\">\n<table style=\"font-family:Arial,Verdana,Times;font-size:12px;text-align:left;width:100%;border-collapse:collapse;padding:3px 3px 3px 3px\">\n<tr style=\"text-align:center;font-weight:bold;background:#9CBCE2\">\n<td>African:Antarctic</td>\n</tr>\n<tr>\n<td>\n<table style=\"font-family:Arial,Verdana,Times;font-size:12px;text-align:left;width:100%;border-spacing:0px; padding:3px 3px 3px 3px\">\n<tr>\n<td>NAME</td>\n<td>African:Antarctic</td>\n</tr>\n<tr bgcolor=\"#D4E4F3\">\n<td>LABEL</td>\n<td>Divergent Boundary</td>\n</tr>\n</table>\n</td>\n</tr>\n</table>\n</body>\n</html>", "LABEL": "Divergent Boundary" }, "geometry": { "type": "MultiLineString", "coordinates": [ [ [ 67.128997803006257, -27.268999099428871, 0.0 ], [ 66.373001099021565, -27.28100013754624, 0.0 ] ] ] } },
{ "type": "Feature", "properties": { "Name": "African:Antarctic", "Description": "<html xmlns:fo=\"http://www.w3.org/1999/XSL/Format\" xmlns:msxsl=\"urn:schemas-microsoft-com:xslt\">\n<head>\n<META http-equiv=\"Content-Type\" content=\"text/html\">\n<meta http-equiv=\"content-type\" content=\"text/html; charset=UTF-8\">\n</head>\n<body style=\"margin:0px 0px 0px 0px;overflow:auto;background:#FFFFFF;\">\n<table style=\"font-family:Arial,Verdana,Times;font-size:12px;text-align:left;width:100%;border-collapse:collapse;padding:3px 3px 3px 3px\">\n<tr style=\"text-align:center;font-weight:bold;background:#9CBCE2\">\n<td>African:Antarctic</td>\n</tr>\n<tr>\n<td>\n<table style=\"font-family:Arial,Verdana,Times;font-size:12px;text-align:left;width:100%;border-spacing:0px; padding:3px 3px 3px 3px\">\n<tr>\n<td>NAME</td>\n<td>African:Antarctic</td>\n</tr>\n<tr bgcolor=\"#D4E4F3\">\n<td>LABEL</td>\n<td>Divergent Boundary</td>\n</tr>\n</table>\n</td>\n</tr>\n</table>\n</body>\n</html>", "LABEL": "Divergent Boundary" }, "geometry": { "type": "MultiLineString", "coordinates": [ [ [ 66.359001159376078, -27.513999938546309, 0.0 ], [ 65.347999573121854, -27.513999938546309, 0.0 ] ] ] } },
{ "type": "Feature", "properties": { "Name": "Australian:Antarctic", "Description": "<html xmlns:fo=\"http://www.w3.org/1999/XSL/Format\" xmlns:msxsl=\"urn:schemas-microsoft-com:xslt\">\n<head>\n<META http-equiv=\"Content-Type\" content=\"text/html\">\n<meta http-equiv=\"content-type\" content=\"text/html; charset=UTF-8\">\n</head>\n<body style=\"margin:0px 0px 0px 0px;overflow:auto;background:#FFFFFF;\">\n<table style=\"font-family:Arial,Verdana,Times;font-size:12px;text-align:left;width:100%;border-collapse:collapse;padding:3px 3px 3px 3px\">\n<tr style=\"text-align:center;font-weight:bold;background:#9CBCE2\">\n<td>Australian:Antarctic</td>\n</tr>\n<tr>\n<td>\n<table style=\"font-family:Arial,Verdana,Times;font-size:12px;text-align:left;width:100%;border-spacing:0px; padding:3px 3px 3px 3px\">\n<tr>\n<td>NAME</td>\n<td>Australian:Antarctic</td>\n</tr>\n<tr bgcolor=\"#D4E4F3\">\n<td>LABEL</td>\n<td>Divergent Boundary</td>\n</tr>\n</table>\n</td>\n</tr>\n</table>\n</body>\n</html>", "LABEL": "Divergent Boundary" }, "geometry": { "type": "MultiLineString", "coordinates": [ [ [ 72.919998168680593, -27.572999954184471, 0.0 ], [ 72.462997436682429, -27.145999908668781, 0.0 ], [ 72.008003235161254, -26.71800041238907, 0.0 ] ] ] } },
{ "type": "Feature", "properties": { "Name": "Pacific:Nazca", "Description": "<html xmlns:fo=\"http://www.w3.org/1999/XSL/Format\" xmlns:msxsl=\"urn:schemas-microsoft-com:xslt\">\n<head>\n<META http-equiv=\"Content-Type\" content=\"text/html\">\n<meta http-equiv=\"content-type\" content=\"text/html; charset=UTF-8\">\n</head>\n<body style=\"margin:0px 0px 0px 0px;overflow:auto;background:#FFFFFF;\">\n<table style=\"font-family:Arial,Verdana,Times;font-size:12px;text-align:left;width:100%;border-collapse:collapse;padding:3px 3px 3px 3px\">\n<tr style=\"text-align:center;font-weight:bold;background:#9CBCE2\">\n<td>Pacific:Nazca</td>\n</tr>\n<tr>\n<td>\n<table style=\"font-family:Arial,Verdana,Times;font-size:12px;text-align:left;width:100%;border-spacing:0px; padding:3px 3px 3px 3px\">\n<tr>\n<td>NAME</td>\n<td>Pacific:Nazca</td>\n</tr>\n<tr bgcolor=\"#D4E4F3\">\n<td>LABEL</td>\n<td>Divergent Boundary</td>\n</tr>\n</table>\n</td>\n</tr>\n</table>\n</body>\n</html>", "LABEL": "Divergent Boundary" }, "geometry": { "type": "MultiLineString", "coordinates": [ [ [ -113.133003234611607, -27.576999664702729, 0.0 ], [ -113.128997802606506, -27.273000717409161, 0.0 ], [ -113.1119995115682, -27.01399993864618, 0.0 ], [ -112.975997924464593, -26.829999923257791, 0.0 ] ] ] } },
{ "type": "Feature", "properties": { "Name": "Australian:Antarctic", "Description": "<html xmlns:fo=\"http://www.w3.org/1999/XSL/Format\" xmlns:msxsl=\"urn:schemas-microsoft-com:xslt\">\n<head>\n<META http-equiv=\"Content-Type\" content=\"text/html\">\n<meta http-equiv=\"content-type\" content=\"text/html; charset=UTF-8\">\n</head>\n<body style=\"margin:0px 0px 0px 0px;overflow:auto;background:#FFFFFF;\">\n<table style=\"font-family:Arial,Verdana,Times;font-size:12px;text-align:left;width:100%;border-collapse:collapse;padding:3px 3px 3px 3px\">\n<tr style=\"text-align:center;font-weight:bold;background:#9CBCE2\">\n<td>Australian:Antarctic</td>\n</tr>\n<tr>\n<td>\n<table style=\"font-family:Arial,Verdana,Times;font-size:12px;text-align:left;width:100%;border-spacing:0px; padding:3px 3px 3px 3px\">\n<tr>\n<td>NAME</td>\n<td>Australian:Antarctic</td>\n</tr>\n<tr bgcolor=\"#D4E4F3\">\n<td>LABEL</td>\n<td>Divergent Boundary</td>\n</tr>\n</table>\n</td>\n</tr>\n</table>\n</body>\n</html>", "LABEL": "Divergent Boundary" }, "geometry": { "type": "MultiLineString", "coordinates": [ [ [ 73.399002075385511, -27.655000686932109, 0.0 ], [ 73.123001099021565, -27.445999145444151, 0.0 ] ] ] } },
{ "type": "Feature", "properties": { "Name": "African:Antarctic", "Description": "<html xmlns:fo=\"http://www.w3.org/1999/XSL/Format\" xmlns:msxsl=\"urn:schemas-microsoft-com:xslt\">\n<head>\n<META http-equiv=\"Content-Type\" content=\"text/html\">\n<meta http-equiv=\"content-type\" content=\"text/html; charset=UTF-8\">\n</head>\n<body style=\"margin:0px 0px 0px 0px;overflow:auto;background:#FFFFFF;\">\n<table style=\"font-family:Arial,Verdana,Times;font-size:12px;text-align:left;width:100%;border-collapse:collapse;padding:3px 3px 3px 3px\">\n<tr style=\"text-align:center;font-weight:bold;background:#9CBCE2\">\n<td>African:Antarctic</td>\n</tr>\n<tr>\n<td>\n<table style=\"font-family:Arial,Verdana,Times;font-size:12px;text-align:left;width:100%;border-spacing:0px; padding:3px 3px 3px 3px\">\n<tr>\n<td>NAME</td>\n<td>African:Antarctic</td>\n</tr>\n<tr bgcolor=\"#D4E4F3\">\n<td>LABEL</td>\n<td>Divergent Boundary</td>\n</tr>\n</table>\n</td>\n</tr>\n</table>\n</body>\n</html>", "LABEL": "Divergent Boundary" }, "geometry": { "type": "MultiLineString", "coordinates": [ [ [ 65.332000732847575, -27.812000274692881, 0.0 ], [ 64.467002868487668, -27.816999435075839, 0.0 ], [ 63.604000091630951, -27.83099937472133, 0.0 ] ] ] } },
{ "type": "Feature", "properties": { "Name": "African:Antarctic", "Description": "<html xmlns:fo=\"http://www.w3.org/1999/XSL/Format\" xmlns:msxsl=\"urn:schemas-microsoft-com:xslt\">\n<head>\n<META http-equiv=\"Content-Type\" content=\"text/html\">\n<meta http-equiv=\"content-type\" content=\"text/html; charset=UTF-8\">\n</head>\n<body style=\"margin:0px 0px 0px 0px;overflow:auto;background:#FFFFFF;\">\n<table style=\"font-family:Arial,Verdana,Times;font-size:12px;text-align:left;width:100%;border-collapse:collapse;padding:3px 3px 3px 3px\">\n<tr style=\"text-align:center;font-weight:bold;background:#9CBCE2\">\n<td>African:Antarctic</td>\n</tr>\n<tr>\n<td>\n<table style=\"font-family:Arial,Verdana,Times;font-size:12px;text-align:left;width:100%;border-spacing:0px; padding:3px 3px 3px 3px\">\n<tr>\n<td>NAME</td>\n<td>African:Antarctic</td>\n</tr>\n<tr bgcolor=\"#D4E4F3\">\n<td>LABEL</td>\n<td>Divergent Boundary</td>\n</tr>\n</table>\n</td>\n</tr>\n</table>\n</body>\n</html>", "LABEL": "Divergent Boundary" }, "geometry": { "type": "MultiLineString", "coordinates": [ [ [ 63.620998382669264, -28.038999557083859, 0.0 ], [ 63.194000243716353, -28.02099990871875, 0.0 ] ] ] } },
{ "type": "Feature", "properties": { "Name": "African:Antarctic", "Description": "<html xmlns:fo=\"http://www.w3.org/1999/XSL/Format\" xmlns:msxsl=\"urn:schemas-microsoft-com:xslt\">\n<head>\n<META http-equiv=\"Content-Type\" content=\"text/html\">\n<meta http-equiv=\"content-type\" content=\"text/html; charset=UTF-8\">\n</head>\n<body style=\"margin:0px 0px 0px 0px;overflow:auto;background:#FFFFFF;\">\n<table style=\"font-family:Arial,Verdana,Times;font-size:12px;text-align:left;width:100%;border-collapse:collapse;padding:3px 3px 3px 3px\">\n<tr style=\"text-align:center;font-weight:bold;background:#9CBCE2\">\n<td>African:Antarctic</td>\n</tr>\n<tr>\n<td>\n<table style=\"font-family:Arial,Verdana,Times;font-size:12px;text-align:left;width:100%;border-spacing:0px; padding:3px 3px 3px 3px\">\n<tr>\n<td>NAME</td>\n<td>African:Antarctic</td>\n</tr>\n<tr bgcolor=\"#D4E4F3\">\n<td>LABEL</td>\n<td>Divergent Boundary</td>\n</tr>\n</table>\n</td>\n</tr>\n</table>\n</body>\n</html>", "LABEL": "Divergent Boundary" }, "geometry": { "type": "MultiLineString", "coordinates": [ [ [ 63.210998534754651, -28.163999557733352, 0.0 ], [ 62.702999114717443, -28.152999877842039, 0.0 ] ] ] } },
{ "type": "Feature", "properties": { "Name": "Australian:Antarctic", "Description": "<html xmlns:fo=\"http://www.w3.org/1999/XSL/Format\" xmlns:msxsl=\"urn:schemas-microsoft-com:xslt\">\n<head>\n<META http-equiv=\"Content-Type\" content=\"text/html\">\n<meta http-equiv=\"content-type\" content=\"text/html; charset=UTF-8\">\n</head>\n<body style=\"margin:0px 0px 0px 0px;overflow:auto;background:#FFFFFF;\">\n<table style=\"font-family:Arial,Verdana,Times;font-size:12px;text-align:left;width:100%;border-collapse:collapse;padding:3px 3px 3px 3px\">\n<tr style=\"text-align:center;font-weight:bold;background:#9CBCE2\">\n<td>Australian:Antarctic</td>\n</tr>\n<tr>\n<td>\n<table style=\"font-family:Arial,Verdana,Times;font-size:12px;text-align:left;width:100%;border-spacing:0px; padding:3px 3px 3px 3px\">\n<tr>\n<td>NAME</td>\n<td>Australian:Antarctic</td>\n</tr>\n<tr bgcolor=\"#D4E4F3\">\n<td>LABEL</td>\n<td>Divergent Boundary</td>\n</tr>\n</table>\n</td>\n</tr>\n</table>\n</body>\n</html>", "LABEL": "Divergent Boundary" }, "geometry": { "type": "MultiLineString", "coordinates": [ [ [ 74.405998229634633, -28.316999434975909, 0.0 ], [ 73.968002319151765, -27.944000243816159, 0.0 ], [ 73.533996581876806, -27.56999969443029, 0.0 ] ] ] } },
{ "type": "Feature", "properties": { "Name": "African:South American", "Description": "<html xmlns:fo=\"http://www.w3.org/1999/XSL/Format\" xmlns:msxsl=\"urn:schemas-microsoft-com:xslt\">\n<head>\n<META http-equiv=\"Content-Type\" content=\"text/html\">\n<meta http-equiv=\"content-type\" content=\"text/html; charset=UTF-8\">\n</head>\n<body style=\"margin:0px 0px 0px 0px;overflow:auto;background:#FFFFFF;\">\n<table style=\"font-family:Arial,Verdana,Times;font-size:12px;text-align:left;width:100%;border-collapse:collapse;padding:3px 3px 3px 3px\">\n<tr style=\"text-align:center;font-weight:bold;background:#9CBCE2\">\n<td>African:South American</td>\n</tr>\n<tr>\n<td>\n<table style=\"font-family:Arial,Verdana,Times;font-size:12px;text-align:left;width:100%;border-spacing:0px; padding:3px 3px 3px 3px\">\n<tr>\n<td>NAME</td>\n<td>African:South American</td>\n</tr>\n<tr bgcolor=\"#D4E4F3\">\n<td>LABEL</td>\n<td>Divergent Boundary</td>\n</tr>\n</table>\n</td>\n</tr>\n</table>\n</body>\n</html>", "LABEL": "Divergent Boundary" }, "geometry": { "type": "MultiLineString", "coordinates": [ [ [ -13.27200031256433, -28.32099914549411, 0.0 ], [ -13.482000350635641, -27.44300079315207, 0.0 ], [ -13.68999958061613, -26.563999176021131, 0.0 ] ] ] } },
{ "type": "Feature", "properties": { "Name": "Pacific:Nazca", "Description": "<html xmlns:fo=\"http://www.w3.org/1999/XSL/Format\" xmlns:msxsl=\"urn:schemas-microsoft-com:xslt\">\n<head>\n<META http-equiv=\"Content-Type\" content=\"text/html\">\n<meta http-equiv=\"content-type\" content=\"text/html; charset=UTF-8\">\n</head>\n<body style=\"margin:0px 0px 0px 0px;overflow:auto;background:#FFFFFF;\">\n<table style=\"font-family:Arial,Verdana,Times;font-size:12px;text-align:left;width:100%;border-collapse:collapse;padding:3px 3px 3px 3px\">\n<tr style=\"text-align:center;font-weight:bold;background:#9CBCE2\">\n<td>Pacific:Nazca</td>\n</tr>\n<tr>\n<td>\n<table style=\"font-family:Arial,Verdana,Times;font-size:12px;text-align:left;width:100%;border-spacing:0px; padding:3px 3px 3px 3px\">\n<tr>\n<td>NAME</td>\n<td>Pacific:Nazca</td>\n</tr>\n<tr bgcolor=\"#D4E4F3\">\n<td>LABEL</td>\n<td>Divergent Boundary</td>\n</tr>\n</table>\n</td>\n</tr>\n</table>\n</body>\n</html>", "LABEL": "Divergent Boundary" }, "geometry": { "type": "MultiLineString", "coordinates": [ [ [ -112.933998108226106, -28.378999710368308, 0.0 ], [ -112.955001831269399, -28.128999709968578, 0.0 ], [ -112.971000671543706, -27.850000381312501, 0.0 ], [ -113.000999450564194, -27.60700035118521, 0.0 ] ] ] } },
{ "type": "Feature", "properties": { "Name": "African:Antarctic", "Description": "<html xmlns:fo=\"http://www.w3.org/1999/XSL/Format\" xmlns:msxsl=\"urn:schemas-microsoft-com:xslt\">\n<head>\n<META http-equiv=\"Content-Type\" content=\"text/html\">\n<meta http-equiv=\"content-type\" content=\"text/html; charset=UTF-8\">\n</head>\n<body style=\"margin:0px 0px 0px 0px;overflow:auto;background:#FFFFFF;\">\n<table style=\"font-family:Arial,Verdana,Times;font-size:12px;text-align:left;width:100%;border-collapse:collapse;padding:3px 3px 3px 3px\">\n<tr style=\"text-align:center;font-weight:bold;background:#9CBCE2\">\n<td>African:Antarctic</td>\n</tr>\n<tr>\n<td>\n<table style=\"font-family:Arial,Verdana,Times;font-size:12px;text-align:left;width:100%;border-spacing:0px; padding:3px 3px 3px 3px\">\n<tr>\n<td>NAME</td>\n<td>African:Antarctic</td>\n</tr>\n<tr bgcolor=\"#D4E4F3\">\n<td>LABEL</td>\n<td>Divergent Boundary</td>\n</tr>\n</table>\n</td>\n</tr>\n</table>\n</body>\n</html>", "LABEL": "Divergent Boundary" }, "geometry": { "type": "MultiLineString", "coordinates": [ [ [ 62.745998382619291, -28.458000183361719, 0.0 ], [ 62.134998321715223, -28.489999771372311, 0.0 ] ] ] } },
{ "type": "Feature", "properties": { "Name": "African:Antarctic", "Description": "<html xmlns:fo=\"http://www.w3.org/1999/XSL/Format\" xmlns:msxsl=\"urn:schemas-microsoft-com:xslt\">\n<head>\n<META http-equiv=\"Content-Type\" content=\"text/html\">\n<meta http-equiv=\"content-type\" content=\"text/html; charset=UTF-8\">\n</head>\n<body style=\"margin:0px 0px 0px 0px;overflow:auto;background:#FFFFFF;\">\n<table style=\"font-family:Arial,Verdana,Times;font-size:12px;text-align:left;width:100%;border-collapse:collapse;padding:3px 3px 3px 3px\">\n<tr style=\"text-align:center;font-weight:bold;background:#9CBCE2\">\n<td>African:Antarctic</td>\n</tr>\n<tr>\n<td>\n<table style=\"font-family:Arial,Verdana,Times;font-size:12px;text-align:left;width:100%;border-spacing:0px; padding:3px 3px 3px 3px\">\n<tr>\n<td>NAME</td>\n<td>African:Antarctic</td>\n</tr>\n<tr bgcolor=\"#D4E4F3\">\n<td>LABEL</td>\n<td>Divergent Boundary</td>\n</tr>\n</table>\n</td>\n</tr>\n</table>\n</body>\n</html>", "LABEL": "Divergent Boundary" }, "geometry": { "type": "MultiLineString", "coordinates": [ [ [ 62.161998748443523, -28.811000823728989, 0.0 ], [ 61.51800155622692, -28.77700042762757, 0.0 ] ] ] } },
{ "type": "Feature", "properties": { "Name": "African:Antarctic", "Description": "<html xmlns:fo=\"http://www.w3.org/1999/XSL/Format\" xmlns:msxsl=\"urn:schemas-microsoft-com:xslt\">\n<head>\n<META http-equiv=\"Content-Type\" content=\"text/html\">\n<meta http-equiv=\"content-type\" content=\"text/html; charset=UTF-8\">\n</head>\n<body style=\"margin:0px 0px 0px 0px;overflow:auto;background:#FFFFFF;\">\n<table style=\"font-family:Arial,Verdana,Times;font-size:12px;text-align:left;width:100%;border-collapse:collapse;padding:3px 3px 3px 3px\">\n<tr style=\"text-align:center;font-weight:bold;background:#9CBCE2\">\n<td>African:Antarctic</td>\n</tr>\n<tr>\n<td>\n<table style=\"font-family:Arial,Verdana,Times;font-size:12px;text-align:left;width:100%;border-spacing:0px; padding:3px 3px 3px 3px\">\n<tr>\n<td>NAME</td>\n<td>African:Antarctic</td>\n</tr>\n<tr bgcolor=\"#D4E4F3\">\n<td>LABEL</td>\n<td>Divergent Boundary</td>\n</tr>\n</table>\n</td>\n</tr>\n</table>\n</body>\n</html>", "LABEL": "Divergent Boundary" }, "geometry": { "type": "MultiLineString", "coordinates": [ [ [ 61.532001494973088, -28.920000076642172, 0.0 ], [ 60.810001373064949, -28.930999755634161, 0.0 ] ] ] } },
{ "type": "Feature", "properties": { "Name": "African:South American", "Description": "<html xmlns:fo=\"http://www.w3.org/1999/XSL/Format\" xmlns:msxsl=\"urn:schemas-microsoft-com:xslt\">\n<head>\n<META http-equiv=\"Content-Type\" content=\"text/html\">\n<meta http-equiv=\"content-type\" content=\"text/html; charset=UTF-8\">\n</head>\n<body style=\"margin:0px 0px 0px 0px;overflow:auto;background:#FFFFFF;\">\n<table style=\"font-family:Arial,Verdana,Times;font-size:12px;text-align:left;width:100%;border-collapse:collapse;padding:3px 3px 3px 3px\">\n<tr style=\"text-align:center;font-weight:bold;background:#9CBCE2\">\n<td>African:South American</td>\n</tr>\n<tr>\n<td>\n<table style=\"font-family:Arial,Verdana,Times;font-size:12px;text-align:left;width:100%;border-spacing:0px; padding:3px 3px 3px 3px\">\n<tr>\n<td>NAME</td>\n<td>African:South American</td>\n</tr>\n<tr bgcolor=\"#D4E4F3\">\n<td>LABEL</td>\n<td>Divergent Boundary</td>\n</tr>\n</table>\n</td>\n</tr>\n</table>\n</body>\n</html>", "LABEL": "Divergent Boundary" }, "geometry": { "type": "MultiLineString", "coordinates": [ [ [ -12.532999992155849, -28.940999984761451, 0.0 ], [ -12.746000289981341, -28.212999344244281, 0.0 ] ] ] } },
{ "type": "Feature", "properties": { "Name": "Pacific:Nazca", "Description": "<html xmlns:fo=\"http://www.w3.org/1999/XSL/Format\" xmlns:msxsl=\"urn:schemas-microsoft-com:xslt\">\n<head>\n<META http-equiv=\"Content-Type\" content=\"text/html\">\n<meta http-equiv=\"content-type\" content=\"text/html; charset=UTF-8\">\n</head>\n<body style=\"margin:0px 0px 0px 0px;overflow:auto;background:#FFFFFF;\">\n<table style=\"font-family:Arial,Verdana,Times;font-size:12px;text-align:left;width:100%;border-collapse:collapse;padding:3px 3px 3px 3px\">\n<tr style=\"text-align:center;font-weight:bold;background:#9CBCE2\">\n<td>Pacific:Nazca</td>\n</tr>\n<tr>\n<td>\n<table style=\"font-family:Arial,Verdana,Times;font-size:12px;text-align:left;width:100%;border-spacing:0px; padding:3px 3px 3px 3px\">\n<tr>\n<td>NAME</td>\n<td>Pacific:Nazca</td>\n</tr>\n<tr bgcolor=\"#D4E4F3\">\n<td>LABEL</td>\n<td>Divergent Boundary</td>\n</tr>\n</table>\n</td>\n</tr>\n</table>\n</body>\n</html>", "LABEL": "Divergent Boundary" }, "geometry": { "type": "MultiLineString", "coordinates": [ [ [ -112.956001282033498, -29.009000777863552, 0.0 ], [ -113.019996643130497, -28.78700065585554, 0.0 ], [ -113.021003722843503, -28.54899978611121, 0.0 ], [ -113.010002136389502, -28.38299941998719, 0.0 ] ] ] } },
{ "type": "Feature", "properties": { "Name": "Australian:Antarctic", "Description": "<html xmlns:fo=\"http://www.w3.org/1999/XSL/Format\" xmlns:msxsl=\"urn:schemas-microsoft-com:xslt\">\n<head>\n<META http-equiv=\"Content-Type\" content=\"text/html\">\n<meta http-equiv=\"content-type\" content=\"text/html; charset=UTF-8\">\n</head>\n<body style=\"margin:0px 0px 0px 0px;overflow:auto;background:#FFFFFF;\">\n<table style=\"font-family:Arial,Verdana,Times;font-size:12px;text-align:left;width:100%;border-collapse:collapse;padding:3px 3px 3px 3px\">\n<tr style=\"text-align:center;font-weight:bold;background:#9CBCE2\">\n<td>Australian:Antarctic</td>\n</tr>\n<tr>\n<td>\n<table style=\"font-family:Arial,Verdana,Times;font-size:12px;text-align:left;width:100%;border-spacing:0px; padding:3px 3px 3px 3px\">\n<tr>\n<td>NAME</td>\n<td>Australian:Antarctic</td>\n</tr>\n<tr bgcolor=\"#D4E4F3\">\n<td>LABEL</td>\n<td>Divergent Boundary</td>\n</tr>\n</table>\n</td>\n</tr>\n</table>\n</body>\n</html>", "LABEL": "Divergent Boundary" }, "geometry": { "type": "MultiLineString", "coordinates": [ [ [ 74.994003295815503, -29.26399993864618, 0.0 ], [ 74.5920028689373, -28.902999878141831, 0.0 ], [ 74.192001342687888, -28.541000365974071, 0.0 ] ] ] } },
{ "type": "Feature", "properties": { "Name": "Australian:Antarctic", "Description": "<html xmlns:fo=\"http://www.w3.org/1999/XSL/Format\" xmlns:msxsl=\"urn:schemas-microsoft-com:xslt\">\n<head>\n<META http-equiv=\"Content-Type\" content=\"text/html\">\n<meta http-equiv=\"content-type\" content=\"text/html; charset=UTF-8\">\n</head>\n<body style=\"margin:0px 0px 0px 0px;overflow:auto;background:#FFFFFF;\">\n<table style=\"font-family:Arial,Verdana,Times;font-size:12px;text-align:left;width:100%;border-collapse:collapse;padding:3px 3px 3px 3px\">\n<tr style=\"text-align:center;font-weight:bold;background:#9CBCE2\">\n<td>Australian:Antarctic</td>\n</tr>\n<tr>\n<td>\n<table style=\"font-family:Arial,Verdana,Times;font-size:12px;text-align:left;width:100%;border-spacing:0px; padding:3px 3px 3px 3px\">\n<tr>\n<td>NAME</td>\n<td>Australian:Antarctic</td>\n</tr>\n<tr bgcolor=\"#D4E4F3\">\n<td>LABEL</td>\n<td>Divergent Boundary</td>\n</tr>\n</table>\n</td>\n</tr>\n</table>\n</body>\n</html>", "LABEL": "Divergent Boundary" }, "geometry": { "type": "MultiLineString", "coordinates": [ [ [ 75.554000854655783, -29.839000701920838, 0.0 ], [ 74.938003539931458, -29.32799911466736, 0.0 ] ] ] } },
{ "type": "Feature", "properties": { "Name": "African:South American", "Description": "<html xmlns:fo=\"http://www.w3.org/1999/XSL/Format\" xmlns:msxsl=\"urn:schemas-microsoft-com:xslt\">\n<head>\n<META http-equiv=\"Content-Type\" content=\"text/html\">\n<meta http-equiv=\"content-type\" content=\"text/html; charset=UTF-8\">\n</head>\n<body style=\"margin:0px 0px 0px 0px;overflow:auto;background:#FFFFFF;\">\n<table style=\"font-family:Arial,Verdana,Times;font-size:12px;text-align:left;width:100%;border-collapse:collapse;padding:3px 3px 3px 3px\">\n<tr style=\"text-align:center;font-weight:bold;background:#9CBCE2\">\n<td>African:South American</td>\n</tr>\n<tr>\n<td>\n<table style=\"font-family:Arial,Verdana,Times;font-size:12px;text-align:left;width:100%;border-spacing:0px; padding:3px 3px 3px 3px\">\n<tr>\n<td>NAME</td>\n<td>African:South American</td>\n</tr>\n<tr bgcolor=\"#D4E4F3\">\n<td>LABEL</td>\n<td>Divergent Boundary</td>\n</tr>\n</table>\n</td>\n</tr>\n</table>\n</body>\n</html>", "LABEL": "Divergent Boundary" }, "geometry": { "type": "MultiLineString", "coordinates": [ [ [ -13.819999694929949, -29.850999832576179, 0.0 ], [ -13.989999770672849, -29.2509994506641, 0.0 ] ] ] } },
{ "type": "Feature", "properties": { "Name": "African:Antarctic", "Description": "<html xmlns:fo=\"http://www.w3.org/1999/XSL/Format\" xmlns:msxsl=\"urn:schemas-microsoft-com:xslt\">\n<head>\n<META http-equiv=\"Content-Type\" content=\"text/html\">\n<meta http-equiv=\"content-type\" content=\"text/html; charset=UTF-8\">\n</head>\n<body style=\"margin:0px 0px 0px 0px;overflow:auto;background:#FFFFFF;\">\n<table style=\"font-family:Arial,Verdana,Times;font-size:12px;text-align:left;width:100%;border-collapse:collapse;padding:3px 3px 3px 3px\">\n<tr style=\"text-align:center;font-weight:bold;background:#9CBCE2\">\n<td>African:Antarctic</td>\n</tr>\n<tr>\n<td>\n<table style=\"font-family:Arial,Verdana,Times;font-size:12px;text-align:left;width:100%;border-spacing:0px; padding:3px 3px 3px 3px\">\n<tr>\n<td>NAME</td>\n<td>African:Antarctic</td>\n</tr>\n<tr bgcolor=\"#D4E4F3\">\n<td>LABEL</td>\n<td>Divergent Boundary</td>\n</tr>\n</table>\n</td>\n</tr>\n</table>\n</body>\n</html>", "LABEL": "Divergent Boundary" }, "geometry": { "type": "MultiLineString", "coordinates": [ [ [ 60.7620010373181, -29.999000549435781, 0.0 ], [ 60.747001647807849, -30.013999938945972, 0.0 ] ] ] } },
{ "type": "Feature", "properties": { "Name": "Australian:Antarctic", "Description": "<html xmlns:fo=\"http://www.w3.org/1999/XSL/Format\" xmlns:msxsl=\"urn:schemas-microsoft-com:xslt\">\n<head>\n<META http-equiv=\"Content-Type\" content=\"text/html\">\n<meta http-equiv=\"content-type\" content=\"text/html; charset=UTF-8\">\n</head>\n<body style=\"margin:0px 0px 0px 0px;overflow:auto;background:#FFFFFF;\">\n<table style=\"font-family:Arial,Verdana,Times;font-size:12px;text-align:left;width:100%;border-collapse:collapse;padding:3px 3px 3px 3px\">\n<tr style=\"text-align:center;font-weight:bold;background:#9CBCE2\">\n<td>Australian:Antarctic</td>\n</tr>\n<tr>\n<td>\n<table style=\"font-family:Arial,Verdana,Times;font-size:12px;text-align:left;width:100%;border-spacing:0px; padding:3px 3px 3px 3px\">\n<tr>\n<td>NAME</td>\n<td>Australian:Antarctic</td>\n</tr>\n<tr bgcolor=\"#D4E4F3\">\n<td>LABEL</td>\n<td>Divergent Boundary</td>\n</tr>\n</table>\n</td>\n</tr>\n</table>\n</body>\n</html>", "LABEL": "Divergent Boundary" }, "geometry": { "type": "MultiLineString", "coordinates": [ [ [ 75.514999389810043, -30.118000030576919, 0.0 ], [ 75.363998413196271, -30.006000518808829, 0.0 ] ] ] } },
{ "type": "Feature", "properties": { "Name": "African:Antarctic", "Description": "<html xmlns:fo=\"http://www.w3.org/1999/XSL/Format\" xmlns:msxsl=\"urn:schemas-microsoft-com:xslt\">\n<head>\n<META http-equiv=\"Content-Type\" content=\"text/html\">\n<meta http-equiv=\"content-type\" content=\"text/html; charset=UTF-8\">\n</head>\n<body style=\"margin:0px 0px 0px 0px;overflow:auto;background:#FFFFFF;\">\n<table style=\"font-family:Arial,Verdana,Times;font-size:12px;text-align:left;width:100%;border-collapse:collapse;padding:3px 3px 3px 3px\">\n<tr style=\"text-align:center;font-weight:bold;background:#9CBCE2\">\n<td>African:Antarctic</td>\n</tr>\n<tr>\n<td>\n<table style=\"font-family:Arial,Verdana,Times;font-size:12px;text-align:left;width:100%;border-spacing:0px; padding:3px 3px 3px 3px\">\n<tr>\n<td>NAME</td>\n<td>African:Antarctic</td>\n</tr>\n<tr bgcolor=\"#D4E4F3\">\n<td>LABEL</td>\n<td>Divergent Boundary</td>\n</tr>\n</table>\n</td>\n</tr>\n</table>\n</body>\n</html>", "LABEL": "Divergent Boundary" }, "geometry": { "type": "MultiLineString", "coordinates": [ [ [ 60.763000488082128, -30.531000137346439, 0.0 ], [ 60.005001068544523, -30.56100082382892, 0.0 ], [ 59.18799972500733, -30.566999434975909, 0.0 ] ] ] } },
{ "type": "Feature", "properties": { "Name": "Australian:Antarctic", "Description": "<html xmlns:fo=\"http://www.w3.org/1999/XSL/Format\" xmlns:msxsl=\"urn:schemas-microsoft-com:xslt\">\n<head>\n<META http-equiv=\"Content-Type\" content=\"text/html\">\n<meta http-equiv=\"content-type\" content=\"text/html; charset=UTF-8\">\n</head>\n<body style=\"margin:0px 0px 0px 0px;overflow:auto;background:#FFFFFF;\">\n<table style=\"font-family:Arial,Verdana,Times;font-size:12px;text-align:left;width:100%;border-collapse:collapse;padding:3px 3px 3px 3px\">\n<tr style=\"text-align:center;font-weight:bold;background:#9CBCE2\">\n<td>Australian:Antarctic</td>\n</tr>\n<tr>\n<td>\n<table style=\"font-family:Arial,Verdana,Times;font-size:12px;text-align:left;width:100%;border-spacing:0px; padding:3px 3px 3px 3px\">\n<tr>\n<td>NAME</td>\n<td>Australian:Antarctic</td>\n</tr>\n<tr bgcolor=\"#D4E4F3\">\n<td>LABEL</td>\n<td>Divergent Boundary</td>\n</tr>\n</table>\n</td>\n</tr>\n</table>\n</body>\n</html>", "LABEL": "Divergent Boundary" }, "geometry": { "type": "MultiLineString", "coordinates": [ [ [ 76.204002380405598, -30.906000137496282, 0.0 ], [ 75.796997070758266, -30.57299995448426, 0.0 ], [ 75.392997741452689, -30.239999771472242, 0.0 ] ] ] } },
{ "type": "Feature", "properties": { "Name": "African:Antarctic", "Description": "<html xmlns:fo=\"http://www.w3.org/1999/XSL/Format\" xmlns:msxsl=\"urn:schemas-microsoft-com:xslt\">\n<head>\n<META http-equiv=\"Content-Type\" content=\"text/html\">\n<meta http-equiv=\"content-type\" content=\"text/html; charset=UTF-8\">\n</head>\n<body style=\"margin:0px 0px 0px 0px;overflow:auto;background:#FFFFFF;\">\n<table style=\"font-family:Arial,Verdana,Times;font-size:12px;text-align:left;width:100%;border-collapse:collapse;padding:3px 3px 3px 3px\">\n<tr style=\"text-align:center;font-weight:bold;background:#9CBCE2\">\n<td>African:Antarctic</td>\n</tr>\n<tr>\n<td>\n<table style=\"font-family:Arial,Verdana,Times;font-size:12px;text-align:left;width:100%;border-spacing:0px; padding:3px 3px 3px 3px\">\n<tr>\n<td>NAME</td>\n<td>African:Antarctic</td>\n</tr>\n<tr bgcolor=\"#D4E4F3\">\n<td>LABEL</td>\n<td>Divergent Boundary</td>\n</tr>\n</table>\n</td>\n</tr>\n</table>\n</body>\n</html>", "LABEL": "Divergent Boundary" }, "geometry": { "type": "MultiLineString", "coordinates": [ [ [ 59.166999816888108, -31.04999923727496, 0.0 ], [ 58.529998779120433, -31.055000305119961, 0.0 ] ] ] } },
{ "type": "Feature", "properties": { "Name": "African:South American", "Description": "<html xmlns:fo=\"http://www.w3.org/1999/XSL/Format\" xmlns:msxsl=\"urn:schemas-microsoft-com:xslt\">\n<head>\n<META http-equiv=\"Content-Type\" content=\"text/html\">\n<meta http-equiv=\"content-type\" content=\"text/html; charset=UTF-8\">\n</head>\n<body style=\"margin:0px 0px 0px 0px;overflow:auto;background:#FFFFFF;\">\n<table style=\"font-family:Arial,Verdana,Times;font-size:12px;text-align:left;width:100%;border-collapse:collapse;padding:3px 3px 3px 3px\">\n<tr style=\"text-align:center;font-weight:bold;background:#9CBCE2\">\n<td>African:South American</td>\n</tr>\n<tr>\n<td>\n<table style=\"font-family:Arial,Verdana,Times;font-size:12px;text-align:left;width:100%;border-spacing:0px; padding:3px 3px 3px 3px\">\n<tr>\n<td>NAME</td>\n<td>African:South American</td>\n</tr>\n<tr bgcolor=\"#D4E4F3\">\n<td>LABEL</td>\n<td>Divergent Boundary</td>\n</tr>\n</table>\n</td>\n</tr>\n</table>\n</body>\n</html>", "LABEL": "Divergent Boundary" }, "geometry": { "type": "MultiLineString", "coordinates": [ [ [ -13.366999625832021, -31.156999587760708, 0.0 ], [ -13.543000221083281, -30.490999221736669, 0.0 ], [ -13.715999603299, -29.827999114567429, 0.0 ] ] ] } },
{ "type": "Feature", "properties": { "Name": "Pacific:Nazca", "Description": "<html xmlns:fo=\"http://www.w3.org/1999/XSL/Format\" xmlns:msxsl=\"urn:schemas-microsoft-com:xslt\">\n<head>\n<META http-equiv=\"Content-Type\" content=\"text/html\">\n<meta http-equiv=\"content-type\" content=\"text/html; charset=UTF-8\">\n</head>\n<body style=\"margin:0px 0px 0px 0px;overflow:auto;background:#FFFFFF;\">\n<table style=\"font-family:Arial,Verdana,Times;font-size:12px;text-align:left;width:100%;border-collapse:collapse;padding:3px 3px 3px 3px\">\n<tr style=\"text-align:center;font-weight:bold;background:#9CBCE2\">\n<td>Pacific:Nazca</td>\n</tr>\n<tr>\n<td>\n<table style=\"font-family:Arial,Verdana,Times;font-size:12px;text-align:left;width:100%;border-spacing:0px; padding:3px 3px 3px 3px\">\n<tr>\n<td>NAME</td>\n<td>Pacific:Nazca</td>\n</tr>\n<tr bgcolor=\"#D4E4F3\">\n<td>LABEL</td>\n<td>Divergent Boundary</td>\n</tr>\n</table>\n</td>\n</tr>\n</table>\n</body>\n</html>", "LABEL": "Divergent Boundary" }, "geometry": { "type": "MultiLineString", "coordinates": [ [ [ -111.977996826192594, -31.385999679141829, 0.0 ], [ -111.950996398564897, -31.045000075992679, 0.0 ], [ -111.8850021359398, -30.666000366223901, 0.0 ], [ -111.850997924914296, -30.62400054908602, 0.0 ], [ -111.796997070558405, -30.424999236725341, 0.0 ], [ -111.775001525699807, -30.187000274443051, 0.0 ], [ -111.773002624171696, -30.024999618837288, 0.0 ], [ -111.749000549735598, -29.579000473293149, 0.0 ], [ -111.805999755484294, -29.26600074763633, 0.0 ] ] ] } },
{ "type": "Feature", "properties": { "Name": "Australian:Antarctic", "Description": "<html xmlns:fo=\"http://www.w3.org/1999/XSL/Format\" xmlns:msxsl=\"urn:schemas-microsoft-com:xslt\">\n<head>\n<META http-equiv=\"Content-Type\" content=\"text/html\">\n<meta http-equiv=\"content-type\" content=\"text/html; charset=UTF-8\">\n</head>\n<body style=\"margin:0px 0px 0px 0px;overflow:auto;background:#FFFFFF;\">\n<table style=\"font-family:Arial,Verdana,Times;font-size:12px;text-align:left;width:100%;border-collapse:collapse;padding:3px 3px 3px 3px\">\n<tr style=\"text-align:center;font-weight:bold;background:#9CBCE2\">\n<td>Australian:Antarctic</td>\n</tr>\n<tr>\n<td>\n<table style=\"font-family:Arial,Verdana,Times;font-size:12px;text-align:left;width:100%;border-spacing:0px; padding:3px 3px 3px 3px\">\n<tr>\n<td>NAME</td>\n<td>Australian:Antarctic</td>\n</tr>\n<tr bgcolor=\"#D4E4F3\">\n<td>LABEL</td>\n<td>Divergent Boundary</td>\n</tr>\n</table>\n</td>\n</tr>\n</table>\n</body>\n</html>", "LABEL": "Divergent Boundary" }, "geometry": { "type": "MultiLineString", "coordinates": [ [ [ 76.689002990795473, -31.46500015303457, 0.0 ], [ 76.148002624521553, -30.969999313517459, 0.0 ] ] ] } },
{ "type": "Feature", "properties": { "Name": "Pacific:Nazca", "Description": "<html xmlns:fo=\"http://www.w3.org/1999/XSL/Format\" xmlns:msxsl=\"urn:schemas-microsoft-com:xslt\">\n<head>\n<META http-equiv=\"Content-Type\" content=\"text/html\">\n<meta http-equiv=\"content-type\" content=\"text/html; charset=UTF-8\">\n</head>\n<body style=\"margin:0px 0px 0px 0px;overflow:auto;background:#FFFFFF;\">\n<table style=\"font-family:Arial,Verdana,Times;font-size:12px;text-align:left;width:100%;border-collapse:collapse;padding:3px 3px 3px 3px\">\n<tr style=\"text-align:center;font-weight:bold;background:#9CBCE2\">\n<td>Pacific:Nazca</td>\n</tr>\n<tr>\n<td>\n<table style=\"font-family:Arial,Verdana,Times;font-size:12px;text-align:left;width:100%;border-spacing:0px; padding:3px 3px 3px 3px\">\n<tr>\n<td>NAME</td>\n<td>Pacific:Nazca</td>\n</tr>\n<tr bgcolor=\"#D4E4F3\">\n<td>LABEL</td>\n<td>Divergent Boundary</td>\n</tr>\n</table>\n</td>\n</tr>\n</table>\n</body>\n</html>", "LABEL": "Divergent Boundary" }, "geometry": { "type": "MultiLineString", "coordinates": [ [ [ -112.023002624571404, -31.535999298428859, 0.0 ], [ -111.963996887446299, -31.38999938966003, 0.0 ] ] ] } },
{ "type": "Feature", "properties": { "Name": "African:Antarctic", "Description": "<html xmlns:fo=\"http://www.w3.org/1999/XSL/Format\" xmlns:msxsl=\"urn:schemas-microsoft-com:xslt\">\n<head>\n<META http-equiv=\"Content-Type\" content=\"text/html\">\n<meta http-equiv=\"content-type\" content=\"text/html; charset=UTF-8\">\n</head>\n<body style=\"margin:0px 0px 0px 0px;overflow:auto;background:#FFFFFF;\">\n<table style=\"font-family:Arial,Verdana,Times;font-size:12px;text-align:left;width:100%;border-collapse:collapse;padding:3px 3px 3px 3px\">\n<tr style=\"text-align:center;font-weight:bold;background:#9CBCE2\">\n<td>African:Antarctic</td>\n</tr>\n<tr>\n<td>\n<table style=\"font-family:Arial,Verdana,Times;font-size:12px;text-align:left;width:100%;border-spacing:0px; padding:3px 3px 3px 3px\">\n<tr>\n<td>NAME</td>\n<td>African:Antarctic</td>\n</tr>\n<tr bgcolor=\"#D4E4F3\">\n<td>LABEL</td>\n<td>Divergent Boundary</td>\n</tr>\n</table>\n</td>\n</tr>\n</table>\n</body>\n</html>", "LABEL": "Divergent Boundary" }, "geometry": { "type": "MultiLineString", "coordinates": [ [ [ 58.456001281434062, -31.69099998466152, 0.0 ], [ 57.799999237075212, -31.722000121908081, 0.0 ], [ 57.152999877642287, -31.770999908419011, 0.0 ] ] ] } },
{ "type": "Feature", "properties": { "Name": "African:South American", "Description": "<html xmlns:fo=\"http://www.w3.org/1999/XSL/Format\" xmlns:msxsl=\"urn:schemas-microsoft-com:xslt\">\n<head>\n<META http-equiv=\"Content-Type\" content=\"text/html\">\n<meta http-equiv=\"content-type\" content=\"text/html; charset=UTF-8\">\n</head>\n<body style=\"margin:0px 0px 0px 0px;overflow:auto;background:#FFFFFF;\">\n<table style=\"font-family:Arial,Verdana,Times;font-size:12px;text-align:left;width:100%;border-collapse:collapse;padding:3px 3px 3px 3px\">\n<tr style=\"text-align:center;font-weight:bold;background:#9CBCE2\">\n<td>African:South American</td>\n</tr>\n<tr>\n<td>\n<table style=\"font-family:Arial,Verdana,Times;font-size:12px;text-align:left;width:100%;border-spacing:0px; padding:3px 3px 3px 3px\">\n<tr>\n<td>NAME</td>\n<td>African:South American</td>\n</tr>\n<tr bgcolor=\"#D4E4F3\">\n<td>LABEL</td>\n<td>Divergent Boundary</td>\n</tr>\n</table>\n</td>\n</tr>\n</table>\n</body>\n</html>", "LABEL": "Divergent Boundary" }, "geometry": { "type": "MultiLineString", "coordinates": [ [ [ -13.24499988583602, -32.143001556276772, 0.0 ], [ -13.37100028963164, -31.660999298179039, 0.0 ], [ -13.498999595854629, -31.179000854106111, 0.0 ] ] ] } },
{ "type": "Feature", "properties": { "Name": "Pacific:Nazca", "Description": "<html xmlns:fo=\"http://www.w3.org/1999/XSL/Format\" xmlns:msxsl=\"urn:schemas-microsoft-com:xslt\">\n<head>\n<META http-equiv=\"Content-Type\" content=\"text/html\">\n<meta http-equiv=\"content-type\" content=\"text/html; charset=UTF-8\">\n</head>\n<body style=\"margin:0px 0px 0px 0px;overflow:auto;background:#FFFFFF;\">\n<table style=\"font-family:Arial,Verdana,Times;font-size:12px;text-align:left;width:100%;border-collapse:collapse;padding:3px 3px 3px 3px\">\n<tr style=\"text-align:center;font-weight:bold;background:#9CBCE2\">\n<td>Pacific:Nazca</td>\n</tr>\n<tr>\n<td>\n<table style=\"font-family:Arial,Verdana,Times;font-size:12px;text-align:left;width:100%;border-spacing:0px; padding:3px 3px 3px 3px\">\n<tr>\n<td>NAME</td>\n<td>Pacific:Nazca</td>\n</tr>\n<tr bgcolor=\"#D4E4F3\">\n<td>LABEL</td>\n<td>Divergent Boundary</td>\n</tr>\n</table>\n</td>\n</tr>\n</table>\n</body>\n</html>", "LABEL": "Divergent Boundary" }, "geometry": { "type": "MultiLineString", "coordinates": [ [ [ -112.151000976613801, -32.34299850447735, 0.0 ], [ -112.065002441709296, -32.113998413096233, 0.0 ], [ -112.063003540181199, -31.947999954434302, 0.0 ], [ -112.041000366373794, -31.774000168173188, 0.0 ], [ -112.023002624571404, -31.535999298428859, 0.0 ] ] ] } },
{ "type": "Feature", "properties": { "Name": "Australian:Antarctic", "Description": "<html xmlns:fo=\"http://www.w3.org/1999/XSL/Format\" xmlns:msxsl=\"urn:schemas-microsoft-com:xslt\">\n<head>\n<META http-equiv=\"Content-Type\" content=\"text/html\">\n<meta http-equiv=\"content-type\" content=\"text/html; charset=UTF-8\">\n</head>\n<body style=\"margin:0px 0px 0px 0px;overflow:auto;background:#FFFFFF;\">\n<table style=\"font-family:Arial,Verdana,Times;font-size:12px;text-align:left;width:100%;border-collapse:collapse;padding:3px 3px 3px 3px\">\n<tr style=\"text-align:center;font-weight:bold;background:#9CBCE2\">\n<td>Australian:Antarctic</td>\n</tr>\n<tr>\n<td>\n<table style=\"font-family:Arial,Verdana,Times;font-size:12px;text-align:left;width:100%;border-spacing:0px; padding:3px 3px 3px 3px\">\n<tr>\n<td>NAME</td>\n<td>Australian:Antarctic</td>\n</tr>\n<tr bgcolor=\"#D4E4F3\">\n<td>LABEL</td>\n<td>Divergent Boundary</td>\n</tr>\n</table>\n</td>\n</tr>\n</table>\n</body>\n</html>", "LABEL": "Divergent Boundary" }, "geometry": { "type": "MultiLineString", "coordinates": [ [ [ 78.085998535604006, -33.194000244115962, 0.0 ], [ 77.657997130962883, -32.827999114867232, 0.0 ], [ 77.233001709361474, -32.458999634225677, 0.0 ], [ 76.811996460068656, -32.090000152684873, 0.0 ], [ 76.394996642780882, -31.71899986305317, 0.0 ] ] ] } },
{ "type": "Feature", "properties": { "Name": "African:South American", "Description": "<html xmlns:fo=\"http://www.w3.org/1999/XSL/Format\" xmlns:msxsl=\"urn:schemas-microsoft-com:xslt\">\n<head>\n<META http-equiv=\"Content-Type\" content=\"text/html\">\n<meta http-equiv=\"content-type\" content=\"text/html; charset=UTF-8\">\n</head>\n<body style=\"margin:0px 0px 0px 0px;overflow:auto;background:#FFFFFF;\">\n<table style=\"font-family:Arial,Verdana,Times;font-size:12px;text-align:left;width:100%;border-collapse:collapse;padding:3px 3px 3px 3px\">\n<tr style=\"text-align:center;font-weight:bold;background:#9CBCE2\">\n<td>African:South American</td>\n</tr>\n<tr>\n<td>\n<table style=\"font-family:Arial,Verdana,Times;font-size:12px;text-align:left;width:100%;border-spacing:0px; padding:3px 3px 3px 3px\">\n<tr>\n<td>NAME</td>\n<td>African:South American</td>\n</tr>\n<tr bgcolor=\"#D4E4F3\">\n<td>LABEL</td>\n<td>Divergent Boundary</td>\n</tr>\n</table>\n</td>\n</tr>\n</table>\n</body>\n</html>", "LABEL": "Divergent Boundary" }, "geometry": { "type": "MultiLineString", "coordinates": [ [ [ -14.366999626531481, -33.499000549635639, 0.0 ], [ -14.44600009952495, -32.897998809497437, 0.0 ], [ -14.522999763528221, -32.40000152604955, 0.0 ] ] ] } },
{ "type": "Feature", "properties": { "Name": "Pacific:Nazca", "Description": "<html xmlns:fo=\"http://www.w3.org/1999/XSL/Format\" xmlns:msxsl=\"urn:schemas-microsoft-com:xslt\">\n<head>\n<META http-equiv=\"Content-Type\" content=\"text/html\">\n<meta http-equiv=\"content-type\" content=\"text/html; charset=UTF-8\">\n</head>\n<body style=\"margin:0px 0px 0px 0px;overflow:auto;background:#FFFFFF;\">\n<table style=\"font-family:Arial,Verdana,Times;font-size:12px;text-align:left;width:100%;border-collapse:collapse;padding:3px 3px 3px 3px\">\n<tr style=\"text-align:center;font-weight:bold;background:#9CBCE2\">\n<td>Pacific:Nazca</td>\n</tr>\n<tr>\n<td>\n<table style=\"font-family:Arial,Verdana,Times;font-size:12px;text-align:left;width:100%;border-spacing:0px; padding:3px 3px 3px 3px\">\n<tr>\n<td>NAME</td>\n<td>Pacific:Nazca</td>\n</tr>\n<tr bgcolor=\"#D4E4F3\">\n<td>LABEL</td>\n<td>Divergent Boundary</td>\n</tr>\n</table>\n</td>\n</tr>\n</table>\n</body>\n</html>", "LABEL": "Divergent Boundary" }, "geometry": { "type": "MultiLineString", "coordinates": [ [ [ -112.503997802956206, -33.650001526249412, 0.0 ], [ -112.459999084290303, -33.398998260161527, 0.0 ], [ -112.442001342487899, -33.11199951136831, 0.0 ], [ -112.417999267152396, -32.793998717866486, 0.0 ], [ -112.415000915759606, -32.488998413246122, 0.0 ], [ -112.356002807583494, -32.327999114967163, 0.0 ] ] ] } },
{ "type": "Feature", "properties": { "Name": "African:Antarctic", "Description": "<html xmlns:fo=\"http://www.w3.org/1999/XSL/Format\" xmlns:msxsl=\"urn:schemas-microsoft-com:xslt\">\n<head>\n<META http-equiv=\"Content-Type\" content=\"text/html\">\n<meta http-equiv=\"content-type\" content=\"text/html; charset=UTF-8\">\n</head>\n<body style=\"margin:0px 0px 0px 0px;overflow:auto;background:#FFFFFF;\">\n<table style=\"font-family:Arial,Verdana,Times;font-size:12px;text-align:left;width:100%;border-collapse:collapse;padding:3px 3px 3px 3px\">\n<tr style=\"text-align:center;font-weight:bold;background:#9CBCE2\">\n<td>African:Antarctic</td>\n</tr>\n<tr>\n<td>\n<table style=\"font-family:Arial,Verdana,Times;font-size:12px;text-align:left;width:100%;border-spacing:0px; padding:3px 3px 3px 3px\">\n<tr>\n<td>NAME</td>\n<td>African:Antarctic</td>\n</tr>\n<tr bgcolor=\"#D4E4F3\">\n<td>LABEL</td>\n<td>Divergent Boundary</td>\n</tr>\n</table>\n</td>\n</tr>\n</table>\n</body>\n</html>", "LABEL": "Divergent Boundary" }, "geometry": { "type": "MultiLineString", "coordinates": [ [ [ 57.061000824128769, -33.5540008547556, 0.0 ], [ 56.40100097671376, -33.62699890167795, 0.0 ], [ 55.737998962082493, -33.652999877642173, 0.0 ] ] ] } },
{ "type": "Feature", "properties": { "Name": "African:South American", "Description": "<html xmlns:fo=\"http://www.w3.org/1999/XSL/Format\" xmlns:msxsl=\"urn:schemas-microsoft-com:xslt\">\n<head>\n<META http-equiv=\"Content-Type\" content=\"text/html\">\n<meta http-equiv=\"content-type\" content=\"text/html; charset=UTF-8\">\n</head>\n<body style=\"margin:0px 0px 0px 0px;overflow:auto;background:#FFFFFF;\">\n<table style=\"font-family:Arial,Verdana,Times;font-size:12px;text-align:left;width:100%;border-collapse:collapse;padding:3px 3px 3px 3px\">\n<tr style=\"text-align:center;font-weight:bold;background:#9CBCE2\">\n<td>African:South American</td>\n</tr>\n<tr>\n<td>\n<table style=\"font-family:Arial,Verdana,Times;font-size:12px;text-align:left;width:100%;border-spacing:0px; padding:3px 3px 3px 3px\">\n<tr>\n<td>NAME</td>\n<td>African:South American</td>\n</tr>\n<tr bgcolor=\"#D4E4F3\">\n<td>LABEL</td>\n<td>Divergent Boundary</td>\n</tr>\n</table>\n</td>\n</tr>\n</table>\n</body>\n</html>", "LABEL": "Divergent Boundary" }, "geometry": { "type": "MultiLineString", "coordinates": [ [ [ -14.51500034339108, -34.042999267302321, 0.0 ], [ -14.70199966435297, -33.569000244265787, 0.0 ] ] ] } },
{ "type": "Feature", "properties": { "Name": "African:Antarctic", "Description": "<html xmlns:fo=\"http://www.w3.org/1999/XSL/Format\" xmlns:msxsl=\"urn:schemas-microsoft-com:xslt\">\n<head>\n<META http-equiv=\"Content-Type\" content=\"text/html\">\n<meta http-equiv=\"content-type\" content=\"text/html; charset=UTF-8\">\n</head>\n<body style=\"margin:0px 0px 0px 0px;overflow:auto;background:#FFFFFF;\">\n<table style=\"font-family:Arial,Verdana,Times;font-size:12px;text-align:left;width:100%;border-collapse:collapse;padding:3px 3px 3px 3px\">\n<tr style=\"text-align:center;font-weight:bold;background:#9CBCE2\">\n<td>African:Antarctic</td>\n</tr>\n<tr>\n<td>\n<table style=\"font-family:Arial,Verdana,Times;font-size:12px;text-align:left;width:100%;border-spacing:0px; padding:3px 3px 3px 3px\">\n<tr>\n<td>NAME</td>\n<td>African:Antarctic</td>\n</tr>\n<tr bgcolor=\"#D4E4F3\">\n<td>LABEL</td>\n<td>Divergent Boundary</td>\n</tr>\n</table>\n</td>\n</tr>\n</table>\n</body>\n</html>", "LABEL": "Divergent Boundary" }, "geometry": { "type": "MultiLineString", "coordinates": [ [ [ 55.699001312160867, -34.235000610289887, 0.0 ], [ 55.300998687439517, -34.286998749092959, 0.0 ] ] ] } },
{ "type": "Feature", "properties": { "Name": "Nazca", "Description": "<html xmlns:fo=\"http://www.w3.org/1999/XSL/Format\" xmlns:msxsl=\"urn:schemas-microsoft-com:xslt\">\n<head>\n<META http-equiv=\"Content-Type\" content=\"text/html\">\n<meta http-equiv=\"content-type\" content=\"text/html; charset=UTF-8\">\n</head>\n<body style=\"margin:0px 0px 0px 0px;overflow:auto;background:#FFFFFF;\">\n<table style=\"font-family:Arial,Verdana,Times;font-size:12px;text-align:left;width:100%;border-collapse:collapse;padding:3px 3px 3px 3px\">\n<tr style=\"text-align:center;font-weight:bold;background:#9CBCE2\">\n<td>Nazca</td>\n</tr>\n<tr>\n<td>\n<table style=\"font-family:Arial,Verdana,Times;font-size:12px;text-align:left;width:100%;border-spacing:0px; padding:3px 3px 3px 3px\">\n<tr>\n<td>NAME</td>\n<td>Nazca</td>\n</tr>\n<tr bgcolor=\"#D4E4F3\">\n<td>LABEL</td>\n<td>Divergent Boundary</td>\n</tr>\n</table>\n</td>\n</tr>\n</table>\n</body>\n</html>", "LABEL": "Divergent Boundary" }, "geometry": { "type": "MultiLineString", "coordinates": [ [ [ -109.206001281433899, -32.660999297979167, 0.0 ], [ -108.972000122207803, -32.93700027434312, 0.0 ], [ -109.182998656862495, -33.020000457854792, 0.0 ], [ -109.410003662538898, -33.139999389759957, 0.0 ], [ -109.322998047022196, -33.391998290788422, 0.0 ], [ -109.2050018306699, -33.701999664153107, 0.0 ], [ -109.269996643430304, -33.916999816788064, 0.0 ], [ -109.277000426828195, -34.203998565581287, 0.0 ], [ -109.259002685925196, -34.544998168730437, 0.0 ] ] ] } },
{ "type": "Feature", "properties": { "Name": "African:Antarctic", "Description": "<html xmlns:fo=\"http://www.w3.org/1999/XSL/Format\" xmlns:msxsl=\"urn:schemas-microsoft-com:xslt\">\n<head>\n<META http-equiv=\"Content-Type\" content=\"text/html\">\n<meta http-equiv=\"content-type\" content=\"text/html; charset=UTF-8\">\n</head>\n<body style=\"margin:0px 0px 0px 0px;overflow:auto;background:#FFFFFF;\">\n<table style=\"font-family:Arial,Verdana,Times;font-size:12px;text-align:left;width:100%;border-collapse:collapse;padding:3px 3px 3px 3px\">\n<tr style=\"text-align:center;font-weight:bold;background:#9CBCE2\">\n<td>African:Antarctic</td>\n</tr>\n<tr>\n<td>\n<table style=\"font-family:Arial,Verdana,Times;font-size:12px;text-align:left;width:100%;border-spacing:0px; padding:3px 3px 3px 3px\">\n<tr>\n<td>NAME</td>\n<td>African:Antarctic</td>\n</tr>\n<tr bgcolor=\"#D4E4F3\">\n<td>LABEL</td>\n<td>Divergent Boundary</td>\n</tr>\n</table>\n</td>\n</tr>\n</table>\n</body>\n</html>", "LABEL": "Divergent Boundary" }, "geometry": { "type": "MultiLineString", "coordinates": [ [ [ 55.275001525500052, -34.56100082392885, 0.0 ], [ 54.255001068344647, -34.541999817337683, 0.0 ] ] ] } },
{ "type": "Feature", "properties": { "Name": "African:South American", "Description": "<html xmlns:fo=\"http://www.w3.org/1999/XSL/Format\" xmlns:msxsl=\"urn:schemas-microsoft-com:xslt\">\n<head>\n<META http-equiv=\"Content-Type\" content=\"text/html\">\n<meta http-equiv=\"content-type\" content=\"text/html; charset=UTF-8\">\n</head>\n<body style=\"margin:0px 0px 0px 0px;overflow:auto;background:#FFFFFF;\">\n<table style=\"font-family:Arial,Verdana,Times;font-size:12px;text-align:left;width:100%;border-collapse:collapse;padding:3px 3px 3px 3px\">\n<tr style=\"text-align:center;font-weight:bold;background:#9CBCE2\">\n<td>African:South American</td>\n</tr>\n<tr>\n<td>\n<table style=\"font-family:Arial,Verdana,Times;font-size:12px;text-align:left;width:100%;border-spacing:0px; padding:3px 3px 3px 3px\">\n<tr>\n<td>NAME</td>\n<td>African:South American</td>\n</tr>\n<tr bgcolor=\"#D4E4F3\">\n<td>LABEL</td>\n<td>Divergent Boundary</td>\n</tr>\n</table>\n</td>\n</tr>\n</table>\n</body>\n</html>", "LABEL": "Divergent Boundary" }, "geometry": { "type": "MultiLineString", "coordinates": [ [ [ -15.08300018311189, -34.689998626735189, 0.0 ], [ -15.2740001678734, -34.237998962582033, 0.0 ] ] ] } },
{ "type": "Feature", "properties": { "Name": "Australian:Antarctic", "Description": "<html xmlns:fo=\"http://www.w3.org/1999/XSL/Format\" xmlns:msxsl=\"urn:schemas-microsoft-com:xslt\">\n<head>\n<META http-equiv=\"Content-Type\" content=\"text/html\">\n<meta http-equiv=\"content-type\" content=\"text/html; charset=UTF-8\">\n</head>\n<body style=\"margin:0px 0px 0px 0px;overflow:auto;background:#FFFFFF;\">\n<table style=\"font-family:Arial,Verdana,Times;font-size:12px;text-align:left;width:100%;border-collapse:collapse;padding:3px 3px 3px 3px\">\n<tr style=\"text-align:center;font-weight:bold;background:#9CBCE2\">\n<td>Australian:Antarctic</td>\n</tr>\n<tr>\n<td>\n<table style=\"font-family:Arial,Verdana,Times;font-size:12px;text-align:left;width:100%;border-spacing:0px; padding:3px 3px 3px 3px\">\n<tr>\n<td>NAME</td>\n<td>Australian:Antarctic</td>\n</tr>\n<tr bgcolor=\"#D4E4F3\">\n<td>LABEL</td>\n<td>Divergent Boundary</td>\n</tr>\n</table>\n</td>\n</tr>\n</table>\n</body>\n</html>", "LABEL": "Divergent Boundary" }, "geometry": { "type": "MultiLineString", "coordinates": [ [ [ 78.487998962482209, -34.806999206348223, 0.0 ], [ 77.916999817187843, -34.324001312410587, 0.0 ], [ 77.351997375578492, -33.838001251256692, 0.0 ] ] ] } },
{ "type": "Feature", "properties": { "Name": "Antarctic:Nazca", "Description": "<html xmlns:fo=\"http://www.w3.org/1999/XSL/Format\" xmlns:msxsl=\"urn:schemas-microsoft-com:xslt\">\n<head>\n<META http-equiv=\"Content-Type\" content=\"text/html\">\n<meta http-equiv=\"content-type\" content=\"text/html; charset=UTF-8\">\n</head>\n<body style=\"margin:0px 0px 0px 0px;overflow:auto;background:#FFFFFF;\">\n<table style=\"font-family:Arial,Verdana,Times;font-size:12px;text-align:left;width:100%;border-collapse:collapse;padding:3px 3px 3px 3px\">\n<tr style=\"text-align:center;font-weight:bold;background:#9CBCE2\">\n<td>Antarctic:Nazca</td>\n</tr>\n<tr>\n<td>\n<table style=\"font-family:Arial,Verdana,Times;font-size:12px;text-align:left;width:100%;border-spacing:0px; padding:3px 3px 3px 3px\">\n<tr>\n<td>NAME</td>\n<td>Antarctic:Nazca</td>\n</tr>\n<tr bgcolor=\"#D4E4F3\">\n<td>LABEL</td>\n<td>Divergent Boundary</td>\n</tr>\n</table>\n</td>\n</tr>\n</table>\n</body>\n</html>", "LABEL": "Divergent Boundary" }, "geometry": { "type": "MultiLineString", "coordinates": [ [ [ -109.691001891823802, -34.609001159675763, 0.0 ], [ -109.918998718416105, -34.701999663953302, 0.0 ], [ -110.140998840424103, -34.817001342937601, 0.0 ], [ -110.325996399114501, -34.94599914574394, 0.0 ], [ -110.527000427028, -35.06100082382892, 0.0 ], [ -110.827003478727505, -35.090999602849372, 0.0 ] ] ] } },
{ "type": "Feature", "properties": { "Name": "Pacific:Nazca", "Description": "<html xmlns:fo=\"http://www.w3.org/1999/XSL/Format\" xmlns:msxsl=\"urn:schemas-microsoft-com:xslt\">\n<head>\n<META http-equiv=\"Content-Type\" content=\"text/html\">\n<meta http-equiv=\"content-type\" content=\"text/html; charset=UTF-8\">\n</head>\n<body style=\"margin:0px 0px 0px 0px;overflow:auto;background:#FFFFFF;\">\n<table style=\"font-family:Arial,Verdana,Times;font-size:12px;text-align:left;width:100%;border-collapse:collapse;padding:3px 3px 3px 3px\">\n<tr style=\"text-align:center;font-weight:bold;background:#9CBCE2\">\n<td>Pacific:Nazca</td>\n</tr>\n<tr>\n<td>\n<table style=\"font-family:Arial,Verdana,Times;font-size:12px;text-align:left;width:100%;border-spacing:0px; padding:3px 3px 3px 3px\">\n<tr>\n<td>NAME</td>\n<td>Pacific:Nazca</td>\n</tr>\n<tr bgcolor=\"#D4E4F3\">\n<td>LABEL</td>\n<td>Divergent Boundary</td>\n</tr>\n</table>\n</td>\n</tr>\n</table>\n</body>\n</html>", "LABEL": "Divergent Boundary" }, "geometry": { "type": "MultiLineString", "coordinates": [ [ [ -110.827003478727505, -35.090999602849372, 0.0 ], [ -111.125999450714104, -34.994998932254873, 0.0 ], [ -111.399002074785898, -34.911998748743201, 0.0 ], [ -111.755996704184497, -34.811000824328517, 0.0 ], [ -112.186996460218396, -34.673999786460911, 0.0 ], [ -112.416999817287703, -34.55599975608385, 0.0 ], [ -112.561996460368306, -34.299999237075099, 0.0 ], [ -112.627998351942395, -33.999000549535708, 0.0 ], [ -112.603996276606793, -33.662998199307417, 0.0 ] ] ] } },
{ "type": "Feature", "properties": { "Name": "Antarctic:Nazca", "Description": "<html xmlns:fo=\"http://www.w3.org/1999/XSL/Format\" xmlns:msxsl=\"urn:schemas-microsoft-com:xslt\">\n<head>\n<META http-equiv=\"Content-Type\" content=\"text/html\">\n<meta http-equiv=\"content-type\" content=\"text/html; charset=UTF-8\">\n</head>\n<body style=\"margin:0px 0px 0px 0px;overflow:auto;background:#FFFFFF;\">\n<table style=\"font-family:Arial,Verdana,Times;font-size:12px;text-align:left;width:100%;border-collapse:collapse;padding:3px 3px 3px 3px\">\n<tr style=\"text-align:center;font-weight:bold;background:#9CBCE2\">\n<td>Antarctic:Nazca</td>\n</tr>\n<tr>\n<td>\n<table style=\"font-family:Arial,Verdana,Times;font-size:12px;text-align:left;width:100%;border-spacing:0px; padding:3px 3px 3px 3px\">\n<tr>\n<td>NAME</td>\n<td>Antarctic:Nazca</td>\n</tr>\n<tr bgcolor=\"#D4E4F3\">\n<td>LABEL</td>\n<td>Divergent Boundary</td>\n</tr>\n</table>\n</td>\n</tr>\n</table>\n</body>\n</html>", "LABEL": "Divergent Boundary" }, "geometry": { "type": "MultiLineString", "coordinates": [ [ [ -109.259002685925196, -34.544998168730437, 0.0 ], [ -108.796997070258598, -35.131999969223159, 0.0 ] ] ] } },
{ "type": "Feature", "properties": { "Name": "Australian:Antarctic", "Description": "<html xmlns:fo=\"http://www.w3.org/1999/XSL/Format\" xmlns:msxsl=\"urn:schemas-microsoft-com:xslt\">\n<head>\n<META http-equiv=\"Content-Type\" content=\"text/html\">\n<meta http-equiv=\"content-type\" content=\"text/html; charset=UTF-8\">\n</head>\n<body style=\"margin:0px 0px 0px 0px;overflow:auto;background:#FFFFFF;\">\n<table style=\"font-family:Arial,Verdana,Times;font-size:12px;text-align:left;width:100%;border-collapse:collapse;padding:3px 3px 3px 3px\">\n<tr style=\"text-align:center;font-weight:bold;background:#9CBCE2\">\n<td>Australian:Antarctic</td>\n</tr>\n<tr>\n<td>\n<table style=\"font-family:Arial,Verdana,Times;font-size:12px;text-align:left;width:100%;border-spacing:0px; padding:3px 3px 3px 3px\">\n<tr>\n<td>NAME</td>\n<td>Australian:Antarctic</td>\n</tr>\n<tr bgcolor=\"#D4E4F3\">\n<td>LABEL</td>\n<td>Divergent Boundary</td>\n</tr>\n</table>\n</td>\n</tr>\n</table>\n</body>\n</html>", "LABEL": "Divergent Boundary" }, "geometry": { "type": "MultiLineString", "coordinates": [ [ [ 78.803001403691894, -35.160999298378897, 0.0 ], [ 78.442001343187485, -34.841999054112989, 0.0 ] ] ] } },
{ "type": "Feature", "properties": { "Name": "African:South American", "Description": "<html xmlns:fo=\"http://www.w3.org/1999/XSL/Format\" xmlns:msxsl=\"urn:schemas-microsoft-com:xslt\">\n<head>\n<META http-equiv=\"Content-Type\" content=\"text/html\">\n<meta http-equiv=\"content-type\" content=\"text/html; charset=UTF-8\">\n</head>\n<body style=\"margin:0px 0px 0px 0px;overflow:auto;background:#FFFFFF;\">\n<table style=\"font-family:Arial,Verdana,Times;font-size:12px;text-align:left;width:100%;border-collapse:collapse;padding:3px 3px 3px 3px\">\n<tr style=\"text-align:center;font-weight:bold;background:#9CBCE2\">\n<td>African:South American</td>\n</tr>\n<tr>\n<td>\n<table style=\"font-family:Arial,Verdana,Times;font-size:12px;text-align:left;width:100%;border-spacing:0px; padding:3px 3px 3px 3px\">\n<tr>\n<td>NAME</td>\n<td>African:South American</td>\n</tr>\n<tr bgcolor=\"#D4E4F3\">\n<td>LABEL</td>\n<td>Divergent Boundary</td>\n</tr>\n</table>\n</td>\n</tr>\n</table>\n</body>\n</html>", "LABEL": "Divergent Boundary" }, "geometry": { "type": "MultiLineString", "coordinates": [ [ [ -15.10000038161229, -35.181999206498119, 0.0 ], [ -15.265999794454901, -34.770000457954723, 0.0 ] ] ] } },
{ "type": "Feature", "properties": { "Name": "African:Antarctic", "Description": "<html xmlns:fo=\"http://www.w3.org/1999/XSL/Format\" xmlns:msxsl=\"urn:schemas-microsoft-com:xslt\">\n<head>\n<META http-equiv=\"Content-Type\" content=\"text/html\">\n<meta http-equiv=\"content-type\" content=\"text/html; charset=UTF-8\">\n</head>\n<body style=\"margin:0px 0px 0px 0px;overflow:auto;background:#FFFFFF;\">\n<table style=\"font-family:Arial,Verdana,Times;font-size:12px;text-align:left;width:100%;border-collapse:collapse;padding:3px 3px 3px 3px\">\n<tr style=\"text-align:center;font-weight:bold;background:#9CBCE2\">\n<td>African:Antarctic</td>\n</tr>\n<tr>\n<td>\n<table style=\"font-family:Arial,Verdana,Times;font-size:12px;text-align:left;width:100%;border-spacing:0px; padding:3px 3px 3px 3px\">\n<tr>\n<td>NAME</td>\n<td>African:Antarctic</td>\n</tr>\n<tr bgcolor=\"#D4E4F3\">\n<td>LABEL</td>\n<td>Divergent Boundary</td>\n</tr>\n</table>\n</td>\n</tr>\n</table>\n</body>\n</html>", "LABEL": "Divergent Boundary" }, "geometry": { "type": "MultiLineString", "coordinates": [ [ [ 54.215999603498972, -35.301998138403349, 0.0 ], [ 53.47100067104418, -35.516998291038249, 0.0 ] ] ] } },
{ "type": "Feature", "properties": { "Name": "Pacific:Antarctic", "Description": "<html xmlns:fo=\"http://www.w3.org/1999/XSL/Format\" xmlns:msxsl=\"urn:schemas-microsoft-com:xslt\">\n<head>\n<META http-equiv=\"Content-Type\" content=\"text/html\">\n<meta http-equiv=\"content-type\" content=\"text/html; charset=UTF-8\">\n</head>\n<body style=\"margin:0px 0px 0px 0px;overflow:auto;background:#FFFFFF;\">\n<table style=\"font-family:Arial,Verdana,Times;font-size:12px;text-align:left;width:100%;border-collapse:collapse;padding:3px 3px 3px 3px\">\n<tr style=\"text-align:center;font-weight:bold;background:#9CBCE2\">\n<td>Pacific:Antarctic</td>\n</tr>\n<tr>\n<td>\n<table style=\"font-family:Arial,Verdana,Times;font-size:12px;text-align:left;width:100%;border-spacing:0px; padding:3px 3px 3px 3px\">\n<tr>\n<td>NAME</td>\n<td>Pacific:Antarctic</td>\n</tr>\n<tr bgcolor=\"#D4E4F3\">\n<td>LABEL</td>\n<td>Divergent Boundary</td>\n</tr>\n</table>\n</td>\n</tr>\n</table>\n</body>\n</html>", "LABEL": "Divergent Boundary" }, "geometry": { "type": "MultiLineString", "coordinates": [ [ [ -110.827003478727505, -35.090999602849372, 0.0 ], [ -110.876998901078395, -35.319000244365732, 0.0 ], [ -110.894996642880798, -35.797000885382488, 0.0 ] ] ] } },
{ "type": "Feature", "properties": { "Name": "African:Antarctic", "Description": "<html xmlns:fo=\"http://www.w3.org/1999/XSL/Format\" xmlns:msxsl=\"urn:schemas-microsoft-com:xslt\">\n<head>\n<META http-equiv=\"Content-Type\" content=\"text/html\">\n<meta http-equiv=\"content-type\" content=\"text/html; charset=UTF-8\">\n</head>\n<body style=\"margin:0px 0px 0px 0px;overflow:auto;background:#FFFFFF;\">\n<table style=\"font-family:Arial,Verdana,Times;font-size:12px;text-align:left;width:100%;border-collapse:collapse;padding:3px 3px 3px 3px\">\n<tr style=\"text-align:center;font-weight:bold;background:#9CBCE2\">\n<td>African:Antarctic</td>\n</tr>\n<tr>\n<td>\n<table style=\"font-family:Arial,Verdana,Times;font-size:12px;text-align:left;width:100%;border-spacing:0px; padding:3px 3px 3px 3px\">\n<tr>\n<td>NAME</td>\n<td>African:Antarctic</td>\n</tr>\n<tr bgcolor=\"#D4E4F3\">\n<td>LABEL</td>\n<td>Divergent Boundary</td>\n</tr>\n</table>\n</td>\n</tr>\n</table>\n</body>\n</html>", "LABEL": "Divergent Boundary" }, "geometry": { "type": "MultiLineString", "coordinates": [ [ [ 53.46599960319918, -36.140998839924457, 0.0 ], [ 52.902000427277933, -36.152999878041904, 0.0 ], [ 52.338001251356729, -36.161998748943063, 0.0 ] ] ] } },
{ "type": "Feature", "properties": { "Name": "Pacific:Antarctic", "Description": "<html xmlns:fo=\"http://www.w3.org/1999/XSL/Format\" xmlns:msxsl=\"urn:schemas-microsoft-com:xslt\">\n<head>\n<META http-equiv=\"Content-Type\" content=\"text/html\">\n<meta http-equiv=\"content-type\" content=\"text/html; charset=UTF-8\">\n</head>\n<body style=\"margin:0px 0px 0px 0px;overflow:auto;background:#FFFFFF;\">\n<table style=\"font-family:Arial,Verdana,Times;font-size:12px;text-align:left;width:100%;border-collapse:collapse;padding:3px 3px 3px 3px\">\n<tr style=\"text-align:center;font-weight:bold;background:#9CBCE2\">\n<td>Pacific:Antarctic</td>\n</tr>\n<tr>\n<td>\n<table style=\"font-family:Arial,Verdana,Times;font-size:12px;text-align:left;width:100%;border-spacing:0px; padding:3px 3px 3px 3px\">\n<tr>\n<td>NAME</td>\n<td>Pacific:Antarctic</td>\n</tr>\n<tr bgcolor=\"#D4E4F3\">\n<td>LABEL</td>\n<td>Divergent Boundary</td>\n</tr>\n</table>\n</td>\n</tr>\n</table>\n</body>\n</html>", "LABEL": "Divergent Boundary" }, "geometry": { "type": "MultiLineString", "coordinates": [ [ [ -110.579002380755199, -35.83000183071988, 0.0 ], [ -110.714996338010593, -36.219001769615943, 0.0 ], [ -110.738998413346096, -36.358001709011603, 0.0 ] ] ] } },
{ "type": "Feature", "properties": { "Name": "African:South American", "Description": "<html xmlns:fo=\"http://www.w3.org/1999/XSL/Format\" xmlns:msxsl=\"urn:schemas-microsoft-com:xslt\">\n<head>\n<META http-equiv=\"Content-Type\" content=\"text/html\">\n<meta http-equiv=\"content-type\" content=\"text/html; charset=UTF-8\">\n</head>\n<body style=\"margin:0px 0px 0px 0px;overflow:auto;background:#FFFFFF;\">\n<table style=\"font-family:Arial,Verdana,Times;font-size:12px;text-align:left;width:100%;border-collapse:collapse;padding:3px 3px 3px 3px\">\n<tr style=\"text-align:center;font-weight:bold;background:#9CBCE2\">\n<td>African:South American</td>\n</tr>\n<tr>\n<td>\n<table style=\"font-family:Arial,Verdana,Times;font-size:12px;text-align:left;width:100%;border-spacing:0px; padding:3px 3px 3px 3px\">\n<tr>\n<td>NAME</td>\n<td>African:South American</td>\n</tr>\n<tr bgcolor=\"#D4E4F3\">\n<td>LABEL</td>\n<td>Divergent Boundary</td>\n</tr>\n</table>\n</td>\n</tr>\n</table>\n</body>\n</html>", "LABEL": "Divergent Boundary" }, "geometry": { "type": "MultiLineString", "coordinates": [ [ [ -17.08499908424028, -36.472000122307747, 0.0 ], [ -17.419000625478422, -36.06800079390149, 0.0 ], [ -17.702999115416791, -35.662998199807021, 0.0 ] ] ] } },
{ "type": "Feature", "properties": { "Name": "Australian:Antarctic", "Description": "<html xmlns:fo=\"http://www.w3.org/1999/XSL/Format\" xmlns:msxsl=\"urn:schemas-microsoft-com:xslt\">\n<head>\n<META http-equiv=\"Content-Type\" content=\"text/html\">\n<meta http-equiv=\"content-type\" content=\"text/html; charset=UTF-8\">\n</head>\n<body style=\"margin:0px 0px 0px 0px;overflow:auto;background:#FFFFFF;\">\n<table style=\"font-family:Arial,Verdana,Times;font-size:12px;text-align:left;width:100%;border-collapse:collapse;padding:3px 3px 3px 3px\">\n<tr style=\"text-align:center;font-weight:bold;background:#9CBCE2\">\n<td>Australian:Antarctic</td>\n</tr>\n<tr>\n<td>\n<table style=\"font-family:Arial,Verdana,Times;font-size:12px;text-align:left;width:100%;border-spacing:0px; padding:3px 3px 3px 3px\">\n<tr>\n<td>NAME</td>\n<td>Australian:Antarctic</td>\n</tr>\n<tr bgcolor=\"#D4E4F3\">\n<td>LABEL</td>\n<td>Divergent Boundary</td>\n</tr>\n</table>\n</td>\n</tr>\n</table>\n</body>\n</html>", "LABEL": "Divergent Boundary" }, "geometry": { "type": "MultiLineString", "coordinates": [ [ [ 79.183998107526691, -36.511001587153487, 0.0 ], [ 78.690002441159777, -36.097999572921943, 0.0 ], [ 78.200996398764858, -35.682998657162273, 0.0 ] ] ] } },
{ "type": "Feature", "properties": { "Name": "Antarctic:Nazca", "Description": "<html xmlns:fo=\"http://www.w3.org/1999/XSL/Format\" xmlns:msxsl=\"urn:schemas-microsoft-com:xslt\">\n<head>\n<META http-equiv=\"Content-Type\" content=\"text/html\">\n<meta http-equiv=\"content-type\" content=\"text/html; charset=UTF-8\">\n</head>\n<body style=\"margin:0px 0px 0px 0px;overflow:auto;background:#FFFFFF;\">\n<table style=\"font-family:Arial,Verdana,Times;font-size:12px;text-align:left;width:100%;border-collapse:collapse;padding:3px 3px 3px 3px\">\n<tr style=\"text-align:center;font-weight:bold;background:#9CBCE2\">\n<td>Antarctic:Nazca</td>\n</tr>\n<tr>\n<td>\n<table style=\"font-family:Arial,Verdana,Times;font-size:12px;text-align:left;width:100%;border-spacing:0px; padding:3px 3px 3px 3px\">\n<tr>\n<td>NAME</td>\n<td>Antarctic:Nazca</td>\n</tr>\n<tr bgcolor=\"#D4E4F3\">\n<td>LABEL</td>\n<td>Divergent Boundary</td>\n</tr>\n</table>\n</td>\n</tr>\n</table>\n</body>\n</html>", "LABEL": "Divergent Boundary" }, "geometry": { "type": "MultiLineString", "coordinates": [ [ [ -97.402000427177938, -36.293998718066348, 0.0 ], [ -97.413002014531287, -36.870998382868997, 0.0 ] ] ] } },
{ "type": "Feature", "properties": { "Name": "African:South American", "Description": "<html xmlns:fo=\"http://www.w3.org/1999/XSL/Format\" xmlns:msxsl=\"urn:schemas-microsoft-com:xslt\">\n<head>\n<META http-equiv=\"Content-Type\" content=\"text/html\">\n<meta http-equiv=\"content-type\" content=\"text/html; charset=UTF-8\">\n</head>\n<body style=\"margin:0px 0px 0px 0px;overflow:auto;background:#FFFFFF;\">\n<table style=\"font-family:Arial,Verdana,Times;font-size:12px;text-align:left;width:100%;border-collapse:collapse;padding:3px 3px 3px 3px\">\n<tr style=\"text-align:center;font-weight:bold;background:#9CBCE2\">\n<td>African:South American</td>\n</tr>\n<tr>\n<td>\n<table style=\"font-family:Arial,Verdana,Times;font-size:12px;text-align:left;width:100%;border-spacing:0px; padding:3px 3px 3px 3px\">\n<tr>\n<td>NAME</td>\n<td>African:South American</td>\n</tr>\n<tr bgcolor=\"#D4E4F3\">\n<td>LABEL</td>\n<td>Divergent Boundary</td>\n</tr>\n</table>\n</td>\n</tr>\n</table>\n</body>\n</html>", "LABEL": "Divergent Boundary" }, "geometry": { "type": "MultiLineString", "coordinates": [ [ [ -17.232999801999199, -37.37400054908602, 0.0 ], [ -17.333000183111889, -36.944000243816163, 0.0 ], [ -17.44000053449702, -36.562000274293162, 0.0 ] ] ] } },
{ "type": "Feature", "properties": { "Name": "African:Antarctic", "Description": "<html xmlns:fo=\"http://www.w3.org/1999/XSL/Format\" xmlns:msxsl=\"urn:schemas-microsoft-com:xslt\">\n<head>\n<META http-equiv=\"Content-Type\" content=\"text/html\">\n<meta http-equiv=\"content-type\" content=\"text/html; charset=UTF-8\">\n</head>\n<body style=\"margin:0px 0px 0px 0px;overflow:auto;background:#FFFFFF;\">\n<table style=\"font-family:Arial,Verdana,Times;font-size:12px;text-align:left;width:100%;border-collapse:collapse;padding:3px 3px 3px 3px\">\n<tr style=\"text-align:center;font-weight:bold;background:#9CBCE2\">\n<td>African:Antarctic</td>\n</tr>\n<tr>\n<td>\n<table style=\"font-family:Arial,Verdana,Times;font-size:12px;text-align:left;width:100%;border-spacing:0px; padding:3px 3px 3px 3px\">\n<tr>\n<td>NAME</td>\n<td>African:Antarctic</td>\n</tr>\n<tr bgcolor=\"#D4E4F3\">\n<td>LABEL</td>\n<td>Divergent Boundary</td>\n</tr>\n</table>\n</td>\n</tr>\n</table>\n</body>\n</html>", "LABEL": "Divergent Boundary" }, "geometry": { "type": "MultiLineString", "coordinates": [ [ [ 52.283000946236712, -37.431999206498119, 0.0 ], [ 51.555000304820283, -37.442001343087497, 0.0 ], [ 50.826999664303123, -37.451000213988657, 0.0 ] ] ] } },
{ "type": "Feature", "properties": { "Name": "African:Antarctic", "Description": "<html xmlns:fo=\"http://www.w3.org/1999/XSL/Format\" xmlns:msxsl=\"urn:schemas-microsoft-com:xslt\">\n<head>\n<META http-equiv=\"Content-Type\" content=\"text/html\">\n<meta http-equiv=\"content-type\" content=\"text/html; charset=UTF-8\">\n</head>\n<body style=\"margin:0px 0px 0px 0px;overflow:auto;background:#FFFFFF;\">\n<table style=\"font-family:Arial,Verdana,Times;font-size:12px;text-align:left;width:100%;border-collapse:collapse;padding:3px 3px 3px 3px\">\n<tr style=\"text-align:center;font-weight:bold;background:#9CBCE2\">\n<td>African:Antarctic</td>\n</tr>\n<tr>\n<td>\n<table style=\"font-family:Arial,Verdana,Times;font-size:12px;text-align:left;width:100%;border-spacing:0px; padding:3px 3px 3px 3px\">\n<tr>\n<td>NAME</td>\n<td>African:Antarctic</td>\n</tr>\n<tr bgcolor=\"#D4E4F3\">\n<td>LABEL</td>\n<td>Divergent Boundary</td>\n</tr>\n</table>\n</td>\n</tr>\n</table>\n</body>\n</html>", "LABEL": "Divergent Boundary" }, "geometry": { "type": "MultiLineString", "coordinates": [ [ [ 50.823001861246951, -37.58000183081981, 0.0 ], [ 49.962001800842472, -37.597000121858123, 0.0 ] ] ] } },
{ "type": "Feature", "properties": { "Name": "African:Antarctic", "Description": "<html xmlns:fo=\"http://www.w3.org/1999/XSL/Format\" xmlns:msxsl=\"urn:schemas-microsoft-com:xslt\">\n<head>\n<META http-equiv=\"Content-Type\" content=\"text/html\">\n<meta http-equiv=\"content-type\" content=\"text/html; charset=UTF-8\">\n</head>\n<body style=\"margin:0px 0px 0px 0px;overflow:auto;background:#FFFFFF;\">\n<table style=\"font-family:Arial,Verdana,Times;font-size:12px;text-align:left;width:100%;border-collapse:collapse;padding:3px 3px 3px 3px\">\n<tr style=\"text-align:center;font-weight:bold;background:#9CBCE2\">\n<td>African:Antarctic</td>\n</tr>\n<tr>\n<td>\n<table style=\"font-family:Arial,Verdana,Times;font-size:12px;text-align:left;width:100%;border-spacing:0px; padding:3px 3px 3px 3px\">\n<tr>\n<td>NAME</td>\n<td>African:Antarctic</td>\n</tr>\n<tr bgcolor=\"#D4E4F3\">\n<td>LABEL</td>\n<td>Divergent Boundary</td>\n</tr>\n</table>\n</td>\n</tr>\n</table>\n</body>\n</html>", "LABEL": "Divergent Boundary" }, "geometry": { "type": "MultiLineString", "coordinates": [ [ [ 49.944999694880103, -37.79000091560971, 0.0 ], [ 49.036998748593419, -37.791999817137821, 0.0 ] ] ] } },
{ "type": "Feature", "properties": { "Name": "Australian:Antarctic", "Description": "<html xmlns:fo=\"http://www.w3.org/1999/XSL/Format\" xmlns:msxsl=\"urn:schemas-microsoft-com:xslt\">\n<head>\n<META http-equiv=\"Content-Type\" content=\"text/html\">\n<meta http-equiv=\"content-type\" content=\"text/html; charset=UTF-8\">\n</head>\n<body style=\"margin:0px 0px 0px 0px;overflow:auto;background:#FFFFFF;\">\n<table style=\"font-family:Arial,Verdana,Times;font-size:12px;text-align:left;width:100%;border-collapse:collapse;padding:3px 3px 3px 3px\">\n<tr style=\"text-align:center;font-weight:bold;background:#9CBCE2\">\n<td>Australian:Antarctic</td>\n</tr>\n<tr>\n<td>\n<table style=\"font-family:Arial,Verdana,Times;font-size:12px;text-align:left;width:100%;border-spacing:0px; padding:3px 3px 3px 3px\">\n<tr>\n<td>NAME</td>\n<td>Australian:Antarctic</td>\n</tr>\n<tr bgcolor=\"#D4E4F3\">\n<td>LABEL</td>\n<td>Divergent Boundary</td>\n</tr>\n</table>\n</td>\n</tr>\n</table>\n</body>\n</html>", "LABEL": "Divergent Boundary" }, "geometry": { "type": "MultiLineString", "coordinates": [ [ [ 78.706001281434055, -38.000999450264374, 0.0 ], [ 78.021003722843602, -37.483001708561972, 0.0 ] ] ] } },
{ "type": "Feature", "properties": { "Name": "African:South American", "Description": "<html xmlns:fo=\"http://www.w3.org/1999/XSL/Format\" xmlns:msxsl=\"urn:schemas-microsoft-com:xslt\">\n<head>\n<META http-equiv=\"Content-Type\" content=\"text/html\">\n<meta http-equiv=\"content-type\" content=\"text/html; charset=UTF-8\">\n</head>\n<body style=\"margin:0px 0px 0px 0px;overflow:auto;background:#FFFFFF;\">\n<table style=\"font-family:Arial,Verdana,Times;font-size:12px;text-align:left;width:100%;border-collapse:collapse;padding:3px 3px 3px 3px\">\n<tr style=\"text-align:center;font-weight:bold;background:#9CBCE2\">\n<td>African:South American</td>\n</tr>\n<tr>\n<td>\n<table style=\"font-family:Arial,Verdana,Times;font-size:12px;text-align:left;width:100%;border-spacing:0px; padding:3px 3px 3px 3px\">\n<tr>\n<td>NAME</td>\n<td>African:South American</td>\n</tr>\n<tr bgcolor=\"#D4E4F3\">\n<td>LABEL</td>\n<td>Divergent Boundary</td>\n</tr>\n</table>\n</td>\n</tr>\n</table>\n</body>\n</html>", "LABEL": "Divergent Boundary" }, "geometry": { "type": "MultiLineString", "coordinates": [ [ [ -17.05100059470163, -38.446998595808509, 0.0 ], [ -17.38800048823191, -38.025001525599862, 0.0 ], [ -17.533000946236658, -37.472000122107893, 0.0 ] ] ] } },
{ "type": "Feature", "properties": { "Name": "African:Antarctic", "Description": "<html xmlns:fo=\"http://www.w3.org/1999/XSL/Format\" xmlns:msxsl=\"urn:schemas-microsoft-com:xslt\">\n<head>\n<META http-equiv=\"Content-Type\" content=\"text/html\">\n<meta http-equiv=\"content-type\" content=\"text/html; charset=UTF-8\">\n</head>\n<body style=\"margin:0px 0px 0px 0px;overflow:auto;background:#FFFFFF;\">\n<table style=\"font-family:Arial,Verdana,Times;font-size:12px;text-align:left;width:100%;border-collapse:collapse;padding:3px 3px 3px 3px\">\n<tr style=\"text-align:center;font-weight:bold;background:#9CBCE2\">\n<td>African:Antarctic</td>\n</tr>\n<tr>\n<td>\n<table style=\"font-family:Arial,Verdana,Times;font-size:12px;text-align:left;width:100%;border-spacing:0px; padding:3px 3px 3px 3px\">\n<tr>\n<td>NAME</td>\n<td>African:Antarctic</td>\n</tr>\n<tr bgcolor=\"#D4E4F3\">\n<td>LABEL</td>\n<td>Divergent Boundary</td>\n</tr>\n</table>\n</td>\n</tr>\n</table>\n</body>\n</html>", "LABEL": "Divergent Boundary" }, "geometry": { "type": "MultiLineString", "coordinates": [ [ [ 49.03400039630128, -38.000000000399673, 0.0 ], [ 48.632999420187161, -38.013999939145833, 0.0 ], [ 48.016998291438028, -38.478000640517109, 0.0 ] ] ] } },
{ "type": "Feature", "properties": { "Name": "Antarctic:Nazca", "Description": "<html xmlns:fo=\"http://www.w3.org/1999/XSL/Format\" xmlns:msxsl=\"urn:schemas-microsoft-com:xslt\">\n<head>\n<META http-equiv=\"Content-Type\" content=\"text/html\">\n<meta http-equiv=\"content-type\" content=\"text/html; charset=UTF-8\">\n</head>\n<body style=\"margin:0px 0px 0px 0px;overflow:auto;background:#FFFFFF;\">\n<table style=\"font-family:Arial,Verdana,Times;font-size:12px;text-align:left;width:100%;border-collapse:collapse;padding:3px 3px 3px 3px\">\n<tr style=\"text-align:center;font-weight:bold;background:#9CBCE2\">\n<td>Antarctic:Nazca</td>\n</tr>\n<tr>\n<td>\n<table style=\"font-family:Arial,Verdana,Times;font-size:12px;text-align:left;width:100%;border-spacing:0px; padding:3px 3px 3px 3px\">\n<tr>\n<td>NAME</td>\n<td>Antarctic:Nazca</td>\n</tr>\n<tr bgcolor=\"#D4E4F3\">\n<td>LABEL</td>\n<td>Divergent Boundary</td>\n</tr>\n</table>\n</td>\n</tr>\n</table>\n</body>\n</html>", "LABEL": "Divergent Boundary" }, "geometry": { "type": "MultiLineString", "coordinates": [ [ [ -94.129997253570366, -37.000999450464242, 0.0 ], [ -94.093002319201617, -37.716999053763288, 0.0 ], [ -93.996002196943778, -38.481998443573282, 0.0 ] ] ] } },
{ "type": "Feature", "properties": { "Name": "Australian:Antarctic", "Description": "<html xmlns:fo=\"http://www.w3.org/1999/XSL/Format\" xmlns:msxsl=\"urn:schemas-microsoft-com:xslt\">\n<head>\n<META http-equiv=\"Content-Type\" content=\"text/html\">\n<meta http-equiv=\"content-type\" content=\"text/html; charset=UTF-8\">\n</head>\n<body style=\"margin:0px 0px 0px 0px;overflow:auto;background:#FFFFFF;\">\n<table style=\"font-family:Arial,Verdana,Times;font-size:12px;text-align:left;width:100%;border-collapse:collapse;padding:3px 3px 3px 3px\">\n<tr style=\"text-align:center;font-weight:bold;background:#9CBCE2\">\n<td>Australian:Antarctic</td>\n</tr>\n<tr>\n<td>\n<table style=\"font-family:Arial,Verdana,Times;font-size:12px;text-align:left;width:100%;border-spacing:0px; padding:3px 3px 3px 3px\">\n<tr>\n<td>NAME</td>\n<td>Australian:Antarctic</td>\n</tr>\n<tr bgcolor=\"#D4E4F3\">\n<td>LABEL</td>\n<td>Divergent Boundary</td>\n</tr>\n</table>\n</td>\n</tr>\n</table>\n</body>\n</html>", "LABEL": "Divergent Boundary" }, "geometry": { "type": "MultiLineString", "coordinates": [ [ [ 78.528999328856003, -38.659000397050647, 0.0 ], [ 78.181999206198441, -38.393001556376703, 0.0 ] ] ] } },
{ "type": "Feature", "properties": { "Name": "African:Antarctic", "Description": "<html xmlns:fo=\"http://www.w3.org/1999/XSL/Format\" xmlns:msxsl=\"urn:schemas-microsoft-com:xslt\">\n<head>\n<META http-equiv=\"Content-Type\" content=\"text/html\">\n<meta http-equiv=\"content-type\" content=\"text/html; charset=UTF-8\">\n</head>\n<body style=\"margin:0px 0px 0px 0px;overflow:auto;background:#FFFFFF;\">\n<table style=\"font-family:Arial,Verdana,Times;font-size:12px;text-align:left;width:100%;border-collapse:collapse;padding:3px 3px 3px 3px\">\n<tr style=\"text-align:center;font-weight:bold;background:#9CBCE2\">\n<td>African:Antarctic</td>\n</tr>\n<tr>\n<td>\n<table style=\"font-family:Arial,Verdana,Times;font-size:12px;text-align:left;width:100%;border-spacing:0px; padding:3px 3px 3px 3px\">\n<tr>\n<td>NAME</td>\n<td>African:Antarctic</td>\n</tr>\n<tr bgcolor=\"#D4E4F3\">\n<td>LABEL</td>\n<td>Divergent Boundary</td>\n</tr>\n</table>\n</td>\n</tr>\n</table>\n</body>\n</html>", "LABEL": "Divergent Boundary" }, "geometry": { "type": "MultiLineString", "coordinates": [ [ [ 48.022998810047113, -38.651000976913508, 0.0 ], [ 47.134998321115688, -38.763999938546313, 0.0 ], [ 46.243999480791452, -38.869998931705311, 0.0 ] ] ] } },
{ "type": "Feature", "properties": { "Name": "Antarctic:Nazca", "Description": "<html xmlns:fo=\"http://www.w3.org/1999/XSL/Format\" xmlns:msxsl=\"urn:schemas-microsoft-com:xslt\">\n<head>\n<META http-equiv=\"Content-Type\" content=\"text/html\">\n<meta http-equiv=\"content-type\" content=\"text/html; charset=UTF-8\">\n</head>\n<body style=\"margin:0px 0px 0px 0px;overflow:auto;background:#FFFFFF;\">\n<table style=\"font-family:Arial,Verdana,Times;font-size:12px;text-align:left;width:100%;border-collapse:collapse;padding:3px 3px 3px 3px\">\n<tr style=\"text-align:center;font-weight:bold;background:#9CBCE2\">\n<td>Antarctic:Nazca</td>\n</tr>\n<tr>\n<td>\n<table style=\"font-family:Arial,Verdana,Times;font-size:12px;text-align:left;width:100%;border-spacing:0px; padding:3px 3px 3px 3px\">\n<tr>\n<td>NAME</td>\n<td>Antarctic:Nazca</td>\n</tr>\n<tr bgcolor=\"#D4E4F3\">\n<td>LABEL</td>\n<td>Divergent Boundary</td>\n</tr>\n</table>\n</td>\n</tr>\n</table>\n</body>\n</html>", "LABEL": "Divergent Boundary" }, "geometry": { "type": "MultiLineString", "coordinates": [ [ [ -93.07499694865021, -38.429000854905503, 0.0 ], [ -93.022003174007239, -38.96699905396315, 0.0 ] ] ] } },
{ "type": "Feature", "properties": { "Name": "Pacific:Antarctic", "Description": "<html xmlns:fo=\"http://www.w3.org/1999/XSL/Format\" xmlns:msxsl=\"urn:schemas-microsoft-com:xslt\">\n<head>\n<META http-equiv=\"Content-Type\" content=\"text/html\">\n<meta http-equiv=\"content-type\" content=\"text/html; charset=UTF-8\">\n</head>\n<body style=\"margin:0px 0px 0px 0px;overflow:auto;background:#FFFFFF;\">\n<table style=\"font-family:Arial,Verdana,Times;font-size:12px;text-align:left;width:100%;border-collapse:collapse;padding:3px 3px 3px 3px\">\n<tr style=\"text-align:center;font-weight:bold;background:#9CBCE2\">\n<td>Pacific:Antarctic</td>\n</tr>\n<tr>\n<td>\n<table style=\"font-family:Arial,Verdana,Times;font-size:12px;text-align:left;width:100%;border-spacing:0px; padding:3px 3px 3px 3px\">\n<tr>\n<td>NAME</td>\n<td>Pacific:Antarctic</td>\n</tr>\n<tr bgcolor=\"#D4E4F3\">\n<td>LABEL</td>\n<td>Divergent Boundary</td>\n</tr>\n</table>\n</td>\n</tr>\n</table>\n</body>\n</html>", "LABEL": "Divergent Boundary" }, "geometry": { "type": "MultiLineString", "coordinates": [ [ [ -110.471000671143997, -36.409999847814667, 0.0 ], [ -110.667999267951799, -37.041999816838029, 0.0 ], [ -110.869003295865397, -37.673999786760703, 0.0 ], [ -111.067001342537907, -38.276000976763612, 0.0 ], [ -111.267997741502498, -38.877998351842393, 0.0 ], [ -111.269996643030595, -38.979000091181213, 0.0 ] ] ] } },
{ "type": "Feature", "properties": { "Name": "Australian:Antarctic", "Description": "<html xmlns:fo=\"http://www.w3.org/1999/XSL/Format\" xmlns:msxsl=\"urn:schemas-microsoft-com:xslt\">\n<head>\n<META http-equiv=\"Content-Type\" content=\"text/html\">\n<meta http-equiv=\"content-type\" content=\"text/html; charset=UTF-8\">\n</head>\n<body style=\"margin:0px 0px 0px 0px;overflow:auto;background:#FFFFFF;\">\n<table style=\"font-family:Arial,Verdana,Times;font-size:12px;text-align:left;width:100%;border-collapse:collapse;padding:3px 3px 3px 3px\">\n<tr style=\"text-align:center;font-weight:bold;background:#9CBCE2\">\n<td>Australian:Antarctic</td>\n</tr>\n<tr>\n<td>\n<table style=\"font-family:Arial,Verdana,Times;font-size:12px;text-align:left;width:100%;border-spacing:0px; padding:3px 3px 3px 3px\">\n<tr>\n<td>NAME</td>\n<td>Australian:Antarctic</td>\n</tr>\n<tr bgcolor=\"#D4E4F3\">\n<td>LABEL</td>\n<td>Divergent Boundary</td>\n</tr>\n</table>\n</td>\n</tr>\n</table>\n</body>\n</html>", "LABEL": "Divergent Boundary" }, "geometry": { "type": "MultiLineString", "coordinates": [ [ [ 78.384002685775386, -39.262001037817583, 0.0 ], [ 78.072998046722546, -39.005001068044812, 0.0 ] ] ] } },
{ "type": "Feature", "properties": { "Name": "African:South American", "Description": "<html xmlns:fo=\"http://www.w3.org/1999/XSL/Format\" xmlns:msxsl=\"urn:schemas-microsoft-com:xslt\">\n<head>\n<META http-equiv=\"Content-Type\" content=\"text/html\">\n<meta http-equiv=\"content-type\" content=\"text/html; charset=UTF-8\">\n</head>\n<body style=\"margin:0px 0px 0px 0px;overflow:auto;background:#FFFFFF;\">\n<table style=\"font-family:Arial,Verdana,Times;font-size:12px;text-align:left;width:100%;border-collapse:collapse;padding:3px 3px 3px 3px\">\n<tr style=\"text-align:center;font-weight:bold;background:#9CBCE2\">\n<td>African:South American</td>\n</tr>\n<tr>\n<td>\n<table style=\"font-family:Arial,Verdana,Times;font-size:12px;text-align:left;width:100%;border-spacing:0px; padding:3px 3px 3px 3px\">\n<tr>\n<td>NAME</td>\n<td>African:South American</td>\n</tr>\n<tr bgcolor=\"#D4E4F3\">\n<td>LABEL</td>\n<td>Divergent Boundary</td>\n</tr>\n</table>\n</td>\n</tr>\n</table>\n</body>\n</html>", "LABEL": "Divergent Boundary" }, "geometry": { "type": "MultiLineString", "coordinates": [ [ [ -15.92199993135171, -39.680999755734092, 0.0 ], [ -15.965000152534969, -39.352001189803048, 0.0 ], [ -16.04400062552838, -38.882999420586771, 0.0 ], [ -16.361000060804152, -38.557998656812522, 0.0 ], [ -16.798999786211141, -38.401000976513792, 0.0 ] ] ] } },
{ "type": "Feature", "properties": { "Name": "Australian:Antarctic", "Description": "<html xmlns:fo=\"http://www.w3.org/1999/XSL/Format\" xmlns:msxsl=\"urn:schemas-microsoft-com:xslt\">\n<head>\n<META http-equiv=\"Content-Type\" content=\"text/html\">\n<meta http-equiv=\"content-type\" content=\"text/html; charset=UTF-8\">\n</head>\n<body style=\"margin:0px 0px 0px 0px;overflow:auto;background:#FFFFFF;\">\n<table style=\"font-family:Arial,Verdana,Times;font-size:12px;text-align:left;width:100%;border-collapse:collapse;padding:3px 3px 3px 3px\">\n<tr style=\"text-align:center;font-weight:bold;background:#9CBCE2\">\n<td>Australian:Antarctic</td>\n</tr>\n<tr>\n<td>\n<table style=\"font-family:Arial,Verdana,Times;font-size:12px;text-align:left;width:100%;border-spacing:0px; padding:3px 3px 3px 3px\">\n<tr>\n<td>NAME</td>\n<td>Australian:Antarctic</td>\n</tr>\n<tr bgcolor=\"#D4E4F3\">\n<td>LABEL</td>\n<td>Divergent Boundary</td>\n</tr>\n</table>\n</td>\n</tr>\n</table>\n</body>\n</html>", "LABEL": "Divergent Boundary" }, "geometry": { "type": "MultiLineString", "coordinates": [ [ [ 78.425003052149179, -39.904998779270223, 0.0 ], [ 78.001998901328307, -39.539001464945613, 0.0 ] ] ] } },
{ "type": "Feature", "properties": { "Name": "African:Antarctic", "Description": "<html xmlns:fo=\"http://www.w3.org/1999/XSL/Format\" xmlns:msxsl=\"urn:schemas-microsoft-com:xslt\">\n<head>\n<META http-equiv=\"Content-Type\" content=\"text/html\">\n<meta http-equiv=\"content-type\" content=\"text/html; charset=UTF-8\">\n</head>\n<body style=\"margin:0px 0px 0px 0px;overflow:auto;background:#FFFFFF;\">\n<table style=\"font-family:Arial,Verdana,Times;font-size:12px;text-align:left;width:100%;border-collapse:collapse;padding:3px 3px 3px 3px\">\n<tr style=\"text-align:center;font-weight:bold;background:#9CBCE2\">\n<td>African:Antarctic</td>\n</tr>\n<tr>\n<td>\n<table style=\"font-family:Arial,Verdana,Times;font-size:12px;text-align:left;width:100%;border-spacing:0px; padding:3px 3px 3px 3px\">\n<tr>\n<td>NAME</td>\n<td>African:Antarctic</td>\n</tr>\n<tr bgcolor=\"#D4E4F3\">\n<td>LABEL</td>\n<td>Divergent Boundary</td>\n</tr>\n</table>\n</td>\n</tr>\n</table>\n</body>\n</html>", "LABEL": "Divergent Boundary" }, "geometry": { "type": "MultiLineString", "coordinates": [ [ [ 46.074001312510632, -40.118999481141088, 0.0 ], [ 45.332000732347979, -40.109001159475902, 0.0 ] ] ] } },
{ "type": "Feature", "properties": { "Name": "African:South American", "Description": "<html xmlns:fo=\"http://www.w3.org/1999/XSL/Format\" xmlns:msxsl=\"urn:schemas-microsoft-com:xslt\">\n<head>\n<META http-equiv=\"Content-Type\" content=\"text/html\">\n<meta http-equiv=\"content-type\" content=\"text/html; charset=UTF-8\">\n</head>\n<body style=\"margin:0px 0px 0px 0px;overflow:auto;background:#FFFFFF;\">\n<table style=\"font-family:Arial,Verdana,Times;font-size:12px;text-align:left;width:100%;border-collapse:collapse;padding:3px 3px 3px 3px\">\n<tr style=\"text-align:center;font-weight:bold;background:#9CBCE2\">\n<td>African:South American</td>\n</tr>\n<tr>\n<td>\n<table style=\"font-family:Arial,Verdana,Times;font-size:12px;text-align:left;width:100%;border-spacing:0px; padding:3px 3px 3px 3px\">\n<tr>\n<td>NAME</td>\n<td>African:South American</td>\n</tr>\n<tr bgcolor=\"#D4E4F3\">\n<td>LABEL</td>\n<td>Divergent Boundary</td>\n</tr>\n</table>\n</td>\n</tr>\n</table>\n</body>\n</html>", "LABEL": "Divergent Boundary" }, "geometry": { "type": "MultiLineString", "coordinates": [ [ [ -16.46999931371732, -40.272998810047, 0.0 ], [ -16.415000915160078, -39.790000915210037, 0.0 ] ] ] } },
{ "type": "Feature", "properties": { "Name": "African:Antarctic", "Description": "<html xmlns:fo=\"http://www.w3.org/1999/XSL/Format\" xmlns:msxsl=\"urn:schemas-microsoft-com:xslt\">\n<head>\n<META http-equiv=\"Content-Type\" content=\"text/html\">\n<meta http-equiv=\"content-type\" content=\"text/html; charset=UTF-8\">\n</head>\n<body style=\"margin:0px 0px 0px 0px;overflow:auto;background:#FFFFFF;\">\n<table style=\"font-family:Arial,Verdana,Times;font-size:12px;text-align:left;width:100%;border-collapse:collapse;padding:3px 3px 3px 3px\">\n<tr style=\"text-align:center;font-weight:bold;background:#9CBCE2\">\n<td>African:Antarctic</td>\n</tr>\n<tr>\n<td>\n<table style=\"font-family:Arial,Verdana,Times;font-size:12px;text-align:left;width:100%;border-spacing:0px; padding:3px 3px 3px 3px\">\n<tr>\n<td>NAME</td>\n<td>African:Antarctic</td>\n</tr>\n<tr bgcolor=\"#D4E4F3\">\n<td>LABEL</td>\n<td>Divergent Boundary</td>\n</tr>\n</table>\n</td>\n</tr>\n</table>\n</body>\n</html>", "LABEL": "Divergent Boundary" }, "geometry": { "type": "MultiLineString", "coordinates": [ [ [ 45.30300140409156, -40.366001129248673, 0.0 ], [ 44.715999603598902, -40.368999481540811, 0.0 ] ] ] } },
{ "type": "Feature", "properties": { "Name": "African:Antarctic", "Description": "<html xmlns:fo=\"http://www.w3.org/1999/XSL/Format\" xmlns:msxsl=\"urn:schemas-microsoft-com:xslt\">\n<head>\n<META http-equiv=\"Content-Type\" content=\"text/html\">\n<meta http-equiv=\"content-type\" content=\"text/html; charset=UTF-8\">\n</head>\n<body style=\"margin:0px 0px 0px 0px;overflow:auto;background:#FFFFFF;\">\n<table style=\"font-family:Arial,Verdana,Times;font-size:12px;text-align:left;width:100%;border-collapse:collapse;padding:3px 3px 3px 3px\">\n<tr style=\"text-align:center;font-weight:bold;background:#9CBCE2\">\n<td>African:Antarctic</td>\n</tr>\n<tr>\n<td>\n<table style=\"font-family:Arial,Verdana,Times;font-size:12px;text-align:left;width:100%;border-spacing:0px; padding:3px 3px 3px 3px\">\n<tr>\n<td>NAME</td>\n<td>African:Antarctic</td>\n</tr>\n<tr bgcolor=\"#D4E4F3\">\n<td>LABEL</td>\n<td>Divergent Boundary</td>\n</tr>\n</table>\n</td>\n</tr>\n</table>\n</body>\n</html>", "LABEL": "Divergent Boundary" }, "geometry": { "type": "MultiLineString", "coordinates": [ [ [ 44.686000823679137, -40.691001892123552, 0.0 ], [ 44.022998809947183, -40.671001434768357, 0.0 ] ] ] } },
{ "type": "Feature", "properties": { "Name": "African:Antarctic", "Description": "<html xmlns:fo=\"http://www.w3.org/1999/XSL/Format\" xmlns:msxsl=\"urn:schemas-microsoft-com:xslt\">\n<head>\n<META http-equiv=\"Content-Type\" content=\"text/html\">\n<meta http-equiv=\"content-type\" content=\"text/html; charset=UTF-8\">\n</head>\n<body style=\"margin:0px 0px 0px 0px;overflow:auto;background:#FFFFFF;\">\n<table style=\"font-family:Arial,Verdana,Times;font-size:12px;text-align:left;width:100%;border-collapse:collapse;padding:3px 3px 3px 3px\">\n<tr style=\"text-align:center;font-weight:bold;background:#9CBCE2\">\n<td>African:Antarctic</td>\n</tr>\n<tr>\n<td>\n<table style=\"font-family:Arial,Verdana,Times;font-size:12px;text-align:left;width:100%;border-spacing:0px; padding:3px 3px 3px 3px\">\n<tr>\n<td>NAME</td>\n<td>African:Antarctic</td>\n</tr>\n<tr bgcolor=\"#D4E4F3\">\n<td>LABEL</td>\n<td>Divergent Boundary</td>\n</tr>\n</table>\n</td>\n</tr>\n</table>\n</body>\n</html>", "LABEL": "Divergent Boundary" }, "geometry": { "type": "MultiLineString", "coordinates": [ [ [ 44.008998871201022, -40.915000915659682, 0.0 ], [ 42.873001098322113, -40.849998473950393, 0.0 ] ] ] } },
{ "type": "Feature", "properties": { "Name": "Antarctic:Nazca", "Description": "<html xmlns:fo=\"http://www.w3.org/1999/XSL/Format\" xmlns:msxsl=\"urn:schemas-microsoft-com:xslt\">\n<head>\n<META http-equiv=\"Content-Type\" content=\"text/html\">\n<meta http-equiv=\"content-type\" content=\"text/html; charset=UTF-8\">\n</head>\n<body style=\"margin:0px 0px 0px 0px;overflow:auto;background:#FFFFFF;\">\n<table style=\"font-family:Arial,Verdana,Times;font-size:12px;text-align:left;width:100%;border-collapse:collapse;padding:3px 3px 3px 3px\">\n<tr style=\"text-align:center;font-weight:bold;background:#9CBCE2\">\n<td>Antarctic:Nazca</td>\n</tr>\n<tr>\n<td>\n<table style=\"font-family:Arial,Verdana,Times;font-size:12px;text-align:left;width:100%;border-spacing:0px; padding:3px 3px 3px 3px\">\n<tr>\n<td>NAME</td>\n<td>Antarctic:Nazca</td>\n</tr>\n<tr bgcolor=\"#D4E4F3\">\n<td>LABEL</td>\n<td>Divergent Boundary</td>\n</tr>\n</table>\n</td>\n</tr>\n</table>\n</body>\n</html>", "LABEL": "Divergent Boundary" }, "geometry": { "type": "MultiLineString", "coordinates": [ [ [ -91.657997131562354, -38.866001129548472, 0.0 ], [ -91.603996277206363, -39.348999023486101, 0.0 ], [ -91.547996521322375, -39.833000183111892, 0.0 ], [ -91.512001037717653, -40.282001494972967, 0.0 ], [ -91.475997925164052, -40.731998443573282, 0.0 ], [ -91.390998840124325, -41.103000640667013, 0.0 ] ] ] } },
{ "type": "Feature", "properties": { "Name": "Antarctic:Nazca", "Description": "<html xmlns:fo=\"http://www.w3.org/1999/XSL/Format\" xmlns:msxsl=\"urn:schemas-microsoft-com:xslt\">\n<head>\n<META http-equiv=\"Content-Type\" content=\"text/html\">\n<meta http-equiv=\"content-type\" content=\"text/html; charset=UTF-8\">\n</head>\n<body style=\"margin:0px 0px 0px 0px;overflow:auto;background:#FFFFFF;\">\n<table style=\"font-family:Arial,Verdana,Times;font-size:12px;text-align:left;width:100%;border-collapse:collapse;padding:3px 3px 3px 3px\">\n<tr style=\"text-align:center;font-weight:bold;background:#9CBCE2\">\n<td>Antarctic:Nazca</td>\n</tr>\n<tr>\n<td>\n<table style=\"font-family:Arial,Verdana,Times;font-size:12px;text-align:left;width:100%;border-spacing:0px; padding:3px 3px 3px 3px\">\n<tr>\n<td>NAME</td>\n<td>Antarctic:Nazca</td>\n</tr>\n<tr bgcolor=\"#D4E4F3\">\n<td>LABEL</td>\n<td>Divergent Boundary</td>\n</tr>\n</table>\n</td>\n</tr>\n</table>\n</body>\n</html>", "LABEL": "Divergent Boundary" }, "geometry": { "type": "MultiLineString", "coordinates": [ [ [ -90.087997436332557, -41.057998657212238, 0.0 ], [ -90.054000854256003, -41.43199920659805, 0.0 ] ] ] } },
{ "type": "Feature", "properties": { "Name": "Antarctic:Nazca", "Description": "<html xmlns:fo=\"http://www.w3.org/1999/XSL/Format\" xmlns:msxsl=\"urn:schemas-microsoft-com:xslt\">\n<head>\n<META http-equiv=\"Content-Type\" content=\"text/html\">\n<meta http-equiv=\"content-type\" content=\"text/html; charset=UTF-8\">\n</head>\n<body style=\"margin:0px 0px 0px 0px;overflow:auto;background:#FFFFFF;\">\n<table style=\"font-family:Arial,Verdana,Times;font-size:12px;text-align:left;width:100%;border-collapse:collapse;padding:3px 3px 3px 3px\">\n<tr style=\"text-align:center;font-weight:bold;background:#9CBCE2\">\n<td>Antarctic:Nazca</td>\n</tr>\n<tr>\n<td>\n<table style=\"font-family:Arial,Verdana,Times;font-size:12px;text-align:left;width:100%;border-spacing:0px; padding:3px 3px 3px 3px\">\n<tr>\n<td>NAME</td>\n<td>Antarctic:Nazca</td>\n</tr>\n<tr bgcolor=\"#D4E4F3\">\n<td>LABEL</td>\n<td>Divergent Boundary</td>\n</tr>\n</table>\n</td>\n</tr>\n</table>\n</body>\n</html>", "LABEL": "Divergent Boundary" }, "geometry": { "type": "MultiLineString", "coordinates": [ [ [ -87.416999816887994, -41.272998809847138, 0.0 ], [ -87.335998534904434, -41.52099990871875, 0.0 ] ] ] } },
{ "type": "Feature", "properties": { "Name": "Australian:Antarctic", "Description": "<html xmlns:fo=\"http://www.w3.org/1999/XSL/Format\" xmlns:msxsl=\"urn:schemas-microsoft-com:xslt\">\n<head>\n<META http-equiv=\"Content-Type\" content=\"text/html\">\n<meta http-equiv=\"content-type\" content=\"text/html; charset=UTF-8\">\n</head>\n<body style=\"margin:0px 0px 0px 0px;overflow:auto;background:#FFFFFF;\">\n<table style=\"font-family:Arial,Verdana,Times;font-size:12px;text-align:left;width:100%;border-collapse:collapse;padding:3px 3px 3px 3px\">\n<tr style=\"text-align:center;font-weight:bold;background:#9CBCE2\">\n<td>Australian:Antarctic</td>\n</tr>\n<tr>\n<td>\n<table style=\"font-family:Arial,Verdana,Times;font-size:12px;text-align:left;width:100%;border-spacing:0px; padding:3px 3px 3px 3px\">\n<tr>\n<td>NAME</td>\n<td>Australian:Antarctic</td>\n</tr>\n<tr bgcolor=\"#D4E4F3\">\n<td>LABEL</td>\n<td>Divergent Boundary</td>\n</tr>\n</table>\n</td>\n</tr>\n</table>\n</body>\n</html>", "LABEL": "Divergent Boundary" }, "geometry": { "type": "MultiLineString", "coordinates": [ [ [ 79.989997863710471, -41.891998290888353, 0.0 ], [ 79.319000243866242, -41.383998870851137, 0.0 ], [ 78.658996582426369, -40.87200164775777, 0.0 ], [ 78.484001159426043, -40.866001129148742, 0.0 ], [ 77.824996947850934, -40.326000213638913, 0.0 ] ] ] } },
{ "type": "Feature", "properties": { "Name": "Australian:Antarctic", "Description": "<html xmlns:fo=\"http://www.w3.org/1999/XSL/Format\" xmlns:msxsl=\"urn:schemas-microsoft-com:xslt\">\n<head>\n<META http-equiv=\"Content-Type\" content=\"text/html\">\n<meta http-equiv=\"content-type\" content=\"text/html; charset=UTF-8\">\n</head>\n<body style=\"margin:0px 0px 0px 0px;overflow:auto;background:#FFFFFF;\">\n<table style=\"font-family:Arial,Verdana,Times;font-size:12px;text-align:left;width:100%;border-collapse:collapse;padding:3px 3px 3px 3px\">\n<tr style=\"text-align:center;font-weight:bold;background:#9CBCE2\">\n<td>Australian:Antarctic</td>\n</tr>\n<tr>\n<td>\n<table style=\"font-family:Arial,Verdana,Times;font-size:12px;text-align:left;width:100%;border-spacing:0px; padding:3px 3px 3px 3px\">\n<tr>\n<td>NAME</td>\n<td>Australian:Antarctic</td>\n</tr>\n<tr bgcolor=\"#D4E4F3\">\n<td>LABEL</td>\n<td>Divergent Boundary</td>\n</tr>\n</table>\n</td>\n</tr>\n</table>\n</body>\n</html>", "LABEL": "Divergent Boundary" }, "geometry": { "type": "MultiLineString", "coordinates": [ [ [ 88.059997558540545, -41.997001648207458, 0.0 ], [ 87.501998901228376, -41.709999084490107, 0.0 ], [ 86.949996948500427, -41.421001434168829, 0.0 ], [ 86.40200042687826, -41.129001617530612, 0.0 ], [ 85.859001159975605, -40.833999633676122, 0.0 ] ] ] } },
{ "type": "Feature", "properties": { "Name": "Pacific:Antarctic", "Description": "<html xmlns:fo=\"http://www.w3.org/1999/XSL/Format\" xmlns:msxsl=\"urn:schemas-microsoft-com:xslt\">\n<head>\n<META http-equiv=\"Content-Type\" content=\"text/html\">\n<meta http-equiv=\"content-type\" content=\"text/html; charset=UTF-8\">\n</head>\n<body style=\"margin:0px 0px 0px 0px;overflow:auto;background:#FFFFFF;\">\n<table style=\"font-family:Arial,Verdana,Times;font-size:12px;text-align:left;width:100%;border-collapse:collapse;padding:3px 3px 3px 3px\">\n<tr style=\"text-align:center;font-weight:bold;background:#9CBCE2\">\n<td>Pacific:Antarctic</td>\n</tr>\n<tr>\n<td>\n<table style=\"font-family:Arial,Verdana,Times;font-size:12px;text-align:left;width:100%;border-spacing:0px; padding:3px 3px 3px 3px\">\n<tr>\n<td>NAME</td>\n<td>Pacific:Antarctic</td>\n</tr>\n<tr bgcolor=\"#D4E4F3\">\n<td>LABEL</td>\n<td>Divergent Boundary</td>\n</tr>\n</table>\n</td>\n</tr>\n</table>\n</body>\n</html>", "LABEL": "Divergent Boundary" }, "geometry": { "type": "MultiLineString", "coordinates": [ [ [ -110.390998839924507, -38.986000061453637, 0.0 ], [ -110.532997131612305, -39.575000762575087, 0.0 ], [ -110.677001952877802, -40.164001464595863, 0.0 ], [ -110.753997802856304, -40.759998321964929, 0.0 ], [ -110.832000732547698, -41.354999542594783, 0.0 ], [ -110.954002380005804, -42.249000549235923, 0.0 ] ] ] } },
{ "type": "Feature", "properties": { "Name": "African:Antarctic", "Description": "<html xmlns:fo=\"http://www.w3.org/1999/XSL/Format\" xmlns:msxsl=\"urn:schemas-microsoft-com:xslt\">\n<head>\n<META http-equiv=\"Content-Type\" content=\"text/html\">\n<meta http-equiv=\"content-type\" content=\"text/html; charset=UTF-8\">\n</head>\n<body style=\"margin:0px 0px 0px 0px;overflow:auto;background:#FFFFFF;\">\n<table style=\"font-family:Arial,Verdana,Times;font-size:12px;text-align:left;width:100%;border-collapse:collapse;padding:3px 3px 3px 3px\">\n<tr style=\"text-align:center;font-weight:bold;background:#9CBCE2\">\n<td>African:Antarctic</td>\n</tr>\n<tr>\n<td>\n<table style=\"font-family:Arial,Verdana,Times;font-size:12px;text-align:left;width:100%;border-spacing:0px; padding:3px 3px 3px 3px\">\n<tr>\n<td>NAME</td>\n<td>African:Antarctic</td>\n</tr>\n<tr bgcolor=\"#D4E4F3\">\n<td>LABEL</td>\n<td>Divergent Boundary</td>\n</tr>\n</table>\n</td>\n</tr>\n</table>\n</body>\n</html>", "LABEL": "Divergent Boundary" }, "geometry": { "type": "MultiLineString", "coordinates": [ [ [ 42.469001769915792, -42.729999542544817, 0.0 ], [ 41.812000274792922, -42.654998779170292, 0.0 ] ] ] } },
{ "type": "Feature", "properties": { "Name": "Australian:Antarctic", "Description": "<html xmlns:fo=\"http://www.w3.org/1999/XSL/Format\" xmlns:msxsl=\"urn:schemas-microsoft-com:xslt\">\n<head>\n<META http-equiv=\"Content-Type\" content=\"text/html\">\n<meta http-equiv=\"content-type\" content=\"text/html; charset=UTF-8\">\n</head>\n<body style=\"margin:0px 0px 0px 0px;overflow:auto;background:#FFFFFF;\">\n<table style=\"font-family:Arial,Verdana,Times;font-size:12px;text-align:left;width:100%;border-collapse:collapse;padding:3px 3px 3px 3px\">\n<tr style=\"text-align:center;font-weight:bold;background:#9CBCE2\">\n<td>Australian:Antarctic</td>\n</tr>\n<tr>\n<td>\n<table style=\"font-family:Arial,Verdana,Times;font-size:12px;text-align:left;width:100%;border-spacing:0px; padding:3px 3px 3px 3px\">\n<tr>\n<td>NAME</td>\n<td>Australian:Antarctic</td>\n</tr>\n<tr bgcolor=\"#D4E4F3\">\n<td>LABEL</td>\n<td>Divergent Boundary</td>\n</tr>\n</table>\n</td>\n</tr>\n</table>\n</body>\n</html>", "LABEL": "Divergent Boundary" }, "geometry": { "type": "MultiLineString", "coordinates": [ [ [ 83.439002990795473, -42.889999390059756, 0.0 ], [ 82.58799743623274, -42.308998108176127, 0.0 ], [ 81.751998901028514, -41.72200012170822, 0.0 ], [ 80.931999206098567, -41.130001068294632, 0.0 ] ] ] } },
{ "type": "Feature", "properties": { "Name": "Antarctic:Nazca", "Description": "<html xmlns:fo=\"http://www.w3.org/1999/XSL/Format\" xmlns:msxsl=\"urn:schemas-microsoft-com:xslt\">\n<head>\n<META http-equiv=\"Content-Type\" content=\"text/html\">\n<meta http-equiv=\"content-type\" content=\"text/html; charset=UTF-8\">\n</head>\n<body style=\"margin:0px 0px 0px 0px;overflow:auto;background:#FFFFFF;\">\n<table style=\"font-family:Arial,Verdana,Times;font-size:12px;text-align:left;width:100%;border-collapse:collapse;padding:3px 3px 3px 3px\">\n<tr style=\"text-align:center;font-weight:bold;background:#9CBCE2\">\n<td>Antarctic:Nazca</td>\n</tr>\n<tr>\n<td>\n<table style=\"font-family:Arial,Verdana,Times;font-size:12px;text-align:left;width:100%;border-spacing:0px; padding:3px 3px 3px 3px\">\n<tr>\n<td>NAME</td>\n<td>Antarctic:Nazca</td>\n</tr>\n<tr bgcolor=\"#D4E4F3\">\n<td>LABEL</td>\n<td>Divergent Boundary</td>\n</tr>\n</table>\n</td>\n</tr>\n</table>\n</body>\n</html>", "LABEL": "Divergent Boundary" }, "geometry": { "type": "MultiLineString", "coordinates": [ [ [ -83.827003478727534, -41.124999999550312, 0.0 ], [ -83.716003417723527, -41.673999785961307, 0.0 ], [ -83.603996277006559, -42.222000122507609, 0.0 ], [ -83.454002380105692, -42.873001099021451, 0.0 ], [ -83.447998046572536, -42.980998992809248, 0.0 ] ] ] } },
{ "type": "Feature", "properties": { "Name": "African:Antarctic", "Description": "<html xmlns:fo=\"http://www.w3.org/1999/XSL/Format\" xmlns:msxsl=\"urn:schemas-microsoft-com:xslt\">\n<head>\n<META http-equiv=\"Content-Type\" content=\"text/html\">\n<meta http-equiv=\"content-type\" content=\"text/html; charset=UTF-8\">\n</head>\n<body style=\"margin:0px 0px 0px 0px;overflow:auto;background:#FFFFFF;\">\n<table style=\"font-family:Arial,Verdana,Times;font-size:12px;text-align:left;width:100%;border-collapse:collapse;padding:3px 3px 3px 3px\">\n<tr style=\"text-align:center;font-weight:bold;background:#9CBCE2\">\n<td>African:Antarctic</td>\n</tr>\n<tr>\n<td>\n<table style=\"font-family:Arial,Verdana,Times;font-size:12px;text-align:left;width:100%;border-spacing:0px; padding:3px 3px 3px 3px\">\n<tr>\n<td>NAME</td>\n<td>African:Antarctic</td>\n</tr>\n<tr bgcolor=\"#D4E4F3\">\n<td>LABEL</td>\n<td>Divergent Boundary</td>\n</tr>\n</table>\n</td>\n</tr>\n</table>\n</body>\n</html>", "LABEL": "Divergent Boundary" }, "geometry": { "type": "MultiLineString", "coordinates": [ [ [ 41.557998657312233, -43.578998565731183, 0.0 ], [ 40.506000518709023, -43.437999725706732, 0.0 ], [ 39.458999633925998, -43.285999298328932, 0.0 ] ] ] } },
{ "type": "Feature", "properties": { "Name": "African:Antarctic", "Description": "<html xmlns:fo=\"http://www.w3.org/1999/XSL/Format\" xmlns:msxsl=\"urn:schemas-microsoft-com:xslt\">\n<head>\n<META http-equiv=\"Content-Type\" content=\"text/html\">\n<meta http-equiv=\"content-type\" content=\"text/html; charset=UTF-8\">\n</head>\n<body style=\"margin:0px 0px 0px 0px;overflow:auto;background:#FFFFFF;\">\n<table style=\"font-family:Arial,Verdana,Times;font-size:12px;text-align:left;width:100%;border-collapse:collapse;padding:3px 3px 3px 3px\">\n<tr style=\"text-align:center;font-weight:bold;background:#9CBCE2\">\n<td>African:Antarctic</td>\n</tr>\n<tr>\n<td>\n<table style=\"font-family:Arial,Verdana,Times;font-size:12px;text-align:left;width:100%;border-spacing:0px; padding:3px 3px 3px 3px\">\n<tr>\n<td>NAME</td>\n<td>African:Antarctic</td>\n</tr>\n<tr bgcolor=\"#D4E4F3\">\n<td>LABEL</td>\n<td>Divergent Boundary</td>\n</tr>\n</table>\n</td>\n</tr>\n</table>\n</body>\n</html>", "LABEL": "Divergent Boundary" }, "geometry": { "type": "MultiLineString", "coordinates": [ [ [ 39.073001861346881, -44.165000915459807, 0.0 ], [ 38.33800125145666, -44.055000305219892, 0.0 ] ] ] } },
{ "type": "Feature", "properties": { "Name": "Australian:Antarctic", "Description": "<html xmlns:fo=\"http://www.w3.org/1999/XSL/Format\" xmlns:msxsl=\"urn:schemas-microsoft-com:xslt\">\n<head>\n<META http-equiv=\"Content-Type\" content=\"text/html\">\n<meta http-equiv=\"content-type\" content=\"text/html; charset=UTF-8\">\n</head>\n<body style=\"margin:0px 0px 0px 0px;overflow:auto;background:#FFFFFF;\">\n<table style=\"font-family:Arial,Verdana,Times;font-size:12px;text-align:left;width:100%;border-collapse:collapse;padding:3px 3px 3px 3px\">\n<tr style=\"text-align:center;font-weight:bold;background:#9CBCE2\">\n<td>Australian:Antarctic</td>\n</tr>\n<tr>\n<td>\n<table style=\"font-family:Arial,Verdana,Times;font-size:12px;text-align:left;width:100%;border-spacing:0px; padding:3px 3px 3px 3px\">\n<tr>\n<td>NAME</td>\n<td>Australian:Antarctic</td>\n</tr>\n<tr bgcolor=\"#D4E4F3\">\n<td>LABEL</td>\n<td>Divergent Boundary</td>\n</tr>\n</table>\n</td>\n</tr>\n</table>\n</body>\n</html>", "LABEL": "Divergent Boundary" }, "geometry": { "type": "MultiLineString", "coordinates": [ [ [ 95.040000915609824, -44.618999481141088, 0.0 ], [ 94.470001221079542, -44.389999389759957, 0.0 ], [ 93.903999328706107, -44.157001495322731, 0.0 ], [ 93.343002319101799, -43.922000885332523, 0.0 ], [ 92.786003112553658, -43.683998108126161, 0.0 ], [ 92.234001159825709, -43.443000793551732, 0.0 ], [ 91.685997009254606, -43.199001312660407, 0.0 ], [ 91.141998290688605, -42.952999115316857, 0.0 ], [ 90.602996825942796, -42.705001831369373, 0.0 ], [ 90.068000793202089, -42.453998565281502, 0.0 ], [ 89.537002563517547, -42.200000762724983, 0.0 ], [ 89.011001586753878, -41.944000243716232, 0.0 ], [ 88.487998962282347, -41.686000824078747, 0.0 ] ] ] } },
{ "type": "Feature", "properties": { "Name": "Antarctic:Nazca", "Description": "<html xmlns:fo=\"http://www.w3.org/1999/XSL/Format\" xmlns:msxsl=\"urn:schemas-microsoft-com:xslt\">\n<head>\n<META http-equiv=\"Content-Type\" content=\"text/html\">\n<meta http-equiv=\"content-type\" content=\"text/html; charset=UTF-8\">\n</head>\n<body style=\"margin:0px 0px 0px 0px;overflow:auto;background:#FFFFFF;\">\n<table style=\"font-family:Arial,Verdana,Times;font-size:12px;text-align:left;width:100%;border-collapse:collapse;padding:3px 3px 3px 3px\">\n<tr style=\"text-align:center;font-weight:bold;background:#9CBCE2\">\n<td>Antarctic:Nazca</td>\n</tr>\n<tr>\n<td>\n<table style=\"font-family:Arial,Verdana,Times;font-size:12px;text-align:left;width:100%;border-spacing:0px; padding:3px 3px 3px 3px\">\n<tr>\n<td>NAME</td>\n<td>Antarctic:Nazca</td>\n</tr>\n<tr bgcolor=\"#D4E4F3\">\n<td>LABEL</td>\n<td>Divergent Boundary</td>\n</tr>\n</table>\n</td>\n</tr>\n</table>\n</body>\n</html>", "LABEL": "Divergent Boundary" }, "geometry": { "type": "MultiLineString", "coordinates": [ [ [ -82.509002685425571, -42.861000060904018, 0.0 ], [ -82.350997924514559, -43.638999938696152, 0.0 ], [ -82.138000488331841, -44.403999328506188, 0.0 ], [ -81.934997558890188, -44.964000702270539, 0.0 ] ] ] } },
{ "type": "Feature", "properties": { "Name": "African:Antarctic", "Description": "<html xmlns:fo=\"http://www.w3.org/1999/XSL/Format\" xmlns:msxsl=\"urn:schemas-microsoft-com:xslt\">\n<head>\n<META http-equiv=\"Content-Type\" content=\"text/html\">\n<meta http-equiv=\"content-type\" content=\"text/html; charset=UTF-8\">\n</head>\n<body style=\"margin:0px 0px 0px 0px;overflow:auto;background:#FFFFFF;\">\n<table style=\"font-family:Arial,Verdana,Times;font-size:12px;text-align:left;width:100%;border-collapse:collapse;padding:3px 3px 3px 3px\">\n<tr style=\"text-align:center;font-weight:bold;background:#9CBCE2\">\n<td>African:Antarctic</td>\n</tr>\n<tr>\n<td>\n<table style=\"font-family:Arial,Verdana,Times;font-size:12px;text-align:left;width:100%;border-spacing:0px; padding:3px 3px 3px 3px\">\n<tr>\n<td>NAME</td>\n<td>African:Antarctic</td>\n</tr>\n<tr bgcolor=\"#D4E4F3\">\n<td>LABEL</td>\n<td>Divergent Boundary</td>\n</tr>\n</table>\n</td>\n</tr>\n</table>\n</body>\n</html>", "LABEL": "Divergent Boundary" }, "geometry": { "type": "MultiLineString", "coordinates": [ [ [ 38.083000183211936, -44.618999481141088, 0.0 ], [ 37.507999419937342, -44.875000000149839, 0.0 ], [ 37.084999084040533, -44.8040008547556, 0.0 ], [ 36.676998138553301, -44.919998168680479, 0.0 ], [ 36.30300140409156, -44.965999602899331, 0.0 ], [ 35.972999572472361, -44.96099853505433, 0.0 ], [ 35.659999847714857, -44.866001129248673, 0.0 ], [ 35.181999206698087, -44.854999541895317, 0.0 ], [ 35.013999939046023, -45.105998993059018, 0.0 ] ] ] } },
{ "type": "Feature", "properties": { "Name": "Australian:Antarctic", "Description": "<html xmlns:fo=\"http://www.w3.org/1999/XSL/Format\" xmlns:msxsl=\"urn:schemas-microsoft-com:xslt\">\n<head>\n<META http-equiv=\"Content-Type\" content=\"text/html\">\n<meta http-equiv=\"content-type\" content=\"text/html; charset=UTF-8\">\n</head>\n<body style=\"margin:0px 0px 0px 0px;overflow:auto;background:#FFFFFF;\">\n<table style=\"font-family:Arial,Verdana,Times;font-size:12px;text-align:left;width:100%;border-collapse:collapse;padding:3px 3px 3px 3px\">\n<tr style=\"text-align:center;font-weight:bold;background:#9CBCE2\">\n<td>Australian:Antarctic</td>\n</tr>\n<tr>\n<td>\n<table style=\"font-family:Arial,Verdana,Times;font-size:12px;text-align:left;width:100%;border-spacing:0px; padding:3px 3px 3px 3px\">\n<tr>\n<td>NAME</td>\n<td>Australian:Antarctic</td>\n</tr>\n<tr bgcolor=\"#D4E4F3\">\n<td>LABEL</td>\n<td>Divergent Boundary</td>\n</tr>\n</table>\n</td>\n</tr>\n</table>\n</body>\n</html>", "LABEL": "Divergent Boundary" }, "geometry": { "type": "MultiLineString", "coordinates": [ [ [ 96.697998047272108, -45.47100067154372, 0.0 ], [ 95.805999756183837, -45.140998839924457, 0.0 ], [ 94.926002502313679, -44.805000305519627, 0.0 ] ] ] } },
{ "type": "Feature", "properties": { "Name": "African:South American", "Description": "<html xmlns:fo=\"http://www.w3.org/1999/XSL/Format\" xmlns:msxsl=\"urn:schemas-microsoft-com:xslt\">\n<head>\n<META http-equiv=\"Content-Type\" content=\"text/html\">\n<meta http-equiv=\"content-type\" content=\"text/html; charset=UTF-8\">\n</head>\n<body style=\"margin:0px 0px 0px 0px;overflow:auto;background:#FFFFFF;\">\n<table style=\"font-family:Arial,Verdana,Times;font-size:12px;text-align:left;width:100%;border-collapse:collapse;padding:3px 3px 3px 3px\">\n<tr style=\"text-align:center;font-weight:bold;background:#9CBCE2\">\n<td>African:South American</td>\n</tr>\n<tr>\n<td>\n<table style=\"font-family:Arial,Verdana,Times;font-size:12px;text-align:left;width:100%;border-spacing:0px; padding:3px 3px 3px 3px\">\n<tr>\n<td>NAME</td>\n<td>African:South American</td>\n</tr>\n<tr bgcolor=\"#D4E4F3\">\n<td>LABEL</td>\n<td>Divergent Boundary</td>\n</tr>\n</table>\n</td>\n</tr>\n</table>\n</body>\n</html>", "LABEL": "Divergent Boundary" }, "geometry": { "type": "MultiLineString", "coordinates": [ [ [ -15.593999862903329, -45.476001739388721, 0.0 ], [ -15.7600002290273, -45.027999878291723, 0.0 ], [ -15.923999786161181, -44.580001831219477, 0.0 ], [ -16.086000442666261, -44.131999969223159, 0.0 ], [ -16.24399948119105, -43.682998657362077, 0.0 ], [ -16.32999992355758, -43.387001037667687, 0.0 ], [ -16.430000305569589, -42.86800003027713, 0.0 ], [ -16.215000152934689, -42.338001251356623, 0.0 ], [ -16.33200073254773, -41.805999755983919, 0.0 ], [ -16.677999496079849, -41.519001007190703, 0.0 ], [ -16.743999481091119, -41.175998687589299, 0.0 ], [ -16.816999435475509, -40.790000915909502, 0.0 ], [ -16.867000580212562, -40.366001129248673, 0.0 ] ] ] } },
{ "type": "Feature", "properties": { "Name": "Antarctic:Nazca", "Description": "<html xmlns:fo=\"http://www.w3.org/1999/XSL/Format\" xmlns:msxsl=\"urn:schemas-microsoft-com:xslt\">\n<head>\n<META http-equiv=\"Content-Type\" content=\"text/html\">\n<meta http-equiv=\"content-type\" content=\"text/html; charset=UTF-8\">\n</head>\n<body style=\"margin:0px 0px 0px 0px;overflow:auto;background:#FFFFFF;\">\n<table style=\"font-family:Arial,Verdana,Times;font-size:12px;text-align:left;width:100%;border-collapse:collapse;padding:3px 3px 3px 3px\">\n<tr style=\"text-align:center;font-weight:bold;background:#9CBCE2\">\n<td>Antarctic:Nazca</td>\n</tr>\n<tr>\n<td>\n<table style=\"font-family:Arial,Verdana,Times;font-size:12px;text-align:left;width:100%;border-spacing:0px; padding:3px 3px 3px 3px\">\n<tr>\n<td>NAME</td>\n<td>Antarctic:Nazca</td>\n</tr>\n<tr bgcolor=\"#D4E4F3\">\n<td>LABEL</td>\n<td>Divergent Boundary</td>\n</tr>\n</table>\n</td>\n</tr>\n</table>\n</body>\n</html>", "LABEL": "Divergent Boundary" }, "geometry": { "type": "MultiLineString", "coordinates": [ [ [ -78.206001281334011, -44.410999297879243, 0.0 ], [ -77.989997863910276, -45.091999054312851, 0.0 ], [ -77.763999938846041, -45.589000701920838, 0.0 ], [ -77.661003112903302, -45.761001586653833, 0.0 ] ] ] } },
{ "type": "Feature", "properties": { "Name": "Pacific:Antarctic", "Description": "<html xmlns:fo=\"http://www.w3.org/1999/XSL/Format\" xmlns:msxsl=\"urn:schemas-microsoft-com:xslt\">\n<head>\n<META http-equiv=\"Content-Type\" content=\"text/html\">\n<meta http-equiv=\"content-type\" content=\"text/html; charset=UTF-8\">\n</head>\n<body style=\"margin:0px 0px 0px 0px;overflow:auto;background:#FFFFFF;\">\n<table style=\"font-family:Arial,Verdana,Times;font-size:12px;text-align:left;width:100%;border-collapse:collapse;padding:3px 3px 3px 3px\">\n<tr style=\"text-align:center;font-weight:bold;background:#9CBCE2\">\n<td>Pacific:Antarctic</td>\n</tr>\n<tr>\n<td>\n<table style=\"font-family:Arial,Verdana,Times;font-size:12px;text-align:left;width:100%;border-spacing:0px; padding:3px 3px 3px 3px\">\n<tr>\n<td>NAME</td>\n<td>Pacific:Antarctic</td>\n</tr>\n<tr bgcolor=\"#D4E4F3\">\n<td>LABEL</td>\n<td>Divergent Boundary</td>\n</tr>\n</table>\n</td>\n</tr>\n</table>\n</body>\n</html>", "LABEL": "Divergent Boundary" }, "geometry": { "type": "MultiLineString", "coordinates": [ [ [ -111.348999023486101, -42.200000762724983, 0.0 ], [ -111.5380020141816, -42.682998657561939, 0.0 ], [ -111.730003357169196, -43.166000366423702, 0.0 ], [ -111.971000671743596, -43.773998260111568, 0.0 ], [ -112.216003418323098, -44.381000518858798, 0.0 ], [ -112.380996703834796, -44.937999725406939, 0.0 ], [ -112.5500030520992, -45.493999481191047, 0.0 ], [ -112.675003051849302, -45.833000182812157, 0.0 ] ] ] } },
{ "type": "Feature", "properties": { "Name": "African:South American", "Description": "<html xmlns:fo=\"http://www.w3.org/1999/XSL/Format\" xmlns:msxsl=\"urn:schemas-microsoft-com:xslt\">\n<head>\n<META http-equiv=\"Content-Type\" content=\"text/html\">\n<meta http-equiv=\"content-type\" content=\"text/html; charset=UTF-8\">\n</head>\n<body style=\"margin:0px 0px 0px 0px;overflow:auto;background:#FFFFFF;\">\n<table style=\"font-family:Arial,Verdana,Times;font-size:12px;text-align:left;width:100%;border-collapse:collapse;padding:3px 3px 3px 3px\">\n<tr style=\"text-align:center;font-weight:bold;background:#9CBCE2\">\n<td>African:South American</td>\n</tr>\n<tr>\n<td>\n<table style=\"font-family:Arial,Verdana,Times;font-size:12px;text-align:left;width:100%;border-spacing:0px; padding:3px 3px 3px 3px\">\n<tr>\n<td>NAME</td>\n<td>African:South American</td>\n</tr>\n<tr bgcolor=\"#D4E4F3\">\n<td>LABEL</td>\n<td>Divergent Boundary</td>\n</tr>\n</table>\n</td>\n</tr>\n</table>\n</body>\n</html>", "LABEL": "Divergent Boundary" }, "geometry": { "type": "MultiLineString", "coordinates": [ [ [ -14.71500015233511, -45.897998809597368, 0.0 ], [ -14.894000053159861, -45.370998382968942, 0.0 ] ] ] } },
{ "type": "Feature", "properties": { "Name": "African:Antarctic", "Description": "<html xmlns:fo=\"http://www.w3.org/1999/XSL/Format\" xmlns:msxsl=\"urn:schemas-microsoft-com:xslt\">\n<head>\n<META http-equiv=\"Content-Type\" content=\"text/html\">\n<meta http-equiv=\"content-type\" content=\"text/html; charset=UTF-8\">\n</head>\n<body style=\"margin:0px 0px 0px 0px;overflow:auto;background:#FFFFFF;\">\n<table style=\"font-family:Arial,Verdana,Times;font-size:12px;text-align:left;width:100%;border-collapse:collapse;padding:3px 3px 3px 3px\">\n<tr style=\"text-align:center;font-weight:bold;background:#9CBCE2\">\n<td>African:Antarctic</td>\n</tr>\n<tr>\n<td>\n<table style=\"font-family:Arial,Verdana,Times;font-size:12px;text-align:left;width:100%;border-spacing:0px; padding:3px 3px 3px 3px\">\n<tr>\n<td>NAME</td>\n<td>African:Antarctic</td>\n</tr>\n<tr bgcolor=\"#D4E4F3\">\n<td>LABEL</td>\n<td>Divergent Boundary</td>\n</tr>\n</table>\n</td>\n</tr>\n</table>\n</body>\n</html>", "LABEL": "Divergent Boundary" }, "geometry": { "type": "MultiLineString", "coordinates": [ [ [ 34.703998565681331, -45.97100067144379, 0.0 ], [ 34.504001617480696, -46.22200012170822, 0.0 ], [ 34.266998291038362, -46.212001800942289, 0.0 ], [ 34.087001800192979, -46.090000152584942, 0.0 ], [ 33.981998443773193, -46.081001281683768, 0.0 ], [ 33.818000793202089, -45.979000091580929, 0.0 ], [ 33.540000915310031, -46.346000671593693, 0.0 ] ] ] } },
{ "type": "Feature", "properties": { "Name": "African:Antarctic", "Description": "<html xmlns:fo=\"http://www.w3.org/1999/XSL/Format\" xmlns:msxsl=\"urn:schemas-microsoft-com:xslt\">\n<head>\n<META http-equiv=\"Content-Type\" content=\"text/html\">\n<meta http-equiv=\"content-type\" content=\"text/html; charset=UTF-8\">\n</head>\n<body style=\"margin:0px 0px 0px 0px;overflow:auto;background:#FFFFFF;\">\n<table style=\"font-family:Arial,Verdana,Times;font-size:12px;text-align:left;width:100%;border-collapse:collapse;padding:3px 3px 3px 3px\">\n<tr style=\"text-align:center;font-weight:bold;background:#9CBCE2\">\n<td>African:Antarctic</td>\n</tr>\n<tr>\n<td>\n<table style=\"font-family:Arial,Verdana,Times;font-size:12px;text-align:left;width:100%;border-spacing:0px; padding:3px 3px 3px 3px\">\n<tr>\n<td>NAME</td>\n<td>African:Antarctic</td>\n</tr>\n<tr bgcolor=\"#D4E4F3\">\n<td>LABEL</td>\n<td>Divergent Boundary</td>\n</tr>\n</table>\n</td>\n</tr>\n</table>\n</body>\n</html>", "LABEL": "Divergent Boundary" }, "geometry": { "type": "MultiLineString", "coordinates": [ [ [ 31.864999771122601, -47.201000213389079, 0.0 ], [ 32.12120819090535, -47.003692626613372, 0.0 ] ] ] } },
{ "type": "Feature", "properties": { "Name": "African:Antarctic", "Description": "<html xmlns:fo=\"http://www.w3.org/1999/XSL/Format\" xmlns:msxsl=\"urn:schemas-microsoft-com:xslt\">\n<head>\n<META http-equiv=\"Content-Type\" content=\"text/html\">\n<meta http-equiv=\"content-type\" content=\"text/html; charset=UTF-8\">\n</head>\n<body style=\"margin:0px 0px 0px 0px;overflow:auto;background:#FFFFFF;\">\n<table style=\"font-family:Arial,Verdana,Times;font-size:12px;text-align:left;width:100%;border-collapse:collapse;padding:3px 3px 3px 3px\">\n<tr style=\"text-align:center;font-weight:bold;background:#9CBCE2\">\n<td>African:Antarctic</td>\n</tr>\n<tr>\n<td>\n<table style=\"font-family:Arial,Verdana,Times;font-size:12px;text-align:left;width:100%;border-spacing:0px; padding:3px 3px 3px 3px\">\n<tr>\n<td>NAME</td>\n<td>African:Antarctic</td>\n</tr>\n<tr bgcolor=\"#D4E4F3\">\n<td>LABEL</td>\n<td>Divergent Boundary</td>\n</tr>\n</table>\n</td>\n</tr>\n</table>\n</body>\n</html>", "LABEL": "Divergent Boundary" }, "geometry": { "type": "MultiLineString", "coordinates": [ [ [ 33.173999786061302, -47.263999938646243, 0.0 ], [ 32.125999450514257, -47.000000000399673, 0.0 ], [ 32.12120819090535, -47.003692626613372, 0.0 ] ] ] } },
{ "type": "Feature", "properties": { "Name": "African:South American", "Description": "<html xmlns:fo=\"http://www.w3.org/1999/XSL/Format\" xmlns:msxsl=\"urn:schemas-microsoft-com:xslt\">\n<head>\n<META http-equiv=\"Content-Type\" content=\"text/html\">\n<meta http-equiv=\"content-type\" content=\"text/html; charset=UTF-8\">\n</head>\n<body style=\"margin:0px 0px 0px 0px;overflow:auto;background:#FFFFFF;\">\n<table style=\"font-family:Arial,Verdana,Times;font-size:12px;text-align:left;width:100%;border-collapse:collapse;padding:3px 3px 3px 3px\">\n<tr style=\"text-align:center;font-weight:bold;background:#9CBCE2\">\n<td>African:South American</td>\n</tr>\n<tr>\n<td>\n<table style=\"font-family:Arial,Verdana,Times;font-size:12px;text-align:left;width:100%;border-spacing:0px; padding:3px 3px 3px 3px\">\n<tr>\n<td>NAME</td>\n<td>African:South American</td>\n</tr>\n<tr bgcolor=\"#D4E4F3\">\n<td>LABEL</td>\n<td>Divergent Boundary</td>\n</tr>\n</table>\n</td>\n</tr>\n</table>\n</body>\n</html>", "LABEL": "Divergent Boundary" }, "geometry": { "type": "MultiLineString", "coordinates": [ [ [ -13.324999809593461, -47.577999115067087, 0.0 ], [ -13.57100009947499, -46.68799972550687, 0.0 ], [ -13.810000419983339, -45.797000885182683, 0.0 ] ] ] } },
{ "type": "Feature", "properties": { "Name": "Australian:Antarctic", "Description": "<html xmlns:fo=\"http://www.w3.org/1999/XSL/Format\" xmlns:msxsl=\"urn:schemas-microsoft-com:xslt\">\n<head>\n<META http-equiv=\"Content-Type\" content=\"text/html\">\n<meta http-equiv=\"content-type\" content=\"text/html; charset=UTF-8\">\n</head>\n<body style=\"margin:0px 0px 0px 0px;overflow:auto;background:#FFFFFF;\">\n<table style=\"font-family:Arial,Verdana,Times;font-size:12px;text-align:left;width:100%;border-collapse:collapse;padding:3px 3px 3px 3px\">\n<tr style=\"text-align:center;font-weight:bold;background:#9CBCE2\">\n<td>Australian:Antarctic</td>\n</tr>\n<tr>\n<td>\n<table style=\"font-family:Arial,Verdana,Times;font-size:12px;text-align:left;width:100%;border-spacing:0px; padding:3px 3px 3px 3px\">\n<tr>\n<td>NAME</td>\n<td>Australian:Antarctic</td>\n</tr>\n<tr bgcolor=\"#D4E4F3\">\n<td>LABEL</td>\n<td>Divergent Boundary</td>\n</tr>\n</table>\n</td>\n</tr>\n</table>\n</body>\n</html>", "LABEL": "Divergent Boundary" }, "geometry": { "type": "MultiLineString", "coordinates": [ [ [ 99.624000548986203, -47.978000641316498, 0.0 ], [ 98.978996277056581, -47.743999481191047, 0.0 ], [ 98.339996337760851, -47.506000518908763, 0.0 ], [ 97.707000731998221, -47.264999389410256, 0.0 ], [ 97.080001830819867, -47.020000457754861, 0.0 ], [ 96.458000183461763, -46.771999358883249, 0.0 ], [ 95.842002868737438, -46.520000457854792, 0.0 ] ] ] } },
{ "type": "Feature", "properties": { "Name": "Australian:Antarctic", "Description": "<html xmlns:fo=\"http://www.w3.org/1999/XSL/Format\" xmlns:msxsl=\"urn:schemas-microsoft-com:xslt\">\n<head>\n<META http-equiv=\"Content-Type\" content=\"text/html\">\n<meta http-equiv=\"content-type\" content=\"text/html; charset=UTF-8\">\n</head>\n<body style=\"margin:0px 0px 0px 0px;overflow:auto;background:#FFFFFF;\">\n<table style=\"font-family:Arial,Verdana,Times;font-size:12px;text-align:left;width:100%;border-collapse:collapse;padding:3px 3px 3px 3px\">\n<tr style=\"text-align:center;font-weight:bold;background:#9CBCE2\">\n<td>Australian:Antarctic</td>\n</tr>\n<tr>\n<td>\n<table style=\"font-family:Arial,Verdana,Times;font-size:12px;text-align:left;width:100%;border-spacing:0px; padding:3px 3px 3px 3px\">\n<tr>\n<td>NAME</td>\n<td>Australian:Antarctic</td>\n</tr>\n<tr bgcolor=\"#D4E4F3\">\n<td>LABEL</td>\n<td>Divergent Boundary</td>\n</tr>\n</table>\n</td>\n</tr>\n</table>\n</body>\n</html>", "LABEL": "Divergent Boundary" }, "geometry": { "type": "MultiLineString", "coordinates": [ [ [ 127.479844440868305, -48.79233937466239, 0.0 ], [ 126.861000061403701, -48.698001861696532, 0.0 ], [ 126.345846959869405, -48.603452932506798, 0.0 ] ] ] } },
{ "type": "Feature", "properties": { "Name": "Australian:Antarctic", "Description": "<html xmlns:fo=\"http://www.w3.org/1999/XSL/Format\" xmlns:msxsl=\"urn:schemas-microsoft-com:xslt\">\n<head>\n<META http-equiv=\"Content-Type\" content=\"text/html\">\n<meta http-equiv=\"content-type\" content=\"text/html; charset=UTF-8\">\n</head>\n<body style=\"margin:0px 0px 0px 0px;overflow:auto;background:#FFFFFF;\">\n<table style=\"font-family:Arial,Verdana,Times;font-size:12px;text-align:left;width:100%;border-collapse:collapse;padding:3px 3px 3px 3px\">\n<tr style=\"text-align:center;font-weight:bold;background:#9CBCE2\">\n<td>Australian:Antarctic</td>\n</tr>\n<tr>\n<td>\n<table style=\"font-family:Arial,Verdana,Times;font-size:12px;text-align:left;width:100%;border-spacing:0px; padding:3px 3px 3px 3px\">\n<tr>\n<td>NAME</td>\n<td>Australian:Antarctic</td>\n</tr>\n<tr bgcolor=\"#D4E4F3\">\n<td>LABEL</td>\n<td>Divergent Boundary</td>\n</tr>\n</table>\n</td>\n</tr>\n</table>\n</body>\n</html>", "LABEL": "Divergent Boundary" }, "geometry": { "type": "MultiLineString", "coordinates": [ [ [ 121.616143899921099, -49.030032828252388, 0.0 ], [ 120.842002868237799, -48.889999389759957, 0.0 ] ] ] } },
{ "type": "Feature", "properties": { "Name": "Australian:Antarctic", "Description": "<html xmlns:fo=\"http://www.w3.org/1999/XSL/Format\" xmlns:msxsl=\"urn:schemas-microsoft-com:xslt\">\n<head>\n<META http-equiv=\"Content-Type\" content=\"text/html\">\n<meta http-equiv=\"content-type\" content=\"text/html; charset=UTF-8\">\n</head>\n<body style=\"margin:0px 0px 0px 0px;overflow:auto;background:#FFFFFF;\">\n<table style=\"font-family:Arial,Verdana,Times;font-size:12px;text-align:left;width:100%;border-collapse:collapse;padding:3px 3px 3px 3px\">\n<tr style=\"text-align:center;font-weight:bold;background:#9CBCE2\">\n<td>Australian:Antarctic</td>\n</tr>\n<tr>\n<td>\n<table style=\"font-family:Arial,Verdana,Times;font-size:12px;text-align:left;width:100%;border-spacing:0px; padding:3px 3px 3px 3px\">\n<tr>\n<td>NAME</td>\n<td>Australian:Antarctic</td>\n</tr>\n<tr bgcolor=\"#D4E4F3\">\n<td>LABEL</td>\n<td>Divergent Boundary</td>\n</tr>\n</table>\n</td>\n</tr>\n</table>\n</body>\n</html>", "LABEL": "Divergent Boundary" }, "geometry": { "type": "MultiLineString", "coordinates": [ [ [ 106.334395070675995, -49.092974892577161, 0.0 ], [ 105.898002624421594, -48.932998657661869, 0.0 ], [ 105.247001647907794, -48.762001037717653, 0.0 ], [ 104.600997925214102, -48.588001251456546, 0.0 ], [ 103.958999633626306, -48.40900039645112, 0.0 ], [ 103.320999145094504, -48.228000640816902, 0.0 ], [ 102.688003540231307, -48.041999817337683, 0.0 ], [ 102.0599975584406, -47.853000640667013, 0.0 ], [ 101.435997009554399, -47.660999297679382, 0.0 ], [ 100.817001342538006, -47.465000152534969, 0.0 ], [ 100.202003478577794, -47.265998840174291, 0.0 ] ] ] } },
{ "type": "Feature", "properties": { "Name": "Australian:Antarctic", "Description": "<html xmlns:fo=\"http://www.w3.org/1999/XSL/Format\" xmlns:msxsl=\"urn:schemas-microsoft-com:xslt\">\n<head>\n<META http-equiv=\"Content-Type\" content=\"text/html\">\n<meta http-equiv=\"content-type\" content=\"text/html; charset=UTF-8\">\n</head>\n<body style=\"margin:0px 0px 0px 0px;overflow:auto;background:#FFFFFF;\">\n<table style=\"font-family:Arial,Verdana,Times;font-size:12px;text-align:left;width:100%;border-collapse:collapse;padding:3px 3px 3px 3px\">\n<tr style=\"text-align:center;font-weight:bold;background:#9CBCE2\">\n<td>Australian:Antarctic</td>\n</tr>\n<tr>\n<td>\n<table style=\"font-family:Arial,Verdana,Times;font-size:12px;text-align:left;width:100%;border-spacing:0px; padding:3px 3px 3px 3px\">\n<tr>\n<td>NAME</td>\n<td>Australian:Antarctic</td>\n</tr>\n<tr bgcolor=\"#D4E4F3\">\n<td>LABEL</td>\n<td>Divergent Boundary</td>\n</tr>\n</table>\n</td>\n</tr>\n</table>\n</body>\n</html>", "LABEL": "Divergent Boundary" }, "geometry": { "type": "MultiLineString", "coordinates": [ [ [ 108.285003662289199, -49.181999206398189, 0.0 ], [ 107.486000061453794, -49.014999389510187, 0.0 ], [ 106.5350831829426, -48.799424949601701, 0.0 ] ] ] } },
{ "type": "Feature", "properties": { "Name": "African:Antarctic", "Description": "<html xmlns:fo=\"http://www.w3.org/1999/XSL/Format\" xmlns:msxsl=\"urn:schemas-microsoft-com:xslt\">\n<head>\n<META http-equiv=\"Content-Type\" content=\"text/html\">\n<meta http-equiv=\"content-type\" content=\"text/html; charset=UTF-8\">\n</head>\n<body style=\"margin:0px 0px 0px 0px;overflow:auto;background:#FFFFFF;\">\n<table style=\"font-family:Arial,Verdana,Times;font-size:12px;text-align:left;width:100%;border-collapse:collapse;padding:3px 3px 3px 3px\">\n<tr style=\"text-align:center;font-weight:bold;background:#9CBCE2\">\n<td>African:Antarctic</td>\n</tr>\n<tr>\n<td>\n<table style=\"font-family:Arial,Verdana,Times;font-size:12px;text-align:left;width:100%;border-spacing:0px; padding:3px 3px 3px 3px\">\n<tr>\n<td>NAME</td>\n<td>African:Antarctic</td>\n</tr>\n<tr bgcolor=\"#D4E4F3\">\n<td>LABEL</td>\n<td>Divergent Boundary</td>\n</tr>\n</table>\n</td>\n</tr>\n</table>\n</body>\n</html>", "LABEL": "Divergent Boundary" }, "geometry": { "type": "MultiLineString", "coordinates": [ [ [ 30.361999511668159, -49.2150001526349, 0.0 ], [ 30.70499992380746, -49.011001587353348, 0.0 ] ] ] } },
{ "type": "Feature", "properties": { "Name": "African:South American", "Description": "<html xmlns:fo=\"http://www.w3.org/1999/XSL/Format\" xmlns:msxsl=\"urn:schemas-microsoft-com:xslt\">\n<head>\n<META http-equiv=\"Content-Type\" content=\"text/html\">\n<meta http-equiv=\"content-type\" content=\"text/html; charset=UTF-8\">\n</head>\n<body style=\"margin:0px 0px 0px 0px;overflow:auto;background:#FFFFFF;\">\n<table style=\"font-family:Arial,Verdana,Times;font-size:12px;text-align:left;width:100%;border-collapse:collapse;padding:3px 3px 3px 3px\">\n<tr style=\"text-align:center;font-weight:bold;background:#9CBCE2\">\n<td>African:South American</td>\n</tr>\n<tr>\n<td>\n<table style=\"font-family:Arial,Verdana,Times;font-size:12px;text-align:left;width:100%;border-spacing:0px; padding:3px 3px 3px 3px\">\n<tr>\n<td>NAME</td>\n<td>African:South American</td>\n</tr>\n<tr bgcolor=\"#D4E4F3\">\n<td>LABEL</td>\n<td>Divergent Boundary</td>\n</tr>\n</table>\n</td>\n</tr>\n</table>\n</body>\n</html>", "LABEL": "Divergent Boundary" }, "geometry": { "type": "MultiLineString", "coordinates": [ [ [ -9.710000037871396, -49.215999603398927, 0.0 ], [ -9.909000396950717, -48.694000243716232, 0.0 ], [ -10.1040000913311, -48.172000884932856, 0.0 ], [ -10.29599952685663, -47.648998260461333, 0.0 ], [ -10.482999801999201, -47.125999450913874, 0.0 ] ] ] } },
{ "type": "Feature", "properties": { "Name": "African:South American", "Description": "<html xmlns:fo=\"http://www.w3.org/1999/XSL/Format\" xmlns:msxsl=\"urn:schemas-microsoft-com:xslt\">\n<head>\n<META http-equiv=\"Content-Type\" content=\"text/html\">\n<meta http-equiv=\"content-type\" content=\"text/html; charset=UTF-8\">\n</head>\n<body style=\"margin:0px 0px 0px 0px;overflow:auto;background:#FFFFFF;\">\n<table style=\"font-family:Arial,Verdana,Times;font-size:12px;text-align:left;width:100%;border-collapse:collapse;padding:3px 3px 3px 3px\">\n<tr style=\"text-align:center;font-weight:bold;background:#9CBCE2\">\n<td>African:South American</td>\n</tr>\n<tr>\n<td>\n<table style=\"font-family:Arial,Verdana,Times;font-size:12px;text-align:left;width:100%;border-spacing:0px; padding:3px 3px 3px 3px\">\n<tr>\n<td>NAME</td>\n<td>African:South American</td>\n</tr>\n<tr bgcolor=\"#D4E4F3\">\n<td>LABEL</td>\n<td>Divergent Boundary</td>\n</tr>\n</table>\n</td>\n</tr>\n</table>\n</body>\n</html>", "LABEL": "Divergent Boundary" }, "geometry": { "type": "MultiLineString", "coordinates": [ [ [ -8.022000313163858, -49.283000945737001, 0.0 ], [ -8.138999938596214, -48.96099853515426, 0.0 ] ] ] } },
{ "type": "Feature", "properties": { "Name": "Australian:Antarctic", "Description": "<html xmlns:fo=\"http://www.w3.org/1999/XSL/Format\" xmlns:msxsl=\"urn:schemas-microsoft-com:xslt\">\n<head>\n<META http-equiv=\"Content-Type\" content=\"text/html\">\n<meta http-equiv=\"content-type\" content=\"text/html; charset=UTF-8\">\n</head>\n<body style=\"margin:0px 0px 0px 0px;overflow:auto;background:#FFFFFF;\">\n<table style=\"font-family:Arial,Verdana,Times;font-size:12px;text-align:left;width:100%;border-collapse:collapse;padding:3px 3px 3px 3px\">\n<tr style=\"text-align:center;font-weight:bold;background:#9CBCE2\">\n<td>Australian:Antarctic</td>\n</tr>\n<tr>\n<td>\n<table style=\"font-family:Arial,Verdana,Times;font-size:12px;text-align:left;width:100%;border-spacing:0px; padding:3px 3px 3px 3px\">\n<tr>\n<td>NAME</td>\n<td>Australian:Antarctic</td>\n</tr>\n<tr bgcolor=\"#D4E4F3\">\n<td>LABEL</td>\n<td>Divergent Boundary</td>\n</tr>\n</table>\n</td>\n</tr>\n</table>\n</body>\n</html>", "LABEL": "Divergent Boundary" }, "geometry": { "type": "MultiLineString", "coordinates": [ [ [ 125.896003723393207, -49.716999054063081, 0.0 ], [ 125.262001037917699, -49.597999572921943, 0.0 ], [ 125.125000000049994, -49.358001709111527, 0.0 ], [ 124.991996765238596, -49.152999878141827, 0.0 ], [ 124.607002258347606, -48.984001159725722, 0.0 ], [ 124.2129974366824, -48.847999572622143, 0.0 ], [ 124.007003783897503, -48.905998230034243, 0.0 ], [ 123.771003723143394, -49.122001648357347, 0.0 ] ] ] } },
{ "type": "Feature", "properties": { "Name": "Australian:Antarctic", "Description": "<html xmlns:fo=\"http://www.w3.org/1999/XSL/Format\" xmlns:msxsl=\"urn:schemas-microsoft-com:xslt\">\n<head>\n<META http-equiv=\"Content-Type\" content=\"text/html\">\n<meta http-equiv=\"content-type\" content=\"text/html; charset=UTF-8\">\n</head>\n<body style=\"margin:0px 0px 0px 0px;overflow:auto;background:#FFFFFF;\">\n<table style=\"font-family:Arial,Verdana,Times;font-size:12px;text-align:left;width:100%;border-collapse:collapse;padding:3px 3px 3px 3px\">\n<tr style=\"text-align:center;font-weight:bold;background:#9CBCE2\">\n<td>Australian:Antarctic</td>\n</tr>\n<tr>\n<td>\n<table style=\"font-family:Arial,Verdana,Times;font-size:12px;text-align:left;width:100%;border-spacing:0px; padding:3px 3px 3px 3px\">\n<tr>\n<td>NAME</td>\n<td>Australian:Antarctic</td>\n</tr>\n<tr bgcolor=\"#D4E4F3\">\n<td>LABEL</td>\n<td>Divergent Boundary</td>\n</tr>\n</table>\n</td>\n</tr>\n</table>\n</body>\n</html>", "LABEL": "Divergent Boundary" }, "geometry": { "type": "MultiLineString", "coordinates": [ [ [ 123.328002929891298, -49.584999084040483, 0.0 ], [ 123.013000488681698, -49.54199981703789, 0.0 ], [ 122.796997070358501, -49.729000091281137, 0.0 ], [ 122.553001403492104, -49.812000274792808, 0.0 ], [ 122.223999023536194, -49.846000671793547, 0.0 ], [ 121.865997314424604, -49.736000060654249, 0.0 ], [ 121.436996459918802, -49.619998931805242, 0.0 ] ] ] } },
{ "type": "Feature", "properties": { "Name": "Pacific:Antarctic", "Description": "<html xmlns:fo=\"http://www.w3.org/1999/XSL/Format\" xmlns:msxsl=\"urn:schemas-microsoft-com:xslt\">\n<head>\n<META http-equiv=\"Content-Type\" content=\"text/html\">\n<meta http-equiv=\"content-type\" content=\"text/html; charset=UTF-8\">\n</head>\n<body style=\"margin:0px 0px 0px 0px;overflow:auto;background:#FFFFFF;\">\n<table style=\"font-family:Arial,Verdana,Times;font-size:12px;text-align:left;width:100%;border-collapse:collapse;padding:3px 3px 3px 3px\">\n<tr style=\"text-align:center;font-weight:bold;background:#9CBCE2\">\n<td>Pacific:Antarctic</td>\n</tr>\n<tr>\n<td>\n<table style=\"font-family:Arial,Verdana,Times;font-size:12px;text-align:left;width:100%;border-spacing:0px; padding:3px 3px 3px 3px\">\n<tr>\n<td>NAME</td>\n<td>Pacific:Antarctic</td>\n</tr>\n<tr bgcolor=\"#D4E4F3\">\n<td>LABEL</td>\n<td>Divergent Boundary</td>\n</tr>\n</table>\n</td>\n</tr>\n</table>\n</body>\n</html>", "LABEL": "Divergent Boundary" }, "geometry": { "type": "MultiLineString", "coordinates": [ [ [ -112.426002502213706, -45.854000091830763, 0.0 ], [ -112.684997558590396, -46.53900146444596, 0.0 ], [ -112.949996948500299, -47.222000122407678, 0.0 ], [ -113.130996704134503, -47.772998809447472, 0.0 ], [ -113.315002441009796, -48.324001312310664, 0.0 ], [ -113.527999878091904, -48.840999603249031, 0.0 ], [ -113.745002746279695, -49.356998443423379, 0.0 ], [ -113.874999999850104, -49.848999023186309, 0.0 ] ] ] } },
{ "type": "Feature", "properties": { "Name": "Australian:Antarctic", "Description": "<html xmlns:fo=\"http://www.w3.org/1999/XSL/Format\" xmlns:msxsl=\"urn:schemas-microsoft-com:xslt\">\n<head>\n<META http-equiv=\"Content-Type\" content=\"text/html\">\n<meta http-equiv=\"content-type\" content=\"text/html; charset=UTF-8\">\n</head>\n<body style=\"margin:0px 0px 0px 0px;overflow:auto;background:#FFFFFF;\">\n<table style=\"font-family:Arial,Verdana,Times;font-size:12px;text-align:left;width:100%;border-collapse:collapse;padding:3px 3px 3px 3px\">\n<tr style=\"text-align:center;font-weight:bold;background:#9CBCE2\">\n<td>Australian:Antarctic</td>\n</tr>\n<tr>\n<td>\n<table style=\"font-family:Arial,Verdana,Times;font-size:12px;text-align:left;width:100%;border-spacing:0px; padding:3px 3px 3px 3px\">\n<tr>\n<td>NAME</td>\n<td>Australian:Antarctic</td>\n</tr>\n<tr bgcolor=\"#D4E4F3\">\n<td>LABEL</td>\n<td>Divergent Boundary</td>\n</tr>\n</table>\n</td>\n</tr>\n</table>\n</body>\n</html>", "LABEL": "Divergent Boundary" }, "geometry": { "type": "MultiLineString", "coordinates": [ [ [ 115.987998962182502, -49.852001190402582, 0.0 ], [ 115.500000000399694, -49.973999023835859, 0.0 ], [ 114.361999511967994, -49.877998352342047, 0.0 ] ] ] } },
{ "type": "Feature", "properties": { "Name": "Australian:Antarctic", "Description": "<html xmlns:fo=\"http://www.w3.org/1999/XSL/Format\" xmlns:msxsl=\"urn:schemas-microsoft-com:xslt\">\n<head>\n<META http-equiv=\"Content-Type\" content=\"text/html\">\n<meta http-equiv=\"content-type\" content=\"text/html; charset=UTF-8\">\n</head>\n<body style=\"margin:0px 0px 0px 0px;overflow:auto;background:#FFFFFF;\">\n<table style=\"font-family:Arial,Verdana,Times;font-size:12px;text-align:left;width:100%;border-collapse:collapse;padding:3px 3px 3px 3px\">\n<tr style=\"text-align:center;font-weight:bold;background:#9CBCE2\">\n<td>Australian:Antarctic</td>\n</tr>\n<tr>\n<td>\n<table style=\"font-family:Arial,Verdana,Times;font-size:12px;text-align:left;width:100%;border-spacing:0px; padding:3px 3px 3px 3px\">\n<tr>\n<td>NAME</td>\n<td>Australian:Antarctic</td>\n</tr>\n<tr bgcolor=\"#D4E4F3\">\n<td>LABEL</td>\n<td>Divergent Boundary</td>\n</tr>\n</table>\n</td>\n</tr>\n</table>\n</body>\n</html>", "LABEL": "Divergent Boundary" }, "geometry": { "type": "MultiLineString", "coordinates": [ [ [ 120.273002624471602, -50.035999298328932, 0.0 ], [ 119.365997314024895, -49.937999725307009, 0.0 ], [ 118.546997070758295, -49.801998138203487, 0.0 ], [ 118.194000244415903, -49.865001678384722, 0.0 ], [ 117.523002624571504, -49.619998931805242, 0.0 ], [ 116.635002136539498, -49.270999908518952, 0.0 ], [ 116.255996704384401, -49.540000915509779, 0.0 ] ] ] } },
{ "type": "Feature", "properties": { "Name": "African:South American", "Description": "<html xmlns:fo=\"http://www.w3.org/1999/XSL/Format\" xmlns:msxsl=\"urn:schemas-microsoft-com:xslt\">\n<head>\n<META http-equiv=\"Content-Type\" content=\"text/html\">\n<meta http-equiv=\"content-type\" content=\"text/html; charset=UTF-8\">\n</head>\n<body style=\"margin:0px 0px 0px 0px;overflow:auto;background:#FFFFFF;\">\n<table style=\"font-family:Arial,Verdana,Times;font-size:12px;text-align:left;width:100%;border-collapse:collapse;padding:3px 3px 3px 3px\">\n<tr style=\"text-align:center;font-weight:bold;background:#9CBCE2\">\n<td>African:South American</td>\n</tr>\n<tr>\n<td>\n<table style=\"font-family:Arial,Verdana,Times;font-size:12px;text-align:left;width:100%;border-spacing:0px; padding:3px 3px 3px 3px\">\n<tr>\n<td>NAME</td>\n<td>African:South American</td>\n</tr>\n<tr bgcolor=\"#D4E4F3\">\n<td>LABEL</td>\n<td>Divergent Boundary</td>\n</tr>\n</table>\n</td>\n</tr>\n</table>\n</body>\n</html>", "LABEL": "Divergent Boundary" }, "geometry": { "type": "MultiLineString", "coordinates": [ [ [ -7.638000011291467, -50.058998107976272, 0.0 ], [ -7.960999966075519, -49.270000457754861, 0.0 ] ] ] } },
{ "type": "Feature", "properties": { "Name": "Australian:Antarctic", "Description": "<html xmlns:fo=\"http://www.w3.org/1999/XSL/Format\" xmlns:msxsl=\"urn:schemas-microsoft-com:xslt\">\n<head>\n<META http-equiv=\"Content-Type\" content=\"text/html\">\n<meta http-equiv=\"content-type\" content=\"text/html; charset=UTF-8\">\n</head>\n<body style=\"margin:0px 0px 0px 0px;overflow:auto;background:#FFFFFF;\">\n<table style=\"font-family:Arial,Verdana,Times;font-size:12px;text-align:left;width:100%;border-collapse:collapse;padding:3px 3px 3px 3px\">\n<tr style=\"text-align:center;font-weight:bold;background:#9CBCE2\">\n<td>Australian:Antarctic</td>\n</tr>\n<tr>\n<td>\n<table style=\"font-family:Arial,Verdana,Times;font-size:12px;text-align:left;width:100%;border-spacing:0px; padding:3px 3px 3px 3px\">\n<tr>\n<td>NAME</td>\n<td>Australian:Antarctic</td>\n</tr>\n<tr bgcolor=\"#D4E4F3\">\n<td>LABEL</td>\n<td>Divergent Boundary</td>\n</tr>\n</table>\n</td>\n</tr>\n</table>\n</body>\n</html>", "LABEL": "Divergent Boundary" }, "geometry": { "type": "MultiLineString", "coordinates": [ [ [ 139.645004272129512, -50.278999328456223, 0.0 ], [ 139.110000610439897, -50.256000518808833, 0.0 ], [ 138.401000976514013, -50.230998992709317, 0.0 ], [ 137.699996947800997, -50.234001159925533, 0.0 ], [ 136.945999145344302, -50.220001220280039, 0.0 ], [ 136.225997924964304, -50.24800109867175, 0.0 ], [ 135.246002197443488, -50.208999633826011, 0.0 ], [ 135.026000976963587, -50.383998870851137, 0.0 ], [ 134.244995117031095, -50.347000122457636, 0.0 ], [ 133.464996337710886, -50.30599975608385, 0.0 ], [ 132.261001586654004, -50.222999572572178, 0.0 ], [ 131.514999389410406, -50.222000121808151, 0.0 ] ] ] } },
{ "type": "Feature", "properties": { "Name": "Australian:Antarctic", "Description": "<html xmlns:fo=\"http://www.w3.org/1999/XSL/Format\" xmlns:msxsl=\"urn:schemas-microsoft-com:xslt\">\n<head>\n<META http-equiv=\"Content-Type\" content=\"text/html\">\n<meta http-equiv=\"content-type\" content=\"text/html; charset=UTF-8\">\n</head>\n<body style=\"margin:0px 0px 0px 0px;overflow:auto;background:#FFFFFF;\">\n<table style=\"font-family:Arial,Verdana,Times;font-size:12px;text-align:left;width:100%;border-collapse:collapse;padding:3px 3px 3px 3px\">\n<tr style=\"text-align:center;font-weight:bold;background:#9CBCE2\">\n<td>Australian:Antarctic</td>\n</tr>\n<tr>\n<td>\n<table style=\"font-family:Arial,Verdana,Times;font-size:12px;text-align:left;width:100%;border-spacing:0px; padding:3px 3px 3px 3px\">\n<tr>\n<td>NAME</td>\n<td>Australian:Antarctic</td>\n</tr>\n<tr bgcolor=\"#D4E4F3\">\n<td>LABEL</td>\n<td>Divergent Boundary</td>\n</tr>\n</table>\n</td>\n</tr>\n</table>\n</body>\n</html>", "LABEL": "Divergent Boundary" }, "geometry": { "type": "MultiLineString", "coordinates": [ [ [ 114.024002075135698, -50.388000487932118, 0.0 ], [ 112.967002868687501, -50.200000762924837, 0.0 ], [ 111.666000366423802, -50.083999634075838, 0.0 ], [ 111.362998962432201, -49.930000305169933, 0.0 ], [ 111.128997802306799, -49.799999236675383, 0.0 ], [ 110.867996215453104, -49.828998565831107, 0.0 ], [ 110.472000122108, -49.778999328556147, 0.0 ], [ 109.350997924714505, -49.522998809547403, 0.0 ], [ 108.239997863910304, -49.258998870401513, 0.0 ] ] ] } },
{ "type": "Feature", "properties": { "Name": "Australian:Antarctic", "Description": "<html xmlns:fo=\"http://www.w3.org/1999/XSL/Format\" xmlns:msxsl=\"urn:schemas-microsoft-com:xslt\">\n<head>\n<META http-equiv=\"Content-Type\" content=\"text/html\">\n<meta http-equiv=\"content-type\" content=\"text/html; charset=UTF-8\">\n</head>\n<body style=\"margin:0px 0px 0px 0px;overflow:auto;background:#FFFFFF;\">\n<table style=\"font-family:Arial,Verdana,Times;font-size:12px;text-align:left;width:100%;border-collapse:collapse;padding:3px 3px 3px 3px\">\n<tr style=\"text-align:center;font-weight:bold;background:#9CBCE2\">\n<td>Australian:Antarctic</td>\n</tr>\n<tr>\n<td>\n<table style=\"font-family:Arial,Verdana,Times;font-size:12px;text-align:left;width:100%;border-spacing:0px; padding:3px 3px 3px 3px\">\n<tr>\n<td>NAME</td>\n<td>Australian:Antarctic</td>\n</tr>\n<tr bgcolor=\"#D4E4F3\">\n<td>LABEL</td>\n<td>Divergent Boundary</td>\n</tr>\n</table>\n</td>\n</tr>\n</table>\n</body>\n</html>", "LABEL": "Divergent Boundary" }, "geometry": { "type": "MultiLineString", "coordinates": [ [ [ 131.255996704084708, -50.604000091331102, 0.0 ], [ 130.569000243966087, -50.525001525799723, 0.0 ], [ 129.412002563867304, -50.347999572322351, 0.0 ], [ 128.31199645966899, -50.159000396550987, 0.0 ], [ 127.142997741452604, -49.976001739388721, 0.0 ] ] ] } },
{ "type": "Feature", "properties": { "Name": "African:South American", "Description": "<html xmlns:fo=\"http://www.w3.org/1999/XSL/Format\" xmlns:msxsl=\"urn:schemas-microsoft-com:xslt\">\n<head>\n<META http-equiv=\"Content-Type\" content=\"text/html\">\n<meta http-equiv=\"content-type\" content=\"text/html; charset=UTF-8\">\n</head>\n<body style=\"margin:0px 0px 0px 0px;overflow:auto;background:#FFFFFF;\">\n<table style=\"font-family:Arial,Verdana,Times;font-size:12px;text-align:left;width:100%;border-collapse:collapse;padding:3px 3px 3px 3px\">\n<tr style=\"text-align:center;font-weight:bold;background:#9CBCE2\">\n<td>African:South American</td>\n</tr>\n<tr>\n<td>\n<table style=\"font-family:Arial,Verdana,Times;font-size:12px;text-align:left;width:100%;border-spacing:0px; padding:3px 3px 3px 3px\">\n<tr>\n<td>NAME</td>\n<td>African:South American</td>\n</tr>\n<tr bgcolor=\"#D4E4F3\">\n<td>LABEL</td>\n<td>Divergent Boundary</td>\n</tr>\n</table>\n</td>\n</tr>\n</table>\n</body>\n</html>", "LABEL": "Divergent Boundary" }, "geometry": { "type": "MultiLineString", "coordinates": [ [ [ -7.15899991951062, -50.61000060994013, 0.0 ], [ -7.433000087783796, -50.000999450564173, 0.0 ] ] ] } },
{ "type": "Feature", "properties": { "Name": "Australian:Antarctic", "Description": "<html xmlns:fo=\"http://www.w3.org/1999/XSL/Format\" xmlns:msxsl=\"urn:schemas-microsoft-com:xslt\">\n<head>\n<META http-equiv=\"Content-Type\" content=\"text/html\">\n<meta http-equiv=\"content-type\" content=\"text/html; charset=UTF-8\">\n</head>\n<body style=\"margin:0px 0px 0px 0px;overflow:auto;background:#FFFFFF;\">\n<table style=\"font-family:Arial,Verdana,Times;font-size:12px;text-align:left;width:100%;border-collapse:collapse;padding:3px 3px 3px 3px\">\n<tr style=\"text-align:center;font-weight:bold;background:#9CBCE2\">\n<td>Australian:Antarctic</td>\n</tr>\n<tr>\n<td>\n<table style=\"font-family:Arial,Verdana,Times;font-size:12px;text-align:left;width:100%;border-spacing:0px; padding:3px 3px 3px 3px\">\n<tr>\n<td>NAME</td>\n<td>Australian:Antarctic</td>\n</tr>\n<tr bgcolor=\"#D4E4F3\">\n<td>LABEL</td>\n<td>Divergent Boundary</td>\n</tr>\n</table>\n</td>\n</tr>\n</table>\n</body>\n</html>", "LABEL": "Divergent Boundary" }, "geometry": { "type": "MultiLineString", "coordinates": [ [ [ 140.322998047322102, -51.798000335646918, 0.0 ], [ 139.81300353978159, -51.838001251256692, 0.0 ] ] ] } },
{ "type": "Feature", "properties": { "Name": "African:South American", "Description": "<html xmlns:fo=\"http://www.w3.org/1999/XSL/Format\" xmlns:msxsl=\"urn:schemas-microsoft-com:xslt\">\n<head>\n<META http-equiv=\"Content-Type\" content=\"text/html\">\n<meta http-equiv=\"content-type\" content=\"text/html; charset=UTF-8\">\n</head>\n<body style=\"margin:0px 0px 0px 0px;overflow:auto;background:#FFFFFF;\">\n<table style=\"font-family:Arial,Verdana,Times;font-size:12px;text-align:left;width:100%;border-collapse:collapse;padding:3px 3px 3px 3px\">\n<tr style=\"text-align:center;font-weight:bold;background:#9CBCE2\">\n<td>African:South American</td>\n</tr>\n<tr>\n<td>\n<table style=\"font-family:Arial,Verdana,Times;font-size:12px;text-align:left;width:100%;border-spacing:0px; padding:3px 3px 3px 3px\">\n<tr>\n<td>NAME</td>\n<td>African:South American</td>\n</tr>\n<tr bgcolor=\"#D4E4F3\">\n<td>LABEL</td>\n<td>Divergent Boundary</td>\n</tr>\n</table>\n</td>\n</tr>\n</table>\n</body>\n</html>", "LABEL": "Divergent Boundary" }, "geometry": { "type": "MultiLineString", "coordinates": [ [ [ -4.237999916462911, -52.048999786810668, 0.0 ], [ -4.478000164376056, -51.5909996031491, 0.0 ], [ -4.71299982108485, -51.132999420386909, 0.0 ], [ -4.942999839870652, -50.674999236725341, 0.0 ], [ -5.169000149037629, -50.215999603199073, 0.0 ] ] ] } },
{ "type": "Feature", "properties": { "Name": "African:Antarctic", "Description": "<html xmlns:fo=\"http://www.w3.org/1999/XSL/Format\" xmlns:msxsl=\"urn:schemas-microsoft-com:xslt\">\n<head>\n<META http-equiv=\"Content-Type\" content=\"text/html\">\n<meta http-equiv=\"content-type\" content=\"text/html; charset=UTF-8\">\n</head>\n<body style=\"margin:0px 0px 0px 0px;overflow:auto;background:#FFFFFF;\">\n<table style=\"font-family:Arial,Verdana,Times;font-size:12px;text-align:left;width:100%;border-collapse:collapse;padding:3px 3px 3px 3px\">\n<tr style=\"text-align:center;font-weight:bold;background:#9CBCE2\">\n<td>African:Antarctic</td>\n</tr>\n<tr>\n<td>\n<table style=\"font-family:Arial,Verdana,Times;font-size:12px;text-align:left;width:100%;border-spacing:0px; padding:3px 3px 3px 3px\">\n<tr>\n<td>NAME</td>\n<td>African:Antarctic</td>\n</tr>\n<tr bgcolor=\"#D4E4F3\">\n<td>LABEL</td>\n<td>Divergent Boundary</td>\n</tr>\n</table>\n</td>\n</tr>\n</table>\n</body>\n</html>", "LABEL": "Divergent Boundary" }, "geometry": { "type": "MultiLineString", "coordinates": [ [ [ 15.112000465748959, -52.306999206448147, 0.0 ], [ 14.463000297325889, -51.997001648007597, 0.0 ] ] ] } },
{ "type": "Feature", "properties": { "Name": "African:Antarctic", "Description": "<html xmlns:fo=\"http://www.w3.org/1999/XSL/Format\" xmlns:msxsl=\"urn:schemas-microsoft-com:xslt\">\n<head>\n<META http-equiv=\"Content-Type\" content=\"text/html\">\n<meta http-equiv=\"content-type\" content=\"text/html; charset=UTF-8\">\n</head>\n<body style=\"margin:0px 0px 0px 0px;overflow:auto;background:#FFFFFF;\">\n<table style=\"font-family:Arial,Verdana,Times;font-size:12px;text-align:left;width:100%;border-collapse:collapse;padding:3px 3px 3px 3px\">\n<tr style=\"text-align:center;font-weight:bold;background:#9CBCE2\">\n<td>African:Antarctic</td>\n</tr>\n<tr>\n<td>\n<table style=\"font-family:Arial,Verdana,Times;font-size:12px;text-align:left;width:100%;border-spacing:0px; padding:3px 3px 3px 3px\">\n<tr>\n<td>NAME</td>\n<td>African:Antarctic</td>\n</tr>\n<tr bgcolor=\"#D4E4F3\">\n<td>LABEL</td>\n<td>Divergent Boundary</td>\n</tr>\n</table>\n</td>\n</tr>\n</table>\n</body>\n</html>", "LABEL": "Divergent Boundary" }, "geometry": { "type": "MultiLineString", "coordinates": [ [ [ 13.78800010711927, -52.477001190552471, 0.0 ], [ 13.204000472943511, -52.140998840324187, 0.0 ], [ 12.89500045780494, -51.963001251006922, 0.0 ] ] ] } },
{ "type": "Feature", "properties": { "Name": "African:Antarctic", "Description": "<html xmlns:fo=\"http://www.w3.org/1999/XSL/Format\" xmlns:msxsl=\"urn:schemas-microsoft-com:xslt\">\n<head>\n<META http-equiv=\"Content-Type\" content=\"text/html\">\n<meta http-equiv=\"content-type\" content=\"text/html; charset=UTF-8\">\n</head>\n<body style=\"margin:0px 0px 0px 0px;overflow:auto;background:#FFFFFF;\">\n<table style=\"font-family:Arial,Verdana,Times;font-size:12px;text-align:left;width:100%;border-collapse:collapse;padding:3px 3px 3px 3px\">\n<tr style=\"text-align:center;font-weight:bold;background:#9CBCE2\">\n<td>African:Antarctic</td>\n</tr>\n<tr>\n<td>\n<table style=\"font-family:Arial,Verdana,Times;font-size:12px;text-align:left;width:100%;border-spacing:0px; padding:3px 3px 3px 3px\">\n<tr>\n<td>NAME</td>\n<td>African:Antarctic</td>\n</tr>\n<tr bgcolor=\"#D4E4F3\">\n<td>LABEL</td>\n<td>Divergent Boundary</td>\n</tr>\n</table>\n</td>\n</tr>\n</table>\n</body>\n</html>", "LABEL": "Divergent Boundary" }, "geometry": { "type": "MultiLineString", "coordinates": [ [ [ 18.53700065585565, -52.734001159425929, 0.0 ], [ 17.80599975558431, -52.46699905396315, 0.0 ], [ 16.906999587660891, -52.168998717816521, 0.0 ], [ 15.82199954953961, -51.78699874919289, 0.0 ] ] ] } },
{ "type": "Feature", "properties": { "Name": "Pacific:Antarctic", "Description": "<html xmlns:fo=\"http://www.w3.org/1999/XSL/Format\" xmlns:msxsl=\"urn:schemas-microsoft-com:xslt\">\n<head>\n<META http-equiv=\"Content-Type\" content=\"text/html\">\n<meta http-equiv=\"content-type\" content=\"text/html; charset=UTF-8\">\n</head>\n<body style=\"margin:0px 0px 0px 0px;overflow:auto;background:#FFFFFF;\">\n<table style=\"font-family:Arial,Verdana,Times;font-size:12px;text-align:left;width:100%;border-collapse:collapse;padding:3px 3px 3px 3px\">\n<tr style=\"text-align:center;font-weight:bold;background:#9CBCE2\">\n<td>Pacific:Antarctic</td>\n</tr>\n<tr>\n<td>\n<table style=\"font-family:Arial,Verdana,Times;font-size:12px;text-align:left;width:100%;border-spacing:0px; padding:3px 3px 3px 3px\">\n<tr>\n<td>NAME</td>\n<td>Pacific:Antarctic</td>\n</tr>\n<tr bgcolor=\"#D4E4F3\">\n<td>LABEL</td>\n<td>Divergent Boundary</td>\n</tr>\n</table>\n</td>\n</tr>\n</table>\n</body>\n</html>", "LABEL": "Divergent Boundary" }, "geometry": { "type": "MultiLineString", "coordinates": [ [ [ -116.388000488231896, -49.368000030776777, 0.0 ], [ -116.802001953227602, -49.893001556776369, 0.0 ], [ -117.224998474200206, -50.417999267851883, 0.0 ], [ -117.522003173607501, -50.874999999850047, 0.0 ], [ -117.823997497886197, -51.331001281983561, 0.0 ], [ -118.120002746529494, -51.771999358783319, 0.0 ], [ -118.421997069908798, -52.212001800642547, 0.0 ], [ -118.874999999750202, -52.751998901228262, 0.0 ], [ -118.976997375828205, -52.896999359233007, 0.0 ] ] ] } },
{ "type": "Feature", "properties": { "Name": "African:Antarctic", "Description": "<html xmlns:fo=\"http://www.w3.org/1999/XSL/Format\" xmlns:msxsl=\"urn:schemas-microsoft-com:xslt\">\n<head>\n<META http-equiv=\"Content-Type\" content=\"text/html\">\n<meta http-equiv=\"content-type\" content=\"text/html; charset=UTF-8\">\n</head>\n<body style=\"margin:0px 0px 0px 0px;overflow:auto;background:#FFFFFF;\">\n<table style=\"font-family:Arial,Verdana,Times;font-size:12px;text-align:left;width:100%;border-collapse:collapse;padding:3px 3px 3px 3px\">\n<tr style=\"text-align:center;font-weight:bold;background:#9CBCE2\">\n<td>African:Antarctic</td>\n</tr>\n<tr>\n<td>\n<table style=\"font-family:Arial,Verdana,Times;font-size:12px;text-align:left;width:100%;border-spacing:0px; padding:3px 3px 3px 3px\">\n<tr>\n<td>NAME</td>\n<td>African:Antarctic</td>\n</tr>\n<tr bgcolor=\"#D4E4F3\">\n<td>LABEL</td>\n<td>Divergent Boundary</td>\n</tr>\n</table>\n</td>\n</tr>\n</table>\n</body>\n</html>", "LABEL": "Divergent Boundary" }, "geometry": { "type": "MultiLineString", "coordinates": [ [ [ 26.712999343844668, -52.37799835184245, 0.0 ], [ 27.322000503220689, -52.547000885182683, 0.0 ], [ 27.370000838967599, -52.673000335696877, 0.0 ], [ 27.479000091880781, -52.77099990871875, 0.0 ], [ 28.111000060904129, -52.903999328606062, 0.0 ] ] ] } },
{ "type": "Feature", "properties": { "Name": "African:Antarctic", "Description": "<html xmlns:fo=\"http://www.w3.org/1999/XSL/Format\" xmlns:msxsl=\"urn:schemas-microsoft-com:xslt\">\n<head>\n<META http-equiv=\"Content-Type\" content=\"text/html\">\n<meta http-equiv=\"content-type\" content=\"text/html; charset=UTF-8\">\n</head>\n<body style=\"margin:0px 0px 0px 0px;overflow:auto;background:#FFFFFF;\">\n<table style=\"font-family:Arial,Verdana,Times;font-size:12px;text-align:left;width:100%;border-collapse:collapse;padding:3px 3px 3px 3px\">\n<tr style=\"text-align:center;font-weight:bold;background:#9CBCE2\">\n<td>African:Antarctic</td>\n</tr>\n<tr>\n<td>\n<table style=\"font-family:Arial,Verdana,Times;font-size:12px;text-align:left;width:100%;border-spacing:0px; padding:3px 3px 3px 3px\">\n<tr>\n<td>NAME</td>\n<td>African:Antarctic</td>\n</tr>\n<tr bgcolor=\"#D4E4F3\">\n<td>LABEL</td>\n<td>Divergent Boundary</td>\n</tr>\n</table>\n</td>\n</tr>\n</table>\n</body>\n</html>", "LABEL": "Divergent Boundary" }, "geometry": { "type": "MultiLineString", "coordinates": [ [ [ 23.075000763374589, -53.09799957312174, 0.0 ], [ 22.503999709718869, -53.050998688138918, 0.0 ], [ 21.24999999990013, -52.90900039645112, 0.0 ], [ 19.99399948109124, -52.817001342937601, 0.0 ], [ 18.71199989288078, -52.553001403791711, 0.0 ] ] ] } },
{ "type": "Feature", "properties": { "Name": "African:Antarctic", "Description": "<html xmlns:fo=\"http://www.w3.org/1999/XSL/Format\" xmlns:msxsl=\"urn:schemas-microsoft-com:xslt\">\n<head>\n<META http-equiv=\"Content-Type\" content=\"text/html\">\n<meta http-equiv=\"content-type\" content=\"text/html; charset=UTF-8\">\n</head>\n<body style=\"margin:0px 0px 0px 0px;overflow:auto;background:#FFFFFF;\">\n<table style=\"font-family:Arial,Verdana,Times;font-size:12px;text-align:left;width:100%;border-collapse:collapse;padding:3px 3px 3px 3px\">\n<tr style=\"text-align:center;font-weight:bold;background:#9CBCE2\">\n<td>African:Antarctic</td>\n</tr>\n<tr>\n<td>\n<table style=\"font-family:Arial,Verdana,Times;font-size:12px;text-align:left;width:100%;border-spacing:0px; padding:3px 3px 3px 3px\">\n<tr>\n<td>NAME</td>\n<td>African:Antarctic</td>\n</tr>\n<tr bgcolor=\"#D4E4F3\">\n<td>LABEL</td>\n<td>Divergent Boundary</td>\n</tr>\n</table>\n</td>\n</tr>\n</table>\n</body>\n</html>", "LABEL": "Divergent Boundary" }, "geometry": { "type": "MultiLineString", "coordinates": [ [ [ 10.97500038106279, -53.332000732347872, 0.0 ], [ 10.54199981693807, -53.064998626885092, 0.0 ], [ 9.993000030527014, -52.791999816838029, 0.0 ] ] ] } },
{ "type": "Feature", "properties": { "Name": "African:Antarctic", "Description": "<html xmlns:fo=\"http://www.w3.org/1999/XSL/Format\" xmlns:msxsl=\"urn:schemas-microsoft-com:xslt\">\n<head>\n<META http-equiv=\"Content-Type\" content=\"text/html\">\n<meta http-equiv=\"content-type\" content=\"text/html; charset=UTF-8\">\n</head>\n<body style=\"margin:0px 0px 0px 0px;overflow:auto;background:#FFFFFF;\">\n<table style=\"font-family:Arial,Verdana,Times;font-size:12px;text-align:left;width:100%;border-collapse:collapse;padding:3px 3px 3px 3px\">\n<tr style=\"text-align:center;font-weight:bold;background:#9CBCE2\">\n<td>African:Antarctic</td>\n</tr>\n<tr>\n<td>\n<table style=\"font-family:Arial,Verdana,Times;font-size:12px;text-align:left;width:100%;border-spacing:0px; padding:3px 3px 3px 3px\">\n<tr>\n<td>NAME</td>\n<td>African:Antarctic</td>\n</tr>\n<tr bgcolor=\"#D4E4F3\">\n<td>LABEL</td>\n<td>Divergent Boundary</td>\n</tr>\n</table>\n</td>\n</tr>\n</table>\n</body>\n</html>", "LABEL": "Divergent Boundary" }, "geometry": { "type": "MultiLineString", "coordinates": [ [ [ 23.020999908119339, -53.20000076322458, 0.0 ], [ 23.885999679941339, -53.308998107776397, 0.0 ], [ 24.684999465852741, -53.422000885232649, 0.0 ], [ 24.872999190860011, -53.345001220330012, 0.0 ], [ 25.180000305369848, -53.444000244115962, 0.0 ], [ 25.646999359033259, -53.409999847115223, 0.0 ], [ 25.861000060904129, -53.479999542644748, 0.0 ], [ 25.986999511418389, -53.582000732747588, 0.0 ] ] ] } },
{ "type": "Feature", "properties": { "Name": "Pacific:Antarctic", "Description": "<html xmlns:fo=\"http://www.w3.org/1999/XSL/Format\" xmlns:msxsl=\"urn:schemas-microsoft-com:xslt\">\n<head>\n<META http-equiv=\"Content-Type\" content=\"text/html\">\n<meta http-equiv=\"content-type\" content=\"text/html; charset=UTF-8\">\n</head>\n<body style=\"margin:0px 0px 0px 0px;overflow:auto;background:#FFFFFF;\">\n<table style=\"font-family:Arial,Verdana,Times;font-size:12px;text-align:left;width:100%;border-collapse:collapse;padding:3px 3px 3px 3px\">\n<tr style=\"text-align:center;font-weight:bold;background:#9CBCE2\">\n<td>Pacific:Antarctic</td>\n</tr>\n<tr>\n<td>\n<table style=\"font-family:Arial,Verdana,Times;font-size:12px;text-align:left;width:100%;border-spacing:0px; padding:3px 3px 3px 3px\">\n<tr>\n<td>NAME</td>\n<td>Pacific:Antarctic</td>\n</tr>\n<tr bgcolor=\"#D4E4F3\">\n<td>LABEL</td>\n<td>Divergent Boundary</td>\n</tr>\n</table>\n</td>\n</tr>\n</table>\n</body>\n</html>", "LABEL": "Divergent Boundary" }, "geometry": { "type": "MultiLineString", "coordinates": [ [ [ -136.179992675621492, -53.395999908369049, 0.0 ], [ -136.589996337560905, -53.907001495622467, 0.0 ] ] ] } },
{ "type": "Feature", "properties": { "Name": "African:South American", "Description": "<html xmlns:fo=\"http://www.w3.org/1999/XSL/Format\" xmlns:msxsl=\"urn:schemas-microsoft-com:xslt\">\n<head>\n<META http-equiv=\"Content-Type\" content=\"text/html\">\n<meta http-equiv=\"content-type\" content=\"text/html; charset=UTF-8\">\n</head>\n<body style=\"margin:0px 0px 0px 0px;overflow:auto;background:#FFFFFF;\">\n<table style=\"font-family:Arial,Verdana,Times;font-size:12px;text-align:left;width:100%;border-collapse:collapse;padding:3px 3px 3px 3px\">\n<tr style=\"text-align:center;font-weight:bold;background:#9CBCE2\">\n<td>African:South American</td>\n</tr>\n<tr>\n<td>\n<table style=\"font-family:Arial,Verdana,Times;font-size:12px;text-align:left;width:100%;border-spacing:0px; padding:3px 3px 3px 3px\">\n<tr>\n<td>NAME</td>\n<td>African:South American</td>\n</tr>\n<tr bgcolor=\"#D4E4F3\">\n<td>LABEL</td>\n<td>Divergent Boundary</td>\n</tr>\n</table>\n</td>\n</tr>\n</table>\n</body>\n</html>", "LABEL": "Divergent Boundary" }, "geometry": { "type": "MultiLineString", "coordinates": [ [ [ -2.371999979115685, -54.326999664303003, 0.0 ], [ -2.920000076442307, -53.547000884982822, 0.0 ], [ -3.447000026430032, -52.763999939345702, 0.0 ], [ -3.956000089732299, -51.979000091281137, 0.0 ] ] ] } },
{ "type": "Feature", "properties": { "Name": "African:Antarctic", "Description": "<html xmlns:fo=\"http://www.w3.org/1999/XSL/Format\" xmlns:msxsl=\"urn:schemas-microsoft-com:xslt\">\n<head>\n<META http-equiv=\"Content-Type\" content=\"text/html\">\n<meta http-equiv=\"content-type\" content=\"text/html; charset=UTF-8\">\n</head>\n<body style=\"margin:0px 0px 0px 0px;overflow:auto;background:#FFFFFF;\">\n<table style=\"font-family:Arial,Verdana,Times;font-size:12px;text-align:left;width:100%;border-collapse:collapse;padding:3px 3px 3px 3px\">\n<tr style=\"text-align:center;font-weight:bold;background:#9CBCE2\">\n<td>African:Antarctic</td>\n</tr>\n<tr>\n<td>\n<table style=\"font-family:Arial,Verdana,Times;font-size:12px;text-align:left;width:100%;border-spacing:0px; padding:3px 3px 3px 3px\">\n<tr>\n<td>NAME</td>\n<td>African:Antarctic</td>\n</tr>\n<tr bgcolor=\"#D4E4F3\">\n<td>LABEL</td>\n<td>Divergent Boundary</td>\n</tr>\n</table>\n</td>\n</tr>\n</table>\n</body>\n</html>", "LABEL": "Divergent Boundary" }, "geometry": { "type": "MultiLineString", "coordinates": [ [ [ 7.77199983632346, -54.395999908169188, 0.0 ], [ 7.236999988658624, -54.101001739238832, 0.0 ], [ 6.625000000349758, -53.813999176420793, 0.0 ] ] ] } },
{ "type": "Feature", "properties": { "Name": "African:Antarctic", "Description": "<html xmlns:fo=\"http://www.w3.org/1999/XSL/Format\" xmlns:msxsl=\"urn:schemas-microsoft-com:xslt\">\n<head>\n<META http-equiv=\"Content-Type\" content=\"text/html\">\n<meta http-equiv=\"content-type\" content=\"text/html; charset=UTF-8\">\n</head>\n<body style=\"margin:0px 0px 0px 0px;overflow:auto;background:#FFFFFF;\">\n<table style=\"font-family:Arial,Verdana,Times;font-size:12px;text-align:left;width:100%;border-collapse:collapse;padding:3px 3px 3px 3px\">\n<tr style=\"text-align:center;font-weight:bold;background:#9CBCE2\">\n<td>African:Antarctic</td>\n</tr>\n<tr>\n<td>\n<table style=\"font-family:Arial,Verdana,Times;font-size:12px;text-align:left;width:100%;border-spacing:0px; padding:3px 3px 3px 3px\">\n<tr>\n<td>NAME</td>\n<td>African:Antarctic</td>\n</tr>\n<tr bgcolor=\"#D4E4F3\">\n<td>LABEL</td>\n<td>Divergent Boundary</td>\n</tr>\n</table>\n</td>\n</tr>\n</table>\n</body>\n</html>", "LABEL": "Divergent Boundary" }, "geometry": { "type": "MultiLineString", "coordinates": [ [ [ 4.414999961778847, -54.430000305169933, 0.0 ], [ 3.956000089932275, -54.126998901178297, 0.0 ], [ 3.368999957681922, -53.833999633776052, 0.0 ], [ 3.02500009567791, -53.651000976613723, 0.0 ] ] ] } },
{ "type": "Feature", "properties": { "Name": "African:Antarctic", "Description": "<html xmlns:fo=\"http://www.w3.org/1999/XSL/Format\" xmlns:msxsl=\"urn:schemas-microsoft-com:xslt\">\n<head>\n<META http-equiv=\"Content-Type\" content=\"text/html\">\n<meta http-equiv=\"content-type\" content=\"text/html; charset=UTF-8\">\n</head>\n<body style=\"margin:0px 0px 0px 0px;overflow:auto;background:#FFFFFF;\">\n<table style=\"font-family:Arial,Verdana,Times;font-size:12px;text-align:left;width:100%;border-collapse:collapse;padding:3px 3px 3px 3px\">\n<tr style=\"text-align:center;font-weight:bold;background:#9CBCE2\">\n<td>African:Antarctic</td>\n</tr>\n<tr>\n<td>\n<table style=\"font-family:Arial,Verdana,Times;font-size:12px;text-align:left;width:100%;border-spacing:0px; padding:3px 3px 3px 3px\">\n<tr>\n<td>NAME</td>\n<td>African:Antarctic</td>\n</tr>\n<tr bgcolor=\"#D4E4F3\">\n<td>LABEL</td>\n<td>Divergent Boundary</td>\n</tr>\n</table>\n</td>\n</tr>\n</table>\n</body>\n</html>", "LABEL": "Divergent Boundary" }, "geometry": { "type": "MultiLineString", "coordinates": [ [ [ 5.494999885336483, -54.542999267701987, 0.0 ], [ 5.084000110916406, -54.308998107576542, 0.0 ], [ 4.827000141143628, -54.161998748943063, 0.0 ] ] ] } },
{ "type": "Feature", "properties": { "Name": "Australian:Antarctic", "Description": "<html xmlns:fo=\"http://www.w3.org/1999/XSL/Format\" xmlns:msxsl=\"urn:schemas-microsoft-com:xslt\">\n<head>\n<META http-equiv=\"Content-Type\" content=\"text/html\">\n<meta http-equiv=\"content-type\" content=\"text/html; charset=UTF-8\">\n</head>\n<body style=\"margin:0px 0px 0px 0px;overflow:auto;background:#FFFFFF;\">\n<table style=\"font-family:Arial,Verdana,Times;font-size:12px;text-align:left;width:100%;border-collapse:collapse;padding:3px 3px 3px 3px\">\n<tr style=\"text-align:center;font-weight:bold;background:#9CBCE2\">\n<td>Australian:Antarctic</td>\n</tr>\n<tr>\n<td>\n<table style=\"font-family:Arial,Verdana,Times;font-size:12px;text-align:left;width:100%;border-spacing:0px; padding:3px 3px 3px 3px\">\n<tr>\n<td>NAME</td>\n<td>Australian:Antarctic</td>\n</tr>\n<tr bgcolor=\"#D4E4F3\">\n<td>LABEL</td>\n<td>Divergent Boundary</td>\n</tr>\n</table>\n</td>\n</tr>\n</table>\n</body>\n</html>", "LABEL": "Divergent Boundary" }, "geometry": { "type": "MultiLineString", "coordinates": [ [ [ 146.880996704334507, -54.694999695079836, 0.0 ], [ 145.401000976913593, -54.756000518808833, 0.0 ], [ 144.28199768104821, -54.798999786710738, 0.0 ], [ 143.77799987809189, -54.234001160025457, 0.0 ], [ 142.250000000000114, -54.215000152534969, 0.0 ], [ 141.451004028113488, -54.053001403491919, 0.0 ], [ 140.65899658172691, -53.884998321815033, 0.0 ] ] ] } },
{ "type": "Feature", "properties": { "Name": "Pacific:Antarctic", "Description": "<html xmlns:fo=\"http://www.w3.org/1999/XSL/Format\" xmlns:msxsl=\"urn:schemas-microsoft-com:xslt\">\n<head>\n<META http-equiv=\"Content-Type\" content=\"text/html\">\n<meta http-equiv=\"content-type\" content=\"text/html; charset=UTF-8\">\n</head>\n<body style=\"margin:0px 0px 0px 0px;overflow:auto;background:#FFFFFF;\">\n<table style=\"font-family:Arial,Verdana,Times;font-size:12px;text-align:left;width:100%;border-collapse:collapse;padding:3px 3px 3px 3px\">\n<tr style=\"text-align:center;font-weight:bold;background:#9CBCE2\">\n<td>Pacific:Antarctic</td>\n</tr>\n<tr>\n<td>\n<table style=\"font-family:Arial,Verdana,Times;font-size:12px;text-align:left;width:100%;border-spacing:0px; padding:3px 3px 3px 3px\">\n<tr>\n<td>NAME</td>\n<td>Pacific:Antarctic</td>\n</tr>\n<tr bgcolor=\"#D4E4F3\">\n<td>LABEL</td>\n<td>Divergent Boundary</td>\n</tr>\n</table>\n</td>\n</tr>\n</table>\n</body>\n</html>", "LABEL": "Divergent Boundary" }, "geometry": { "type": "MultiLineString", "coordinates": [ [ [ -117.661003113003204, -53.12400054908602, 0.0 ], [ -118.037002563917198, -53.691001892223483, 0.0 ], [ -118.313003540281102, -54.349998473950393, 0.0 ], [ -118.581001281583795, -54.81900024406599, 0.0 ] ] ] } },
{ "type": "Feature", "properties": { "Name": "African:Antarctic", "Description": "<html xmlns:fo=\"http://www.w3.org/1999/XSL/Format\" xmlns:msxsl=\"urn:schemas-microsoft-com:xslt\">\n<head>\n<META http-equiv=\"Content-Type\" content=\"text/html\">\n<meta http-equiv=\"content-type\" content=\"text/html; charset=UTF-8\">\n</head>\n<body style=\"margin:0px 0px 0px 0px;overflow:auto;background:#FFFFFF;\">\n<table style=\"font-family:Arial,Verdana,Times;font-size:12px;text-align:left;width:100%;border-collapse:collapse;padding:3px 3px 3px 3px\">\n<tr style=\"text-align:center;font-weight:bold;background:#9CBCE2\">\n<td>African:Antarctic</td>\n</tr>\n<tr>\n<td>\n<table style=\"font-family:Arial,Verdana,Times;font-size:12px;text-align:left;width:100%;border-spacing:0px; padding:3px 3px 3px 3px\">\n<tr>\n<td>NAME</td>\n<td>African:Antarctic</td>\n</tr>\n<tr bgcolor=\"#D4E4F3\">\n<td>LABEL</td>\n<td>Divergent Boundary</td>\n</tr>\n</table>\n</td>\n</tr>\n</table>\n</body>\n</html>", "LABEL": "Divergent Boundary" }, "geometry": { "type": "MultiLineString", "coordinates": [ [ [ 0.964999974069599, -54.83200073204813, 0.0 ], [ 0.442999988458723, -54.451000213289149, 0.0 ] ] ] } },
{ "type": "Feature", "properties": { "Name": "African:South American", "Description": "<html xmlns:fo=\"http://www.w3.org/1999/XSL/Format\" xmlns:msxsl=\"urn:schemas-microsoft-com:xslt\">\n<head>\n<META http-equiv=\"Content-Type\" content=\"text/html\">\n<meta http-equiv=\"content-type\" content=\"text/html; charset=UTF-8\">\n</head>\n<body style=\"margin:0px 0px 0px 0px;overflow:auto;background:#FFFFFF;\">\n<table style=\"font-family:Arial,Verdana,Times;font-size:12px;text-align:left;width:100%;border-collapse:collapse;padding:3px 3px 3px 3px\">\n<tr style=\"text-align:center;font-weight:bold;background:#9CBCE2\">\n<td>African:South American</td>\n</tr>\n<tr>\n<td>\n<table style=\"font-family:Arial,Verdana,Times;font-size:12px;text-align:left;width:100%;border-spacing:0px; padding:3px 3px 3px 3px\">\n<tr>\n<td>NAME</td>\n<td>African:South American</td>\n</tr>\n<tr bgcolor=\"#D4E4F3\">\n<td>LABEL</td>\n<td>Divergent Boundary</td>\n</tr>\n</table>\n</td>\n</tr>\n</table>\n</body>\n</html>", "LABEL": "Divergent Boundary" }, "geometry": { "type": "MultiLineString", "coordinates": [ [ [ -0.437999993305027, -54.852001190302637, 0.0 ], [ -0.915000021633659, -54.45299911481726, 0.0 ], [ -1.381999969223159, -54.053001403491919, 0.0 ] ] ] } },
{ "type": "Feature", "properties": { "Name": "South American:Antarctic", "Description": "<html xmlns:fo=\"http://www.w3.org/1999/XSL/Format\" xmlns:msxsl=\"urn:schemas-microsoft-com:xslt\">\n<head>\n<META http-equiv=\"Content-Type\" content=\"text/html\">\n<meta http-equiv=\"content-type\" content=\"text/html; charset=UTF-8\">\n</head>\n<body style=\"margin:0px 0px 0px 0px;overflow:auto;background:#FFFFFF;\">\n<table style=\"font-family:Arial,Verdana,Times;font-size:12px;text-align:left;width:100%;border-collapse:collapse;padding:3px 3px 3px 3px\">\n<tr style=\"text-align:center;font-weight:bold;background:#9CBCE2\">\n<td>South American:Antarctic</td>\n</tr>\n<tr>\n<td>\n<table style=\"font-family:Arial,Verdana,Times;font-size:12px;text-align:left;width:100%;border-spacing:0px; padding:3px 3px 3px 3px\">\n<tr>\n<td>NAME</td>\n<td>South American:Antarctic</td>\n</tr>\n<tr bgcolor=\"#D4E4F3\">\n<td>LABEL</td>\n<td>Divergent Boundary</td>\n</tr>\n</table>\n</td>\n</tr>\n</table>\n</body>\n</html>", "LABEL": "Divergent Boundary" }, "geometry": { "type": "MultiLineString", "coordinates": [ [ [ -1.039000034623825, -55.019001007190703, 0.0 ], [ -0.437999993305027, -54.852001190302637, 0.0 ] ] ] } },
{ "type": "Feature", "properties": { "Name": "South America:Scotia", "Description": "<html xmlns:fo=\"http://www.w3.org/1999/XSL/Format\" xmlns:msxsl=\"urn:schemas-microsoft-com:xslt\">\n<head>\n<META http-equiv=\"Content-Type\" content=\"text/html\">\n<meta http-equiv=\"content-type\" content=\"text/html; charset=UTF-8\">\n</head>\n<body style=\"margin:0px 0px 0px 0px;overflow:auto;background:#FFFFFF;\">\n<table style=\"font-family:Arial,Verdana,Times;font-size:12px;text-align:left;width:100%;border-collapse:collapse;padding:3px 3px 3px 3px\">\n<tr style=\"text-align:center;font-weight:bold;background:#9CBCE2\">\n<td>South America:Scotia</td>\n</tr>\n<tr>\n<td>\n<table style=\"font-family:Arial,Verdana,Times;font-size:12px;text-align:left;width:100%;border-spacing:0px; padding:3px 3px 3px 3px\">\n<tr>\n<td>NAME</td>\n<td>South America:Scotia</td>\n</tr>\n<tr bgcolor=\"#D4E4F3\">\n<td>LABEL</td>\n<td>Divergent Boundary</td>\n</tr>\n</table>\n</td>\n</tr>\n</table>\n</body>\n</html>", "LABEL": "Divergent Boundary" }, "geometry": { "type": "MultiLineString", "coordinates": [ [ [ -33.057998657012376, -55.458000183361719, 0.0 ], [ -33.354999542394921, -54.860000610439783, 0.0 ], [ -33.734001159625791, -54.459999084190322, 0.0 ] ] ] } },
{ "type": "Feature", "properties": { "Name": "Pacific:Antarctic", "Description": "<html xmlns:fo=\"http://www.w3.org/1999/XSL/Format\" xmlns:msxsl=\"urn:schemas-microsoft-com:xslt\">\n<head>\n<META http-equiv=\"Content-Type\" content=\"text/html\">\n<meta http-equiv=\"content-type\" content=\"text/html; charset=UTF-8\">\n</head>\n<body style=\"margin:0px 0px 0px 0px;overflow:auto;background:#FFFFFF;\">\n<table style=\"font-family:Arial,Verdana,Times;font-size:12px;text-align:left;width:100%;border-collapse:collapse;padding:3px 3px 3px 3px\">\n<tr style=\"text-align:center;font-weight:bold;background:#9CBCE2\">\n<td>Pacific:Antarctic</td>\n</tr>\n<tr>\n<td>\n<table style=\"font-family:Arial,Verdana,Times;font-size:12px;text-align:left;width:100%;border-spacing:0px; padding:3px 3px 3px 3px\">\n<tr>\n<td>NAME</td>\n<td>Pacific:Antarctic</td>\n</tr>\n<tr bgcolor=\"#D4E4F3\">\n<td>LABEL</td>\n<td>Divergent Boundary</td>\n</tr>\n</table>\n</td>\n</tr>\n</table>\n</body>\n</html>", "LABEL": "Divergent Boundary" }, "geometry": { "type": "MultiLineString", "coordinates": [ [ [ -126.800003051499601, -55.063999175721342, 0.0 ], [ -127.2310028075335, -55.564998626385432, 0.0 ] ] ] } },
{ "type": "Feature", "properties": { "Name": "Pacific:Antarctic", "Description": "<html xmlns:fo=\"http://www.w3.org/1999/XSL/Format\" xmlns:msxsl=\"urn:schemas-microsoft-com:xslt\">\n<head>\n<META http-equiv=\"Content-Type\" content=\"text/html\">\n<meta http-equiv=\"content-type\" content=\"text/html; charset=UTF-8\">\n</head>\n<body style=\"margin:0px 0px 0px 0px;overflow:auto;background:#FFFFFF;\">\n<table style=\"font-family:Arial,Verdana,Times;font-size:12px;text-align:left;width:100%;border-collapse:collapse;padding:3px 3px 3px 3px\">\n<tr style=\"text-align:center;font-weight:bold;background:#9CBCE2\">\n<td>Pacific:Antarctic</td>\n</tr>\n<tr>\n<td>\n<table style=\"font-family:Arial,Verdana,Times;font-size:12px;text-align:left;width:100%;border-spacing:0px; padding:3px 3px 3px 3px\">\n<tr>\n<td>NAME</td>\n<td>Pacific:Antarctic</td>\n</tr>\n<tr bgcolor=\"#D4E4F3\">\n<td>LABEL</td>\n<td>Divergent Boundary</td>\n</tr>\n</table>\n</td>\n</tr>\n</table>\n</body>\n</html>", "LABEL": "Divergent Boundary" }, "geometry": { "type": "MultiLineString", "coordinates": [ [ [ -137.889999389959797, -53.568000793102101, 0.0 ], [ -138.33799743613281, -54.140998839924457, 0.0 ], [ -138.798995972086402, -54.7120018001429, 0.0 ], [ -139.253005981640712, -55.250999450863901, 0.0 ], [ -139.578002929591491, -55.615001678584584, 0.0 ] ] ] } },
{ "type": "Feature", "properties": { "Name": "South American:Antarctic", "Description": "<html xmlns:fo=\"http://www.w3.org/1999/XSL/Format\" xmlns:msxsl=\"urn:schemas-microsoft-com:xslt\">\n<head>\n<META http-equiv=\"Content-Type\" content=\"text/html\">\n<meta http-equiv=\"content-type\" content=\"text/html; charset=UTF-8\">\n</head>\n<body style=\"margin:0px 0px 0px 0px;overflow:auto;background:#FFFFFF;\">\n<table style=\"font-family:Arial,Verdana,Times;font-size:12px;text-align:left;width:100%;border-collapse:collapse;padding:3px 3px 3px 3px\">\n<tr style=\"text-align:center;font-weight:bold;background:#9CBCE2\">\n<td>South American:Antarctic</td>\n</tr>\n<tr>\n<td>\n<table style=\"font-family:Arial,Verdana,Times;font-size:12px;text-align:left;width:100%;border-spacing:0px; padding:3px 3px 3px 3px\">\n<tr>\n<td>NAME</td>\n<td>South American:Antarctic</td>\n</tr>\n<tr bgcolor=\"#D4E4F3\">\n<td>LABEL</td>\n<td>Divergent Boundary</td>\n</tr>\n</table>\n</td>\n</tr>\n</table>\n</body>\n</html>", "LABEL": "Divergent Boundary" }, "geometry": { "type": "MultiLineString", "coordinates": [ [ [ -1.613999962428295, -55.652999877742097, 0.0 ], [ -1.60599994693996, -55.129001617430667, 0.0 ] ] ] } },
{ "type": "Feature", "properties": { "Name": "Pacific:Antarctic", "Description": "<html xmlns:fo=\"http://www.w3.org/1999/XSL/Format\" xmlns:msxsl=\"urn:schemas-microsoft-com:xslt\">\n<head>\n<META http-equiv=\"Content-Type\" content=\"text/html\">\n<meta http-equiv=\"content-type\" content=\"text/html; charset=UTF-8\">\n</head>\n<body style=\"margin:0px 0px 0px 0px;overflow:auto;background:#FFFFFF;\">\n<table style=\"font-family:Arial,Verdana,Times;font-size:12px;text-align:left;width:100%;border-collapse:collapse;padding:3px 3px 3px 3px\">\n<tr style=\"text-align:center;font-weight:bold;background:#9CBCE2\">\n<td>Pacific:Antarctic</td>\n</tr>\n<tr>\n<td>\n<table style=\"font-family:Arial,Verdana,Times;font-size:12px;text-align:left;width:100%;border-spacing:0px; padding:3px 3px 3px 3px\">\n<tr>\n<td>NAME</td>\n<td>Pacific:Antarctic</td>\n</tr>\n<tr bgcolor=\"#D4E4F3\">\n<td>LABEL</td>\n<td>Divergent Boundary</td>\n</tr>\n</table>\n</td>\n</tr>\n</table>\n</body>\n</html>", "LABEL": "Divergent Boundary" }, "geometry": { "type": "MultiLineString", "coordinates": [ [ [ -120.663002013931802, -54.409999847814667, 0.0 ], [ -121.227996826592204, -55.219001770315401, 0.0 ], [ -121.635002136239606, -55.832000732747588, 0.0 ], [ -121.861999512067797, -56.026000976363953, 0.0 ] ] ] } },
{ "type": "Feature", "properties": { "Name": "South American:Antarctic", "Description": "<html xmlns:fo=\"http://www.w3.org/1999/XSL/Format\" xmlns:msxsl=\"urn:schemas-microsoft-com:xslt\">\n<head>\n<META http-equiv=\"Content-Type\" content=\"text/html\">\n<meta http-equiv=\"content-type\" content=\"text/html; charset=UTF-8\">\n</head>\n<body style=\"margin:0px 0px 0px 0px;overflow:auto;background:#FFFFFF;\">\n<table style=\"font-family:Arial,Verdana,Times;font-size:12px;text-align:left;width:100%;border-collapse:collapse;padding:3px 3px 3px 3px\">\n<tr style=\"text-align:center;font-weight:bold;background:#9CBCE2\">\n<td>South American:Antarctic</td>\n</tr>\n<tr>\n<td>\n<table style=\"font-family:Arial,Verdana,Times;font-size:12px;text-align:left;width:100%;border-spacing:0px; padding:3px 3px 3px 3px\">\n<tr>\n<td>NAME</td>\n<td>South American:Antarctic</td>\n</tr>\n<tr bgcolor=\"#D4E4F3\">\n<td>LABEL</td>\n<td>Divergent Boundary</td>\n</tr>\n</table>\n</td>\n</tr>\n</table>\n</body>\n</html>", "LABEL": "Divergent Boundary" }, "geometry": { "type": "MultiLineString", "coordinates": [ [ [ -4.692999839470986, -56.591999053813247, 0.0 ], [ -4.67500019110588, -56.209999084290253, 0.0 ], [ -4.690999984661517, -55.806999206648022, 0.0 ] ] ] } },
{ "type": "Feature", "properties": { "Name": "Pacific:Antarctic", "Description": "<html xmlns:fo=\"http://www.w3.org/1999/XSL/Format\" xmlns:msxsl=\"urn:schemas-microsoft-com:xslt\">\n<head>\n<META http-equiv=\"Content-Type\" content=\"text/html\">\n<meta http-equiv=\"content-type\" content=\"text/html; charset=UTF-8\">\n</head>\n<body style=\"margin:0px 0px 0px 0px;overflow:auto;background:#FFFFFF;\">\n<table style=\"font-family:Arial,Verdana,Times;font-size:12px;text-align:left;width:100%;border-collapse:collapse;padding:3px 3px 3px 3px\">\n<tr style=\"text-align:center;font-weight:bold;background:#9CBCE2\">\n<td>Pacific:Antarctic</td>\n</tr>\n<tr>\n<td>\n<table style=\"font-family:Arial,Verdana,Times;font-size:12px;text-align:left;width:100%;border-spacing:0px; padding:3px 3px 3px 3px\">\n<tr>\n<td>NAME</td>\n<td>Pacific:Antarctic</td>\n</tr>\n<tr bgcolor=\"#D4E4F3\">\n<td>LABEL</td>\n<td>Divergent Boundary</td>\n</tr>\n</table>\n</td>\n</tr>\n</table>\n</body>\n</html>", "LABEL": "Divergent Boundary" }, "geometry": { "type": "MultiLineString", "coordinates": [ [ [ -139.190994262375312, -55.724998473900428, 0.0 ], [ -139.54499816933, -56.268001556626473, 0.0 ], [ -140.041000366173904, -56.771999358683388, 0.0 ], [ -140.32499694865021, -57.053001403791711, 0.0 ] ] ] } },
{ "type": "Feature", "properties": { "Name": "South American:Antarctic", "Description": "<html xmlns:fo=\"http://www.w3.org/1999/XSL/Format\" xmlns:msxsl=\"urn:schemas-microsoft-com:xslt\">\n<head>\n<META http-equiv=\"Content-Type\" content=\"text/html\">\n<meta http-equiv=\"content-type\" content=\"text/html; charset=UTF-8\">\n</head>\n<body style=\"margin:0px 0px 0px 0px;overflow:auto;background:#FFFFFF;\">\n<table style=\"font-family:Arial,Verdana,Times;font-size:12px;text-align:left;width:100%;border-collapse:collapse;padding:3px 3px 3px 3px\">\n<tr style=\"text-align:center;font-weight:bold;background:#9CBCE2\">\n<td>South American:Antarctic</td>\n</tr>\n<tr>\n<td>\n<table style=\"font-family:Arial,Verdana,Times;font-size:12px;text-align:left;width:100%;border-spacing:0px; padding:3px 3px 3px 3px\">\n<tr>\n<td>NAME</td>\n<td>South American:Antarctic</td>\n</tr>\n<tr bgcolor=\"#D4E4F3\">\n<td>LABEL</td>\n<td>Divergent Boundary</td>\n</tr>\n</table>\n</td>\n</tr>\n</table>\n</body>\n</html>", "LABEL": "Divergent Boundary" }, "geometry": { "type": "MultiLineString", "coordinates": [ [ [ -6.130000114813413, -57.240001678034957, 0.0 ], [ -6.093999863003205, -56.981998443473337, 0.0 ], [ -6.057000160429027, -56.672000885032787, 0.0 ] ] ] } },
{ "type": "Feature", "properties": { "Name": "Australian:Antarctic", "Description": "<html xmlns:fo=\"http://www.w3.org/1999/XSL/Format\" xmlns:msxsl=\"urn:schemas-microsoft-com:xslt\">\n<head>\n<META http-equiv=\"Content-Type\" content=\"text/html\">\n<meta http-equiv=\"content-type\" content=\"text/html; charset=UTF-8\">\n</head>\n<body style=\"margin:0px 0px 0px 0px;overflow:auto;background:#FFFFFF;\">\n<table style=\"font-family:Arial,Verdana,Times;font-size:12px;text-align:left;width:100%;border-collapse:collapse;padding:3px 3px 3px 3px\">\n<tr style=\"text-align:center;font-weight:bold;background:#9CBCE2\">\n<td>Australian:Antarctic</td>\n</tr>\n<tr>\n<td>\n<table style=\"font-family:Arial,Verdana,Times;font-size:12px;text-align:left;width:100%;border-spacing:0px; padding:3px 3px 3px 3px\">\n<tr>\n<td>NAME</td>\n<td>Australian:Antarctic</td>\n</tr>\n<tr bgcolor=\"#D4E4F3\">\n<td>LABEL</td>\n<td>Divergent Boundary</td>\n</tr>\n</table>\n</td>\n</tr>\n</table>\n</body>\n</html>", "LABEL": "Divergent Boundary" }, "geometry": { "type": "MultiLineString", "coordinates": [ [ [ 148.805999755484407, -57.436000824078747, 0.0 ], [ 148.076004028363286, -57.527000426828181, 0.0 ], [ 147.901992798229088, -57.56600189167392, 0.0 ] ] ] } },
{ "type": "Feature", "properties": { "Name": "Pacific:Antarctic", "Description": "<html xmlns:fo=\"http://www.w3.org/1999/XSL/Format\" xmlns:msxsl=\"urn:schemas-microsoft-com:xslt\">\n<head>\n<META http-equiv=\"Content-Type\" content=\"text/html\">\n<meta http-equiv=\"content-type\" content=\"text/html; charset=UTF-8\">\n</head>\n<body style=\"margin:0px 0px 0px 0px;overflow:auto;background:#FFFFFF;\">\n<table style=\"font-family:Arial,Verdana,Times;font-size:12px;text-align:left;width:100%;border-collapse:collapse;padding:3px 3px 3px 3px\">\n<tr style=\"text-align:center;font-weight:bold;background:#9CBCE2\">\n<td>Pacific:Antarctic</td>\n</tr>\n<tr>\n<td>\n<table style=\"font-family:Arial,Verdana,Times;font-size:12px;text-align:left;width:100%;border-spacing:0px; padding:3px 3px 3px 3px\">\n<tr>\n<td>NAME</td>\n<td>Pacific:Antarctic</td>\n</tr>\n<tr bgcolor=\"#D4E4F3\">\n<td>LABEL</td>\n<td>Divergent Boundary</td>\n</tr>\n</table>\n</td>\n</tr>\n</table>\n</body>\n</html>", "LABEL": "Divergent Boundary" }, "geometry": { "type": "MultiLineString", "coordinates": [ [ [ -144.856994629198709, -55.784000397000682, 0.0 ], [ -145.412002563167704, -56.228000641016713, 0.0 ], [ -145.979003906305195, -56.668998717816521, 0.0 ], [ -146.68099975593401, -57.307998657112307, 0.0 ], [ -147.167007446036791, -57.638000487832187, 0.0 ] ] ] } },
{ "type": "Feature", "properties": { "Name": "South American:Antarctic", "Description": "<html xmlns:fo=\"http://www.w3.org/1999/XSL/Format\" xmlns:msxsl=\"urn:schemas-microsoft-com:xslt\">\n<head>\n<META http-equiv=\"Content-Type\" content=\"text/html\">\n<meta http-equiv=\"content-type\" content=\"text/html; charset=UTF-8\">\n</head>\n<body style=\"margin:0px 0px 0px 0px;overflow:auto;background:#FFFFFF;\">\n<table style=\"font-family:Arial,Verdana,Times;font-size:12px;text-align:left;width:100%;border-collapse:collapse;padding:3px 3px 3px 3px\">\n<tr style=\"text-align:center;font-weight:bold;background:#9CBCE2\">\n<td>South American:Antarctic</td>\n</tr>\n<tr>\n<td>\n<table style=\"font-family:Arial,Verdana,Times;font-size:12px;text-align:left;width:100%;border-spacing:0px; padding:3px 3px 3px 3px\">\n<tr>\n<td>NAME</td>\n<td>South American:Antarctic</td>\n</tr>\n<tr bgcolor=\"#D4E4F3\">\n<td>LABEL</td>\n<td>Divergent Boundary</td>\n</tr>\n</table>\n</td>\n</tr>\n</table>\n</body>\n</html>", "LABEL": "Divergent Boundary" }, "geometry": { "type": "MultiLineString", "coordinates": [ [ [ -7.00899982448226, -57.868999481640742, 0.0 ], [ -7.013000011641168, -57.617000579712972, 0.0 ], [ -6.999000072895001, -57.318000793701628, 0.0 ] ] ] } },
{ "type": "Feature", "properties": { "Name": "South American:Antarctic", "Description": "<html xmlns:fo=\"http://www.w3.org/1999/XSL/Format\" xmlns:msxsl=\"urn:schemas-microsoft-com:xslt\">\n<head>\n<META http-equiv=\"Content-Type\" content=\"text/html\">\n<meta http-equiv=\"content-type\" content=\"text/html; charset=UTF-8\">\n</head>\n<body style=\"margin:0px 0px 0px 0px;overflow:auto;background:#FFFFFF;\">\n<table style=\"font-family:Arial,Verdana,Times;font-size:12px;text-align:left;width:100%;border-collapse:collapse;padding:3px 3px 3px 3px\">\n<tr style=\"text-align:center;font-weight:bold;background:#9CBCE2\">\n<td>South American:Antarctic</td>\n</tr>\n<tr>\n<td>\n<table style=\"font-family:Arial,Verdana,Times;font-size:12px;text-align:left;width:100%;border-spacing:0px; padding:3px 3px 3px 3px\">\n<tr>\n<td>NAME</td>\n<td>South American:Antarctic</td>\n</tr>\n<tr bgcolor=\"#D4E4F3\">\n<td>LABEL</td>\n<td>Divergent Boundary</td>\n</tr>\n</table>\n</td>\n</tr>\n</table>\n</body>\n</html>", "LABEL": "Divergent Boundary" }, "geometry": { "type": "MultiLineString", "coordinates": [ [ [ -16.409999847315081, -59.097999572822012, 0.0 ], [ -16.225999831926629, -58.766998291338041, 0.0 ], [ -16.004999160682701, -58.458999633526219, 0.0 ], [ -15.97200012190808, -58.438999176171023, 0.0 ] ] ] } },
{ "type": "Feature", "properties": { "Name": "South American:Antarctic", "Description": "<html xmlns:fo=\"http://www.w3.org/1999/XSL/Format\" xmlns:msxsl=\"urn:schemas-microsoft-com:xslt\">\n<head>\n<META http-equiv=\"Content-Type\" content=\"text/html\">\n<meta http-equiv=\"content-type\" content=\"text/html; charset=UTF-8\">\n</head>\n<body style=\"margin:0px 0px 0px 0px;overflow:auto;background:#FFFFFF;\">\n<table style=\"font-family:Arial,Verdana,Times;font-size:12px;text-align:left;width:100%;border-collapse:collapse;padding:3px 3px 3px 3px\">\n<tr style=\"text-align:center;font-weight:bold;background:#9CBCE2\">\n<td>South American:Antarctic</td>\n</tr>\n<tr>\n<td>\n<table style=\"font-family:Arial,Verdana,Times;font-size:12px;text-align:left;width:100%;border-spacing:0px; padding:3px 3px 3px 3px\">\n<tr>\n<td>NAME</td>\n<td>South American:Antarctic</td>\n</tr>\n<tr bgcolor=\"#D4E4F3\">\n<td>LABEL</td>\n<td>Divergent Boundary</td>\n</tr>\n</table>\n</td>\n</tr>\n</table>\n</body>\n</html>", "LABEL": "Divergent Boundary" }, "geometry": { "type": "MultiLineString", "coordinates": [ [ [ -18.122999191559419, -59.508998870601367, 0.0 ], [ -18.059999466302258, -59.152999877941973, 0.0 ] ] ] } },
{ "type": "Feature", "properties": { "Name": "Australian:Antarctic", "Description": "<html xmlns:fo=\"http://www.w3.org/1999/XSL/Format\" xmlns:msxsl=\"urn:schemas-microsoft-com:xslt\">\n<head>\n<META http-equiv=\"Content-Type\" content=\"text/html\">\n<meta http-equiv=\"content-type\" content=\"text/html; charset=UTF-8\">\n</head>\n<body style=\"margin:0px 0px 0px 0px;overflow:auto;background:#FFFFFF;\">\n<table style=\"font-family:Arial,Verdana,Times;font-size:12px;text-align:left;width:100%;border-collapse:collapse;padding:3px 3px 3px 3px\">\n<tr style=\"text-align:center;font-weight:bold;background:#9CBCE2\">\n<td>Australian:Antarctic</td>\n</tr>\n<tr>\n<td>\n<table style=\"font-family:Arial,Verdana,Times;font-size:12px;text-align:left;width:100%;border-spacing:0px; padding:3px 3px 3px 3px\">\n<tr>\n<td>NAME</td>\n<td>Australian:Antarctic</td>\n</tr>\n<tr bgcolor=\"#D4E4F3\">\n<td>LABEL</td>\n<td>Divergent Boundary</td>\n</tr>\n</table>\n</td>\n</tr>\n</table>\n</body>\n</html>", "LABEL": "Divergent Boundary" }, "geometry": { "type": "MultiLineString", "coordinates": [ [ [ 150.73300170906171, -59.474998474499962, 0.0 ], [ 150.005996704384387, -59.569999695229683, 0.0 ] ] ] } },
{ "type": "Feature", "properties": { "Name": "Pacific:Antarctic", "Description": "<html xmlns:fo=\"http://www.w3.org/1999/XSL/Format\" xmlns:msxsl=\"urn:schemas-microsoft-com:xslt\">\n<head>\n<META http-equiv=\"Content-Type\" content=\"text/html\">\n<meta http-equiv=\"content-type\" content=\"text/html; charset=UTF-8\">\n</head>\n<body style=\"margin:0px 0px 0px 0px;overflow:auto;background:#FFFFFF;\">\n<table style=\"font-family:Arial,Verdana,Times;font-size:12px;text-align:left;width:100%;border-collapse:collapse;padding:3px 3px 3px 3px\">\n<tr style=\"text-align:center;font-weight:bold;background:#9CBCE2\">\n<td>Pacific:Antarctic</td>\n</tr>\n<tr>\n<td>\n<table style=\"font-family:Arial,Verdana,Times;font-size:12px;text-align:left;width:100%;border-spacing:0px; padding:3px 3px 3px 3px\">\n<tr>\n<td>NAME</td>\n<td>Pacific:Antarctic</td>\n</tr>\n<tr bgcolor=\"#D4E4F3\">\n<td>LABEL</td>\n<td>Divergent Boundary</td>\n</tr>\n</table>\n</td>\n</tr>\n</table>\n</body>\n</html>", "LABEL": "Divergent Boundary" }, "geometry": { "type": "MultiLineString", "coordinates": [ [ [ -147.692001343087497, -57.555000305219892, 0.0 ], [ -148.276000976364003, -58.130001068494487, 0.0 ], [ -149.264007568794199, -58.821998596458002, 0.0 ], [ -149.809005737224993, -59.313999176220989, 0.0 ], [ -150.382003784047413, -59.717998504627253, 0.0 ] ] ] } },
{ "type": "Feature", "properties": { "Name": "South American:Antarctic", "Description": "<html xmlns:fo=\"http://www.w3.org/1999/XSL/Format\" xmlns:msxsl=\"urn:schemas-microsoft-com:xslt\">\n<head>\n<META http-equiv=\"Content-Type\" content=\"text/html\">\n<meta http-equiv=\"content-type\" content=\"text/html; charset=UTF-8\">\n</head>\n<body style=\"margin:0px 0px 0px 0px;overflow:auto;background:#FFFFFF;\">\n<table style=\"font-family:Arial,Verdana,Times;font-size:12px;text-align:left;width:100%;border-collapse:collapse;padding:3px 3px 3px 3px\">\n<tr style=\"text-align:center;font-weight:bold;background:#9CBCE2\">\n<td>South American:Antarctic</td>\n</tr>\n<tr>\n<td>\n<table style=\"font-family:Arial,Verdana,Times;font-size:12px;text-align:left;width:100%;border-spacing:0px; padding:3px 3px 3px 3px\">\n<tr>\n<td>NAME</td>\n<td>South American:Antarctic</td>\n</tr>\n<tr bgcolor=\"#D4E4F3\">\n<td>LABEL</td>\n<td>Divergent Boundary</td>\n</tr>\n</table>\n</td>\n</tr>\n</table>\n</body>\n</html>", "LABEL": "Divergent Boundary" }, "geometry": { "type": "MultiLineString", "coordinates": [ [ [ -18.64599990856885, -60.25, 0.0 ], [ -18.54700088478296, -59.937999725107197, 0.0 ], [ -18.4330005649241, -59.541999816838029, 0.0 ] ] ] } },
{ "type": "Feature", "properties": { "Name": "Australian:Antarctic", "Description": "<html xmlns:fo=\"http://www.w3.org/1999/XSL/Format\" xmlns:msxsl=\"urn:schemas-microsoft-com:xslt\">\n<head>\n<META http-equiv=\"Content-Type\" content=\"text/html\">\n<meta http-equiv=\"content-type\" content=\"text/html; charset=UTF-8\">\n</head>\n<body style=\"margin:0px 0px 0px 0px;overflow:auto;background:#FFFFFF;\">\n<table style=\"font-family:Arial,Verdana,Times;font-size:12px;text-align:left;width:100%;border-collapse:collapse;padding:3px 3px 3px 3px\">\n<tr style=\"text-align:center;font-weight:bold;background:#9CBCE2\">\n<td>Australian:Antarctic</td>\n</tr>\n<tr>\n<td>\n<table style=\"font-family:Arial,Verdana,Times;font-size:12px;text-align:left;width:100%;border-spacing:0px; padding:3px 3px 3px 3px\">\n<tr>\n<td>NAME</td>\n<td>Australian:Antarctic</td>\n</tr>\n<tr bgcolor=\"#D4E4F3\">\n<td>LABEL</td>\n<td>Divergent Boundary</td>\n</tr>\n</table>\n</td>\n</tr>\n</table>\n</body>\n</html>", "LABEL": "Divergent Boundary" }, "geometry": { "type": "MultiLineString", "coordinates": [ [ [ 153.467390004345305, -59.948714915261057, 0.0 ], [ 152.47300720242049, -60.175998687389502, 0.0 ], [ 151.289993285761597, -60.412998199807021, 0.0 ] ] ] } },
{ "type": "Feature", "properties": { "Name": "Antarctic:Scotia", "Description": "<html xmlns:fo=\"http://www.w3.org/1999/XSL/Format\" xmlns:msxsl=\"urn:schemas-microsoft-com:xslt\">\n<head>\n<META http-equiv=\"Content-Type\" content=\"text/html\">\n<meta http-equiv=\"content-type\" content=\"text/html; charset=UTF-8\">\n</head>\n<body style=\"margin:0px 0px 0px 0px;overflow:auto;background:#FFFFFF;\">\n<table style=\"font-family:Arial,Verdana,Times;font-size:12px;text-align:left;width:100%;border-collapse:collapse;padding:3px 3px 3px 3px\">\n<tr style=\"text-align:center;font-weight:bold;background:#9CBCE2\">\n<td>Antarctic:Scotia</td>\n</tr>\n<tr>\n<td>\n<table style=\"font-family:Arial,Verdana,Times;font-size:12px;text-align:left;width:100%;border-spacing:0px; padding:3px 3px 3px 3px\">\n<tr>\n<td>NAME</td>\n<td>Antarctic:Scotia</td>\n</tr>\n<tr bgcolor=\"#D4E4F3\">\n<td>LABEL</td>\n<td>Divergent Boundary</td>\n</tr>\n</table>\n</td>\n</tr>\n</table>\n</body>\n</html>", "LABEL": "Divergent Boundary" }, "geometry": { "type": "MultiLineString", "coordinates": [ [ [ -32.367000579812839, -60.409000396750862, 0.0 ], [ -33.445999145144413, -60.701000213389079, 0.0 ] ] ] } },
{ "type": "Feature", "properties": { "Name": "South American:Antarctic", "Description": "<html xmlns:fo=\"http://www.w3.org/1999/XSL/Format\" xmlns:msxsl=\"urn:schemas-microsoft-com:xslt\">\n<head>\n<META http-equiv=\"Content-Type\" content=\"text/html\">\n<meta http-equiv=\"content-type\" content=\"text/html; charset=UTF-8\">\n</head>\n<body style=\"margin:0px 0px 0px 0px;overflow:auto;background:#FFFFFF;\">\n<table style=\"font-family:Arial,Verdana,Times;font-size:12px;text-align:left;width:100%;border-collapse:collapse;padding:3px 3px 3px 3px\">\n<tr style=\"text-align:center;font-weight:bold;background:#9CBCE2\">\n<td>South American:Antarctic</td>\n</tr>\n<tr>\n<td>\n<table style=\"font-family:Arial,Verdana,Times;font-size:12px;text-align:left;width:100%;border-spacing:0px; padding:3px 3px 3px 3px\">\n<tr>\n<td>NAME</td>\n<td>South American:Antarctic</td>\n</tr>\n<tr bgcolor=\"#D4E4F3\">\n<td>LABEL</td>\n<td>Divergent Boundary</td>\n</tr>\n</table>\n</td>\n</tr>\n</table>\n</body>\n</html>", "LABEL": "Divergent Boundary" }, "geometry": { "type": "MultiLineString", "coordinates": [ [ [ -19.580999374121749, -60.811000823629058, 0.0 ], [ -19.371000290231169, -60.289001464845683, 0.0 ] ] ] } },
{ "type": "Feature", "properties": { "Name": "Antarctic:Scotia", "Description": "<html xmlns:fo=\"http://www.w3.org/1999/XSL/Format\" xmlns:msxsl=\"urn:schemas-microsoft-com:xslt\">\n<head>\n<META http-equiv=\"Content-Type\" content=\"text/html\">\n<meta http-equiv=\"content-type\" content=\"text/html; charset=UTF-8\">\n</head>\n<body style=\"margin:0px 0px 0px 0px;overflow:auto;background:#FFFFFF;\">\n<table style=\"font-family:Arial,Verdana,Times;font-size:12px;text-align:left;width:100%;border-collapse:collapse;padding:3px 3px 3px 3px\">\n<tr style=\"text-align:center;font-weight:bold;background:#9CBCE2\">\n<td>Antarctic:Scotia</td>\n</tr>\n<tr>\n<td>\n<table style=\"font-family:Arial,Verdana,Times;font-size:12px;text-align:left;width:100%;border-spacing:0px; padding:3px 3px 3px 3px\">\n<tr>\n<td>NAME</td>\n<td>Antarctic:Scotia</td>\n</tr>\n<tr bgcolor=\"#D4E4F3\">\n<td>LABEL</td>\n<td>Divergent Boundary</td>\n</tr>\n</table>\n</td>\n</tr>\n</table>\n</body>\n</html>", "LABEL": "Divergent Boundary" }, "geometry": { "type": "MultiLineString", "coordinates": [ [ [ -39.826999664502857, -60.633998871051013, 0.0 ], [ -41.214000701671011, -60.974998474200163, 0.0 ] ] ] } },
{ "type": "Feature", "properties": { "Name": "Antarctic:Scotia", "Description": "<html xmlns:fo=\"http://www.w3.org/1999/XSL/Format\" xmlns:msxsl=\"urn:schemas-microsoft-com:xslt\">\n<head>\n<META http-equiv=\"Content-Type\" content=\"text/html\">\n<meta http-equiv=\"content-type\" content=\"text/html; charset=UTF-8\">\n</head>\n<body style=\"margin:0px 0px 0px 0px;overflow:auto;background:#FFFFFF;\">\n<table style=\"font-family:Arial,Verdana,Times;font-size:12px;text-align:left;width:100%;border-collapse:collapse;padding:3px 3px 3px 3px\">\n<tr style=\"text-align:center;font-weight:bold;background:#9CBCE2\">\n<td>Antarctic:Scotia</td>\n</tr>\n<tr>\n<td>\n<table style=\"font-family:Arial,Verdana,Times;font-size:12px;text-align:left;width:100%;border-spacing:0px; padding:3px 3px 3px 3px\">\n<tr>\n<td>NAME</td>\n<td>Antarctic:Scotia</td>\n</tr>\n<tr bgcolor=\"#D4E4F3\">\n<td>LABEL</td>\n<td>Divergent Boundary</td>\n</tr>\n</table>\n</td>\n</tr>\n</table>\n</body>\n</html>", "LABEL": "Divergent Boundary" }, "geometry": { "type": "MultiLineString", "coordinates": [ [ [ -50.88700103796748, -60.094001770465297, 0.0 ], [ -51.118999481640742, -60.571998596557933, 0.0 ], [ -52.068000793401843, -60.752998352192151, 0.0 ], [ -53.122001647557973, -61.036998748693243, 0.0 ] ] ] } },
{ "type": "Feature", "properties": { "Name": "Antarctic:Scotia", "Description": "<html xmlns:fo=\"http://www.w3.org/1999/XSL/Format\" xmlns:msxsl=\"urn:schemas-microsoft-com:xslt\">\n<head>\n<META http-equiv=\"Content-Type\" content=\"text/html\">\n<meta http-equiv=\"content-type\" content=\"text/html; charset=UTF-8\">\n</head>\n<body style=\"margin:0px 0px 0px 0px;overflow:auto;background:#FFFFFF;\">\n<table style=\"font-family:Arial,Verdana,Times;font-size:12px;text-align:left;width:100%;border-collapse:collapse;padding:3px 3px 3px 3px\">\n<tr style=\"text-align:center;font-weight:bold;background:#9CBCE2\">\n<td>Antarctic:Scotia</td>\n</tr>\n<tr>\n<td>\n<table style=\"font-family:Arial,Verdana,Times;font-size:12px;text-align:left;width:100%;border-spacing:0px; padding:3px 3px 3px 3px\">\n<tr>\n<td>NAME</td>\n<td>Antarctic:Scotia</td>\n</tr>\n<tr bgcolor=\"#D4E4F3\">\n<td>LABEL</td>\n<td>Divergent Boundary</td>\n</tr>\n</table>\n</td>\n</tr>\n</table>\n</body>\n</html>", "LABEL": "Divergent Boundary" }, "geometry": { "type": "MultiLineString", "coordinates": [ [ [ -33.445999145144413, -60.701000213389079, 0.0 ], [ -34.82500076307474, -60.988998412946387, 0.0 ], [ -36.417999267951807, -61.391998290588617, 0.0 ] ] ] } },
{ "type": "Feature", "properties": { "Name": "Antarctic:Scotia", "Description": "<html xmlns:fo=\"http://www.w3.org/1999/XSL/Format\" xmlns:msxsl=\"urn:schemas-microsoft-com:xslt\">\n<head>\n<META http-equiv=\"Content-Type\" content=\"text/html\">\n<meta http-equiv=\"content-type\" content=\"text/html; charset=UTF-8\">\n</head>\n<body style=\"margin:0px 0px 0px 0px;overflow:auto;background:#FFFFFF;\">\n<table style=\"font-family:Arial,Verdana,Times;font-size:12px;text-align:left;width:100%;border-collapse:collapse;padding:3px 3px 3px 3px\">\n<tr style=\"text-align:center;font-weight:bold;background:#9CBCE2\">\n<td>Antarctic:Scotia</td>\n</tr>\n<tr>\n<td>\n<table style=\"font-family:Arial,Verdana,Times;font-size:12px;text-align:left;width:100%;border-spacing:0px; padding:3px 3px 3px 3px\">\n<tr>\n<td>NAME</td>\n<td>Antarctic:Scotia</td>\n</tr>\n<tr bgcolor=\"#D4E4F3\">\n<td>LABEL</td>\n<td>Divergent Boundary</td>\n</tr>\n</table>\n</td>\n</tr>\n</table>\n</body>\n</html>", "LABEL": "Divergent Boundary" }, "geometry": { "type": "MultiLineString", "coordinates": [ [ [ -53.122001647557973, -61.036998748693243, 0.0 ], [ -54.30099868743946, -61.509998321864998, 0.0 ] ] ] } },
{ "type": "Feature", "properties": { "Name": "Pacific:Antarctic", "Description": "<html xmlns:fo=\"http://www.w3.org/1999/XSL/Format\" xmlns:msxsl=\"urn:schemas-microsoft-com:xslt\">\n<head>\n<META http-equiv=\"Content-Type\" content=\"text/html\">\n<meta http-equiv=\"content-type\" content=\"text/html; charset=UTF-8\">\n</head>\n<body style=\"margin:0px 0px 0px 0px;overflow:auto;background:#FFFFFF;\">\n<table style=\"font-family:Arial,Verdana,Times;font-size:12px;text-align:left;width:100%;border-collapse:collapse;padding:3px 3px 3px 3px\">\n<tr style=\"text-align:center;font-weight:bold;background:#9CBCE2\">\n<td>Pacific:Antarctic</td>\n</tr>\n<tr>\n<td>\n<table style=\"font-family:Arial,Verdana,Times;font-size:12px;text-align:left;width:100%;border-spacing:0px; padding:3px 3px 3px 3px\">\n<tr>\n<td>NAME</td>\n<td>Pacific:Antarctic</td>\n</tr>\n<tr bgcolor=\"#D4E4F3\">\n<td>LABEL</td>\n<td>Divergent Boundary</td>\n</tr>\n</table>\n</td>\n</tr>\n</table>\n</body>\n</html>", "LABEL": "Divergent Boundary" }, "geometry": { "type": "MultiLineString", "coordinates": [ [ [ -151.328994751306709, -59.469001769915742, 0.0 ], [ -152.119003296165204, -60.158000946486432, 0.0 ], [ -152.94299316430309, -60.840999603548823, 0.0 ], [ -153.660995483155006, -61.398998260860992, 0.0 ], [ -154.180999756233803, -61.835998535503961, 0.0 ] ] ] } },
{ "type": "Feature", "properties": { "Name": "Pacific:Antarctic", "Description": "<html xmlns:fo=\"http://www.w3.org/1999/XSL/Format\" xmlns:msxsl=\"urn:schemas-microsoft-com:xslt\">\n<head>\n<META http-equiv=\"Content-Type\" content=\"text/html\">\n<meta http-equiv=\"content-type\" content=\"text/html; charset=UTF-8\">\n</head>\n<body style=\"margin:0px 0px 0px 0px;overflow:auto;background:#FFFFFF;\">\n<table style=\"font-family:Arial,Verdana,Times;font-size:12px;text-align:left;width:100%;border-collapse:collapse;padding:3px 3px 3px 3px\">\n<tr style=\"text-align:center;font-weight:bold;background:#9CBCE2\">\n<td>Pacific:Antarctic</td>\n</tr>\n<tr>\n<td>\n<table style=\"font-family:Arial,Verdana,Times;font-size:12px;text-align:left;width:100%;border-spacing:0px; padding:3px 3px 3px 3px\">\n<tr>\n<td>NAME</td>\n<td>Pacific:Antarctic</td>\n</tr>\n<tr bgcolor=\"#D4E4F3\">\n<td>LABEL</td>\n<td>Divergent Boundary</td>\n</tr>\n</table>\n</td>\n</tr>\n</table>\n</body>\n</html>", "LABEL": "Divergent Boundary" }, "geometry": { "type": "MultiLineString", "coordinates": [ [ [ 165.102996826342491, -62.076999664103198, 0.0 ], [ 164.768005370751297, -62.176998138653119, 0.0 ], [ 164.274993896351305, -62.321998595758537, 0.0 ], [ 163.772994994923096, -62.474998473900428, 0.0 ], [ 162.948341956815995, -62.762425951996022, 0.0 ] ] ] } },
{ "type": "Feature", "properties": { "Name": "Australian:Antarctic", "Description": "<html xmlns:fo=\"http://www.w3.org/1999/XSL/Format\" xmlns:msxsl=\"urn:schemas-microsoft-com:xslt\">\n<head>\n<META http-equiv=\"Content-Type\" content=\"text/html\">\n<meta http-equiv=\"content-type\" content=\"text/html; charset=UTF-8\">\n</head>\n<body style=\"margin:0px 0px 0px 0px;overflow:auto;background:#FFFFFF;\">\n<table style=\"font-family:Arial,Verdana,Times;font-size:12px;text-align:left;width:100%;border-collapse:collapse;padding:3px 3px 3px 3px\">\n<tr style=\"text-align:center;font-weight:bold;background:#9CBCE2\">\n<td>Australian:Antarctic</td>\n</tr>\n<tr>\n<td>\n<table style=\"font-family:Arial,Verdana,Times;font-size:12px;text-align:left;width:100%;border-spacing:0px; padding:3px 3px 3px 3px\">\n<tr>\n<td>NAME</td>\n<td>Australian:Antarctic</td>\n</tr>\n<tr bgcolor=\"#D4E4F3\">\n<td>LABEL</td>\n<td>Divergent Boundary</td>\n</tr>\n</table>\n</td>\n</tr>\n</table>\n</body>\n</html>", "LABEL": "Divergent Boundary" }, "geometry": { "type": "MultiLineString", "coordinates": [ [ [ 161.22799682599279, -61.4570007322979, 0.0 ], [ 160.86500549290929, -61.558998107476611, 0.0 ], [ 159.440002441659402, -62.026000976963473, 0.0 ], [ 157.970001220979611, -62.478000641116637, 0.0 ], [ 156.457000732398001, -62.914001464995579, 0.0 ] ] ] } },
{ "type": "Feature", "properties": { "Name": "Pacific:Antarctic", "Description": "<html xmlns:fo=\"http://www.w3.org/1999/XSL/Format\" xmlns:msxsl=\"urn:schemas-microsoft-com:xslt\">\n<head>\n<META http-equiv=\"Content-Type\" content=\"text/html\">\n<meta http-equiv=\"content-type\" content=\"text/html; charset=UTF-8\">\n</head>\n<body style=\"margin:0px 0px 0px 0px;overflow:auto;background:#FFFFFF;\">\n<table style=\"font-family:Arial,Verdana,Times;font-size:12px;text-align:left;width:100%;border-collapse:collapse;padding:3px 3px 3px 3px\">\n<tr style=\"text-align:center;font-weight:bold;background:#9CBCE2\">\n<td>Pacific:Antarctic</td>\n</tr>\n<tr>\n<td>\n<table style=\"font-family:Arial,Verdana,Times;font-size:12px;text-align:left;width:100%;border-spacing:0px; padding:3px 3px 3px 3px\">\n<tr>\n<td>NAME</td>\n<td>Pacific:Antarctic</td>\n</tr>\n<tr bgcolor=\"#D4E4F3\">\n<td>LABEL</td>\n<td>Divergent Boundary</td>\n</tr>\n</table>\n</td>\n</tr>\n</table>\n</body>\n</html>", "LABEL": "Divergent Boundary" }, "geometry": { "type": "MultiLineString", "coordinates": [ [ [ -159.888000488531702, -62.595001220729728, 0.0 ], [ -160.429992675721394, -62.923000335896752, 0.0 ] ] ] } },
{ "type": "Feature", "properties": { "Name": "Pacific:Antarctic", "Description": "<html xmlns:fo=\"http://www.w3.org/1999/XSL/Format\" xmlns:msxsl=\"urn:schemas-microsoft-com:xslt\">\n<head>\n<META http-equiv=\"Content-Type\" content=\"text/html\">\n<meta http-equiv=\"content-type\" content=\"text/html; charset=UTF-8\">\n</head>\n<body style=\"margin:0px 0px 0px 0px;overflow:auto;background:#FFFFFF;\">\n<table style=\"font-family:Arial,Verdana,Times;font-size:12px;text-align:left;width:100%;border-collapse:collapse;padding:3px 3px 3px 3px\">\n<tr style=\"text-align:center;font-weight:bold;background:#9CBCE2\">\n<td>Pacific:Antarctic</td>\n</tr>\n<tr>\n<td>\n<table style=\"font-family:Arial,Verdana,Times;font-size:12px;text-align:left;width:100%;border-spacing:0px; padding:3px 3px 3px 3px\">\n<tr>\n<td>NAME</td>\n<td>Pacific:Antarctic</td>\n</tr>\n<tr bgcolor=\"#D4E4F3\">\n<td>LABEL</td>\n<td>Divergent Boundary</td>\n</tr>\n</table>\n</td>\n</tr>\n</table>\n</body>\n</html>", "LABEL": "Divergent Boundary" }, "geometry": { "type": "MultiLineString", "coordinates": [ [ [ 169.238006591730908, -62.445999145644009, 0.0 ], [ 168.707992554013202, -62.631999969123228, 0.0 ], [ 168.276992797979403, -62.772998810047, 0.0 ], [ 167.550003052099214, -62.971000671643651, 0.0 ] ] ] } },
{ "type": "Feature", "properties": { "Name": "Pacific:Antarctic", "Description": "<html xmlns:fo=\"http://www.w3.org/1999/XSL/Format\" xmlns:msxsl=\"urn:schemas-microsoft-com:xslt\">\n<head>\n<META http-equiv=\"Content-Type\" content=\"text/html\">\n<meta http-equiv=\"content-type\" content=\"text/html; charset=UTF-8\">\n</head>\n<body style=\"margin:0px 0px 0px 0px;overflow:auto;background:#FFFFFF;\">\n<table style=\"font-family:Arial,Verdana,Times;font-size:12px;text-align:left;width:100%;border-collapse:collapse;padding:3px 3px 3px 3px\">\n<tr style=\"text-align:center;font-weight:bold;background:#9CBCE2\">\n<td>Pacific:Antarctic</td>\n</tr>\n<tr>\n<td>\n<table style=\"font-family:Arial,Verdana,Times;font-size:12px;text-align:left;width:100%;border-spacing:0px; padding:3px 3px 3px 3px\">\n<tr>\n<td>NAME</td>\n<td>Pacific:Antarctic</td>\n</tr>\n<tr bgcolor=\"#D4E4F3\">\n<td>LABEL</td>\n<td>Divergent Boundary</td>\n</tr>\n</table>\n</td>\n</tr>\n</table>\n</body>\n</html>", "LABEL": "Divergent Boundary" }, "geometry": { "type": "MultiLineString", "coordinates": [ [ [ -158.393997192516395, -62.789001465245413, 0.0 ], [ -158.703002930041208, -63.004001617880313, 0.0 ] ] ] } },
{ "type": "Feature", "properties": { "Name": "Pacific:Antarctic", "Description": "<html xmlns:fo=\"http://www.w3.org/1999/XSL/Format\" xmlns:msxsl=\"urn:schemas-microsoft-com:xslt\">\n<head>\n<META http-equiv=\"Content-Type\" content=\"text/html\">\n<meta http-equiv=\"content-type\" content=\"text/html; charset=UTF-8\">\n</head>\n<body style=\"margin:0px 0px 0px 0px;overflow:auto;background:#FFFFFF;\">\n<table style=\"font-family:Arial,Verdana,Times;font-size:12px;text-align:left;width:100%;border-collapse:collapse;padding:3px 3px 3px 3px\">\n<tr style=\"text-align:center;font-weight:bold;background:#9CBCE2\">\n<td>Pacific:Antarctic</td>\n</tr>\n<tr>\n<td>\n<table style=\"font-family:Arial,Verdana,Times;font-size:12px;text-align:left;width:100%;border-spacing:0px; padding:3px 3px 3px 3px\">\n<tr>\n<td>NAME</td>\n<td>Pacific:Antarctic</td>\n</tr>\n<tr bgcolor=\"#D4E4F3\">\n<td>LABEL</td>\n<td>Divergent Boundary</td>\n</tr>\n</table>\n</td>\n</tr>\n</table>\n</body>\n</html>", "LABEL": "Divergent Boundary" }, "geometry": { "type": "MultiLineString", "coordinates": [ [ [ 167.550003052099214, -62.971000671643651, 0.0 ], [ 166.858001709211607, -63.221000671143997, 0.0 ] ] ] } },
{ "type": "Feature", "properties": { "Name": "Antarctic:Scotia", "Description": "<html xmlns:fo=\"http://www.w3.org/1999/XSL/Format\" xmlns:msxsl=\"urn:schemas-microsoft-com:xslt\">\n<head>\n<META http-equiv=\"Content-Type\" content=\"text/html\">\n<meta http-equiv=\"content-type\" content=\"text/html; charset=UTF-8\">\n</head>\n<body style=\"margin:0px 0px 0px 0px;overflow:auto;background:#FFFFFF;\">\n<table style=\"font-family:Arial,Verdana,Times;font-size:12px;text-align:left;width:100%;border-collapse:collapse;padding:3px 3px 3px 3px\">\n<tr style=\"text-align:center;font-weight:bold;background:#9CBCE2\">\n<td>Antarctic:Scotia</td>\n</tr>\n<tr>\n<td>\n<table style=\"font-family:Arial,Verdana,Times;font-size:12px;text-align:left;width:100%;border-spacing:0px; padding:3px 3px 3px 3px\">\n<tr>\n<td>NAME</td>\n<td>Antarctic:Scotia</td>\n</tr>\n<tr bgcolor=\"#D4E4F3\">\n<td>LABEL</td>\n<td>Divergent Boundary</td>\n</tr>\n</table>\n</td>\n</tr>\n</table>\n</body>\n</html>", "LABEL": "Divergent Boundary" }, "geometry": { "type": "MultiLineString", "coordinates": [ [ [ -54.30099868743946, -61.509998321864998, 0.0 ], [ -55.436000823579093, -61.687000274443051, 0.0 ], [ -56.305999755784057, -62.062999725356967, 0.0 ], [ -57.389999389859902, -62.304000854855531, 0.0 ], [ -58.613998413196157, -62.55300140359185, 0.0 ], [ -60.118000030876658, -62.944999694780051, 0.0 ], [ -61.749999999700208, -63.292999267302321, 0.0 ], [ -62.41999816878041, -63.000999450664096, 0.0 ], [ -63.291999816538237, -62.825000762874879, 0.0 ] ] ] } },
{ "type": "Feature", "properties": { "Name": "Pacific:Antarctic", "Description": "<html xmlns:fo=\"http://www.w3.org/1999/XSL/Format\" xmlns:msxsl=\"urn:schemas-microsoft-com:xslt\">\n<head>\n<META http-equiv=\"Content-Type\" content=\"text/html\">\n<meta http-equiv=\"content-type\" content=\"text/html; charset=UTF-8\">\n</head>\n<body style=\"margin:0px 0px 0px 0px;overflow:auto;background:#FFFFFF;\">\n<table style=\"font-family:Arial,Verdana,Times;font-size:12px;text-align:left;width:100%;border-collapse:collapse;padding:3px 3px 3px 3px\">\n<tr style=\"text-align:center;font-weight:bold;background:#9CBCE2\">\n<td>Pacific:Antarctic</td>\n</tr>\n<tr>\n<td>\n<table style=\"font-family:Arial,Verdana,Times;font-size:12px;text-align:left;width:100%;border-spacing:0px; padding:3px 3px 3px 3px\">\n<tr>\n<td>NAME</td>\n<td>Pacific:Antarctic</td>\n</tr>\n<tr bgcolor=\"#D4E4F3\">\n<td>LABEL</td>\n<td>Divergent Boundary</td>\n</tr>\n</table>\n</td>\n</tr>\n</table>\n</body>\n</html>", "LABEL": "Divergent Boundary" }, "geometry": { "type": "MultiLineString", "coordinates": [ [ [ -154.324005126735187, -61.776000976563751, 0.0 ], [ -155.253997802956206, -62.432998657661869, 0.0 ], [ -156.02200317400721, -62.951999664153163, 0.0 ], [ -156.716995239338786, -63.324001312010921, 0.0 ] ] ] } },
{ "type": "Feature", "properties": { "Name": "Pacific:Antarctic", "Description": "<html xmlns:fo=\"http://www.w3.org/1999/XSL/Format\" xmlns:msxsl=\"urn:schemas-microsoft-com:xslt\">\n<head>\n<META http-equiv=\"Content-Type\" content=\"text/html\">\n<meta http-equiv=\"content-type\" content=\"text/html; charset=UTF-8\">\n</head>\n<body style=\"margin:0px 0px 0px 0px;overflow:auto;background:#FFFFFF;\">\n<table style=\"font-family:Arial,Verdana,Times;font-size:12px;text-align:left;width:100%;border-collapse:collapse;padding:3px 3px 3px 3px\">\n<tr style=\"text-align:center;font-weight:bold;background:#9CBCE2\">\n<td>Pacific:Antarctic</td>\n</tr>\n<tr>\n<td>\n<table style=\"font-family:Arial,Verdana,Times;font-size:12px;text-align:left;width:100%;border-spacing:0px; padding:3px 3px 3px 3px\">\n<tr>\n<td>NAME</td>\n<td>Pacific:Antarctic</td>\n</tr>\n<tr bgcolor=\"#D4E4F3\">\n<td>LABEL</td>\n<td>Divergent Boundary</td>\n</tr>\n</table>\n</td>\n</tr>\n</table>\n</body>\n</html>", "LABEL": "Divergent Boundary" }, "geometry": { "type": "MultiLineString", "coordinates": [ [ [ -162.061004638553186, -62.394001006840938, 0.0 ], [ -163.00100708031249, -62.966999053663358, 0.0 ], [ -163.921005248893096, -63.466999053563427, 0.0 ] ] ] } },
{ "type": "Feature", "properties": { "Name": "Pacific:Antarctic", "Description": "<html xmlns:fo=\"http://www.w3.org/1999/XSL/Format\" xmlns:msxsl=\"urn:schemas-microsoft-com:xslt\">\n<head>\n<META http-equiv=\"Content-Type\" content=\"text/html\">\n<meta http-equiv=\"content-type\" content=\"text/html; charset=UTF-8\">\n</head>\n<body style=\"margin:0px 0px 0px 0px;overflow:auto;background:#FFFFFF;\">\n<table style=\"font-family:Arial,Verdana,Times;font-size:12px;text-align:left;width:100%;border-collapse:collapse;padding:3px 3px 3px 3px\">\n<tr style=\"text-align:center;font-weight:bold;background:#9CBCE2\">\n<td>Pacific:Antarctic</td>\n</tr>\n<tr>\n<td>\n<table style=\"font-family:Arial,Verdana,Times;font-size:12px;text-align:left;width:100%;border-spacing:0px; padding:3px 3px 3px 3px\">\n<tr>\n<td>NAME</td>\n<td>Pacific:Antarctic</td>\n</tr>\n<tr bgcolor=\"#D4E4F3\">\n<td>LABEL</td>\n<td>Divergent Boundary</td>\n</tr>\n</table>\n</td>\n</tr>\n</table>\n</body>\n</html>", "LABEL": "Divergent Boundary" }, "geometry": { "type": "MultiLineString", "coordinates": [ [ [ 175.582000732847604, -63.984001159425929, 0.0 ], [ 175.162002563267691, -64.174003600885442, 0.0 ], [ 174.813995360897309, -64.315002441809213, 0.0 ], [ 174.242004394687086, -64.508003234661487, 0.0 ], [ 173.630996703934812, -64.737998962781887, 0.0 ] ] ] } },
{ "type": "Feature", "properties": { "Name": "Pacific:Antarctic", "Description": "<html xmlns:fo=\"http://www.w3.org/1999/XSL/Format\" xmlns:msxsl=\"urn:schemas-microsoft-com:xslt\">\n<head>\n<META http-equiv=\"Content-Type\" content=\"text/html\">\n<meta http-equiv=\"content-type\" content=\"text/html; charset=UTF-8\">\n</head>\n<body style=\"margin:0px 0px 0px 0px;overflow:auto;background:#FFFFFF;\">\n<table style=\"font-family:Arial,Verdana,Times;font-size:12px;text-align:left;width:100%;border-collapse:collapse;padding:3px 3px 3px 3px\">\n<tr style=\"text-align:center;font-weight:bold;background:#9CBCE2\">\n<td>Pacific:Antarctic</td>\n</tr>\n<tr>\n<td>\n<table style=\"font-family:Arial,Verdana,Times;font-size:12px;text-align:left;width:100%;border-spacing:0px; padding:3px 3px 3px 3px\">\n<tr>\n<td>NAME</td>\n<td>Pacific:Antarctic</td>\n</tr>\n<tr bgcolor=\"#D4E4F3\">\n<td>LABEL</td>\n<td>Divergent Boundary</td>\n</tr>\n</table>\n</td>\n</tr>\n</table>\n</body>\n</html>", "LABEL": "Divergent Boundary" }, "geometry": { "type": "MultiLineString", "coordinates": [ [ [ -166.608001708611908, -62.49000167833475, 0.0 ], [ -167.513000488581696, -63.105998993059018, 0.0 ], [ -168.37899780280631, -63.72999954194529, 0.0 ], [ -169.108993529927403, -64.245002746279681, 0.0 ], [ -169.839004516745007, -64.76399993874611, 0.0 ], [ -170.042999268001807, -64.858001708711868, 0.0 ] ] ] } },
{ "type": "Feature", "properties": { "Name": "Pacific:Antarctic", "Description": "<html xmlns:fo=\"http://www.w3.org/1999/XSL/Format\" xmlns:msxsl=\"urn:schemas-microsoft-com:xslt\">\n<head>\n<META http-equiv=\"Content-Type\" content=\"text/html\">\n<meta http-equiv=\"content-type\" content=\"text/html; charset=UTF-8\">\n</head>\n<body style=\"margin:0px 0px 0px 0px;overflow:auto;background:#FFFFFF;\">\n<table style=\"font-family:Arial,Verdana,Times;font-size:12px;text-align:left;width:100%;border-collapse:collapse;padding:3px 3px 3px 3px\">\n<tr style=\"text-align:center;font-weight:bold;background:#9CBCE2\">\n<td>Pacific:Antarctic</td>\n</tr>\n<tr>\n<td>\n<table style=\"font-family:Arial,Verdana,Times;font-size:12px;text-align:left;width:100%;border-spacing:0px; padding:3px 3px 3px 3px\">\n<tr>\n<td>NAME</td>\n<td>Pacific:Antarctic</td>\n</tr>\n<tr bgcolor=\"#D4E4F3\">\n<td>LABEL</td>\n<td>Divergent Boundary</td>\n</tr>\n</table>\n</td>\n</tr>\n</table>\n</body>\n</html>", "LABEL": "Divergent Boundary" }, "geometry": { "type": "MultiLineString", "coordinates": [ [ [ -171.300003051599504, -64.356002807283687, 0.0 ], [ -172.516998290638611, -64.977996826592232, 0.0 ], [ -173.708999633426288, -65.505996703984636, 0.0 ], [ -174.417999267352286, -65.834999084839865, 0.0 ] ] ] } },
{ "type": "Feature", "properties": { "Name": "Pacific:Antarctic", "Description": "<html xmlns:fo=\"http://www.w3.org/1999/XSL/Format\" xmlns:msxsl=\"urn:schemas-microsoft-com:xslt\">\n<head>\n<META http-equiv=\"Content-Type\" content=\"text/html\">\n<meta http-equiv=\"content-type\" content=\"text/html; charset=UTF-8\">\n</head>\n<body style=\"margin:0px 0px 0px 0px;overflow:auto;background:#FFFFFF;\">\n<table style=\"font-family:Arial,Verdana,Times;font-size:12px;text-align:left;width:100%;border-collapse:collapse;padding:3px 3px 3px 3px\">\n<tr style=\"text-align:center;font-weight:bold;background:#9CBCE2\">\n<td>Pacific:Antarctic</td>\n</tr>\n<tr>\n<td>\n<table style=\"font-family:Arial,Verdana,Times;font-size:12px;text-align:left;width:100%;border-spacing:0px; padding:3px 3px 3px 3px\">\n<tr>\n<td>NAME</td>\n<td>Pacific:Antarctic</td>\n</tr>\n<tr bgcolor=\"#D4E4F3\">\n<td>LABEL</td>\n<td>Divergent Boundary</td>\n</tr>\n</table>\n</td>\n</tr>\n</table>\n</body>\n</html>", "LABEL": "Divergent Boundary" }, "geometry": { "type": "MultiLineString", "coordinates": [ [ [ -175.729003906205293, -65.182998657561939, 0.0 ], [ -177.072006225606799, -65.607002258247576, 0.0 ], [ -177.925994872765102, -65.861999511568172, 0.0 ], [ -178.792999267602113, -66.16300201403169, 0.0 ] ] ] } },
{ "type": "Feature", "properties": { "Name": "Australian:Sunda", "Description": "<html xmlns:fo=\"http://www.w3.org/1999/XSL/Format\" xmlns:msxsl=\"urn:schemas-microsoft-com:xslt\">\n<head>\n<META http-equiv=\"Content-Type\" content=\"text/html\">\n<meta http-equiv=\"content-type\" content=\"text/html; charset=UTF-8\">\n</head>\n<body style=\"margin:0px 0px 0px 0px;overflow:auto;background:#FFFFFF;\">\n<table style=\"font-family:Arial,Verdana,Times;font-size:12px;text-align:left;width:100%;border-collapse:collapse;padding:3px 3px 3px 3px\">\n<tr style=\"text-align:center;font-weight:bold;background:#9CBCE2\">\n<td>Australian:Sunda</td>\n</tr>\n<tr>\n<td>\n<table style=\"font-family:Arial,Verdana,Times;font-size:12px;text-align:left;width:100%;border-spacing:0px; padding:3px 3px 3px 3px\">\n<tr>\n<td>NAME</td>\n<td>Australian:Sunda</td>\n</tr>\n<tr bgcolor=\"#D4E4F3\">\n<td>LABEL</td>\n<td>Divergent Boundary</td>\n</tr>\n</table>\n</td>\n</tr>\n</table>\n</body>\n</html>", "LABEL": "Divergent Boundary" }, "geometry": { "type": "MultiLineString", "coordinates": [ [ [ 129.651992797829394, -6.815000056607289, 0.0 ], [ 129.850006103299108, -6.590000152385073, 0.0 ], [ 130.121002196894011, -6.33400011001703, 0.0 ], [ 130.359042270784187, -6.084582598707925, 0.0 ], [ 130.658604410964813, -5.773100153449263, 0.0 ], [ 130.992731413024302, -5.490308226343529, 0.0 ], [ 131.384466519414502, -5.247806635567713, 0.0 ], [ 131.695550279921605, -5.074532452910319, 0.0 ], [ 132.117802111878092, -4.899024777871148, 0.0 ], [ 132.650599223975092, -4.788449599769194, 0.0 ], [ 133.036417821925113, -4.677856303925239, 0.0 ], [ 133.458981048636588, -4.548808448451098, 0.0 ], [ 133.918288904109687, -4.401296525714031, 0.0 ], [ 134.230618245435693, -4.272199256990064, 0.0 ], [ 134.675537099257809, -4.130767000396702, 0.0 ], [ 135.002255442234997, -3.866324686534995, 0.0 ], [ 135.369701726253794, -3.73714048574476, 0.0 ], [ 135.663658752749313, -3.626395798926922, 0.0 ], [ 135.847381894758712, -3.460253121384369, 0.0 ], [ 136.031105037667402, -3.127880601308675, 0.0 ], [ 136.2699451214703, -2.832348348397488, 0.0 ], [ 136.600646777626707, -2.407388842121293, 0.0 ], [ 136.966827098591807, -1.837462000770699, 0.0 ], [ 137.243677774209999, -1.464642452786904, 0.0 ] ] ] } },
{ "type": "Feature", "properties": { "Name": "Eurasian:African", "Description": "<html xmlns:fo=\"http://www.w3.org/1999/XSL/Format\" xmlns:msxsl=\"urn:schemas-microsoft-com:xslt\">\n<head>\n<META http-equiv=\"Content-Type\" content=\"text/html\">\n<meta http-equiv=\"content-type\" content=\"text/html; charset=UTF-8\">\n</head>\n<body style=\"margin:0px 0px 0px 0px;overflow:auto;background:#FFFFFF;\">\n<table style=\"font-family:Arial,Verdana,Times;font-size:12px;text-align:left;width:100%;border-collapse:collapse;padding:3px 3px 3px 3px\">\n<tr style=\"text-align:center;font-weight:bold;background:#9CBCE2\">\n<td>Eurasian:African</td>\n</tr>\n<tr>\n<td>\n<table style=\"font-family:Arial,Verdana,Times;font-size:12px;text-align:left;width:100%;border-spacing:0px; padding:3px 3px 3px 3px\">\n<tr>\n<td>NAME</td>\n<td>Eurasian:African</td>\n</tr>\n<tr bgcolor=\"#D4E4F3\">\n<td>LABEL</td>\n<td>Divergent Boundary</td>\n</tr>\n</table>\n</td>\n</tr>\n</table>\n</body>\n</html>", "LABEL": "Divergent Boundary" }, "geometry": { "type": "MultiLineString", "coordinates": [ [ [ 30.59753908086395, 35.046699969428118, 0.0 ], [ 30.221000671643711, 35.153999328306377, 0.0 ], [ 29.731000899971612, 35.42699813835344, 0.0 ] ] ] } },
{ "type": "Feature", "properties": { "Name": "Solomon Sea Microplate:Southern Bismarck Microplate", "Description": "<html xmlns:fo=\"http://www.w3.org/1999/XSL/Format\" xmlns:msxsl=\"urn:schemas-microsoft-com:xslt\">\n<head>\n<META http-equiv=\"Content-Type\" content=\"text/html\">\n<meta http-equiv=\"content-type\" content=\"text/html; charset=UTF-8\">\n</head>\n<body style=\"margin:0px 0px 0px 0px;overflow:auto;background:#FFFFFF;\">\n<table style=\"font-family:Arial,Verdana,Times;font-size:12px;text-align:left;width:100%;border-collapse:collapse;padding:3px 3px 3px 3px\">\n<tr style=\"text-align:center;font-weight:bold;background:#9CBCE2\">\n<td>Solomon Sea Microplate:Southern Bismarck Microplate</td>\n</tr>\n<tr>\n<td>\n<table style=\"font-family:Arial,Verdana,Times;font-size:12px;text-align:left;width:100%;border-spacing:0px; padding:3px 3px 3px 3px\">\n<tr>\n<td>NAME</td>\n<td>Solomon Sea Microplate:Southern Bismarck Microplate</td>\n</tr>\n<tr bgcolor=\"#D4E4F3\">\n<td>LABEL</td>\n<td>Divergent Boundary</td>\n</tr>\n</table>\n</td>\n</tr>\n</table>\n</body>\n</html>", "LABEL": "Divergent Boundary" }, "geometry": { "type": "MultiLineString", "coordinates": [ [ [ 154.211594736508005, -10.31365006379934, 0.0 ], [ 153.480425814999393, -10.357224706255121, 0.0 ], [ 152.685158875681594, -10.391305645638971, 0.0 ] ] ] } },
{ "type": "Feature", "properties": { "Name": "Solomon Sea Microplate:Southern Bismarck Microplate", "Description": "<html xmlns:fo=\"http://www.w3.org/1999/XSL/Format\" xmlns:msxsl=\"urn:schemas-microsoft-com:xslt\">\n<head>\n<META http-equiv=\"Content-Type\" content=\"text/html\">\n<meta http-equiv=\"content-type\" content=\"text/html; charset=UTF-8\">\n</head>\n<body style=\"margin:0px 0px 0px 0px;overflow:auto;background:#FFFFFF;\">\n<table style=\"font-family:Arial,Verdana,Times;font-size:12px;text-align:left;width:100%;border-collapse:collapse;padding:3px 3px 3px 3px\">\n<tr style=\"text-align:center;font-weight:bold;background:#9CBCE2\">\n<td>Solomon Sea Microplate:Southern Bismarck Microplate</td>\n</tr>\n<tr>\n<td>\n<table style=\"font-family:Arial,Verdana,Times;font-size:12px;text-align:left;width:100%;border-spacing:0px; padding:3px 3px 3px 3px\">\n<tr>\n<td>NAME</td>\n<td>Solomon Sea Microplate:Southern Bismarck Microplate</td>\n</tr>\n<tr bgcolor=\"#D4E4F3\">\n<td>LABEL</td>\n<td>Divergent Boundary</td>\n</tr>\n</table>\n</td>\n</tr>\n</table>\n</body>\n</html>", "LABEL": "Divergent Boundary" }, "geometry": { "type": "MultiLineString", "coordinates": [ [ [ 155.1672953994632, -9.7166271519215, 0.0 ], [ 154.231855934304008, -9.897841153946047, 0.0 ] ] ] } },
{ "type": "Feature", "properties": { "Name": "Solomon Sea Microplate:Southern Bismarck Microplate", "Description": "<html xmlns:fo=\"http://www.w3.org/1999/XSL/Format\" xmlns:msxsl=\"urn:schemas-microsoft-com:xslt\">\n<head>\n<META http-equiv=\"Content-Type\" content=\"text/html\">\n<meta http-equiv=\"content-type\" content=\"text/html; charset=UTF-8\">\n</head>\n<body style=\"margin:0px 0px 0px 0px;overflow:auto;background:#FFFFFF;\">\n<table style=\"font-family:Arial,Verdana,Times;font-size:12px;text-align:left;width:100%;border-collapse:collapse;padding:3px 3px 3px 3px\">\n<tr style=\"text-align:center;font-weight:bold;background:#9CBCE2\">\n<td>Solomon Sea Microplate:Southern Bismarck Microplate</td>\n</tr>\n<tr>\n<td>\n<table style=\"font-family:Arial,Verdana,Times;font-size:12px;text-align:left;width:100%;border-spacing:0px; padding:3px 3px 3px 3px\">\n<tr>\n<td>NAME</td>\n<td>Solomon Sea Microplate:Southern Bismarck Microplate</td>\n</tr>\n<tr bgcolor=\"#D4E4F3\">\n<td>LABEL</td>\n<td>Divergent Boundary</td>\n</tr>\n</table>\n</td>\n</tr>\n</table>\n</body>\n</html>", "LABEL": "Divergent Boundary" }, "geometry": { "type": "MultiLineString", "coordinates": [ [ [ 156.09954789751751, -9.177194664602041, 0.0 ], [ 156.097210213280704, -9.19651658437283, 0.0 ], [ 155.832489555648493, -9.271789435833739, 0.0 ], [ 155.160501182383797, -9.319829667305271, 0.0 ] ] ] } },
{ "type": "Feature", "properties": { "Name": "Solomon Sea Microplate:Southern Bismarck Microplate", "Description": "<html xmlns:fo=\"http://www.w3.org/1999/XSL/Format\" xmlns:msxsl=\"urn:schemas-microsoft-com:xslt\">\n<head>\n<META http-equiv=\"Content-Type\" content=\"text/html\">\n<meta http-equiv=\"content-type\" content=\"text/html; charset=UTF-8\">\n</head>\n<body style=\"margin:0px 0px 0px 0px;overflow:auto;background:#FFFFFF;\">\n<table style=\"font-family:Arial,Verdana,Times;font-size:12px;text-align:left;width:100%;border-collapse:collapse;padding:3px 3px 3px 3px\">\n<tr style=\"text-align:center;font-weight:bold;background:#9CBCE2\">\n<td>Solomon Sea Microplate:Southern Bismarck Microplate</td>\n</tr>\n<tr>\n<td>\n<table style=\"font-family:Arial,Verdana,Times;font-size:12px;text-align:left;width:100%;border-spacing:0px; padding:3px 3px 3px 3px\">\n<tr>\n<td>NAME</td>\n<td>Solomon Sea Microplate:Southern Bismarck Microplate</td>\n</tr>\n<tr bgcolor=\"#D4E4F3\">\n<td>LABEL</td>\n<td>Divergent Boundary</td>\n</tr>\n</table>\n</td>\n</tr>\n</table>\n</body>\n</html>", "LABEL": "Divergent Boundary" }, "geometry": { "type": "MultiLineString", "coordinates": [ [ [ 156.447843707621104, -8.947408356210644, 0.0 ], [ 156.119807665391505, -9.009739368976625, 0.0 ], [ 156.119782522145812, -9.00994718881168, 0.0 ] ] ] } }
]
}
