{
"type": "FeatureCollection",
"name": "transform_boundary",
"crs": { "type": "name", "properties": { "name": "urn:ogc:def:crs:OGC:1.3:CRS84" } },
"features": [
{ "type": "Feature", "properties": { "Name": "Eurasian:North American", "Description": "<html xmlns:fo=\"http://www.w3.org/1999/XSL/Format\" xmlns:msxsl=\"urn:schemas-microsoft-com:xslt\">\n<head>\n<META http-equiv=\"Content-Type\" content=\"text/html\">\n<meta http-equiv=\"content-type\" content=\"text/html; charset=UTF-8\">\n</head>\n<body style=\"margin:0px 0px 0px 0px;overflow:auto;background:#FFFFFF;\">\n<table style=\"font-family:Arial,Verdana,Times;font-size:12px;text-align:left;width:100%;border-collapse:collapse;padding:3px 3px 3px 3px\">\n<tr style=\"text-align:center;font-weight:bold;background:#9CBCE2\">\n<td>Eurasian:North American</td>\n</tr>\n<tr>\n<td>\n<table style=\"font-family:Arial,Verdana,Times;font-size:12px;text-align:left;width:100%;border-spacing:0px; padding:3px 3px 3px 3px\">\n<tr>\n<td>NAME</td>\n<td>Eurasian:North American</td>\n</tr>\n<tr bgcolor=\"#D4E4F3\">\n<td>LABEL</td>\n<td>Transform Boundary</td>\n</tr>\n</table>\n</td>\n</tr>\n</table>\n</body>\n</html>", "LABEL": "Transform Boundary" }, "geometry": { "type": "MultiLineString", "coordinates": [ [ [ 66.301002502863298, 86.606002807983259, 0.0 ], [ 66.543998718066462, 86.654998779570064, 0.0 ] ] ] } },
{ "type": "Feature", "properties": { "Name": "Eurasian:North American", "Description": "<html xmlns:fo=\"http://www.w3.org/1999/XSL/Format\" xmlns:msxsl=\"urn:schemas-microsoft-com:xslt\">\n<head>\n<META http-equiv=\"Content-Type\" content=\"text/html\">\n<meta http-equiv=\"content-type\" content=\"text/html; charset=UTF-8\">\n</head>\n<body style=\"margin:0px 0px 0px 0px;overflow:auto;background:#FFFFFF;\">\n<table style=\"font-family:Arial,Verdana,Times;font-size:12px;text-align:left;width:100%;border-collapse:collapse;padding:3px 3px 3px 3px\">\n<tr style=\"text-align:center;font-weight:bold;background:#9CBCE2\">\n<td>Eurasian:North American</td>\n</tr>\n<tr>\n<td>\n<table style=\"font-family:Arial,Verdana,Times;font-size:12px;text-align:left;width:100%;border-spacing:0px; padding:3px 3px 3px 3px\">\n<tr>\n<td>NAME</td>\n<td>Eurasian:North American</td>\n</tr>\n<tr bgcolor=\"#D4E4F3\">\n<td>LABEL</td>\n<td>Transform Boundary</td>\n</tr>\n</table>\n</td>\n</tr>\n</table>\n</body>\n</html>", "LABEL": "Transform Boundary" }, "geometry": { "type": "MultiLineString", "coordinates": [ [ [ 46.062999725157233, 86.597999572921992, 0.0 ], [ 46.313999176320984, 86.560997009604364, 0.0 ] ] ] } },
{ "type": "Feature", "properties": { "Name": "Eurasian:North American", "Description": "<html xmlns:fo=\"http://www.w3.org/1999/XSL/Format\" xmlns:msxsl=\"urn:schemas-microsoft-com:xslt\">\n<head>\n<META http-equiv=\"Content-Type\" content=\"text/html\">\n<meta http-equiv=\"content-type\" content=\"text/html; charset=UTF-8\">\n</head>\n<body style=\"margin:0px 0px 0px 0px;overflow:auto;background:#FFFFFF;\">\n<table style=\"font-family:Arial,Verdana,Times;font-size:12px;text-align:left;width:100%;border-collapse:collapse;padding:3px 3px 3px 3px\">\n<tr style=\"text-align:center;font-weight:bold;background:#9CBCE2\">\n<td>Eurasian:North American</td>\n</tr>\n<tr>\n<td>\n<table style=\"font-family:Arial,Verdana,Times;font-size:12px;text-align:left;width:100%;border-spacing:0px; padding:3px 3px 3px 3px\">\n<tr>\n<td>NAME</td>\n<td>Eurasian:North American</td>\n</tr>\n<tr bgcolor=\"#D4E4F3\">\n<td>LABEL</td>\n<td>Transform Boundary</td>\n</tr>\n</table>\n</td>\n</tr>\n</table>\n</body>\n</html>", "LABEL": "Transform Boundary" }, "geometry": { "type": "MultiLineString", "coordinates": [ [ [ 9.809000015138622, 84.95800018306204, 0.0 ], [ 8.937999725606915, 85.009002685125893, 0.0 ] ] ] } },
{ "type": "Feature", "properties": { "Name": "Eurasian:North American", "Description": "<html xmlns:fo=\"http://www.w3.org/1999/XSL/Format\" xmlns:msxsl=\"urn:schemas-microsoft-com:xslt\">\n<head>\n<META http-equiv=\"Content-Type\" content=\"text/html\">\n<meta http-equiv=\"content-type\" content=\"text/html; charset=UTF-8\">\n</head>\n<body style=\"margin:0px 0px 0px 0px;overflow:auto;background:#FFFFFF;\">\n<table style=\"font-family:Arial,Verdana,Times;font-size:12px;text-align:left;width:100%;border-collapse:collapse;padding:3px 3px 3px 3px\">\n<tr style=\"text-align:center;font-weight:bold;background:#9CBCE2\">\n<td>Eurasian:North American</td>\n</tr>\n<tr>\n<td>\n<table style=\"font-family:Arial,Verdana,Times;font-size:12px;text-align:left;width:100%;border-spacing:0px; padding:3px 3px 3px 3px\">\n<tr>\n<td>NAME</td>\n<td>Eurasian:North American</td>\n</tr>\n<tr bgcolor=\"#D4E4F3\">\n<td>LABEL</td>\n<td>Transform Boundary</td>\n</tr>\n</table>\n</td>\n</tr>\n</table>\n</body>\n</html>", "LABEL": "Transform Boundary" }, "geometry": { "type": "MultiLineString", "coordinates": [ [ [ 4.507999896877777, 84.569999694930061, 0.0 ], [ 4.034999847065365, 84.597000121658368, 0.0 ] ] ] } },
{ "type": "Feature", "properties": { "Name": "Eurasian:North American", "Description": "<html xmlns:fo=\"http://www.w3.org/1999/XSL/Format\" xmlns:msxsl=\"urn:schemas-microsoft-com:xslt\">\n<head>\n<META http-equiv=\"Content-Type\" content=\"text/html\">\n<meta http-equiv=\"content-type\" content=\"text/html; charset=UTF-8\">\n</head>\n<body style=\"margin:0px 0px 0px 0px;overflow:auto;background:#FFFFFF;\">\n<table style=\"font-family:Arial,Verdana,Times;font-size:12px;text-align:left;width:100%;border-collapse:collapse;padding:3px 3px 3px 3px\">\n<tr style=\"text-align:center;font-weight:bold;background:#9CBCE2\">\n<td>Eurasian:North American</td>\n</tr>\n<tr>\n<td>\n<table style=\"font-family:Arial,Verdana,Times;font-size:12px;text-align:left;width:100%;border-spacing:0px; padding:3px 3px 3px 3px\">\n<tr>\n<td>NAME</td>\n<td>Eurasian:North American</td>\n</tr>\n<tr bgcolor=\"#D4E4F3\">\n<td>LABEL</td>\n<td>Transform Boundary</td>\n</tr>\n</table>\n</td>\n</tr>\n</table>\n</body>\n</html>", "LABEL": "Transform Boundary" }, "geometry": { "type": "MultiLineString", "coordinates": [ [ [ -7.211999893180462, 82.867996215652909, 0.0 ], [ -5.864999770722818, 82.691001892023735, 0.0 ] ] ] } },
{ "type": "Feature", "properties": { "Name": "Eurasian:North American", "Description": "<html xmlns:fo=\"http://www.w3.org/1999/XSL/Format\" xmlns:msxsl=\"urn:schemas-microsoft-com:xslt\">\n<head>\n<META http-equiv=\"Content-Type\" content=\"text/html\">\n<meta http-equiv=\"content-type\" content=\"text/html; charset=UTF-8\">\n</head>\n<body style=\"margin:0px 0px 0px 0px;overflow:auto;background:#FFFFFF;\">\n<table style=\"font-family:Arial,Verdana,Times;font-size:12px;text-align:left;width:100%;border-collapse:collapse;padding:3px 3px 3px 3px\">\n<tr style=\"text-align:center;font-weight:bold;background:#9CBCE2\">\n<td>Eurasian:North American</td>\n</tr>\n<tr>\n<td>\n<table style=\"font-family:Arial,Verdana,Times;font-size:12px;text-align:left;width:100%;border-spacing:0px; padding:3px 3px 3px 3px\">\n<tr>\n<td>NAME</td>\n<td>Eurasian:North American</td>\n</tr>\n<tr bgcolor=\"#D4E4F3\">\n<td>LABEL</td>\n<td>Transform Boundary</td>\n</tr>\n</table>\n</td>\n</tr>\n</table>\n</body>\n</html>", "LABEL": "Transform Boundary" }, "geometry": { "type": "MultiLineString", "coordinates": [ [ [ -5.010000228927368, 82.518997192366612, 0.0 ], [ -3.700000047364256, 82.328002929991271, 0.0 ] ] ] } },
{ "type": "Feature", "properties": { "Name": "Eurasian:North American", "Description": "<html xmlns:fo=\"http://www.w3.org/1999/XSL/Format\" xmlns:msxsl=\"urn:schemas-microsoft-com:xslt\">\n<head>\n<META http-equiv=\"Content-Type\" content=\"text/html\">\n<meta http-equiv=\"content-type\" content=\"text/html; charset=UTF-8\">\n</head>\n<body style=\"margin:0px 0px 0px 0px;overflow:auto;background:#FFFFFF;\">\n<table style=\"font-family:Arial,Verdana,Times;font-size:12px;text-align:left;width:100%;border-collapse:collapse;padding:3px 3px 3px 3px\">\n<tr style=\"text-align:center;font-weight:bold;background:#9CBCE2\">\n<td>Eurasian:North American</td>\n</tr>\n<tr>\n<td>\n<table style=\"font-family:Arial,Verdana,Times;font-size:12px;text-align:left;width:100%;border-spacing:0px; padding:3px 3px 3px 3px\">\n<tr>\n<td>NAME</td>\n<td>Eurasian:North American</td>\n</tr>\n<tr bgcolor=\"#D4E4F3\">\n<td>LABEL</td>\n<td>Transform Boundary</td>\n</tr>\n</table>\n</td>\n</tr>\n</table>\n</body>\n</html>", "LABEL": "Transform Boundary" }, "geometry": { "type": "MultiLineString", "coordinates": [ [ [ -4.640999794105142, 81.370002746429634, 0.0 ], [ -3.453999995803144, 81.250999450364418, 0.0 ], [ -2.414000034573917, 81.125999450614188, 0.0 ] ] ] } },
{ "type": "Feature", "properties": { "Name": "Eurasian:North American", "Description": "<html xmlns:fo=\"http://www.w3.org/1999/XSL/Format\" xmlns:msxsl=\"urn:schemas-microsoft-com:xslt\">\n<head>\n<META http-equiv=\"Content-Type\" content=\"text/html\">\n<meta http-equiv=\"content-type\" content=\"text/html; charset=UTF-8\">\n</head>\n<body style=\"margin:0px 0px 0px 0px;overflow:auto;background:#FFFFFF;\">\n<table style=\"font-family:Arial,Verdana,Times;font-size:12px;text-align:left;width:100%;border-collapse:collapse;padding:3px 3px 3px 3px\">\n<tr style=\"text-align:center;font-weight:bold;background:#9CBCE2\">\n<td>Eurasian:North American</td>\n</tr>\n<tr>\n<td>\n<table style=\"font-family:Arial,Verdana,Times;font-size:12px;text-align:left;width:100%;border-spacing:0px; padding:3px 3px 3px 3px\">\n<tr>\n<td>NAME</td>\n<td>Eurasian:North American</td>\n</tr>\n<tr bgcolor=\"#D4E4F3\">\n<td>LABEL</td>\n<td>Transform Boundary</td>\n</tr>\n</table>\n</td>\n</tr>\n</table>\n</body>\n</html>", "LABEL": "Transform Boundary" }, "geometry": { "type": "MultiLineString", "coordinates": [ [ [ -3.364000082138034, 80.791999816838143, 0.0 ], [ -2.94199991196632, 80.755996704284541, 0.0 ], [ -1.684000014988669, 80.624999999950091, 0.0 ] ] ] } },
{ "type": "Feature", "properties": { "Name": "Eurasian:North American", "Description": "<html xmlns:fo=\"http://www.w3.org/1999/XSL/Format\" xmlns:msxsl=\"urn:schemas-microsoft-com:xslt\">\n<head>\n<META http-equiv=\"Content-Type\" content=\"text/html\">\n<meta http-equiv=\"content-type\" content=\"text/html; charset=UTF-8\">\n</head>\n<body style=\"margin:0px 0px 0px 0px;overflow:auto;background:#FFFFFF;\">\n<table style=\"font-family:Arial,Verdana,Times;font-size:12px;text-align:left;width:100%;border-collapse:collapse;padding:3px 3px 3px 3px\">\n<tr style=\"text-align:center;font-weight:bold;background:#9CBCE2\">\n<td>Eurasian:North American</td>\n</tr>\n<tr>\n<td>\n<table style=\"font-family:Arial,Verdana,Times;font-size:12px;text-align:left;width:100%;border-spacing:0px; padding:3px 3px 3px 3px\">\n<tr>\n<td>NAME</td>\n<td>Eurasian:North American</td>\n</tr>\n<tr bgcolor=\"#D4E4F3\">\n<td>LABEL</td>\n<td>Transform Boundary</td>\n</tr>\n</table>\n</td>\n</tr>\n</table>\n</body>\n</html>", "LABEL": "Transform Boundary" }, "geometry": { "type": "MultiLineString", "coordinates": [ [ [ -2.341000080189474, 80.370002746629496, 0.0 ], [ -1.766000032775253, 80.308998107976379, 0.0 ], [ -0.968999982063451, 80.212997436482567, 0.0 ], [ -0.250999987059686, 80.141998291088328, 0.0 ], [ 0.62800002118405, 80.026000976264129, 0.0 ], [ 1.486999988458763, 79.90899658172691, 0.0 ], [ 2.378000021283981, 79.779998778920572, 0.0 ], [ 3.296000004196912, 79.65799713146248, 0.0 ], [ 4.389999866500659, 79.532997131712307, 0.0 ] ] ] } },
{ "type": "Feature", "properties": { "Name": "Eurasian:North American", "Description": "<html xmlns:fo=\"http://www.w3.org/1999/XSL/Format\" xmlns:msxsl=\"urn:schemas-microsoft-com:xslt\">\n<head>\n<META http-equiv=\"Content-Type\" content=\"text/html\">\n<meta http-equiv=\"content-type\" content=\"text/html; charset=UTF-8\">\n</head>\n<body style=\"margin:0px 0px 0px 0px;overflow:auto;background:#FFFFFF;\">\n<table style=\"font-family:Arial,Verdana,Times;font-size:12px;text-align:left;width:100%;border-collapse:collapse;padding:3px 3px 3px 3px\">\n<tr style=\"text-align:center;font-weight:bold;background:#9CBCE2\">\n<td>Eurasian:North American</td>\n</tr>\n<tr>\n<td>\n<table style=\"font-family:Arial,Verdana,Times;font-size:12px;text-align:left;width:100%;border-spacing:0px; padding:3px 3px 3px 3px\">\n<tr>\n<td>NAME</td>\n<td>Eurasian:North American</td>\n</tr>\n<tr bgcolor=\"#D4E4F3\">\n<td>LABEL</td>\n<td>Transform Boundary</td>\n</tr>\n</table>\n</td>\n</tr>\n</table>\n</body>\n</html>", "LABEL": "Transform Boundary" }, "geometry": { "type": "MultiLineString", "coordinates": [ [ [ 3.431999922158752, 79.029998779520099, 0.0 ], [ 3.857000112864967, 78.949996948300566, 0.0 ], [ 4.690999984861435, 78.805999755984033, 0.0 ], [ 5.592000007594322, 78.640998840624036, 0.0 ], [ 6.776000022782853, 78.444000243816276, 0.0 ], [ 7.784999847664892, 78.235000610689667, 0.0 ] ] ] } },
{ "type": "Feature", "properties": { "Name": "Eurasian:North American", "Description": "<html xmlns:fo=\"http://www.w3.org/1999/XSL/Format\" xmlns:msxsl=\"urn:schemas-microsoft-com:xslt\">\n<head>\n<META http-equiv=\"Content-Type\" content=\"text/html\">\n<meta http-equiv=\"content-type\" content=\"text/html; charset=UTF-8\">\n</head>\n<body style=\"margin:0px 0px 0px 0px;overflow:auto;background:#FFFFFF;\">\n<table style=\"font-family:Arial,Verdana,Times;font-size:12px;text-align:left;width:100%;border-collapse:collapse;padding:3px 3px 3px 3px\">\n<tr style=\"text-align:center;font-weight:bold;background:#9CBCE2\">\n<td>Eurasian:North American</td>\n</tr>\n<tr>\n<td>\n<table style=\"font-family:Arial,Verdana,Times;font-size:12px;text-align:left;width:100%;border-spacing:0px; padding:3px 3px 3px 3px\">\n<tr>\n<td>NAME</td>\n<td>Eurasian:North American</td>\n</tr>\n<tr bgcolor=\"#D4E4F3\">\n<td>LABEL</td>\n<td>Transform Boundary</td>\n</tr>\n</table>\n</td>\n</tr>\n</table>\n</body>\n</html>", "LABEL": "Transform Boundary" }, "geometry": { "type": "MultiLineString", "coordinates": [ [ [ -3.691999912266113, 71.398002624121887, 0.0 ], [ -4.072000026979595, 71.490997314374624, 0.0 ] ] ] } },
{ "type": "Feature", "properties": { "Name": "Eurasian:North American", "Description": "<html xmlns:fo=\"http://www.w3.org/1999/XSL/Format\" xmlns:msxsl=\"urn:schemas-microsoft-com:xslt\">\n<head>\n<META http-equiv=\"Content-Type\" content=\"text/html\">\n<meta http-equiv=\"content-type\" content=\"text/html; charset=UTF-8\">\n</head>\n<body style=\"margin:0px 0px 0px 0px;overflow:auto;background:#FFFFFF;\">\n<table style=\"font-family:Arial,Verdana,Times;font-size:12px;text-align:left;width:100%;border-collapse:collapse;padding:3px 3px 3px 3px\">\n<tr style=\"text-align:center;font-weight:bold;background:#9CBCE2\">\n<td>Eurasian:North American</td>\n</tr>\n<tr>\n<td>\n<table style=\"font-family:Arial,Verdana,Times;font-size:12px;text-align:left;width:100%;border-spacing:0px; padding:3px 3px 3px 3px\">\n<tr>\n<td>NAME</td>\n<td>Eurasian:North American</td>\n</tr>\n<tr bgcolor=\"#D4E4F3\">\n<td>LABEL</td>\n<td>Transform Boundary</td>\n</tr>\n</table>\n</td>\n</tr>\n</table>\n</body>\n</html>", "LABEL": "Transform Boundary" }, "geometry": { "type": "MultiLineString", "coordinates": [ [ [ -4.741000175217891, 71.333000183311867, 0.0 ], [ -5.157000065100874, 71.430999755434414, 0.0 ], [ -5.698999882138821, 71.540000915809685, 0.0 ] ] ] } },
{ "type": "Feature", "properties": { "Name": "Eurasian:North American", "Description": "<html xmlns:fo=\"http://www.w3.org/1999/XSL/Format\" xmlns:msxsl=\"urn:schemas-microsoft-com:xslt\">\n<head>\n<META http-equiv=\"Content-Type\" content=\"text/html\">\n<meta http-equiv=\"content-type\" content=\"text/html; charset=UTF-8\">\n</head>\n<body style=\"margin:0px 0px 0px 0px;overflow:auto;background:#FFFFFF;\">\n<table style=\"font-family:Arial,Verdana,Times;font-size:12px;text-align:left;width:100%;border-collapse:collapse;padding:3px 3px 3px 3px\">\n<tr style=\"text-align:center;font-weight:bold;background:#9CBCE2\">\n<td>Eurasian:North American</td>\n</tr>\n<tr>\n<td>\n<table style=\"font-family:Arial,Verdana,Times;font-size:12px;text-align:left;width:100%;border-spacing:0px; padding:3px 3px 3px 3px\">\n<tr>\n<td>NAME</td>\n<td>Eurasian:North American</td>\n</tr>\n<tr bgcolor=\"#D4E4F3\">\n<td>LABEL</td>\n<td>Transform Boundary</td>\n</tr>\n</table>\n</td>\n</tr>\n</table>\n</body>\n</html>", "LABEL": "Transform Boundary" }, "geometry": { "type": "MultiLineString", "coordinates": [ [ [ -7.375000000449631, 71.125000000050022, 0.0 ], [ -7.940999984461655, 71.217002868487668, 0.0 ], [ -9.392999649314334, 71.456001281533986, 0.0 ], [ -10.355999946540241, 71.61499786336077, 0.0 ], [ -11.369999885985919, 71.77400207503581, 0.0 ] ] ] } },
{ "type": "Feature", "properties": { "Name": "Eurasian:North American", "Description": "<html xmlns:fo=\"http://www.w3.org/1999/XSL/Format\" xmlns:msxsl=\"urn:schemas-microsoft-com:xslt\">\n<head>\n<META http-equiv=\"Content-Type\" content=\"text/html\">\n<meta http-equiv=\"content-type\" content=\"text/html; charset=UTF-8\">\n</head>\n<body style=\"margin:0px 0px 0px 0px;overflow:auto;background:#FFFFFF;\">\n<table style=\"font-family:Arial,Verdana,Times;font-size:12px;text-align:left;width:100%;border-collapse:collapse;padding:3px 3px 3px 3px\">\n<tr style=\"text-align:center;font-weight:bold;background:#9CBCE2\">\n<td>Eurasian:North American</td>\n</tr>\n<tr>\n<td>\n<table style=\"font-family:Arial,Verdana,Times;font-size:12px;text-align:left;width:100%;border-spacing:0px; padding:3px 3px 3px 3px\">\n<tr>\n<td>NAME</td>\n<td>Eurasian:North American</td>\n</tr>\n<tr bgcolor=\"#D4E4F3\">\n<td>LABEL</td>\n<td>Transform Boundary</td>\n</tr>\n</table>\n</td>\n</tr>\n</table>\n</body>\n</html>", "LABEL": "Transform Boundary" }, "geometry": { "type": "MultiLineString", "coordinates": [ [ [ -12.35900020589475, 71.251998901328307, 0.0 ], [ -11.864999771322349, 71.147003173857456, 0.0 ], [ -11.355999946340431, 71.052001953127672, 0.0 ] ] ] } },
{ "type": "Feature", "properties": { "Name": "Eurasian:North American", "Description": "<html xmlns:fo=\"http://www.w3.org/1999/XSL/Format\" xmlns:msxsl=\"urn:schemas-microsoft-com:xslt\">\n<head>\n<META http-equiv=\"Content-Type\" content=\"text/html\">\n<meta http-equiv=\"content-type\" content=\"text/html; charset=UTF-8\">\n</head>\n<body style=\"margin:0px 0px 0px 0px;overflow:auto;background:#FFFFFF;\">\n<table style=\"font-family:Arial,Verdana,Times;font-size:12px;text-align:left;width:100%;border-collapse:collapse;padding:3px 3px 3px 3px\">\n<tr style=\"text-align:center;font-weight:bold;background:#9CBCE2\">\n<td>Eurasian:North American</td>\n</tr>\n<tr>\n<td>\n<table style=\"font-family:Arial,Verdana,Times;font-size:12px;text-align:left;width:100%;border-spacing:0px; padding:3px 3px 3px 3px\">\n<tr>\n<td>NAME</td>\n<td>Eurasian:North American</td>\n</tr>\n<tr bgcolor=\"#D4E4F3\">\n<td>LABEL</td>\n<td>Transform Boundary</td>\n</tr>\n</table>\n</td>\n</tr>\n</table>\n</body>\n</html>", "LABEL": "Transform Boundary" }, "geometry": { "type": "MultiLineString", "coordinates": [ [ [ -12.25500011426379, 70.563003539681688, 0.0 ], [ -12.90499973255157, 70.697998047072247, 0.0 ], [ -13.39599990826912, 70.77200317370756, 0.0 ], [ -13.892000198550249, 70.816001892373492, 0.0 ] ] ] } },
{ "type": "Feature", "properties": { "Name": "Eurasian:North American", "Description": "<html xmlns:fo=\"http://www.w3.org/1999/XSL/Format\" xmlns:msxsl=\"urn:schemas-microsoft-com:xslt\">\n<head>\n<META http-equiv=\"Content-Type\" content=\"text/html\">\n<meta http-equiv=\"content-type\" content=\"text/html; charset=UTF-8\">\n</head>\n<body style=\"margin:0px 0px 0px 0px;overflow:auto;background:#FFFFFF;\">\n<table style=\"font-family:Arial,Verdana,Times;font-size:12px;text-align:left;width:100%;border-collapse:collapse;padding:3px 3px 3px 3px\">\n<tr style=\"text-align:center;font-weight:bold;background:#9CBCE2\">\n<td>Eurasian:North American</td>\n</tr>\n<tr>\n<td>\n<table style=\"font-family:Arial,Verdana,Times;font-size:12px;text-align:left;width:100%;border-spacing:0px; padding:3px 3px 3px 3px\">\n<tr>\n<td>NAME</td>\n<td>Eurasian:North American</td>\n</tr>\n<tr bgcolor=\"#D4E4F3\">\n<td>LABEL</td>\n<td>Transform Boundary</td>\n</tr>\n</table>\n</td>\n</tr>\n</table>\n</body>\n</html>", "LABEL": "Transform Boundary" }, "geometry": { "type": "MultiLineString", "coordinates": [ [ [ -14.44799995433436, 70.35399627670688, 0.0 ], [ -14.73400020564492, 70.388999939395717, 0.0 ] ] ] } },
{ "type": "Feature", "properties": { "Name": "Eurasian:North American", "Description": "<html xmlns:fo=\"http://www.w3.org/1999/XSL/Format\" xmlns:msxsl=\"urn:schemas-microsoft-com:xslt\">\n<head>\n<META http-equiv=\"Content-Type\" content=\"text/html\">\n<meta http-equiv=\"content-type\" content=\"text/html; charset=UTF-8\">\n</head>\n<body style=\"margin:0px 0px 0px 0px;overflow:auto;background:#FFFFFF;\">\n<table style=\"font-family:Arial,Verdana,Times;font-size:12px;text-align:left;width:100%;border-collapse:collapse;padding:3px 3px 3px 3px\">\n<tr style=\"text-align:center;font-weight:bold;background:#9CBCE2\">\n<td>Eurasian:North American</td>\n</tr>\n<tr>\n<td>\n<table style=\"font-family:Arial,Verdana,Times;font-size:12px;text-align:left;width:100%;border-spacing:0px; padding:3px 3px 3px 3px\">\n<tr>\n<td>NAME</td>\n<td>Eurasian:North American</td>\n</tr>\n<tr bgcolor=\"#D4E4F3\">\n<td>LABEL</td>\n<td>Transform Boundary</td>\n</tr>\n</table>\n</td>\n</tr>\n</table>\n</body>\n</html>", "LABEL": "Transform Boundary" }, "geometry": { "type": "MultiLineString", "coordinates": [ [ [ -17.153999329005789, 68.864997863460701, 0.0 ], [ -16.486999511318349, 68.807998656812629, 0.0 ] ] ] } },
{ "type": "Feature", "properties": { "Name": "Eurasian:North American", "Description": "<html xmlns:fo=\"http://www.w3.org/1999/XSL/Format\" xmlns:msxsl=\"urn:schemas-microsoft-com:xslt\">\n<head>\n<META http-equiv=\"Content-Type\" content=\"text/html\">\n<meta http-equiv=\"content-type\" content=\"text/html; charset=UTF-8\">\n</head>\n<body style=\"margin:0px 0px 0px 0px;overflow:auto;background:#FFFFFF;\">\n<table style=\"font-family:Arial,Verdana,Times;font-size:12px;text-align:left;width:100%;border-collapse:collapse;padding:3px 3px 3px 3px\">\n<tr style=\"text-align:center;font-weight:bold;background:#9CBCE2\">\n<td>Eurasian:North American</td>\n</tr>\n<tr>\n<td>\n<table style=\"font-family:Arial,Verdana,Times;font-size:12px;text-align:left;width:100%;border-spacing:0px; padding:3px 3px 3px 3px\">\n<tr>\n<td>NAME</td>\n<td>Eurasian:North American</td>\n</tr>\n<tr bgcolor=\"#D4E4F3\">\n<td>LABEL</td>\n<td>Transform Boundary</td>\n</tr>\n</table>\n</td>\n</tr>\n</table>\n</body>\n</html>", "LABEL": "Transform Boundary" }, "geometry": { "type": "MultiLineString", "coordinates": [ [ [ -18.11800003027713, 66.933998107726552, 0.0 ], [ -19.09900093094814, 67.057998657612018, 0.0 ] ] ] } },
{ "type": "Feature", "properties": { "Name": "Eurasian:North American", "Description": "<html xmlns:fo=\"http://www.w3.org/1999/XSL/Format\" xmlns:msxsl=\"urn:schemas-microsoft-com:xslt\">\n<head>\n<META http-equiv=\"Content-Type\" content=\"text/html\">\n<meta http-equiv=\"content-type\" content=\"text/html; charset=UTF-8\">\n</head>\n<body style=\"margin:0px 0px 0px 0px;overflow:auto;background:#FFFFFF;\">\n<table style=\"font-family:Arial,Verdana,Times;font-size:12px;text-align:left;width:100%;border-collapse:collapse;padding:3px 3px 3px 3px\">\n<tr style=\"text-align:center;font-weight:bold;background:#9CBCE2\">\n<td>Eurasian:North American</td>\n</tr>\n<tr>\n<td>\n<table style=\"font-family:Arial,Verdana,Times;font-size:12px;text-align:left;width:100%;border-spacing:0px; padding:3px 3px 3px 3px\">\n<tr>\n<td>NAME</td>\n<td>Eurasian:North American</td>\n</tr>\n<tr bgcolor=\"#D4E4F3\">\n<td>LABEL</td>\n<td>Transform Boundary</td>\n</tr>\n</table>\n</td>\n</tr>\n</table>\n</body>\n</html>", "LABEL": "Transform Boundary" }, "geometry": { "type": "MultiLineString", "coordinates": [ [ [ -17.47299957237232, 66.684997558990233, 0.0 ], [ -18.246999740545562, 66.780998229584668, 0.0 ] ] ] } },
{ "type": "Feature", "properties": { "Name": "Eurasian:North American", "Description": "<html xmlns:fo=\"http://www.w3.org/1999/XSL/Format\" xmlns:msxsl=\"urn:schemas-microsoft-com:xslt\">\n<head>\n<META http-equiv=\"Content-Type\" content=\"text/html\">\n<meta http-equiv=\"content-type\" content=\"text/html; charset=UTF-8\">\n</head>\n<body style=\"margin:0px 0px 0px 0px;overflow:auto;background:#FFFFFF;\">\n<table style=\"font-family:Arial,Verdana,Times;font-size:12px;text-align:left;width:100%;border-collapse:collapse;padding:3px 3px 3px 3px\">\n<tr style=\"text-align:center;font-weight:bold;background:#9CBCE2\">\n<td>Eurasian:North American</td>\n</tr>\n<tr>\n<td>\n<table style=\"font-family:Arial,Verdana,Times;font-size:12px;text-align:left;width:100%;border-spacing:0px; padding:3px 3px 3px 3px\">\n<tr>\n<td>NAME</td>\n<td>Eurasian:North American</td>\n</tr>\n<tr bgcolor=\"#D4E4F3\">\n<td>LABEL</td>\n<td>Transform Boundary</td>\n</tr>\n</table>\n</td>\n</tr>\n</table>\n</body>\n</html>", "LABEL": "Transform Boundary" }, "geometry": { "type": "MultiLineString", "coordinates": [ [ [ -16.50699996957292, 66.203002929841375, 0.0 ], [ -17.71800041238907, 66.364997863960298, 0.0 ] ] ] } },
{ "type": "Feature", "properties": { "Name": "Eurasian:North American", "Description": "<html xmlns:fo=\"http://www.w3.org/1999/XSL/Format\" xmlns:msxsl=\"urn:schemas-microsoft-com:xslt\">\n<head>\n<META http-equiv=\"Content-Type\" content=\"text/html\">\n<meta http-equiv=\"content-type\" content=\"text/html; charset=UTF-8\">\n</head>\n<body style=\"margin:0px 0px 0px 0px;overflow:auto;background:#FFFFFF;\">\n<table style=\"font-family:Arial,Verdana,Times;font-size:12px;text-align:left;width:100%;border-collapse:collapse;padding:3px 3px 3px 3px\">\n<tr style=\"text-align:center;font-weight:bold;background:#9CBCE2\">\n<td>Eurasian:North American</td>\n</tr>\n<tr>\n<td>\n<table style=\"font-family:Arial,Verdana,Times;font-size:12px;text-align:left;width:100%;border-spacing:0px; padding:3px 3px 3px 3px\">\n<tr>\n<td>NAME</td>\n<td>Eurasian:North American</td>\n</tr>\n<tr bgcolor=\"#D4E4F3\">\n<td>LABEL</td>\n<td>Transform Boundary</td>\n</tr>\n</table>\n</td>\n</tr>\n</table>\n</body>\n</html>", "LABEL": "Transform Boundary" }, "geometry": { "type": "MultiLineString", "coordinates": [ [ [ -21.29800033544706, 64.06700134313752, 0.0 ], [ -20.73100090067101, 64.016998290938432, 0.0 ], [ -20.097000121758189, 63.949001311861082, 0.0 ], [ -19.23800086944453, 63.861999512167813, 0.0 ] ] ] } },
{ "type": "Feature", "properties": { "Name": "Eurasian:North American", "Description": "<html xmlns:fo=\"http://www.w3.org/1999/XSL/Format\" xmlns:msxsl=\"urn:schemas-microsoft-com:xslt\">\n<head>\n<META http-equiv=\"Content-Type\" content=\"text/html\">\n<meta http-equiv=\"content-type\" content=\"text/html; charset=UTF-8\">\n</head>\n<body style=\"margin:0px 0px 0px 0px;overflow:auto;background:#FFFFFF;\">\n<table style=\"font-family:Arial,Verdana,Times;font-size:12px;text-align:left;width:100%;border-collapse:collapse;padding:3px 3px 3px 3px\">\n<tr style=\"text-align:center;font-weight:bold;background:#9CBCE2\">\n<td>Eurasian:North American</td>\n</tr>\n<tr>\n<td>\n<table style=\"font-family:Arial,Verdana,Times;font-size:12px;text-align:left;width:100%;border-spacing:0px; padding:3px 3px 3px 3px\">\n<tr>\n<td>NAME</td>\n<td>Eurasian:North American</td>\n</tr>\n<tr bgcolor=\"#D4E4F3\">\n<td>LABEL</td>\n<td>Transform Boundary</td>\n</tr>\n</table>\n</td>\n</tr>\n</table>\n</body>\n</html>", "LABEL": "Transform Boundary" }, "geometry": { "type": "MultiLineString", "coordinates": [ [ [ -23.329999923957299, 63.65100097661383, 0.0 ], [ -23.059000015438301, 63.650001525849802, 0.0 ] ] ] } },
{ "type": "Feature", "properties": { "Name": "Eurasian:North American", "Description": "<html xmlns:fo=\"http://www.w3.org/1999/XSL/Format\" xmlns:msxsl=\"urn:schemas-microsoft-com:xslt\">\n<head>\n<META http-equiv=\"Content-Type\" content=\"text/html\">\n<meta http-equiv=\"content-type\" content=\"text/html; charset=UTF-8\">\n</head>\n<body style=\"margin:0px 0px 0px 0px;overflow:auto;background:#FFFFFF;\">\n<table style=\"font-family:Arial,Verdana,Times;font-size:12px;text-align:left;width:100%;border-collapse:collapse;padding:3px 3px 3px 3px\">\n<tr style=\"text-align:center;font-weight:bold;background:#9CBCE2\">\n<td>Eurasian:North American</td>\n</tr>\n<tr>\n<td>\n<table style=\"font-family:Arial,Verdana,Times;font-size:12px;text-align:left;width:100%;border-spacing:0px; padding:3px 3px 3px 3px\">\n<tr>\n<td>NAME</td>\n<td>Eurasian:North American</td>\n</tr>\n<tr bgcolor=\"#D4E4F3\">\n<td>LABEL</td>\n<td>Transform Boundary</td>\n</tr>\n</table>\n</td>\n</tr>\n</table>\n</body>\n</html>", "LABEL": "Transform Boundary" }, "geometry": { "type": "MultiLineString", "coordinates": [ [ [ -25.448999404698728, 62.619998932105091, 0.0 ], [ -25.311000823529131, 62.613998413496063, 0.0 ] ] ] } },
{ "type": "Feature", "properties": { "Name": "Eurasian:North American", "Description": "<html xmlns:fo=\"http://www.w3.org/1999/XSL/Format\" xmlns:msxsl=\"urn:schemas-microsoft-com:xslt\">\n<head>\n<META http-equiv=\"Content-Type\" content=\"text/html\">\n<meta http-equiv=\"content-type\" content=\"text/html; charset=UTF-8\">\n</head>\n<body style=\"margin:0px 0px 0px 0px;overflow:auto;background:#FFFFFF;\">\n<table style=\"font-family:Arial,Verdana,Times;font-size:12px;text-align:left;width:100%;border-collapse:collapse;padding:3px 3px 3px 3px\">\n<tr style=\"text-align:center;font-weight:bold;background:#9CBCE2\">\n<td>Eurasian:North American</td>\n</tr>\n<tr>\n<td>\n<table style=\"font-family:Arial,Verdana,Times;font-size:12px;text-align:left;width:100%;border-spacing:0px; padding:3px 3px 3px 3px\">\n<tr>\n<td>NAME</td>\n<td>Eurasian:North American</td>\n</tr>\n<tr bgcolor=\"#D4E4F3\">\n<td>LABEL</td>\n<td>Transform Boundary</td>\n</tr>\n</table>\n</td>\n</tr>\n</table>\n</body>\n</html>", "LABEL": "Transform Boundary" }, "geometry": { "type": "MultiLineString", "coordinates": [ [ [ -29.027999877892, 60.340000152185333, 0.0 ], [ -28.92700004601528, 60.333000182812214, 0.0 ] ] ] } },
{ "type": "Feature", "properties": { "Name": "Eurasian:North American", "Description": "<html xmlns:fo=\"http://www.w3.org/1999/XSL/Format\" xmlns:msxsl=\"urn:schemas-microsoft-com:xslt\">\n<head>\n<META http-equiv=\"Content-Type\" content=\"text/html\">\n<meta http-equiv=\"content-type\" content=\"text/html; charset=UTF-8\">\n</head>\n<body style=\"margin:0px 0px 0px 0px;overflow:auto;background:#FFFFFF;\">\n<table style=\"font-family:Arial,Verdana,Times;font-size:12px;text-align:left;width:100%;border-collapse:collapse;padding:3px 3px 3px 3px\">\n<tr style=\"text-align:center;font-weight:bold;background:#9CBCE2\">\n<td>Eurasian:North American</td>\n</tr>\n<tr>\n<td>\n<table style=\"font-family:Arial,Verdana,Times;font-size:12px;text-align:left;width:100%;border-spacing:0px; padding:3px 3px 3px 3px\">\n<tr>\n<td>NAME</td>\n<td>Eurasian:North American</td>\n</tr>\n<tr bgcolor=\"#D4E4F3\">\n<td>LABEL</td>\n<td>Transform Boundary</td>\n</tr>\n</table>\n</td>\n</tr>\n</table>\n</body>\n</html>", "LABEL": "Transform Boundary" }, "geometry": { "type": "MultiLineString", "coordinates": [ [ [ -30.791000365974071, 58.94100189182393, 0.0 ], [ -30.976999282890571, 58.976001739588639, 0.0 ] ] ] } },
{ "type": "Feature", "properties": { "Name": "Eurasian:North American", "Description": "<html xmlns:fo=\"http://www.w3.org/1999/XSL/Format\" xmlns:msxsl=\"urn:schemas-microsoft-com:xslt\">\n<head>\n<META http-equiv=\"Content-Type\" content=\"text/html\">\n<meta http-equiv=\"content-type\" content=\"text/html; charset=UTF-8\">\n</head>\n<body style=\"margin:0px 0px 0px 0px;overflow:auto;background:#FFFFFF;\">\n<table style=\"font-family:Arial,Verdana,Times;font-size:12px;text-align:left;width:100%;border-collapse:collapse;padding:3px 3px 3px 3px\">\n<tr style=\"text-align:center;font-weight:bold;background:#9CBCE2\">\n<td>Eurasian:North American</td>\n</tr>\n<tr>\n<td>\n<table style=\"font-family:Arial,Verdana,Times;font-size:12px;text-align:left;width:100%;border-spacing:0px; padding:3px 3px 3px 3px\">\n<tr>\n<td>NAME</td>\n<td>Eurasian:North American</td>\n</tr>\n<tr bgcolor=\"#D4E4F3\">\n<td>LABEL</td>\n<td>Transform Boundary</td>\n</tr>\n</table>\n</td>\n</tr>\n</table>\n</body>\n</html>", "LABEL": "Transform Boundary" }, "geometry": { "type": "MultiLineString", "coordinates": [ [ [ -31.555999755784061, 58.446998596508081, 0.0 ], [ -31.74500083901745, 58.46799850462736, 0.0 ] ] ] } },
{ "type": "Feature", "properties": { "Name": "Eurasian:North American", "Description": "<html xmlns:fo=\"http://www.w3.org/1999/XSL/Format\" xmlns:msxsl=\"urn:schemas-microsoft-com:xslt\">\n<head>\n<META http-equiv=\"Content-Type\" content=\"text/html\">\n<meta http-equiv=\"content-type\" content=\"text/html; charset=UTF-8\">\n</head>\n<body style=\"margin:0px 0px 0px 0px;overflow:auto;background:#FFFFFF;\">\n<table style=\"font-family:Arial,Verdana,Times;font-size:12px;text-align:left;width:100%;border-collapse:collapse;padding:3px 3px 3px 3px\">\n<tr style=\"text-align:center;font-weight:bold;background:#9CBCE2\">\n<td>Eurasian:North American</td>\n</tr>\n<tr>\n<td>\n<table style=\"font-family:Arial,Verdana,Times;font-size:12px;text-align:left;width:100%;border-spacing:0px; padding:3px 3px 3px 3px\">\n<tr>\n<td>NAME</td>\n<td>Eurasian:North American</td>\n</tr>\n<tr bgcolor=\"#D4E4F3\">\n<td>LABEL</td>\n<td>Transform Boundary</td>\n</tr>\n</table>\n</td>\n</tr>\n</table>\n</body>\n</html>", "LABEL": "Transform Boundary" }, "geometry": { "type": "MultiLineString", "coordinates": [ [ [ -32.27999877922025, 57.998001098671807, 0.0 ], [ -32.472000122207817, 58.006000518808953, 0.0 ] ] ] } },
{ "type": "Feature", "properties": { "Name": "Eurasian:North American", "Description": "<html xmlns:fo=\"http://www.w3.org/1999/XSL/Format\" xmlns:msxsl=\"urn:schemas-microsoft-com:xslt\">\n<head>\n<META http-equiv=\"Content-Type\" content=\"text/html\">\n<meta http-equiv=\"content-type\" content=\"text/html; charset=UTF-8\">\n</head>\n<body style=\"margin:0px 0px 0px 0px;overflow:auto;background:#FFFFFF;\">\n<table style=\"font-family:Arial,Verdana,Times;font-size:12px;text-align:left;width:100%;border-collapse:collapse;padding:3px 3px 3px 3px\">\n<tr style=\"text-align:center;font-weight:bold;background:#9CBCE2\">\n<td>Eurasian:North American</td>\n</tr>\n<tr>\n<td>\n<table style=\"font-family:Arial,Verdana,Times;font-size:12px;text-align:left;width:100%;border-spacing:0px; padding:3px 3px 3px 3px\">\n<tr>\n<td>NAME</td>\n<td>Eurasian:North American</td>\n</tr>\n<tr bgcolor=\"#D4E4F3\">\n<td>LABEL</td>\n<td>Transform Boundary</td>\n</tr>\n</table>\n</td>\n</tr>\n</table>\n</body>\n</html>", "LABEL": "Transform Boundary" }, "geometry": { "type": "MultiLineString", "coordinates": [ [ [ -32.805999755983919, 57.641998291088328, 0.0 ], [ -32.917999267751952, 57.666999817187843, 0.0 ] ] ] } },
{ "type": "Feature", "properties": { "Name": "Eurasian:North American", "Description": "<html xmlns:fo=\"http://www.w3.org/1999/XSL/Format\" xmlns:msxsl=\"urn:schemas-microsoft-com:xslt\">\n<head>\n<META http-equiv=\"Content-Type\" content=\"text/html\">\n<meta http-equiv=\"content-type\" content=\"text/html; charset=UTF-8\">\n</head>\n<body style=\"margin:0px 0px 0px 0px;overflow:auto;background:#FFFFFF;\">\n<table style=\"font-family:Arial,Verdana,Times;font-size:12px;text-align:left;width:100%;border-collapse:collapse;padding:3px 3px 3px 3px\">\n<tr style=\"text-align:center;font-weight:bold;background:#9CBCE2\">\n<td>Eurasian:North American</td>\n</tr>\n<tr>\n<td>\n<table style=\"font-family:Arial,Verdana,Times;font-size:12px;text-align:left;width:100%;border-spacing:0px; padding:3px 3px 3px 3px\">\n<tr>\n<td>NAME</td>\n<td>Eurasian:North American</td>\n</tr>\n<tr bgcolor=\"#D4E4F3\">\n<td>LABEL</td>\n<td>Transform Boundary</td>\n</tr>\n</table>\n</td>\n</tr>\n</table>\n</body>\n</html>", "LABEL": "Transform Boundary" }, "geometry": { "type": "MultiLineString", "coordinates": [ [ [ -33.202999115017121, 57.284999847664892, 0.0 ], [ -33.376998901278228, 57.26499938941032, 0.0 ], [ -33.497001648107528, 57.263999938646293, 0.0 ] ] ] } },
{ "type": "Feature", "properties": { "Name": "Eurasian:North American", "Description": "<html xmlns:fo=\"http://www.w3.org/1999/XSL/Format\" xmlns:msxsl=\"urn:schemas-microsoft-com:xslt\">\n<head>\n<META http-equiv=\"Content-Type\" content=\"text/html\">\n<meta http-equiv=\"content-type\" content=\"text/html; charset=UTF-8\">\n</head>\n<body style=\"margin:0px 0px 0px 0px;overflow:auto;background:#FFFFFF;\">\n<table style=\"font-family:Arial,Verdana,Times;font-size:12px;text-align:left;width:100%;border-collapse:collapse;padding:3px 3px 3px 3px\">\n<tr style=\"text-align:center;font-weight:bold;background:#9CBCE2\">\n<td>Eurasian:North American</td>\n</tr>\n<tr>\n<td>\n<table style=\"font-family:Arial,Verdana,Times;font-size:12px;text-align:left;width:100%;border-spacing:0px; padding:3px 3px 3px 3px\">\n<tr>\n<td>NAME</td>\n<td>Eurasian:North American</td>\n</tr>\n<tr bgcolor=\"#D4E4F3\">\n<td>LABEL</td>\n<td>Transform Boundary</td>\n</tr>\n</table>\n</td>\n</tr>\n</table>\n</body>\n</html>", "LABEL": "Transform Boundary" }, "geometry": { "type": "MultiLineString", "coordinates": [ [ [ -33.587001800092942, 56.87499999975023, 0.0 ], [ -33.681999206797911, 56.870998382669264, 0.0 ], [ -33.796001434118857, 56.882999419887369, 0.0 ], [ -33.978000640517109, 56.902000427377857, 0.0 ] ] ] } },
{ "type": "Feature", "properties": { "Name": "Eurasian:North American", "Description": "<html xmlns:fo=\"http://www.w3.org/1999/XSL/Format\" xmlns:msxsl=\"urn:schemas-microsoft-com:xslt\">\n<head>\n<META http-equiv=\"Content-Type\" content=\"text/html\">\n<meta http-equiv=\"content-type\" content=\"text/html; charset=UTF-8\">\n</head>\n<body style=\"margin:0px 0px 0px 0px;overflow:auto;background:#FFFFFF;\">\n<table style=\"font-family:Arial,Verdana,Times;font-size:12px;text-align:left;width:100%;border-collapse:collapse;padding:3px 3px 3px 3px\">\n<tr style=\"text-align:center;font-weight:bold;background:#9CBCE2\">\n<td>Eurasian:North American</td>\n</tr>\n<tr>\n<td>\n<table style=\"font-family:Arial,Verdana,Times;font-size:12px;text-align:left;width:100%;border-spacing:0px; padding:3px 3px 3px 3px\">\n<tr>\n<td>NAME</td>\n<td>Eurasian:North American</td>\n</tr>\n<tr bgcolor=\"#D4E4F3\">\n<td>LABEL</td>\n<td>Transform Boundary</td>\n</tr>\n</table>\n</td>\n</tr>\n</table>\n</body>\n</html>", "LABEL": "Transform Boundary" }, "geometry": { "type": "MultiLineString", "coordinates": [ [ [ -34.071998596458002, 56.738998412646708, 0.0 ], [ -34.217998504327447, 56.745998382919083, 0.0 ] ] ] } },
{ "type": "Feature", "properties": { "Name": "Eurasian:North American", "Description": "<html xmlns:fo=\"http://www.w3.org/1999/XSL/Format\" xmlns:msxsl=\"urn:schemas-microsoft-com:xslt\">\n<head>\n<META http-equiv=\"Content-Type\" content=\"text/html\">\n<meta http-equiv=\"content-type\" content=\"text/html; charset=UTF-8\">\n</head>\n<body style=\"margin:0px 0px 0px 0px;overflow:auto;background:#FFFFFF;\">\n<table style=\"font-family:Arial,Verdana,Times;font-size:12px;text-align:left;width:100%;border-collapse:collapse;padding:3px 3px 3px 3px\">\n<tr style=\"text-align:center;font-weight:bold;background:#9CBCE2\">\n<td>Eurasian:North American</td>\n</tr>\n<tr>\n<td>\n<table style=\"font-family:Arial,Verdana,Times;font-size:12px;text-align:left;width:100%;border-spacing:0px; padding:3px 3px 3px 3px\">\n<tr>\n<td>NAME</td>\n<td>Eurasian:North American</td>\n</tr>\n<tr bgcolor=\"#D4E4F3\">\n<td>LABEL</td>\n<td>Transform Boundary</td>\n</tr>\n</table>\n</td>\n</tr>\n</table>\n</body>\n</html>", "LABEL": "Transform Boundary" }, "geometry": { "type": "MultiLineString", "coordinates": [ [ [ -34.346000671293893, 56.501998901128452, 0.0 ], [ -34.439998626335473, 56.499000549735626, 0.0 ] ] ] } },
{ "type": "Feature", "properties": { "Name": "Eurasian:North American", "Description": "<html xmlns:fo=\"http://www.w3.org/1999/XSL/Format\" xmlns:msxsl=\"urn:schemas-microsoft-com:xslt\">\n<head>\n<META http-equiv=\"Content-Type\" content=\"text/html\">\n<meta http-equiv=\"content-type\" content=\"text/html; charset=UTF-8\">\n</head>\n<body style=\"margin:0px 0px 0px 0px;overflow:auto;background:#FFFFFF;\">\n<table style=\"font-family:Arial,Verdana,Times;font-size:12px;text-align:left;width:100%;border-collapse:collapse;padding:3px 3px 3px 3px\">\n<tr style=\"text-align:center;font-weight:bold;background:#9CBCE2\">\n<td>Eurasian:North American</td>\n</tr>\n<tr>\n<td>\n<table style=\"font-family:Arial,Verdana,Times;font-size:12px;text-align:left;width:100%;border-spacing:0px; padding:3px 3px 3px 3px\">\n<tr>\n<td>NAME</td>\n<td>Eurasian:North American</td>\n</tr>\n<tr bgcolor=\"#D4E4F3\">\n<td>LABEL</td>\n<td>Transform Boundary</td>\n</tr>\n</table>\n</td>\n</tr>\n</table>\n</body>\n</html>", "LABEL": "Transform Boundary" }, "geometry": { "type": "MultiLineString", "coordinates": [ [ [ -34.638000487932118, 55.812000274692991, 0.0 ], [ -34.876998900978442, 55.847999572322472, 0.0 ] ] ] } },
{ "type": "Feature", "properties": { "Name": "Eurasian:North American", "Description": "<html xmlns:fo=\"http://www.w3.org/1999/XSL/Format\" xmlns:msxsl=\"urn:schemas-microsoft-com:xslt\">\n<head>\n<META http-equiv=\"Content-Type\" content=\"text/html\">\n<meta http-equiv=\"content-type\" content=\"text/html; charset=UTF-8\">\n</head>\n<body style=\"margin:0px 0px 0px 0px;overflow:auto;background:#FFFFFF;\">\n<table style=\"font-family:Arial,Verdana,Times;font-size:12px;text-align:left;width:100%;border-collapse:collapse;padding:3px 3px 3px 3px\">\n<tr style=\"text-align:center;font-weight:bold;background:#9CBCE2\">\n<td>Eurasian:North American</td>\n</tr>\n<tr>\n<td>\n<table style=\"font-family:Arial,Verdana,Times;font-size:12px;text-align:left;width:100%;border-spacing:0px; padding:3px 3px 3px 3px\">\n<tr>\n<td>NAME</td>\n<td>Eurasian:North American</td>\n</tr>\n<tr bgcolor=\"#D4E4F3\">\n<td>LABEL</td>\n<td>Transform Boundary</td>\n</tr>\n</table>\n</td>\n</tr>\n</table>\n</body>\n</html>", "LABEL": "Transform Boundary" }, "geometry": { "type": "MultiLineString", "coordinates": [ [ [ -35.339000701720977, 54.995998382819153, 0.0 ], [ -35.212001800442692, 54.971000671643708, 0.0 ] ] ] } },
{ "type": "Feature", "properties": { "Name": "Eurasian:North American", "Description": "<html xmlns:fo=\"http://www.w3.org/1999/XSL/Format\" xmlns:msxsl=\"urn:schemas-microsoft-com:xslt\">\n<head>\n<META http-equiv=\"Content-Type\" content=\"text/html\">\n<meta http-equiv=\"content-type\" content=\"text/html; charset=UTF-8\">\n</head>\n<body style=\"margin:0px 0px 0px 0px;overflow:auto;background:#FFFFFF;\">\n<table style=\"font-family:Arial,Verdana,Times;font-size:12px;text-align:left;width:100%;border-collapse:collapse;padding:3px 3px 3px 3px\">\n<tr style=\"text-align:center;font-weight:bold;background:#9CBCE2\">\n<td>Eurasian:North American</td>\n</tr>\n<tr>\n<td>\n<table style=\"font-family:Arial,Verdana,Times;font-size:12px;text-align:left;width:100%;border-spacing:0px; padding:3px 3px 3px 3px\">\n<tr>\n<td>NAME</td>\n<td>Eurasian:North American</td>\n</tr>\n<tr bgcolor=\"#D4E4F3\">\n<td>LABEL</td>\n<td>Transform Boundary</td>\n</tr>\n</table>\n</td>\n</tr>\n</table>\n</body>\n</html>", "LABEL": "Transform Boundary" }, "geometry": { "type": "MultiLineString", "coordinates": [ [ [ -35.487998962781887, 54.331001281583951, 0.0 ], [ -35.312999725756697, 54.326999664502978, 0.0 ], [ -35.12099838276913, 54.30799865701249, 0.0 ] ] ] } },
{ "type": "Feature", "properties": { "Name": "North American:Pacific", "Description": "<html xmlns:fo=\"http://www.w3.org/1999/XSL/Format\" xmlns:msxsl=\"urn:schemas-microsoft-com:xslt\">\n<head>\n<META http-equiv=\"Content-Type\" content=\"text/html\">\n<meta http-equiv=\"content-type\" content=\"text/html; charset=UTF-8\">\n</head>\n<body style=\"margin:0px 0px 0px 0px;overflow:auto;background:#FFFFFF;\">\n<table style=\"font-family:Arial,Verdana,Times;font-size:12px;text-align:left;width:100%;border-collapse:collapse;padding:3px 3px 3px 3px\">\n<tr style=\"text-align:center;font-weight:bold;background:#9CBCE2\">\n<td>North American:Pacific</td>\n</tr>\n<tr>\n<td>\n<table style=\"font-family:Arial,Verdana,Times;font-size:12px;text-align:left;width:100%;border-spacing:0px; padding:3px 3px 3px 3px\">\n<tr>\n<td>NAME</td>\n<td>North American:Pacific</td>\n</tr>\n<tr bgcolor=\"#D4E4F3\">\n<td>LABEL</td>\n<td>Transform Boundary</td>\n</tr>\n</table>\n</td>\n</tr>\n</table>\n</body>\n</html>", "LABEL": "Transform Boundary" }, "geometry": { "type": "MultiLineString", "coordinates": [ [ [ 166.518053705813912, 54.325884859498728, 0.0 ], [ 165.790090308920611, 54.643769759167128, 0.0 ] ] ] } },
{ "type": "Feature", "properties": { "Name": "Eurasian:North American", "Description": "<html xmlns:fo=\"http://www.w3.org/1999/XSL/Format\" xmlns:msxsl=\"urn:schemas-microsoft-com:xslt\">\n<head>\n<META http-equiv=\"Content-Type\" content=\"text/html\">\n<meta http-equiv=\"content-type\" content=\"text/html; charset=UTF-8\">\n</head>\n<body style=\"margin:0px 0px 0px 0px;overflow:auto;background:#FFFFFF;\">\n<table style=\"font-family:Arial,Verdana,Times;font-size:12px;text-align:left;width:100%;border-collapse:collapse;padding:3px 3px 3px 3px\">\n<tr style=\"text-align:center;font-weight:bold;background:#9CBCE2\">\n<td>Eurasian:North American</td>\n</tr>\n<tr>\n<td>\n<table style=\"font-family:Arial,Verdana,Times;font-size:12px;text-align:left;width:100%;border-spacing:0px; padding:3px 3px 3px 3px\">\n<tr>\n<td>NAME</td>\n<td>Eurasian:North American</td>\n</tr>\n<tr bgcolor=\"#D4E4F3\">\n<td>LABEL</td>\n<td>Transform Boundary</td>\n</tr>\n</table>\n</td>\n</tr>\n</table>\n</body>\n</html>", "LABEL": "Transform Boundary" }, "geometry": { "type": "MultiLineString", "coordinates": [ [ [ -35.451999664253037, 53.546001434418713, 0.0 ], [ -35.245998382519304, 53.512001037417967, 0.0 ] ] ] } },
{ "type": "Feature", "properties": { "Name": "Eurasian:North American", "Description": "<html xmlns:fo=\"http://www.w3.org/1999/XSL/Format\" xmlns:msxsl=\"urn:schemas-microsoft-com:xslt\">\n<head>\n<META http-equiv=\"Content-Type\" content=\"text/html\">\n<meta http-equiv=\"content-type\" content=\"text/html; charset=UTF-8\">\n</head>\n<body style=\"margin:0px 0px 0px 0px;overflow:auto;background:#FFFFFF;\">\n<table style=\"font-family:Arial,Verdana,Times;font-size:12px;text-align:left;width:100%;border-collapse:collapse;padding:3px 3px 3px 3px\">\n<tr style=\"text-align:center;font-weight:bold;background:#9CBCE2\">\n<td>Eurasian:North American</td>\n</tr>\n<tr>\n<td>\n<table style=\"font-family:Arial,Verdana,Times;font-size:12px;text-align:left;width:100%;border-spacing:0px; padding:3px 3px 3px 3px\">\n<tr>\n<td>NAME</td>\n<td>Eurasian:North American</td>\n</tr>\n<tr bgcolor=\"#D4E4F3\">\n<td>LABEL</td>\n<td>Transform Boundary</td>\n</tr>\n</table>\n</td>\n</tr>\n</table>\n</body>\n</html>", "LABEL": "Transform Boundary" }, "geometry": { "type": "MultiLineString", "coordinates": [ [ [ -35.32500076297481, 53.237998962582139, 0.0 ], [ -35.182998657262203, 53.209999084190429, 0.0 ] ] ] } },
{ "type": "Feature", "properties": { "Name": "North American:Pacific", "Description": "<html xmlns:fo=\"http://www.w3.org/1999/XSL/Format\" xmlns:msxsl=\"urn:schemas-microsoft-com:xslt\">\n<head>\n<META http-equiv=\"Content-Type\" content=\"text/html\">\n<meta http-equiv=\"content-type\" content=\"text/html; charset=UTF-8\">\n</head>\n<body style=\"margin:0px 0px 0px 0px;overflow:auto;background:#FFFFFF;\">\n<table style=\"font-family:Arial,Verdana,Times;font-size:12px;text-align:left;width:100%;border-collapse:collapse;padding:3px 3px 3px 3px\">\n<tr style=\"text-align:center;font-weight:bold;background:#9CBCE2\">\n<td>North American:Pacific</td>\n</tr>\n<tr>\n<td>\n<table style=\"font-family:Arial,Verdana,Times;font-size:12px;text-align:left;width:100%;border-spacing:0px; padding:3px 3px 3px 3px\">\n<tr>\n<td>NAME</td>\n<td>North American:Pacific</td>\n</tr>\n<tr bgcolor=\"#D4E4F3\">\n<td>LABEL</td>\n<td>Transform Boundary</td>\n</tr>\n</table>\n</td>\n</tr>\n</table>\n</body>\n</html>", "LABEL": "Transform Boundary" }, "geometry": { "type": "MultiLineString", "coordinates": [ [ [ 168.883934746391503, 53.253996082453277, 0.0 ], [ 168.155971349498287, 53.585864546911353, 0.0 ] ] ] } },
{ "type": "Feature", "properties": { "Name": "North American:Pacific", "Description": "<html xmlns:fo=\"http://www.w3.org/1999/XSL/Format\" xmlns:msxsl=\"urn:schemas-microsoft-com:xslt\">\n<head>\n<META http-equiv=\"Content-Type\" content=\"text/html\">\n<meta http-equiv=\"content-type\" content=\"text/html; charset=UTF-8\">\n</head>\n<body style=\"margin:0px 0px 0px 0px;overflow:auto;background:#FFFFFF;\">\n<table style=\"font-family:Arial,Verdana,Times;font-size:12px;text-align:left;width:100%;border-collapse:collapse;padding:3px 3px 3px 3px\">\n<tr style=\"text-align:center;font-weight:bold;background:#9CBCE2\">\n<td>North American:Pacific</td>\n</tr>\n<tr>\n<td>\n<table style=\"font-family:Arial,Verdana,Times;font-size:12px;text-align:left;width:100%;border-spacing:0px; padding:3px 3px 3px 3px\">\n<tr>\n<td>NAME</td>\n<td>North American:Pacific</td>\n</tr>\n<tr bgcolor=\"#D4E4F3\">\n<td>LABEL</td>\n<td>Transform Boundary</td>\n</tr>\n</table>\n</td>\n</tr>\n</table>\n</body>\n</html>", "LABEL": "Transform Boundary" }, "geometry": { "type": "MultiLineString", "coordinates": [ [ [ -133.4259948726652, 53.923999785961428, 0.0 ], [ -133.839996337660807, 54.376998901777938, 0.0 ], [ -134.151000976713703, 54.812000274892853, 0.0 ], [ -134.669006347365013, 55.317001342637923, 0.0 ], [ -135.179992675821296, 55.819000244066054, 0.0 ], [ -135.429000854405899, 56.102001189803097, 0.0 ], [ -135.902999878341689, 56.62099838226959, 0.0 ], [ -136.208999633726108, 57.118000030776841, 0.0 ], [ -136.522003173407711, 57.633998870951189, 0.0 ], [ -136.895004272029496, 58.090000152185333, 0.0 ], [ -137.106994628499308, 58.437999725606922, 0.0 ] ] ] } },
{ "type": "Feature", "properties": { "Name": "Eurasian:North American", "Description": "<html xmlns:fo=\"http://www.w3.org/1999/XSL/Format\" xmlns:msxsl=\"urn:schemas-microsoft-com:xslt\">\n<head>\n<META http-equiv=\"Content-Type\" content=\"text/html\">\n<meta http-equiv=\"content-type\" content=\"text/html; charset=UTF-8\">\n</head>\n<body style=\"margin:0px 0px 0px 0px;overflow:auto;background:#FFFFFF;\">\n<table style=\"font-family:Arial,Verdana,Times;font-size:12px;text-align:left;width:100%;border-collapse:collapse;padding:3px 3px 3px 3px\">\n<tr style=\"text-align:center;font-weight:bold;background:#9CBCE2\">\n<td>Eurasian:North American</td>\n</tr>\n<tr>\n<td>\n<table style=\"font-family:Arial,Verdana,Times;font-size:12px;text-align:left;width:100%;border-spacing:0px; padding:3px 3px 3px 3px\">\n<tr>\n<td>NAME</td>\n<td>Eurasian:North American</td>\n</tr>\n<tr bgcolor=\"#D4E4F3\">\n<td>LABEL</td>\n<td>Transform Boundary</td>\n</tr>\n</table>\n</td>\n</tr>\n</table>\n</body>\n</html>", "LABEL": "Transform Boundary" }, "geometry": { "type": "MultiLineString", "coordinates": [ [ [ -34.883998871250867, 52.703998565681331, 0.0 ], [ -34.924999236725341, 52.708000182762312, 0.0 ] ] ] } },
{ "type": "Feature", "properties": { "Name": "Eurasian:North American", "Description": "<html xmlns:fo=\"http://www.w3.org/1999/XSL/Format\" xmlns:msxsl=\"urn:schemas-microsoft-com:xslt\">\n<head>\n<META http-equiv=\"Content-Type\" content=\"text/html\">\n<meta http-equiv=\"content-type\" content=\"text/html; charset=UTF-8\">\n</head>\n<body style=\"margin:0px 0px 0px 0px;overflow:auto;background:#FFFFFF;\">\n<table style=\"font-family:Arial,Verdana,Times;font-size:12px;text-align:left;width:100%;border-collapse:collapse;padding:3px 3px 3px 3px\">\n<tr style=\"text-align:center;font-weight:bold;background:#9CBCE2\">\n<td>Eurasian:North American</td>\n</tr>\n<tr>\n<td>\n<table style=\"font-family:Arial,Verdana,Times;font-size:12px;text-align:left;width:100%;border-spacing:0px; padding:3px 3px 3px 3px\">\n<tr>\n<td>NAME</td>\n<td>Eurasian:North American</td>\n</tr>\n<tr bgcolor=\"#D4E4F3\">\n<td>LABEL</td>\n<td>Transform Boundary</td>\n</tr>\n</table>\n</td>\n</tr>\n</table>\n</body>\n</html>", "LABEL": "Transform Boundary" }, "geometry": { "type": "MultiLineString", "coordinates": [ [ [ -35.138000487832187, 52.705001831369493, 0.0 ], [ -35.011001586553959, 52.703998565681331, 0.0 ], [ -34.883998871250867, 52.703998565681331, 0.0 ] ] ] } },
{ "type": "Feature", "properties": { "Name": "Eurasian:North American", "Description": "<html xmlns:fo=\"http://www.w3.org/1999/XSL/Format\" xmlns:msxsl=\"urn:schemas-microsoft-com:xslt\">\n<head>\n<META http-equiv=\"Content-Type\" content=\"text/html\">\n<meta http-equiv=\"content-type\" content=\"text/html; charset=UTF-8\">\n</head>\n<body style=\"margin:0px 0px 0px 0px;overflow:auto;background:#FFFFFF;\">\n<table style=\"font-family:Arial,Verdana,Times;font-size:12px;text-align:left;width:100%;border-collapse:collapse;padding:3px 3px 3px 3px\">\n<tr style=\"text-align:center;font-weight:bold;background:#9CBCE2\">\n<td>Eurasian:North American</td>\n</tr>\n<tr>\n<td>\n<table style=\"font-family:Arial,Verdana,Times;font-size:12px;text-align:left;width:100%;border-spacing:0px; padding:3px 3px 3px 3px\">\n<tr>\n<td>NAME</td>\n<td>Eurasian:North American</td>\n</tr>\n<tr bgcolor=\"#D4E4F3\">\n<td>LABEL</td>\n<td>Transform Boundary</td>\n</tr>\n</table>\n</td>\n</tr>\n</table>\n</body>\n</html>", "LABEL": "Transform Boundary" }, "geometry": { "type": "MultiLineString", "coordinates": [ [ [ -34.924999236725341, 52.708000182762312, 0.0 ], [ -34.571998596358071, 52.681999206798032, 0.0 ], [ -34.173999786560842, 52.662998199307481, 0.0 ], [ -33.712001800742492, 52.647998809797294, 0.0 ], [ -33.33499908414035, 52.627998352442091, 0.0 ], [ -33.020000457854792, 52.615001678484703, 0.0 ], [ -32.856998444022913, 52.595001221129507, 0.0 ], [ -32.648998260761061, 52.581001281484021, 0.0 ], [ -32.359001159675763, 52.555999756283768, 0.0 ], [ -32.054000854156072, 52.515998840674001, 0.0 ], [ -31.86599922168671, 52.504001617480696, 0.0 ], [ -31.582000732647661, 52.465000152635007, 0.0 ], [ -31.256999969772721, 52.41999816918019, 0.0 ] ] ] } },
{ "type": "Feature", "properties": { "Name": "Eurasian:North American", "Description": "<html xmlns:fo=\"http://www.w3.org/1999/XSL/Format\" xmlns:msxsl=\"urn:schemas-microsoft-com:xslt\">\n<head>\n<META http-equiv=\"Content-Type\" content=\"text/html\">\n<meta http-equiv=\"content-type\" content=\"text/html; charset=UTF-8\">\n</head>\n<body style=\"margin:0px 0px 0px 0px;overflow:auto;background:#FFFFFF;\">\n<table style=\"font-family:Arial,Verdana,Times;font-size:12px;text-align:left;width:100%;border-collapse:collapse;padding:3px 3px 3px 3px\">\n<tr style=\"text-align:center;font-weight:bold;background:#9CBCE2\">\n<td>Eurasian:North American</td>\n</tr>\n<tr>\n<td>\n<table style=\"font-family:Arial,Verdana,Times;font-size:12px;text-align:left;width:100%;border-spacing:0px; padding:3px 3px 3px 3px\">\n<tr>\n<td>NAME</td>\n<td>Eurasian:North American</td>\n</tr>\n<tr bgcolor=\"#D4E4F3\">\n<td>LABEL</td>\n<td>Transform Boundary</td>\n</tr>\n</table>\n</td>\n</tr>\n</table>\n</body>\n</html>", "LABEL": "Transform Boundary" }, "geometry": { "type": "MultiLineString", "coordinates": [ [ [ -31.267999648764711, 52.109001159975612, 0.0 ], [ -31.058000564874138, 52.104999541995312, 0.0 ], [ -30.806999206248349, 52.095001220330118, 0.0 ], [ -30.375999451113731, 52.056999206248413, 0.0 ], [ -30.025999069601308, 52.029998779520099, 0.0 ] ] ] } },
{ "type": "Feature", "properties": { "Name": "North American:Pacific", "Description": "<html xmlns:fo=\"http://www.w3.org/1999/XSL/Format\" xmlns:msxsl=\"urn:schemas-microsoft-com:xslt\">\n<head>\n<META http-equiv=\"Content-Type\" content=\"text/html\">\n<meta http-equiv=\"content-type\" content=\"text/html; charset=UTF-8\">\n</head>\n<body style=\"margin:0px 0px 0px 0px;overflow:auto;background:#FFFFFF;\">\n<table style=\"font-family:Arial,Verdana,Times;font-size:12px;text-align:left;width:100%;border-collapse:collapse;padding:3px 3px 3px 3px\">\n<tr style=\"text-align:center;font-weight:bold;background:#9CBCE2\">\n<td>North American:Pacific</td>\n</tr>\n<tr>\n<td>\n<table style=\"font-family:Arial,Verdana,Times;font-size:12px;text-align:left;width:100%;border-spacing:0px; padding:3px 3px 3px 3px\">\n<tr>\n<td>NAME</td>\n<td>North American:Pacific</td>\n</tr>\n<tr bgcolor=\"#D4E4F3\">\n<td>LABEL</td>\n<td>Transform Boundary</td>\n</tr>\n</table>\n</td>\n</tr>\n</table>\n</body>\n</html>", "LABEL": "Transform Boundary" }, "geometry": { "type": "MultiLineString", "coordinates": [ [ [ -131.177001953277511, 51.886001587203573, 0.0 ], [ -131.59199523918889, 52.258998870901223, 0.0 ] ] ] } },
{ "type": "Feature", "properties": { "Name": "Pacific:Juan de Fuca", "Description": "<html xmlns:fo=\"http://www.w3.org/1999/XSL/Format\" xmlns:msxsl=\"urn:schemas-microsoft-com:xslt\">\n<head>\n<META http-equiv=\"Content-Type\" content=\"text/html\">\n<meta http-equiv=\"content-type\" content=\"text/html; charset=UTF-8\">\n</head>\n<body style=\"margin:0px 0px 0px 0px;overflow:auto;background:#FFFFFF;\">\n<table style=\"font-family:Arial,Verdana,Times;font-size:12px;text-align:left;width:100%;border-collapse:collapse;padding:3px 3px 3px 3px\">\n<tr style=\"text-align:center;font-weight:bold;background:#9CBCE2\">\n<td>Pacific:Juan de Fuca</td>\n</tr>\n<tr>\n<td>\n<table style=\"font-family:Arial,Verdana,Times;font-size:12px;text-align:left;width:100%;border-spacing:0px; padding:3px 3px 3px 3px\">\n<tr>\n<td>NAME</td>\n<td>Pacific:Juan de Fuca</td>\n</tr>\n<tr bgcolor=\"#D4E4F3\">\n<td>LABEL</td>\n<td>Transform Boundary</td>\n</tr>\n</table>\n</td>\n</tr>\n</table>\n</body>\n</html>", "LABEL": "Transform Boundary" }, "geometry": { "type": "MultiLineString", "coordinates": [ [ [ -130.328994751006888, 50.298000335247309, 0.0 ], [ -130.162002563067801, 50.216999054163068, 0.0 ] ] ] } },
{ "type": "Feature", "properties": { "Name": "Eurasian:North American", "Description": "<html xmlns:fo=\"http://www.w3.org/1999/XSL/Format\" xmlns:msxsl=\"urn:schemas-microsoft-com:xslt\">\n<head>\n<META http-equiv=\"Content-Type\" content=\"text/html\">\n<meta http-equiv=\"content-type\" content=\"text/html; charset=UTF-8\">\n</head>\n<body style=\"margin:0px 0px 0px 0px;overflow:auto;background:#FFFFFF;\">\n<table style=\"font-family:Arial,Verdana,Times;font-size:12px;text-align:left;width:100%;border-collapse:collapse;padding:3px 3px 3px 3px\">\n<tr style=\"text-align:center;font-weight:bold;background:#9CBCE2\">\n<td>Eurasian:North American</td>\n</tr>\n<tr>\n<td>\n<table style=\"font-family:Arial,Verdana,Times;font-size:12px;text-align:left;width:100%;border-spacing:0px; padding:3px 3px 3px 3px\">\n<tr>\n<td>NAME</td>\n<td>Eurasian:North American</td>\n</tr>\n<tr bgcolor=\"#D4E4F3\">\n<td>LABEL</td>\n<td>Transform Boundary</td>\n</tr>\n</table>\n</td>\n</tr>\n</table>\n</body>\n</html>", "LABEL": "Transform Boundary" }, "geometry": { "type": "MultiLineString", "coordinates": [ [ [ -28.818000793102101, 49.657001495322788, 0.0 ], [ -28.718000411989351, 49.652999878241822, 0.0 ], [ -28.56200027499267, 49.638999938596328, 0.0 ] ] ] } },
{ "type": "Feature", "properties": { "Name": "Pacific:Juan de Fuca", "Description": "<html xmlns:fo=\"http://www.w3.org/1999/XSL/Format\" xmlns:msxsl=\"urn:schemas-microsoft-com:xslt\">\n<head>\n<META http-equiv=\"Content-Type\" content=\"text/html\">\n<meta http-equiv=\"content-type\" content=\"text/html; charset=UTF-8\">\n</head>\n<body style=\"margin:0px 0px 0px 0px;overflow:auto;background:#FFFFFF;\">\n<table style=\"font-family:Arial,Verdana,Times;font-size:12px;text-align:left;width:100%;border-collapse:collapse;padding:3px 3px 3px 3px\">\n<tr style=\"text-align:center;font-weight:bold;background:#9CBCE2\">\n<td>Pacific:Juan de Fuca</td>\n</tr>\n<tr>\n<td>\n<table style=\"font-family:Arial,Verdana,Times;font-size:12px;text-align:left;width:100%;border-spacing:0px; padding:3px 3px 3px 3px\">\n<tr>\n<td>NAME</td>\n<td>Pacific:Juan de Fuca</td>\n</tr>\n<tr bgcolor=\"#D4E4F3\">\n<td>LABEL</td>\n<td>Transform Boundary</td>\n</tr>\n</table>\n</td>\n</tr>\n</table>\n</body>\n</html>", "LABEL": "Transform Boundary" }, "geometry": { "type": "MultiLineString", "coordinates": [ [ [ -130.501007080512409, 49.479000091980708, 0.0 ], [ -129.705001831069609, 49.176998138753163, 0.0 ], [ -128.919006348064499, 48.868999480941341, 0.0 ] ] ] } },
{ "type": "Feature", "properties": { "Name": "Eurasian:North American", "Description": "<html xmlns:fo=\"http://www.w3.org/1999/XSL/Format\" xmlns:msxsl=\"urn:schemas-microsoft-com:xslt\">\n<head>\n<META http-equiv=\"Content-Type\" content=\"text/html\">\n<meta http-equiv=\"content-type\" content=\"text/html; charset=UTF-8\">\n</head>\n<body style=\"margin:0px 0px 0px 0px;overflow:auto;background:#FFFFFF;\">\n<table style=\"font-family:Arial,Verdana,Times;font-size:12px;text-align:left;width:100%;border-collapse:collapse;padding:3px 3px 3px 3px\">\n<tr style=\"text-align:center;font-weight:bold;background:#9CBCE2\">\n<td>Eurasian:North American</td>\n</tr>\n<tr>\n<td>\n<table style=\"font-family:Arial,Verdana,Times;font-size:12px;text-align:left;width:100%;border-spacing:0px; padding:3px 3px 3px 3px\">\n<tr>\n<td>NAME</td>\n<td>Eurasian:North American</td>\n</tr>\n<tr bgcolor=\"#D4E4F3\">\n<td>LABEL</td>\n<td>Transform Boundary</td>\n</tr>\n</table>\n</td>\n</tr>\n</table>\n</body>\n</html>", "LABEL": "Transform Boundary" }, "geometry": { "type": "MultiLineString", "coordinates": [ [ [ -28.010999679591521, 48.604999541795451, 0.0 ], [ -27.888999938696148, 48.609001159775737, 0.0 ], [ -27.76000022932709, 48.584999084440263, 0.0 ] ] ] } },
{ "type": "Feature", "properties": { "Name": "Pacific:Juan de Fuca", "Description": "<html xmlns:fo=\"http://www.w3.org/1999/XSL/Format\" xmlns:msxsl=\"urn:schemas-microsoft-com:xslt\">\n<head>\n<META http-equiv=\"Content-Type\" content=\"text/html\">\n<meta http-equiv=\"content-type\" content=\"text/html; charset=UTF-8\">\n</head>\n<body style=\"margin:0px 0px 0px 0px;overflow:auto;background:#FFFFFF;\">\n<table style=\"font-family:Arial,Verdana,Times;font-size:12px;text-align:left;width:100%;border-collapse:collapse;padding:3px 3px 3px 3px\">\n<tr style=\"text-align:center;font-weight:bold;background:#9CBCE2\">\n<td>Pacific:Juan de Fuca</td>\n</tr>\n<tr>\n<td>\n<table style=\"font-family:Arial,Verdana,Times;font-size:12px;text-align:left;width:100%;border-spacing:0px; padding:3px 3px 3px 3px\">\n<tr>\n<td>NAME</td>\n<td>Pacific:Juan de Fuca</td>\n</tr>\n<tr bgcolor=\"#D4E4F3\">\n<td>LABEL</td>\n<td>Transform Boundary</td>\n</tr>\n</table>\n</td>\n</tr>\n</table>\n</body>\n</html>", "LABEL": "Transform Boundary" }, "geometry": { "type": "MultiLineString", "coordinates": [ [ [ -129.190002441659288, 47.834999084140463, 0.0 ], [ -128.938003539731511, 47.727001190352723, 0.0 ] ] ] } },
{ "type": "Feature", "properties": { "Name": "Eurasian:North American", "Description": "<html xmlns:fo=\"http://www.w3.org/1999/XSL/Format\" xmlns:msxsl=\"urn:schemas-microsoft-com:xslt\">\n<head>\n<META http-equiv=\"Content-Type\" content=\"text/html\">\n<meta http-equiv=\"content-type\" content=\"text/html; charset=UTF-8\">\n</head>\n<body style=\"margin:0px 0px 0px 0px;overflow:auto;background:#FFFFFF;\">\n<table style=\"font-family:Arial,Verdana,Times;font-size:12px;text-align:left;width:100%;border-collapse:collapse;padding:3px 3px 3px 3px\">\n<tr style=\"text-align:center;font-weight:bold;background:#9CBCE2\">\n<td>Eurasian:North American</td>\n</tr>\n<tr>\n<td>\n<table style=\"font-family:Arial,Verdana,Times;font-size:12px;text-align:left;width:100%;border-spacing:0px; padding:3px 3px 3px 3px\">\n<tr>\n<td>NAME</td>\n<td>Eurasian:North American</td>\n</tr>\n<tr bgcolor=\"#D4E4F3\">\n<td>LABEL</td>\n<td>Transform Boundary</td>\n</tr>\n</table>\n</td>\n</tr>\n</table>\n</body>\n</html>", "LABEL": "Transform Boundary" }, "geometry": { "type": "MultiLineString", "coordinates": [ [ [ -27.563999175821269, 47.651000976214107, 0.0 ], [ -27.462999343944549, 47.658000946486538, 0.0 ] ] ] } },
{ "type": "Feature", "properties": { "Name": "Eurasian:North American", "Description": "<html xmlns:fo=\"http://www.w3.org/1999/XSL/Format\" xmlns:msxsl=\"urn:schemas-microsoft-com:xslt\">\n<head>\n<META http-equiv=\"Content-Type\" content=\"text/html\">\n<meta http-equiv=\"content-type\" content=\"text/html; charset=UTF-8\">\n</head>\n<body style=\"margin:0px 0px 0px 0px;overflow:auto;background:#FFFFFF;\">\n<table style=\"font-family:Arial,Verdana,Times;font-size:12px;text-align:left;width:100%;border-collapse:collapse;padding:3px 3px 3px 3px\">\n<tr style=\"text-align:center;font-weight:bold;background:#9CBCE2\">\n<td>Eurasian:North American</td>\n</tr>\n<tr>\n<td>\n<table style=\"font-family:Arial,Verdana,Times;font-size:12px;text-align:left;width:100%;border-spacing:0px; padding:3px 3px 3px 3px\">\n<tr>\n<td>NAME</td>\n<td>Eurasian:North American</td>\n</tr>\n<tr bgcolor=\"#D4E4F3\">\n<td>LABEL</td>\n<td>Transform Boundary</td>\n</tr>\n</table>\n</td>\n</tr>\n</table>\n</body>\n</html>", "LABEL": "Transform Boundary" }, "geometry": { "type": "MultiLineString", "coordinates": [ [ [ -27.378000259804079, 46.756999969572973, 0.0 ], [ -27.436000823778951, 46.755001068044919, 0.0 ] ] ] } },
{ "type": "Feature", "properties": { "Name": "Pacific:Juan de Fuca", "Description": "<html xmlns:fo=\"http://www.w3.org/1999/XSL/Format\" xmlns:msxsl=\"urn:schemas-microsoft-com:xslt\">\n<head>\n<META http-equiv=\"Content-Type\" content=\"text/html\">\n<meta http-equiv=\"content-type\" content=\"text/html; charset=UTF-8\">\n</head>\n<body style=\"margin:0px 0px 0px 0px;overflow:auto;background:#FFFFFF;\">\n<table style=\"font-family:Arial,Verdana,Times;font-size:12px;text-align:left;width:100%;border-collapse:collapse;padding:3px 3px 3px 3px\">\n<tr style=\"text-align:center;font-weight:bold;background:#9CBCE2\">\n<td>Pacific:Juan de Fuca</td>\n</tr>\n<tr>\n<td>\n<table style=\"font-family:Arial,Verdana,Times;font-size:12px;text-align:left;width:100%;border-spacing:0px; padding:3px 3px 3px 3px\">\n<tr>\n<td>NAME</td>\n<td>Pacific:Juan de Fuca</td>\n</tr>\n<tr bgcolor=\"#D4E4F3\">\n<td>LABEL</td>\n<td>Transform Boundary</td>\n</tr>\n</table>\n</td>\n</tr>\n</table>\n</body>\n</html>", "LABEL": "Transform Boundary" }, "geometry": { "type": "MultiLineString", "coordinates": [ [ [ -129.572006225207105, 46.402000427677649, 0.0 ], [ -129.802993774243305, 46.432998657462122, 0.0 ] ] ] } },
{ "type": "Feature", "properties": { "Name": "Eurasian:North American", "Description": "<html xmlns:fo=\"http://www.w3.org/1999/XSL/Format\" xmlns:msxsl=\"urn:schemas-microsoft-com:xslt\">\n<head>\n<META http-equiv=\"Content-Type\" content=\"text/html\">\n<meta http-equiv=\"content-type\" content=\"text/html; charset=UTF-8\">\n</head>\n<body style=\"margin:0px 0px 0px 0px;overflow:auto;background:#FFFFFF;\">\n<table style=\"font-family:Arial,Verdana,Times;font-size:12px;text-align:left;width:100%;border-collapse:collapse;padding:3px 3px 3px 3px\">\n<tr style=\"text-align:center;font-weight:bold;background:#9CBCE2\">\n<td>Eurasian:North American</td>\n</tr>\n<tr>\n<td>\n<table style=\"font-family:Arial,Verdana,Times;font-size:12px;text-align:left;width:100%;border-spacing:0px; padding:3px 3px 3px 3px\">\n<tr>\n<td>NAME</td>\n<td>Eurasian:North American</td>\n</tr>\n<tr bgcolor=\"#D4E4F3\">\n<td>LABEL</td>\n<td>Transform Boundary</td>\n</tr>\n</table>\n</td>\n</tr>\n</table>\n</body>\n</html>", "LABEL": "Transform Boundary" }, "geometry": { "type": "MultiLineString", "coordinates": [ [ [ -27.511999130455479, 46.20299911531697, 0.0 ], [ -27.565000534047389, 46.213001251006972, 0.0 ] ] ] } },
{ "type": "Feature", "properties": { "Name": "Eurasian:North American", "Description": "<html xmlns:fo=\"http://www.w3.org/1999/XSL/Format\" xmlns:msxsl=\"urn:schemas-microsoft-com:xslt\">\n<head>\n<META http-equiv=\"Content-Type\" content=\"text/html\">\n<meta http-equiv=\"content-type\" content=\"text/html; charset=UTF-8\">\n</head>\n<body style=\"margin:0px 0px 0px 0px;overflow:auto;background:#FFFFFF;\">\n<table style=\"font-family:Arial,Verdana,Times;font-size:12px;text-align:left;width:100%;border-collapse:collapse;padding:3px 3px 3px 3px\">\n<tr style=\"text-align:center;font-weight:bold;background:#9CBCE2\">\n<td>Eurasian:North American</td>\n</tr>\n<tr>\n<td>\n<table style=\"font-family:Arial,Verdana,Times;font-size:12px;text-align:left;width:100%;border-spacing:0px; padding:3px 3px 3px 3px\">\n<tr>\n<td>NAME</td>\n<td>Eurasian:North American</td>\n</tr>\n<tr bgcolor=\"#D4E4F3\">\n<td>LABEL</td>\n<td>Transform Boundary</td>\n</tr>\n</table>\n</td>\n</tr>\n</table>\n</body>\n</html>", "LABEL": "Transform Boundary" }, "geometry": { "type": "MultiLineString", "coordinates": [ [ [ -27.60199928244089, 45.983001708861821, 0.0 ], [ -27.677000045815419, 45.985000610389932, 0.0 ] ] ] } },
{ "type": "Feature", "properties": { "Name": "Pacific:Juan de Fuca", "Description": "<html xmlns:fo=\"http://www.w3.org/1999/XSL/Format\" xmlns:msxsl=\"urn:schemas-microsoft-com:xslt\">\n<head>\n<META http-equiv=\"Content-Type\" content=\"text/html\">\n<meta http-equiv=\"content-type\" content=\"text/html; charset=UTF-8\">\n</head>\n<body style=\"margin:0px 0px 0px 0px;overflow:auto;background:#FFFFFF;\">\n<table style=\"font-family:Arial,Verdana,Times;font-size:12px;text-align:left;width:100%;border-collapse:collapse;padding:3px 3px 3px 3px\">\n<tr style=\"text-align:center;font-weight:bold;background:#9CBCE2\">\n<td>Pacific:Juan de Fuca</td>\n</tr>\n<tr>\n<td>\n<table style=\"font-family:Arial,Verdana,Times;font-size:12px;text-align:left;width:100%;border-spacing:0px; padding:3px 3px 3px 3px\">\n<tr>\n<td>NAME</td>\n<td>Pacific:Juan de Fuca</td>\n</tr>\n<tr bgcolor=\"#D4E4F3\">\n<td>LABEL</td>\n<td>Transform Boundary</td>\n</tr>\n</table>\n</td>\n</tr>\n</table>\n</body>\n</html>", "LABEL": "Transform Boundary" }, "geometry": { "type": "MultiLineString", "coordinates": [ [ [ -130.072998046922294, 45.943000793252047, 0.0 ], [ -129.869003295665607, 45.895999908269232, 0.0 ] ] ] } },
{ "type": "Feature", "properties": { "Name": "Eurasian:North American", "Description": "<html xmlns:fo=\"http://www.w3.org/1999/XSL/Format\" xmlns:msxsl=\"urn:schemas-microsoft-com:xslt\">\n<head>\n<META http-equiv=\"Content-Type\" content=\"text/html\">\n<meta http-equiv=\"content-type\" content=\"text/html; charset=UTF-8\">\n</head>\n<body style=\"margin:0px 0px 0px 0px;overflow:auto;background:#FFFFFF;\">\n<table style=\"font-family:Arial,Verdana,Times;font-size:12px;text-align:left;width:100%;border-collapse:collapse;padding:3px 3px 3px 3px\">\n<tr style=\"text-align:center;font-weight:bold;background:#9CBCE2\">\n<td>Eurasian:North American</td>\n</tr>\n<tr>\n<td>\n<table style=\"font-family:Arial,Verdana,Times;font-size:12px;text-align:left;width:100%;border-spacing:0px; padding:3px 3px 3px 3px\">\n<tr>\n<td>NAME</td>\n<td>Eurasian:North American</td>\n</tr>\n<tr bgcolor=\"#D4E4F3\">\n<td>LABEL</td>\n<td>Transform Boundary</td>\n</tr>\n</table>\n</td>\n</tr>\n</table>\n</body>\n</html>", "LABEL": "Transform Boundary" }, "geometry": { "type": "MultiLineString", "coordinates": [ [ [ -27.698999404698728, 45.882999420287092, 0.0 ], [ -27.739000320308492, 45.877998352442091, 0.0 ] ] ] } },
{ "type": "Feature", "properties": { "Name": "Eurasian:North American", "Description": "<html xmlns:fo=\"http://www.w3.org/1999/XSL/Format\" xmlns:msxsl=\"urn:schemas-microsoft-com:xslt\">\n<head>\n<META http-equiv=\"Content-Type\" content=\"text/html\">\n<meta http-equiv=\"content-type\" content=\"text/html; charset=UTF-8\">\n</head>\n<body style=\"margin:0px 0px 0px 0px;overflow:auto;background:#FFFFFF;\">\n<table style=\"font-family:Arial,Verdana,Times;font-size:12px;text-align:left;width:100%;border-collapse:collapse;padding:3px 3px 3px 3px\">\n<tr style=\"text-align:center;font-weight:bold;background:#9CBCE2\">\n<td>Eurasian:North American</td>\n</tr>\n<tr>\n<td>\n<table style=\"font-family:Arial,Verdana,Times;font-size:12px;text-align:left;width:100%;border-spacing:0px; padding:3px 3px 3px 3px\">\n<tr>\n<td>NAME</td>\n<td>Eurasian:North American</td>\n</tr>\n<tr bgcolor=\"#D4E4F3\">\n<td>LABEL</td>\n<td>Transform Boundary</td>\n</tr>\n</table>\n</td>\n</tr>\n</table>\n</body>\n</html>", "LABEL": "Transform Boundary" }, "geometry": { "type": "MultiLineString", "coordinates": [ [ [ -27.825000762675021, 45.526000976863664, 0.0 ], [ -27.877000808940121, 45.53599929852885, 0.0 ] ] ] } },
{ "type": "Feature", "properties": { "Name": "Eurasian:North American", "Description": "<html xmlns:fo=\"http://www.w3.org/1999/XSL/Format\" xmlns:msxsl=\"urn:schemas-microsoft-com:xslt\">\n<head>\n<META http-equiv=\"Content-Type\" content=\"text/html\">\n<meta http-equiv=\"content-type\" content=\"text/html; charset=UTF-8\">\n</head>\n<body style=\"margin:0px 0px 0px 0px;overflow:auto;background:#FFFFFF;\">\n<table style=\"font-family:Arial,Verdana,Times;font-size:12px;text-align:left;width:100%;border-collapse:collapse;padding:3px 3px 3px 3px\">\n<tr style=\"text-align:center;font-weight:bold;background:#9CBCE2\">\n<td>Eurasian:North American</td>\n</tr>\n<tr>\n<td>\n<table style=\"font-family:Arial,Verdana,Times;font-size:12px;text-align:left;width:100%;border-spacing:0px; padding:3px 3px 3px 3px\">\n<tr>\n<td>NAME</td>\n<td>Eurasian:North American</td>\n</tr>\n<tr bgcolor=\"#D4E4F3\">\n<td>LABEL</td>\n<td>Transform Boundary</td>\n</tr>\n</table>\n</td>\n</tr>\n</table>\n</body>\n</html>", "LABEL": "Transform Boundary" }, "geometry": { "type": "MultiLineString", "coordinates": [ [ [ -27.8710002903311, 45.456001281334132, 0.0 ], [ -27.923999786460911, 45.465999602999318, 0.0 ] ] ] } },
{ "type": "Feature", "properties": { "Name": "Eurasian:North American", "Description": "<html xmlns:fo=\"http://www.w3.org/1999/XSL/Format\" xmlns:msxsl=\"urn:schemas-microsoft-com:xslt\">\n<head>\n<META http-equiv=\"Content-Type\" content=\"text/html\">\n<meta http-equiv=\"content-type\" content=\"text/html; charset=UTF-8\">\n</head>\n<body style=\"margin:0px 0px 0px 0px;overflow:auto;background:#FFFFFF;\">\n<table style=\"font-family:Arial,Verdana,Times;font-size:12px;text-align:left;width:100%;border-collapse:collapse;padding:3px 3px 3px 3px\">\n<tr style=\"text-align:center;font-weight:bold;background:#9CBCE2\">\n<td>Eurasian:North American</td>\n</tr>\n<tr>\n<td>\n<table style=\"font-family:Arial,Verdana,Times;font-size:12px;text-align:left;width:100%;border-spacing:0px; padding:3px 3px 3px 3px\">\n<tr>\n<td>NAME</td>\n<td>Eurasian:North American</td>\n</tr>\n<tr bgcolor=\"#D4E4F3\">\n<td>LABEL</td>\n<td>Transform Boundary</td>\n</tr>\n</table>\n</td>\n</tr>\n</table>\n</body>\n</html>", "LABEL": "Transform Boundary" }, "geometry": { "type": "MultiLineString", "coordinates": [ [ [ -27.937000274443051, 45.337001800192979, 0.0 ], [ -27.97200012220782, 45.344001770465411, 0.0 ] ] ] } },
{ "type": "Feature", "properties": { "Name": "Eurasian:North American", "Description": "<html xmlns:fo=\"http://www.w3.org/1999/XSL/Format\" xmlns:msxsl=\"urn:schemas-microsoft-com:xslt\">\n<head>\n<META http-equiv=\"Content-Type\" content=\"text/html\">\n<meta http-equiv=\"content-type\" content=\"text/html; charset=UTF-8\">\n</head>\n<body style=\"margin:0px 0px 0px 0px;overflow:auto;background:#FFFFFF;\">\n<table style=\"font-family:Arial,Verdana,Times;font-size:12px;text-align:left;width:100%;border-collapse:collapse;padding:3px 3px 3px 3px\">\n<tr style=\"text-align:center;font-weight:bold;background:#9CBCE2\">\n<td>Eurasian:North American</td>\n</tr>\n<tr>\n<td>\n<table style=\"font-family:Arial,Verdana,Times;font-size:12px;text-align:left;width:100%;border-spacing:0px; padding:3px 3px 3px 3px\">\n<tr>\n<td>NAME</td>\n<td>Eurasian:North American</td>\n</tr>\n<tr bgcolor=\"#D4E4F3\">\n<td>LABEL</td>\n<td>Transform Boundary</td>\n</tr>\n</table>\n</td>\n</tr>\n</table>\n</body>\n</html>", "LABEL": "Transform Boundary" }, "geometry": { "type": "MultiLineString", "coordinates": [ [ [ -27.993999481091119, 45.097999573121847, 0.0 ], [ -28.076000213838771, 45.126998901378272, 0.0 ] ] ] } },
{ "type": "Feature", "properties": { "Name": "Eurasian:North American", "Description": "<html xmlns:fo=\"http://www.w3.org/1999/XSL/Format\" xmlns:msxsl=\"urn:schemas-microsoft-com:xslt\">\n<head>\n<META http-equiv=\"Content-Type\" content=\"text/html\">\n<meta http-equiv=\"content-type\" content=\"text/html; charset=UTF-8\">\n</head>\n<body style=\"margin:0px 0px 0px 0px;overflow:auto;background:#FFFFFF;\">\n<table style=\"font-family:Arial,Verdana,Times;font-size:12px;text-align:left;width:100%;border-collapse:collapse;padding:3px 3px 3px 3px\">\n<tr style=\"text-align:center;font-weight:bold;background:#9CBCE2\">\n<td>Eurasian:North American</td>\n</tr>\n<tr>\n<td>\n<table style=\"font-family:Arial,Verdana,Times;font-size:12px;text-align:left;width:100%;border-spacing:0px; padding:3px 3px 3px 3px\">\n<tr>\n<td>NAME</td>\n<td>Eurasian:North American</td>\n</tr>\n<tr bgcolor=\"#D4E4F3\">\n<td>LABEL</td>\n<td>Transform Boundary</td>\n</tr>\n</table>\n</td>\n</tr>\n</table>\n</body>\n</html>", "LABEL": "Transform Boundary" }, "geometry": { "type": "MultiLineString", "coordinates": [ [ [ -28.156999588360289, 44.919998168880447, 0.0 ], [ -28.106000900321249, 44.909000396451177, 0.0 ] ] ] } },
{ "type": "Feature", "properties": { "Name": "Eurasian:North American", "Description": "<html xmlns:fo=\"http://www.w3.org/1999/XSL/Format\" xmlns:msxsl=\"urn:schemas-microsoft-com:xslt\">\n<head>\n<META http-equiv=\"Content-Type\" content=\"text/html\">\n<meta http-equiv=\"content-type\" content=\"text/html; charset=UTF-8\">\n</head>\n<body style=\"margin:0px 0px 0px 0px;overflow:auto;background:#FFFFFF;\">\n<table style=\"font-family:Arial,Verdana,Times;font-size:12px;text-align:left;width:100%;border-collapse:collapse;padding:3px 3px 3px 3px\">\n<tr style=\"text-align:center;font-weight:bold;background:#9CBCE2\">\n<td>Eurasian:North American</td>\n</tr>\n<tr>\n<td>\n<table style=\"font-family:Arial,Verdana,Times;font-size:12px;text-align:left;width:100%;border-spacing:0px; padding:3px 3px 3px 3px\">\n<tr>\n<td>NAME</td>\n<td>Eurasian:North American</td>\n</tr>\n<tr bgcolor=\"#D4E4F3\">\n<td>LABEL</td>\n<td>Transform Boundary</td>\n</tr>\n</table>\n</td>\n</tr>\n</table>\n</body>\n</html>", "LABEL": "Transform Boundary" }, "geometry": { "type": "MultiLineString", "coordinates": [ [ [ -28.367000579712968, 44.183998108226149, 0.0 ], [ -28.43499946625229, 44.198001861896437, 0.0 ] ] ] } },
{ "type": "Feature", "properties": { "Name": "Eurasian:North American", "Description": "<html xmlns:fo=\"http://www.w3.org/1999/XSL/Format\" xmlns:msxsl=\"urn:schemas-microsoft-com:xslt\">\n<head>\n<META http-equiv=\"Content-Type\" content=\"text/html\">\n<meta http-equiv=\"content-type\" content=\"text/html; charset=UTF-8\">\n</head>\n<body style=\"margin:0px 0px 0px 0px;overflow:auto;background:#FFFFFF;\">\n<table style=\"font-family:Arial,Verdana,Times;font-size:12px;text-align:left;width:100%;border-collapse:collapse;padding:3px 3px 3px 3px\">\n<tr style=\"text-align:center;font-weight:bold;background:#9CBCE2\">\n<td>Eurasian:North American</td>\n</tr>\n<tr>\n<td>\n<table style=\"font-family:Arial,Verdana,Times;font-size:12px;text-align:left;width:100%;border-spacing:0px; padding:3px 3px 3px 3px\">\n<tr>\n<td>NAME</td>\n<td>Eurasian:North American</td>\n</tr>\n<tr bgcolor=\"#D4E4F3\">\n<td>LABEL</td>\n<td>Transform Boundary</td>\n</tr>\n</table>\n</td>\n</tr>\n</table>\n</body>\n</html>", "LABEL": "Transform Boundary" }, "geometry": { "type": "MultiLineString", "coordinates": [ [ [ -28.52400016747373, 43.768001556626587, 0.0 ], [ -28.795999526756699, 43.768001556626587, 0.0 ] ] ] } },
{ "type": "Feature", "properties": { "Name": "Eurasian:North American", "Description": "<html xmlns:fo=\"http://www.w3.org/1999/XSL/Format\" xmlns:msxsl=\"urn:schemas-microsoft-com:xslt\">\n<head>\n<META http-equiv=\"Content-Type\" content=\"text/html\">\n<meta http-equiv=\"content-type\" content=\"text/html; charset=UTF-8\">\n</head>\n<body style=\"margin:0px 0px 0px 0px;overflow:auto;background:#FFFFFF;\">\n<table style=\"font-family:Arial,Verdana,Times;font-size:12px;text-align:left;width:100%;border-collapse:collapse;padding:3px 3px 3px 3px\">\n<tr style=\"text-align:center;font-weight:bold;background:#9CBCE2\">\n<td>Eurasian:North American</td>\n</tr>\n<tr>\n<td>\n<table style=\"font-family:Arial,Verdana,Times;font-size:12px;text-align:left;width:100%;border-spacing:0px; padding:3px 3px 3px 3px\">\n<tr>\n<td>NAME</td>\n<td>Eurasian:North American</td>\n</tr>\n<tr bgcolor=\"#D4E4F3\">\n<td>LABEL</td>\n<td>Transform Boundary</td>\n</tr>\n</table>\n</td>\n</tr>\n</table>\n</body>\n</html>", "LABEL": "Transform Boundary" }, "geometry": { "type": "MultiLineString", "coordinates": [ [ [ -29.173999786660769, 43.080001830819867, 0.0 ], [ -29.31699943567537, 43.081001281583951, 0.0 ] ] ] } },
{ "type": "Feature", "properties": { "Name": "Pacific:Juan de Fuca", "Description": "<html xmlns:fo=\"http://www.w3.org/1999/XSL/Format\" xmlns:msxsl=\"urn:schemas-microsoft-com:xslt\">\n<head>\n<META http-equiv=\"Content-Type\" content=\"text/html\">\n<meta http-equiv=\"content-type\" content=\"text/html; charset=UTF-8\">\n</head>\n<body style=\"margin:0px 0px 0px 0px;overflow:auto;background:#FFFFFF;\">\n<table style=\"font-family:Arial,Verdana,Times;font-size:12px;text-align:left;width:100%;border-collapse:collapse;padding:3px 3px 3px 3px\">\n<tr style=\"text-align:center;font-weight:bold;background:#9CBCE2\">\n<td>Pacific:Juan de Fuca</td>\n</tr>\n<tr>\n<td>\n<table style=\"font-family:Arial,Verdana,Times;font-size:12px;text-align:left;width:100%;border-spacing:0px; padding:3px 3px 3px 3px\">\n<tr>\n<td>NAME</td>\n<td>Pacific:Juan de Fuca</td>\n</tr>\n<tr bgcolor=\"#D4E4F3\">\n<td>LABEL</td>\n<td>Transform Boundary</td>\n</tr>\n</table>\n</td>\n</tr>\n</table>\n</body>\n</html>", "LABEL": "Transform Boundary" }, "geometry": { "type": "MultiLineString", "coordinates": [ [ [ -130.47999572762069, 44.589000702320618, 0.0 ], [ -129.498001098571791, 44.208000182662367, 0.0 ], [ -128.527999877792098, 43.818000793901547, 0.0 ], [ -127.570999145893794, 43.418998718416162, 0.0 ], [ -126.626998901078395, 43.013999939245878, 0.0 ] ] ] } },
{ "type": "Feature", "properties": { "Name": "Eurasian:North American", "Description": "<html xmlns:fo=\"http://www.w3.org/1999/XSL/Format\" xmlns:msxsl=\"urn:schemas-microsoft-com:xslt\">\n<head>\n<META http-equiv=\"Content-Type\" content=\"text/html\">\n<meta http-equiv=\"content-type\" content=\"text/html; charset=UTF-8\">\n</head>\n<body style=\"margin:0px 0px 0px 0px;overflow:auto;background:#FFFFFF;\">\n<table style=\"font-family:Arial,Verdana,Times;font-size:12px;text-align:left;width:100%;border-collapse:collapse;padding:3px 3px 3px 3px\">\n<tr style=\"text-align:center;font-weight:bold;background:#9CBCE2\">\n<td>Eurasian:North American</td>\n</tr>\n<tr>\n<td>\n<table style=\"font-family:Arial,Verdana,Times;font-size:12px;text-align:left;width:100%;border-spacing:0px; padding:3px 3px 3px 3px\">\n<tr>\n<td>NAME</td>\n<td>Eurasian:North American</td>\n</tr>\n<tr bgcolor=\"#D4E4F3\">\n<td>LABEL</td>\n<td>Transform Boundary</td>\n</tr>\n</table>\n</td>\n</tr>\n</table>\n</body>\n</html>", "LABEL": "Transform Boundary" }, "geometry": { "type": "MultiLineString", "coordinates": [ [ [ -29.371999740795331, 42.723999023236388, 0.0 ], [ -29.320999145294252, 42.715000152335222, 0.0 ] ] ] } },
{ "type": "Feature", "properties": { "Name": "Eurasian:North American", "Description": "<html xmlns:fo=\"http://www.w3.org/1999/XSL/Format\" xmlns:msxsl=\"urn:schemas-microsoft-com:xslt\">\n<head>\n<META http-equiv=\"Content-Type\" content=\"text/html\">\n<meta http-equiv=\"content-type\" content=\"text/html; charset=UTF-8\">\n</head>\n<body style=\"margin:0px 0px 0px 0px;overflow:auto;background:#FFFFFF;\">\n<table style=\"font-family:Arial,Verdana,Times;font-size:12px;text-align:left;width:100%;border-collapse:collapse;padding:3px 3px 3px 3px\">\n<tr style=\"text-align:center;font-weight:bold;background:#9CBCE2\">\n<td>Eurasian:North American</td>\n</tr>\n<tr>\n<td>\n<table style=\"font-family:Arial,Verdana,Times;font-size:12px;text-align:left;width:100%;border-spacing:0px; padding:3px 3px 3px 3px\">\n<tr>\n<td>NAME</td>\n<td>Eurasian:North American</td>\n</tr>\n<tr bgcolor=\"#D4E4F3\">\n<td>LABEL</td>\n<td>Transform Boundary</td>\n</tr>\n</table>\n</td>\n</tr>\n</table>\n</body>\n</html>", "LABEL": "Transform Boundary" }, "geometry": { "type": "MultiLineString", "coordinates": [ [ [ -29.434999466052489, 42.291000366573712, 0.0 ], [ -29.222999573171709, 42.289001465045601, 0.0 ] ] ] } },
{ "type": "Feature", "properties": { "Name": "Eurasian:North American", "Description": "<html xmlns:fo=\"http://www.w3.org/1999/XSL/Format\" xmlns:msxsl=\"urn:schemas-microsoft-com:xslt\">\n<head>\n<META http-equiv=\"Content-Type\" content=\"text/html\">\n<meta http-equiv=\"content-type\" content=\"text/html; charset=UTF-8\">\n</head>\n<body style=\"margin:0px 0px 0px 0px;overflow:auto;background:#FFFFFF;\">\n<table style=\"font-family:Arial,Verdana,Times;font-size:12px;text-align:left;width:100%;border-collapse:collapse;padding:3px 3px 3px 3px\">\n<tr style=\"text-align:center;font-weight:bold;background:#9CBCE2\">\n<td>Eurasian:North American</td>\n</tr>\n<tr>\n<td>\n<table style=\"font-family:Arial,Verdana,Times;font-size:12px;text-align:left;width:100%;border-spacing:0px; padding:3px 3px 3px 3px\">\n<tr>\n<td>NAME</td>\n<td>Eurasian:North American</td>\n</tr>\n<tr bgcolor=\"#D4E4F3\">\n<td>LABEL</td>\n<td>Transform Boundary</td>\n</tr>\n</table>\n</td>\n</tr>\n</table>\n</body>\n</html>", "LABEL": "Transform Boundary" }, "geometry": { "type": "MultiLineString", "coordinates": [ [ [ -29.260999679791329, 41.929000854405963, 0.0 ], [ -29.162000656005429, 41.909999847814788, 0.0 ] ] ] } },
{ "type": "Feature", "properties": { "Name": "Pacific:Juan de Fuca", "Description": "<html xmlns:fo=\"http://www.w3.org/1999/XSL/Format\" xmlns:msxsl=\"urn:schemas-microsoft-com:xslt\">\n<head>\n<META http-equiv=\"Content-Type\" content=\"text/html\">\n<meta http-equiv=\"content-type\" content=\"text/html; charset=UTF-8\">\n</head>\n<body style=\"margin:0px 0px 0px 0px;overflow:auto;background:#FFFFFF;\">\n<table style=\"font-family:Arial,Verdana,Times;font-size:12px;text-align:left;width:100%;border-collapse:collapse;padding:3px 3px 3px 3px\">\n<tr style=\"text-align:center;font-weight:bold;background:#9CBCE2\">\n<td>Pacific:Juan de Fuca</td>\n</tr>\n<tr>\n<td>\n<table style=\"font-family:Arial,Verdana,Times;font-size:12px;text-align:left;width:100%;border-spacing:0px; padding:3px 3px 3px 3px\">\n<tr>\n<td>NAME</td>\n<td>Pacific:Juan de Fuca</td>\n</tr>\n<tr bgcolor=\"#D4E4F3\">\n<td>LABEL</td>\n<td>Transform Boundary</td>\n</tr>\n</table>\n</td>\n</tr>\n</table>\n</body>\n</html>", "LABEL": "Transform Boundary" }, "geometry": { "type": "MultiLineString", "coordinates": [ [ [ -127.445999145244301, 41.555000305020087, 0.0 ], [ -127.559997558540502, 41.589000702020833, 0.0 ] ] ] } },
{ "type": "Feature", "properties": { "Name": "Eurasian:North American", "Description": "<html xmlns:fo=\"http://www.w3.org/1999/XSL/Format\" xmlns:msxsl=\"urn:schemas-microsoft-com:xslt\">\n<head>\n<META http-equiv=\"Content-Type\" content=\"text/html\">\n<meta http-equiv=\"content-type\" content=\"text/html; charset=UTF-8\">\n</head>\n<body style=\"margin:0px 0px 0px 0px;overflow:auto;background:#FFFFFF;\">\n<table style=\"font-family:Arial,Verdana,Times;font-size:12px;text-align:left;width:100%;border-collapse:collapse;padding:3px 3px 3px 3px\">\n<tr style=\"text-align:center;font-weight:bold;background:#9CBCE2\">\n<td>Eurasian:North American</td>\n</tr>\n<tr>\n<td>\n<table style=\"font-family:Arial,Verdana,Times;font-size:12px;text-align:left;width:100%;border-spacing:0px; padding:3px 3px 3px 3px\">\n<tr>\n<td>NAME</td>\n<td>Eurasian:North American</td>\n</tr>\n<tr bgcolor=\"#D4E4F3\">\n<td>LABEL</td>\n<td>Transform Boundary</td>\n</tr>\n</table>\n</td>\n</tr>\n</table>\n</body>\n</html>", "LABEL": "Transform Boundary" }, "geometry": { "type": "MultiLineString", "coordinates": [ [ [ -29.322000503520371, 41.247001648107641, 0.0 ], [ -29.22900009178079, 41.215000152635007, 0.0 ] ] ] } },
{ "type": "Feature", "properties": { "Name": "Eurasian:North American", "Description": "<html xmlns:fo=\"http://www.w3.org/1999/XSL/Format\" xmlns:msxsl=\"urn:schemas-microsoft-com:xslt\">\n<head>\n<META http-equiv=\"Content-Type\" content=\"text/html\">\n<meta http-equiv=\"content-type\" content=\"text/html; charset=UTF-8\">\n</head>\n<body style=\"margin:0px 0px 0px 0px;overflow:auto;background:#FFFFFF;\">\n<table style=\"font-family:Arial,Verdana,Times;font-size:12px;text-align:left;width:100%;border-collapse:collapse;padding:3px 3px 3px 3px\">\n<tr style=\"text-align:center;font-weight:bold;background:#9CBCE2\">\n<td>Eurasian:North American</td>\n</tr>\n<tr>\n<td>\n<table style=\"font-family:Arial,Verdana,Times;font-size:12px;text-align:left;width:100%;border-spacing:0px; padding:3px 3px 3px 3px\">\n<tr>\n<td>NAME</td>\n<td>Eurasian:North American</td>\n</tr>\n<tr bgcolor=\"#D4E4F3\">\n<td>LABEL</td>\n<td>Transform Boundary</td>\n</tr>\n</table>\n</td>\n</tr>\n</table>\n</body>\n</html>", "LABEL": "Transform Boundary" }, "geometry": { "type": "MultiLineString", "coordinates": [ [ [ -29.346000671393821, 40.5699996947302, 0.0 ], [ -29.559999465802662, 40.598999023885881, 0.0 ] ] ] } },
{ "type": "Feature", "properties": { "Name": "Pacific:Juan de Fuca", "Description": "<html xmlns:fo=\"http://www.w3.org/1999/XSL/Format\" xmlns:msxsl=\"urn:schemas-microsoft-com:xslt\">\n<head>\n<META http-equiv=\"Content-Type\" content=\"text/html\">\n<meta http-equiv=\"content-type\" content=\"text/html; charset=UTF-8\">\n</head>\n<body style=\"margin:0px 0px 0px 0px;overflow:auto;background:#FFFFFF;\">\n<table style=\"font-family:Arial,Verdana,Times;font-size:12px;text-align:left;width:100%;border-collapse:collapse;padding:3px 3px 3px 3px\">\n<tr style=\"text-align:center;font-weight:bold;background:#9CBCE2\">\n<td>Pacific:Juan de Fuca</td>\n</tr>\n<tr>\n<td>\n<table style=\"font-family:Arial,Verdana,Times;font-size:12px;text-align:left;width:100%;border-spacing:0px; padding:3px 3px 3px 3px\">\n<tr>\n<td>NAME</td>\n<td>Pacific:Juan de Fuca</td>\n</tr>\n<tr bgcolor=\"#D4E4F3\">\n<td>LABEL</td>\n<td>Transform Boundary</td>\n</tr>\n</table>\n</td>\n</tr>\n</table>\n</body>\n</html>", "LABEL": "Transform Boundary" }, "geometry": { "type": "MultiLineString", "coordinates": [ [ [ -127.717002868687402, 40.573001861946409, 0.0 ], [ -127.579002380055798, 40.539001464945727, 0.0 ] ] ] } },
{ "type": "Feature", "properties": { "Name": "Eurasian:North American", "Description": "<html xmlns:fo=\"http://www.w3.org/1999/XSL/Format\" xmlns:msxsl=\"urn:schemas-microsoft-com:xslt\">\n<head>\n<META http-equiv=\"Content-Type\" content=\"text/html\">\n<meta http-equiv=\"content-type\" content=\"text/html; charset=UTF-8\">\n</head>\n<body style=\"margin:0px 0px 0px 0px;overflow:auto;background:#FFFFFF;\">\n<table style=\"font-family:Arial,Verdana,Times;font-size:12px;text-align:left;width:100%;border-collapse:collapse;padding:3px 3px 3px 3px\">\n<tr style=\"text-align:center;font-weight:bold;background:#9CBCE2\">\n<td>Eurasian:North American</td>\n</tr>\n<tr>\n<td>\n<table style=\"font-family:Arial,Verdana,Times;font-size:12px;text-align:left;width:100%;border-spacing:0px; padding:3px 3px 3px 3px\">\n<tr>\n<td>NAME</td>\n<td>Eurasian:North American</td>\n</tr>\n<tr bgcolor=\"#D4E4F3\">\n<td>LABEL</td>\n<td>Transform Boundary</td>\n</tr>\n</table>\n</td>\n</tr>\n</table>\n</body>\n</html>", "LABEL": "Transform Boundary" }, "geometry": { "type": "MultiLineString", "coordinates": [ [ [ -29.65600013729647, 40.106998443223631, 0.0 ], [ -29.587999344194319, 40.105998993358916, 0.0 ] ] ] } },
{ "type": "Feature", "properties": { "Name": "Eurasian:African", "Description": "<html xmlns:fo=\"http://www.w3.org/1999/XSL/Format\" xmlns:msxsl=\"urn:schemas-microsoft-com:xslt\">\n<head>\n<META http-equiv=\"Content-Type\" content=\"text/html\">\n<meta http-equiv=\"content-type\" content=\"text/html; charset=UTF-8\">\n</head>\n<body style=\"margin:0px 0px 0px 0px;overflow:auto;background:#FFFFFF;\">\n<table style=\"font-family:Arial,Verdana,Times;font-size:12px;text-align:left;width:100%;border-collapse:collapse;padding:3px 3px 3px 3px\">\n<tr style=\"text-align:center;font-weight:bold;background:#9CBCE2\">\n<td>Eurasian:African</td>\n</tr>\n<tr>\n<td>\n<table style=\"font-family:Arial,Verdana,Times;font-size:12px;text-align:left;width:100%;border-spacing:0px; padding:3px 3px 3px 3px\">\n<tr>\n<td>NAME</td>\n<td>Eurasian:African</td>\n</tr>\n<tr bgcolor=\"#D4E4F3\">\n<td>LABEL</td>\n<td>Transform Boundary</td>\n</tr>\n</table>\n</td>\n</tr>\n</table>\n</body>\n</html>", "LABEL": "Transform Boundary" }, "geometry": { "type": "MultiLineString", "coordinates": [ [ [ -28.895000458004692, 39.411998748943176, 0.0 ], [ -28.951000213888729, 39.379001617630593, 0.0 ], [ -28.982000351135241, 39.366001128749133, 0.0 ], [ -29.048999786011279, 39.338001251256799, 0.0 ], [ -29.09000015238507, 39.323001861746548, 0.0 ], [ -29.146999359033149, 39.293998718566058, 0.0 ], [ -29.187999725406939, 39.278999329055857, 0.0 ], [ -29.260000229027298, 39.249999999900133, 0.0 ] ] ] } },
{ "type": "Feature", "properties": { "Name": "Eurasian:African", "Description": "<html xmlns:fo=\"http://www.w3.org/1999/XSL/Format\" xmlns:msxsl=\"urn:schemas-microsoft-com:xslt\">\n<head>\n<META http-equiv=\"Content-Type\" content=\"text/html\">\n<meta http-equiv=\"content-type\" content=\"text/html; charset=UTF-8\">\n</head>\n<body style=\"margin:0px 0px 0px 0px;overflow:auto;background:#FFFFFF;\">\n<table style=\"font-family:Arial,Verdana,Times;font-size:12px;text-align:left;width:100%;border-collapse:collapse;padding:3px 3px 3px 3px\">\n<tr style=\"text-align:center;font-weight:bold;background:#9CBCE2\">\n<td>Eurasian:African</td>\n</tr>\n<tr>\n<td>\n<table style=\"font-family:Arial,Verdana,Times;font-size:12px;text-align:left;width:100%;border-spacing:0px; padding:3px 3px 3px 3px\">\n<tr>\n<td>NAME</td>\n<td>Eurasian:African</td>\n</tr>\n<tr bgcolor=\"#D4E4F3\">\n<td>LABEL</td>\n<td>Transform Boundary</td>\n</tr>\n</table>\n</td>\n</tr>\n</table>\n</body>\n</html>", "LABEL": "Transform Boundary" }, "geometry": { "type": "MultiLineString", "coordinates": [ [ [ -28.483999252763279, 39.155998229934433, 0.0 ], [ -28.565999984611551, 39.130001067994947, 0.0 ], [ -28.618999481640738, 39.12099838216966, 0.0 ] ] ] } },
{ "type": "Feature", "properties": { "Name": "Eurasian:African", "Description": "<html xmlns:fo=\"http://www.w3.org/1999/XSL/Format\" xmlns:msxsl=\"urn:schemas-microsoft-com:xslt\">\n<head>\n<META http-equiv=\"Content-Type\" content=\"text/html\">\n<meta http-equiv=\"content-type\" content=\"text/html; charset=UTF-8\">\n</head>\n<body style=\"margin:0px 0px 0px 0px;overflow:auto;background:#FFFFFF;\">\n<table style=\"font-family:Arial,Verdana,Times;font-size:12px;text-align:left;width:100%;border-collapse:collapse;padding:3px 3px 3px 3px\">\n<tr style=\"text-align:center;font-weight:bold;background:#9CBCE2\">\n<td>Eurasian:African</td>\n</tr>\n<tr>\n<td>\n<table style=\"font-family:Arial,Verdana,Times;font-size:12px;text-align:left;width:100%;border-spacing:0px; padding:3px 3px 3px 3px\">\n<tr>\n<td>NAME</td>\n<td>Eurasian:African</td>\n</tr>\n<tr bgcolor=\"#D4E4F3\">\n<td>LABEL</td>\n<td>Transform Boundary</td>\n</tr>\n</table>\n</td>\n</tr>\n</table>\n</body>\n</html>", "LABEL": "Transform Boundary" }, "geometry": { "type": "MultiLineString", "coordinates": [ [ [ -27.954999923707479, 39.004001617480696, 0.0 ], [ -28.05900001533837, 38.983001709361467, 0.0 ], [ -28.120000839067419, 38.967998504927102, 0.0 ], [ -28.215000152335111, 38.951999664652867, 0.0 ], [ -28.291999817237748, 38.938999175771407, 0.0 ] ] ] } },
{ "type": "Feature", "properties": { "Name": "Eurasian:Arabian", "Description": "<html xmlns:fo=\"http://www.w3.org/1999/XSL/Format\" xmlns:msxsl=\"urn:schemas-microsoft-com:xslt\">\n<head>\n<META http-equiv=\"Content-Type\" content=\"text/html\">\n<meta http-equiv=\"content-type\" content=\"text/html; charset=UTF-8\">\n</head>\n<body style=\"margin:0px 0px 0px 0px;overflow:auto;background:#FFFFFF;\">\n<table style=\"font-family:Arial,Verdana,Times;font-size:12px;text-align:left;width:100%;border-collapse:collapse;padding:3px 3px 3px 3px\">\n<tr style=\"text-align:center;font-weight:bold;background:#9CBCE2\">\n<td>Eurasian:Arabian</td>\n</tr>\n<tr>\n<td>\n<table style=\"font-family:Arial,Verdana,Times;font-size:12px;text-align:left;width:100%;border-spacing:0px; padding:3px 3px 3px 3px\">\n<tr>\n<td>NAME</td>\n<td>Eurasian:Arabian</td>\n</tr>\n<tr bgcolor=\"#D4E4F3\">\n<td>LABEL</td>\n<td>Transform Boundary</td>\n</tr>\n</table>\n</td>\n</tr>\n</table>\n</body>\n</html>", "LABEL": "Transform Boundary" }, "geometry": { "type": "MultiLineString", "coordinates": [ [ [ 41.026000976863664, 38.84899902378595, 0.0 ], [ 41.000999450764077, 39.080001830719937, 0.0 ] ] ] } },
{ "type": "Feature", "properties": { "Name": "North American:African", "Description": "<html xmlns:fo=\"http://www.w3.org/1999/XSL/Format\" xmlns:msxsl=\"urn:schemas-microsoft-com:xslt\">\n<head>\n<META http-equiv=\"Content-Type\" content=\"text/html\">\n<meta http-equiv=\"content-type\" content=\"text/html; charset=UTF-8\">\n</head>\n<body style=\"margin:0px 0px 0px 0px;overflow:auto;background:#FFFFFF;\">\n<table style=\"font-family:Arial,Verdana,Times;font-size:12px;text-align:left;width:100%;border-collapse:collapse;padding:3px 3px 3px 3px\">\n<tr style=\"text-align:center;font-weight:bold;background:#9CBCE2\">\n<td>North American:African</td>\n</tr>\n<tr>\n<td>\n<table style=\"font-family:Arial,Verdana,Times;font-size:12px;text-align:left;width:100%;border-spacing:0px; padding:3px 3px 3px 3px\">\n<tr>\n<td>NAME</td>\n<td>North American:African</td>\n</tr>\n<tr bgcolor=\"#D4E4F3\">\n<td>LABEL</td>\n<td>Transform Boundary</td>\n</tr>\n</table>\n</td>\n</tr>\n</table>\n</body>\n</html>", "LABEL": "Transform Boundary" }, "geometry": { "type": "MultiLineString", "coordinates": [ [ [ -30.430000305469662, 38.388000487832301, 0.0 ], [ -30.604999542494848, 38.402999878241822, 0.0 ] ] ] } },
{ "type": "Feature", "properties": { "Name": "Eurasian:African", "Description": "<html xmlns:fo=\"http://www.w3.org/1999/XSL/Format\" xmlns:msxsl=\"urn:schemas-microsoft-com:xslt\">\n<head>\n<META http-equiv=\"Content-Type\" content=\"text/html\">\n<meta http-equiv=\"content-type\" content=\"text/html; charset=UTF-8\">\n</head>\n<body style=\"margin:0px 0px 0px 0px;overflow:auto;background:#FFFFFF;\">\n<table style=\"font-family:Arial,Verdana,Times;font-size:12px;text-align:left;width:100%;border-collapse:collapse;padding:3px 3px 3px 3px\">\n<tr style=\"text-align:center;font-weight:bold;background:#9CBCE2\">\n<td>Eurasian:African</td>\n</tr>\n<tr>\n<td>\n<table style=\"font-family:Arial,Verdana,Times;font-size:12px;text-align:left;width:100%;border-spacing:0px; padding:3px 3px 3px 3px\">\n<tr>\n<td>NAME</td>\n<td>Eurasian:African</td>\n</tr>\n<tr bgcolor=\"#D4E4F3\">\n<td>LABEL</td>\n<td>Transform Boundary</td>\n</tr>\n</table>\n</td>\n</tr>\n</table>\n</body>\n</html>", "LABEL": "Transform Boundary" }, "geometry": { "type": "MultiLineString", "coordinates": [ [ [ -25.808000564574339, 37.87799835224223, 0.0 ], [ -25.916000365824178, 37.839000702320618, 0.0 ] ] ] } },
{ "type": "Feature", "properties": { "Name": "North American:African", "Description": "<html xmlns:fo=\"http://www.w3.org/1999/XSL/Format\" xmlns:msxsl=\"urn:schemas-microsoft-com:xslt\">\n<head>\n<META http-equiv=\"Content-Type\" content=\"text/html\">\n<meta http-equiv=\"content-type\" content=\"text/html; charset=UTF-8\">\n</head>\n<body style=\"margin:0px 0px 0px 0px;overflow:auto;background:#FFFFFF;\">\n<table style=\"font-family:Arial,Verdana,Times;font-size:12px;text-align:left;width:100%;border-collapse:collapse;padding:3px 3px 3px 3px\">\n<tr style=\"text-align:center;font-weight:bold;background:#9CBCE2\">\n<td>North American:African</td>\n</tr>\n<tr>\n<td>\n<table style=\"font-family:Arial,Verdana,Times;font-size:12px;text-align:left;width:100%;border-spacing:0px; padding:3px 3px 3px 3px\">\n<tr>\n<td>NAME</td>\n<td>North American:African</td>\n</tr>\n<tr bgcolor=\"#D4E4F3\">\n<td>LABEL</td>\n<td>Transform Boundary</td>\n</tr>\n</table>\n</td>\n</tr>\n</table>\n</body>\n</html>", "LABEL": "Transform Boundary" }, "geometry": { "type": "MultiLineString", "coordinates": [ [ [ -31.070999145394179, 37.680000305569713, 0.0 ], [ -31.371000289631638, 37.705001830769902, 0.0 ] ] ] } },
{ "type": "Feature", "properties": { "Name": "Eurasian:African", "Description": "<html xmlns:fo=\"http://www.w3.org/1999/XSL/Format\" xmlns:msxsl=\"urn:schemas-microsoft-com:xslt\">\n<head>\n<META http-equiv=\"Content-Type\" content=\"text/html\">\n<meta http-equiv=\"content-type\" content=\"text/html; charset=UTF-8\">\n</head>\n<body style=\"margin:0px 0px 0px 0px;overflow:auto;background:#FFFFFF;\">\n<table style=\"font-family:Arial,Verdana,Times;font-size:12px;text-align:left;width:100%;border-collapse:collapse;padding:3px 3px 3px 3px\">\n<tr style=\"text-align:center;font-weight:bold;background:#9CBCE2\">\n<td>Eurasian:African</td>\n</tr>\n<tr>\n<td>\n<table style=\"font-family:Arial,Verdana,Times;font-size:12px;text-align:left;width:100%;border-spacing:0px; padding:3px 3px 3px 3px\">\n<tr>\n<td>NAME</td>\n<td>Eurasian:African</td>\n</tr>\n<tr bgcolor=\"#D4E4F3\">\n<td>LABEL</td>\n<td>Transform Boundary</td>\n</tr>\n</table>\n</td>\n</tr>\n</table>\n</body>\n</html>", "LABEL": "Transform Boundary" }, "geometry": { "type": "MultiLineString", "coordinates": [ [ [ -24.982999801799391, 37.644001007040913, 0.0 ], [ -25.100999832176459, 37.645999908568967, 0.0 ] ] ] } },
{ "type": "Feature", "properties": { "Name": "North American:African", "Description": "<html xmlns:fo=\"http://www.w3.org/1999/XSL/Format\" xmlns:msxsl=\"urn:schemas-microsoft-com:xslt\">\n<head>\n<META http-equiv=\"Content-Type\" content=\"text/html\">\n<meta http-equiv=\"content-type\" content=\"text/html; charset=UTF-8\">\n</head>\n<body style=\"margin:0px 0px 0px 0px;overflow:auto;background:#FFFFFF;\">\n<table style=\"font-family:Arial,Verdana,Times;font-size:12px;text-align:left;width:100%;border-collapse:collapse;padding:3px 3px 3px 3px\">\n<tr style=\"text-align:center;font-weight:bold;background:#9CBCE2\">\n<td>North American:African</td>\n</tr>\n<tr>\n<td>\n<table style=\"font-family:Arial,Verdana,Times;font-size:12px;text-align:left;width:100%;border-spacing:0px; padding:3px 3px 3px 3px\">\n<tr>\n<td>NAME</td>\n<td>North American:African</td>\n</tr>\n<tr bgcolor=\"#D4E4F3\">\n<td>LABEL</td>\n<td>Transform Boundary</td>\n</tr>\n</table>\n</td>\n</tr>\n</table>\n</body>\n</html>", "LABEL": "Transform Boundary" }, "geometry": { "type": "MultiLineString", "coordinates": [ [ [ -31.51600074763633, 37.282001495772477, 0.0 ], [ -32.283000946436459, 37.390998840324301, 0.0 ] ] ] } },
{ "type": "Feature", "properties": { "Name": "Eurasian:African", "Description": "<html xmlns:fo=\"http://www.w3.org/1999/XSL/Format\" xmlns:msxsl=\"urn:schemas-microsoft-com:xslt\">\n<head>\n<META http-equiv=\"Content-Type\" content=\"text/html\">\n<meta http-equiv=\"content-type\" content=\"text/html; charset=UTF-8\">\n</head>\n<body style=\"margin:0px 0px 0px 0px;overflow:auto;background:#FFFFFF;\">\n<table style=\"font-family:Arial,Verdana,Times;font-size:12px;text-align:left;width:100%;border-collapse:collapse;padding:3px 3px 3px 3px\">\n<tr style=\"text-align:center;font-weight:bold;background:#9CBCE2\">\n<td>Eurasian:African</td>\n</tr>\n<tr>\n<td>\n<table style=\"font-family:Arial,Verdana,Times;font-size:12px;text-align:left;width:100%;border-spacing:0px; padding:3px 3px 3px 3px\">\n<tr>\n<td>NAME</td>\n<td>Eurasian:African</td>\n</tr>\n<tr bgcolor=\"#D4E4F3\">\n<td>LABEL</td>\n<td>Transform Boundary</td>\n</tr>\n</table>\n</td>\n</tr>\n</table>\n</body>\n</html>", "LABEL": "Transform Boundary" }, "geometry": { "type": "MultiLineString", "coordinates": [ [ [ -15.387000083686869, 37.212001800242952, 0.0 ], [ -15.84200000759421, 37.297000885282671, 0.0 ], [ -16.742000579563069, 37.435001373014977, 0.0 ], [ -17.583999633376319, 37.502998352092327, 0.0 ], [ -18.124000548886158, 37.465999603698783, 0.0 ] ] ] } },
{ "type": "Feature", "properties": { "Name": "North American:African", "Description": "<html xmlns:fo=\"http://www.w3.org/1999/XSL/Format\" xmlns:msxsl=\"urn:schemas-microsoft-com:xslt\">\n<head>\n<META http-equiv=\"Content-Type\" content=\"text/html\">\n<meta http-equiv=\"content-type\" content=\"text/html; charset=UTF-8\">\n</head>\n<body style=\"margin:0px 0px 0px 0px;overflow:auto;background:#FFFFFF;\">\n<table style=\"font-family:Arial,Verdana,Times;font-size:12px;text-align:left;width:100%;border-collapse:collapse;padding:3px 3px 3px 3px\">\n<tr style=\"text-align:center;font-weight:bold;background:#9CBCE2\">\n<td>North American:African</td>\n</tr>\n<tr>\n<td>\n<table style=\"font-family:Arial,Verdana,Times;font-size:12px;text-align:left;width:100%;border-spacing:0px; padding:3px 3px 3px 3px\">\n<tr>\n<td>NAME</td>\n<td>North American:African</td>\n</tr>\n<tr bgcolor=\"#D4E4F3\">\n<td>LABEL</td>\n<td>Transform Boundary</td>\n</tr>\n</table>\n</td>\n</tr>\n</table>\n</body>\n</html>", "LABEL": "Transform Boundary" }, "geometry": { "type": "MultiLineString", "coordinates": [ [ [ -32.395000458204549, 37.137001037767732, 0.0 ], [ -32.64599990846898, 37.175998687689336, 0.0 ] ] ] } },
{ "type": "Feature", "properties": { "Name": "North American:African", "Description": "<html xmlns:fo=\"http://www.w3.org/1999/XSL/Format\" xmlns:msxsl=\"urn:schemas-microsoft-com:xslt\">\n<head>\n<META http-equiv=\"Content-Type\" content=\"text/html\">\n<meta http-equiv=\"content-type\" content=\"text/html; charset=UTF-8\">\n</head>\n<body style=\"margin:0px 0px 0px 0px;overflow:auto;background:#FFFFFF;\">\n<table style=\"font-family:Arial,Verdana,Times;font-size:12px;text-align:left;width:100%;border-collapse:collapse;padding:3px 3px 3px 3px\">\n<tr style=\"text-align:center;font-weight:bold;background:#9CBCE2\">\n<td>North American:African</td>\n</tr>\n<tr>\n<td>\n<table style=\"font-family:Arial,Verdana,Times;font-size:12px;text-align:left;width:100%;border-spacing:0px; padding:3px 3px 3px 3px\">\n<tr>\n<td>NAME</td>\n<td>North American:African</td>\n</tr>\n<tr bgcolor=\"#D4E4F3\">\n<td>LABEL</td>\n<td>Transform Boundary</td>\n</tr>\n</table>\n</td>\n</tr>\n</table>\n</body>\n</html>", "LABEL": "Transform Boundary" }, "geometry": { "type": "MultiLineString", "coordinates": [ [ [ -32.708000182962053, 37.033000946136781, 0.0 ], [ -32.943000793851532, 37.064998626685338, 0.0 ] ] ] } },
{ "type": "Feature", "properties": { "Name": "North American:African", "Description": "<html xmlns:fo=\"http://www.w3.org/1999/XSL/Format\" xmlns:msxsl=\"urn:schemas-microsoft-com:xslt\">\n<head>\n<META http-equiv=\"Content-Type\" content=\"text/html\">\n<meta http-equiv=\"content-type\" content=\"text/html; charset=UTF-8\">\n</head>\n<body style=\"margin:0px 0px 0px 0px;overflow:auto;background:#FFFFFF;\">\n<table style=\"font-family:Arial,Verdana,Times;font-size:12px;text-align:left;width:100%;border-collapse:collapse;padding:3px 3px 3px 3px\">\n<tr style=\"text-align:center;font-weight:bold;background:#9CBCE2\">\n<td>North American:African</td>\n</tr>\n<tr>\n<td>\n<table style=\"font-family:Arial,Verdana,Times;font-size:12px;text-align:left;width:100%;border-spacing:0px; padding:3px 3px 3px 3px\">\n<tr>\n<td>NAME</td>\n<td>North American:African</td>\n</tr>\n<tr bgcolor=\"#D4E4F3\">\n<td>LABEL</td>\n<td>Transform Boundary</td>\n</tr>\n</table>\n</td>\n</tr>\n</table>\n</body>\n</html>", "LABEL": "Transform Boundary" }, "geometry": { "type": "MultiLineString", "coordinates": [ [ [ -33.005001068344598, 36.916000366523747, 0.0 ], [ -33.224998473900428, 36.941001891724, 0.0 ] ] ] } },
{ "type": "Feature", "properties": { "Name": "Eurasian:African", "Description": "<html xmlns:fo=\"http://www.w3.org/1999/XSL/Format\" xmlns:msxsl=\"urn:schemas-microsoft-com:xslt\">\n<head>\n<META http-equiv=\"Content-Type\" content=\"text/html\">\n<meta http-equiv=\"content-type\" content=\"text/html; charset=UTF-8\">\n</head>\n<body style=\"margin:0px 0px 0px 0px;overflow:auto;background:#FFFFFF;\">\n<table style=\"font-family:Arial,Verdana,Times;font-size:12px;text-align:left;width:100%;border-collapse:collapse;padding:3px 3px 3px 3px\">\n<tr style=\"text-align:center;font-weight:bold;background:#9CBCE2\">\n<td>Eurasian:African</td>\n</tr>\n<tr>\n<td>\n<table style=\"font-family:Arial,Verdana,Times;font-size:12px;text-align:left;width:100%;border-spacing:0px; padding:3px 3px 3px 3px\">\n<tr>\n<td>NAME</td>\n<td>Eurasian:African</td>\n</tr>\n<tr bgcolor=\"#D4E4F3\">\n<td>LABEL</td>\n<td>Transform Boundary</td>\n</tr>\n</table>\n</td>\n</tr>\n</table>\n</body>\n</html>", "LABEL": "Transform Boundary" }, "geometry": { "type": "MultiLineString", "coordinates": [ [ [ -24.145999908369049, 36.789001465245462, 0.0 ], [ -24.254999160382908, 36.780998230184252, 0.0 ] ] ] } },
{ "type": "Feature", "properties": { "Name": "African:Arabian", "Description": "<html xmlns:fo=\"http://www.w3.org/1999/XSL/Format\" xmlns:msxsl=\"urn:schemas-microsoft-com:xslt\">\n<head>\n<META http-equiv=\"Content-Type\" content=\"text/html\">\n<meta http-equiv=\"content-type\" content=\"text/html; charset=UTF-8\">\n</head>\n<body style=\"margin:0px 0px 0px 0px;overflow:auto;background:#FFFFFF;\">\n<table style=\"font-family:Arial,Verdana,Times;font-size:12px;text-align:left;width:100%;border-collapse:collapse;padding:3px 3px 3px 3px\">\n<tr style=\"text-align:center;font-weight:bold;background:#9CBCE2\">\n<td>African:Arabian</td>\n</tr>\n<tr>\n<td>\n<table style=\"font-family:Arial,Verdana,Times;font-size:12px;text-align:left;width:100%;border-spacing:0px; padding:3px 3px 3px 3px\">\n<tr>\n<td>NAME</td>\n<td>African:Arabian</td>\n</tr>\n<tr bgcolor=\"#D4E4F3\">\n<td>LABEL</td>\n<td>Transform Boundary</td>\n</tr>\n</table>\n</td>\n</tr>\n</table>\n</body>\n</html>", "LABEL": "Transform Boundary" }, "geometry": { "type": "MultiLineString", "coordinates": [ [ [ 36.79000091511017, 37.397998809697363, 0.0 ], [ 36.465999602999318, 36.729999542145208, 0.0 ] ] ] } },
{ "type": "Feature", "properties": { "Name": "North American:African", "Description": "<html xmlns:fo=\"http://www.w3.org/1999/XSL/Format\" xmlns:msxsl=\"urn:schemas-microsoft-com:xslt\">\n<head>\n<META http-equiv=\"Content-Type\" content=\"text/html\">\n<meta http-equiv=\"content-type\" content=\"text/html; charset=UTF-8\">\n</head>\n<body style=\"margin:0px 0px 0px 0px;overflow:auto;background:#FFFFFF;\">\n<table style=\"font-family:Arial,Verdana,Times;font-size:12px;text-align:left;width:100%;border-collapse:collapse;padding:3px 3px 3px 3px\">\n<tr style=\"text-align:center;font-weight:bold;background:#9CBCE2\">\n<td>North American:African</td>\n</tr>\n<tr>\n<td>\n<table style=\"font-family:Arial,Verdana,Times;font-size:12px;text-align:left;width:100%;border-spacing:0px; padding:3px 3px 3px 3px\">\n<tr>\n<td>NAME</td>\n<td>North American:African</td>\n</tr>\n<tr bgcolor=\"#D4E4F3\">\n<td>LABEL</td>\n<td>Transform Boundary</td>\n</tr>\n</table>\n</td>\n</tr>\n</table>\n</body>\n</html>", "LABEL": "Transform Boundary" }, "geometry": { "type": "MultiLineString", "coordinates": [ [ [ -33.312999725257043, 36.691001892223603, 0.0 ], [ -33.595001221129387, 36.742000580262641, 0.0 ] ] ] } },
{ "type": "Feature", "properties": { "Name": "Eurasian:African", "Description": "<html xmlns:fo=\"http://www.w3.org/1999/XSL/Format\" xmlns:msxsl=\"urn:schemas-microsoft-com:xslt\">\n<head>\n<META http-equiv=\"Content-Type\" content=\"text/html\">\n<meta http-equiv=\"content-type\" content=\"text/html; charset=UTF-8\">\n</head>\n<body style=\"margin:0px 0px 0px 0px;overflow:auto;background:#FFFFFF;\">\n<table style=\"font-family:Arial,Verdana,Times;font-size:12px;text-align:left;width:100%;border-collapse:collapse;padding:3px 3px 3px 3px\">\n<tr style=\"text-align:center;font-weight:bold;background:#9CBCE2\">\n<td>Eurasian:African</td>\n</tr>\n<tr>\n<td>\n<table style=\"font-family:Arial,Verdana,Times;font-size:12px;text-align:left;width:100%;border-spacing:0px; padding:3px 3px 3px 3px\">\n<tr>\n<td>NAME</td>\n<td>Eurasian:African</td>\n</tr>\n<tr bgcolor=\"#D4E4F3\">\n<td>LABEL</td>\n<td>Transform Boundary</td>\n</tr>\n</table>\n</td>\n</tr>\n</table>\n</body>\n</html>", "LABEL": "Transform Boundary" }, "geometry": { "type": "MultiLineString", "coordinates": [ [ [ -19.681999206897839, 37.025001525999699, 0.0 ], [ -20.23999977077278, 36.953998565681331, 0.0 ], [ -20.79700088478296, 36.881000518758981, 0.0 ], [ -21.506999969472989, 36.819999695029942, 0.0 ], [ -22.215999603398931, 36.754001617480696, 0.0 ], [ -22.89299964931433, 36.701999664652867, 0.0 ], [ -23.569999695229679, 36.645999908768829, 0.0 ] ] ] } },
{ "type": "Feature", "properties": { "Name": "North American:African", "Description": "<html xmlns:fo=\"http://www.w3.org/1999/XSL/Format\" xmlns:msxsl=\"urn:schemas-microsoft-com:xslt\">\n<head>\n<META http-equiv=\"Content-Type\" content=\"text/html\">\n<meta http-equiv=\"content-type\" content=\"text/html; charset=UTF-8\">\n</head>\n<body style=\"margin:0px 0px 0px 0px;overflow:auto;background:#FFFFFF;\">\n<table style=\"font-family:Arial,Verdana,Times;font-size:12px;text-align:left;width:100%;border-collapse:collapse;padding:3px 3px 3px 3px\">\n<tr style=\"text-align:center;font-weight:bold;background:#9CBCE2\">\n<td>North American:African</td>\n</tr>\n<tr>\n<td>\n<table style=\"font-family:Arial,Verdana,Times;font-size:12px;text-align:left;width:100%;border-spacing:0px; padding:3px 3px 3px 3px\">\n<tr>\n<td>NAME</td>\n<td>North American:African</td>\n</tr>\n<tr bgcolor=\"#D4E4F3\">\n<td>LABEL</td>\n<td>Transform Boundary</td>\n</tr>\n</table>\n</td>\n</tr>\n</table>\n</body>\n</html>", "LABEL": "Transform Boundary" }, "geometry": { "type": "MultiLineString", "coordinates": [ [ [ -33.771999358783319, 36.185001373714499, 0.0 ], [ -33.981998443573282, 36.221000671343972, 0.0 ] ] ] } },
{ "type": "Feature", "properties": { "Name": "North American:African", "Description": "<html xmlns:fo=\"http://www.w3.org/1999/XSL/Format\" xmlns:msxsl=\"urn:schemas-microsoft-com:xslt\">\n<head>\n<META http-equiv=\"Content-Type\" content=\"text/html\">\n<meta http-equiv=\"content-type\" content=\"text/html; charset=UTF-8\">\n</head>\n<body style=\"margin:0px 0px 0px 0px;overflow:auto;background:#FFFFFF;\">\n<table style=\"font-family:Arial,Verdana,Times;font-size:12px;text-align:left;width:100%;border-collapse:collapse;padding:3px 3px 3px 3px\">\n<tr style=\"text-align:center;font-weight:bold;background:#9CBCE2\">\n<td>North American:African</td>\n</tr>\n<tr>\n<td>\n<table style=\"font-family:Arial,Verdana,Times;font-size:12px;text-align:left;width:100%;border-spacing:0px; padding:3px 3px 3px 3px\">\n<tr>\n<td>NAME</td>\n<td>North American:African</td>\n</tr>\n<tr bgcolor=\"#D4E4F3\">\n<td>LABEL</td>\n<td>Transform Boundary</td>\n</tr>\n</table>\n</td>\n</tr>\n</table>\n</body>\n</html>", "LABEL": "Transform Boundary" }, "geometry": { "type": "MultiLineString", "coordinates": [ [ [ -34.056999206947808, 36.070999145494227, 0.0 ], [ -34.141998291088207, 36.078998565631373, 0.0 ] ] ] } },
{ "type": "Feature", "properties": { "Name": "Eurasian:African", "Description": "<html xmlns:fo=\"http://www.w3.org/1999/XSL/Format\" xmlns:msxsl=\"urn:schemas-microsoft-com:xslt\">\n<head>\n<META http-equiv=\"Content-Type\" content=\"text/html\">\n<meta http-equiv=\"content-type\" content=\"text/html; charset=UTF-8\">\n</head>\n<body style=\"margin:0px 0px 0px 0px;overflow:auto;background:#FFFFFF;\">\n<table style=\"font-family:Arial,Verdana,Times;font-size:12px;text-align:left;width:100%;border-collapse:collapse;padding:3px 3px 3px 3px\">\n<tr style=\"text-align:center;font-weight:bold;background:#9CBCE2\">\n<td>Eurasian:African</td>\n</tr>\n<tr>\n<td>\n<table style=\"font-family:Arial,Verdana,Times;font-size:12px;text-align:left;width:100%;border-spacing:0px; padding:3px 3px 3px 3px\">\n<tr>\n<td>NAME</td>\n<td>Eurasian:African</td>\n</tr>\n<tr bgcolor=\"#D4E4F3\">\n<td>LABEL</td>\n<td>Transform Boundary</td>\n</tr>\n</table>\n</td>\n</tr>\n</table>\n</body>\n</html>", "LABEL": "Transform Boundary" }, "geometry": { "type": "MultiLineString", "coordinates": [ [ [ -6.90040169977857, 36.388253150962207, 0.0 ], [ -7.118913803928876, 36.36174751143858, 0.0 ], [ -7.359277118044531, 36.299865599417963, 0.0 ], [ -7.763524510947377, 36.13165066714464, 0.0 ], [ -8.003887825063032, 36.034096435701997, 0.0 ], [ -8.233325534645644, 35.900871284182472, 0.0 ], [ -8.484614454193661, 35.83862197572364, 0.0 ], [ -8.880292205520846, 36.098621258264529, 0.0 ], [ -9.022311127656394, 36.169541531316668, 0.0 ], [ -9.545000076692133, 36.430000305369852, 0.0 ], [ -9.97700023677146, 36.65100097661383, 0.0 ] ] ] } },
{ "type": "Feature", "properties": { "Name": "Eurasian:African", "Description": "<html xmlns:fo=\"http://www.w3.org/1999/XSL/Format\" xmlns:msxsl=\"urn:schemas-microsoft-com:xslt\">\n<head>\n<META http-equiv=\"Content-Type\" content=\"text/html\">\n<meta http-equiv=\"content-type\" content=\"text/html; charset=UTF-8\">\n</head>\n<body style=\"margin:0px 0px 0px 0px;overflow:auto;background:#FFFFFF;\">\n<table style=\"font-family:Arial,Verdana,Times;font-size:12px;text-align:left;width:100%;border-collapse:collapse;padding:3px 3px 3px 3px\">\n<tr style=\"text-align:center;font-weight:bold;background:#9CBCE2\">\n<td>Eurasian:African</td>\n</tr>\n<tr>\n<td>\n<table style=\"font-family:Arial,Verdana,Times;font-size:12px;text-align:left;width:100%;border-spacing:0px; padding:3px 3px 3px 3px\">\n<tr>\n<td>NAME</td>\n<td>Eurasian:African</td>\n</tr>\n<tr bgcolor=\"#D4E4F3\">\n<td>LABEL</td>\n<td>Transform Boundary</td>\n</tr>\n</table>\n</td>\n</tr>\n</table>\n</body>\n</html>", "LABEL": "Transform Boundary" }, "geometry": { "type": "MultiLineString", "coordinates": [ [ [ -11.5850000377215, 35.851001739938397, 0.0 ], [ -12.142000198450379, 36.327999115267012, 0.0 ], [ -12.902999877742101, 36.863998412796548, 0.0 ], [ -13.67500019110588, 37.395000457405217, 0.0 ] ] ] } },
{ "type": "Feature", "properties": { "Name": "North American:African", "Description": "<html xmlns:fo=\"http://www.w3.org/1999/XSL/Format\" xmlns:msxsl=\"urn:schemas-microsoft-com:xslt\">\n<head>\n<META http-equiv=\"Content-Type\" content=\"text/html\">\n<meta http-equiv=\"content-type\" content=\"text/html; charset=UTF-8\">\n</head>\n<body style=\"margin:0px 0px 0px 0px;overflow:auto;background:#FFFFFF;\">\n<table style=\"font-family:Arial,Verdana,Times;font-size:12px;text-align:left;width:100%;border-collapse:collapse;padding:3px 3px 3px 3px\">\n<tr style=\"text-align:center;font-weight:bold;background:#9CBCE2\">\n<td>North American:African</td>\n</tr>\n<tr>\n<td>\n<table style=\"font-family:Arial,Verdana,Times;font-size:12px;text-align:left;width:100%;border-spacing:0px; padding:3px 3px 3px 3px\">\n<tr>\n<td>NAME</td>\n<td>North American:African</td>\n</tr>\n<tr bgcolor=\"#D4E4F3\">\n<td>LABEL</td>\n<td>Transform Boundary</td>\n</tr>\n</table>\n</td>\n</tr>\n</table>\n</body>\n</html>", "LABEL": "Transform Boundary" }, "geometry": { "type": "MultiLineString", "coordinates": [ [ [ -34.334999084839872, 35.616001129048932, 0.0 ], [ -34.458999633826011, 35.624999999950091, 0.0 ] ] ] } },
{ "type": "Feature", "properties": { "Name": "North American:African", "Description": "<html xmlns:fo=\"http://www.w3.org/1999/XSL/Format\" xmlns:msxsl=\"urn:schemas-microsoft-com:xslt\">\n<head>\n<META http-equiv=\"Content-Type\" content=\"text/html\">\n<meta http-equiv=\"content-type\" content=\"text/html; charset=UTF-8\">\n</head>\n<body style=\"margin:0px 0px 0px 0px;overflow:auto;background:#FFFFFF;\">\n<table style=\"font-family:Arial,Verdana,Times;font-size:12px;text-align:left;width:100%;border-collapse:collapse;padding:3px 3px 3px 3px\">\n<tr style=\"text-align:center;font-weight:bold;background:#9CBCE2\">\n<td>North American:African</td>\n</tr>\n<tr>\n<td>\n<table style=\"font-family:Arial,Verdana,Times;font-size:12px;text-align:left;width:100%;border-spacing:0px; padding:3px 3px 3px 3px\">\n<tr>\n<td>NAME</td>\n<td>North American:African</td>\n</tr>\n<tr bgcolor=\"#D4E4F3\">\n<td>LABEL</td>\n<td>Transform Boundary</td>\n</tr>\n</table>\n</td>\n</tr>\n</table>\n</body>\n</html>", "LABEL": "Transform Boundary" }, "geometry": { "type": "MultiLineString", "coordinates": [ [ [ -34.745998382619227, 35.009998321965043, 0.0 ], [ -35.557998657412043, 35.147998809697363, 0.0 ], [ -36.373001098521847, 35.279998779719961, 0.0 ] ] ] } },
{ "type": "Feature", "properties": { "Name": "North American:Philippine", "Description": "<html xmlns:fo=\"http://www.w3.org/1999/XSL/Format\" xmlns:msxsl=\"urn:schemas-microsoft-com:xslt\">\n<head>\n<META http-equiv=\"Content-Type\" content=\"text/html\">\n<meta http-equiv=\"content-type\" content=\"text/html; charset=UTF-8\">\n</head>\n<body style=\"margin:0px 0px 0px 0px;overflow:auto;background:#FFFFFF;\">\n<table style=\"font-family:Arial,Verdana,Times;font-size:12px;text-align:left;width:100%;border-collapse:collapse;padding:3px 3px 3px 3px\">\n<tr style=\"text-align:center;font-weight:bold;background:#9CBCE2\">\n<td>North American:Philippine</td>\n</tr>\n<tr>\n<td>\n<table style=\"font-family:Arial,Verdana,Times;font-size:12px;text-align:left;width:100%;border-spacing:0px; padding:3px 3px 3px 3px\">\n<tr>\n<td>NAME</td>\n<td>North American:Philippine</td>\n</tr>\n<tr bgcolor=\"#D4E4F3\">\n<td>LABEL</td>\n<td>Transform Boundary</td>\n</tr>\n</table>\n</td>\n</tr>\n</table>\n</body>\n</html>", "LABEL": "Transform Boundary" }, "geometry": { "type": "MultiLineString", "coordinates": [ [ [ 139.429000854705691, 34.860000610140112, 0.0 ], [ 139.233993530477193, 35.013999939046023, 0.0 ] ] ] } },
{ "type": "Feature", "properties": { "Name": "North American:African", "Description": "<html xmlns:fo=\"http://www.w3.org/1999/XSL/Format\" xmlns:msxsl=\"urn:schemas-microsoft-com:xslt\">\n<head>\n<META http-equiv=\"Content-Type\" content=\"text/html\">\n<meta http-equiv=\"content-type\" content=\"text/html; charset=UTF-8\">\n</head>\n<body style=\"margin:0px 0px 0px 0px;overflow:auto;background:#FFFFFF;\">\n<table style=\"font-family:Arial,Verdana,Times;font-size:12px;text-align:left;width:100%;border-collapse:collapse;padding:3px 3px 3px 3px\">\n<tr style=\"text-align:center;font-weight:bold;background:#9CBCE2\">\n<td>North American:African</td>\n</tr>\n<tr>\n<td>\n<table style=\"font-family:Arial,Verdana,Times;font-size:12px;text-align:left;width:100%;border-spacing:0px; padding:3px 3px 3px 3px\">\n<tr>\n<td>NAME</td>\n<td>North American:African</td>\n</tr>\n<tr bgcolor=\"#D4E4F3\">\n<td>LABEL</td>\n<td>Transform Boundary</td>\n</tr>\n</table>\n</td>\n</tr>\n</table>\n</body>\n</html>", "LABEL": "Transform Boundary" }, "geometry": { "type": "MultiLineString", "coordinates": [ [ [ -36.62300109892152, 34.693000793252047, 0.0 ], [ -36.784999847065251, 34.712001800742541, 0.0 ] ] ] } },
{ "type": "Feature", "properties": { "Name": "Eurasian:Arabian", "Description": "<html xmlns:fo=\"http://www.w3.org/1999/XSL/Format\" xmlns:msxsl=\"urn:schemas-microsoft-com:xslt\">\n<head>\n<META http-equiv=\"Content-Type\" content=\"text/html\">\n<meta http-equiv=\"content-type\" content=\"text/html; charset=UTF-8\">\n</head>\n<body style=\"margin:0px 0px 0px 0px;overflow:auto;background:#FFFFFF;\">\n<table style=\"font-family:Arial,Verdana,Times;font-size:12px;text-align:left;width:100%;border-collapse:collapse;padding:3px 3px 3px 3px\">\n<tr style=\"text-align:center;font-weight:bold;background:#9CBCE2\">\n<td>Eurasian:Arabian</td>\n</tr>\n<tr>\n<td>\n<table style=\"font-family:Arial,Verdana,Times;font-size:12px;text-align:left;width:100%;border-spacing:0px; padding:3px 3px 3px 3px\">\n<tr>\n<td>NAME</td>\n<td>Eurasian:Arabian</td>\n</tr>\n<tr bgcolor=\"#D4E4F3\">\n<td>LABEL</td>\n<td>Transform Boundary</td>\n</tr>\n</table>\n</td>\n</tr>\n</table>\n</body>\n</html>", "LABEL": "Transform Boundary" }, "geometry": { "type": "MultiLineString", "coordinates": [ [ [ 44.356998443723228, 36.571998596158323, 0.0 ], [ 44.020000457655037, 37.097999572921992, 0.0 ] ] ] } },
{ "type": "Feature", "properties": { "Name": "North American:African", "Description": "<html xmlns:fo=\"http://www.w3.org/1999/XSL/Format\" xmlns:msxsl=\"urn:schemas-microsoft-com:xslt\">\n<head>\n<META http-equiv=\"Content-Type\" content=\"text/html\">\n<meta http-equiv=\"content-type\" content=\"text/html; charset=UTF-8\">\n</head>\n<body style=\"margin:0px 0px 0px 0px;overflow:auto;background:#FFFFFF;\">\n<table style=\"font-family:Arial,Verdana,Times;font-size:12px;text-align:left;width:100%;border-collapse:collapse;padding:3px 3px 3px 3px\">\n<tr style=\"text-align:center;font-weight:bold;background:#9CBCE2\">\n<td>North American:African</td>\n</tr>\n<tr>\n<td>\n<table style=\"font-family:Arial,Verdana,Times;font-size:12px;text-align:left;width:100%;border-spacing:0px; padding:3px 3px 3px 3px\">\n<tr>\n<td>NAME</td>\n<td>North American:African</td>\n</tr>\n<tr bgcolor=\"#D4E4F3\">\n<td>LABEL</td>\n<td>Transform Boundary</td>\n</tr>\n</table>\n</td>\n</tr>\n</table>\n</body>\n</html>", "LABEL": "Transform Boundary" }, "geometry": { "type": "MultiLineString", "coordinates": [ [ [ -36.861999511967838, 34.554000854755706, 0.0 ], [ -37.046001433919002, 34.567001342737854, 0.0 ] ] ] } },
{ "type": "Feature", "properties": { "Name": "North American:Philippine", "Description": "<html xmlns:fo=\"http://www.w3.org/1999/XSL/Format\" xmlns:msxsl=\"urn:schemas-microsoft-com:xslt\">\n<head>\n<META http-equiv=\"Content-Type\" content=\"text/html\">\n<meta http-equiv=\"content-type\" content=\"text/html; charset=UTF-8\">\n</head>\n<body style=\"margin:0px 0px 0px 0px;overflow:auto;background:#FFFFFF;\">\n<table style=\"font-family:Arial,Verdana,Times;font-size:12px;text-align:left;width:100%;border-collapse:collapse;padding:3px 3px 3px 3px\">\n<tr style=\"text-align:center;font-weight:bold;background:#9CBCE2\">\n<td>North American:Philippine</td>\n</tr>\n<tr>\n<td>\n<table style=\"font-family:Arial,Verdana,Times;font-size:12px;text-align:left;width:100%;border-spacing:0px; padding:3px 3px 3px 3px\">\n<tr>\n<td>NAME</td>\n<td>North American:Philippine</td>\n</tr>\n<tr bgcolor=\"#D4E4F3\">\n<td>LABEL</td>\n<td>Transform Boundary</td>\n</tr>\n</table>\n</td>\n</tr>\n</table>\n</body>\n</html>", "LABEL": "Transform Boundary" }, "geometry": { "type": "MultiLineString", "coordinates": [ [ [ 141.104003906355302, 34.438999175771407, 0.0 ], [ 140.869995117281007, 34.528999328656141, 0.0 ] ] ] } },
{ "type": "Feature", "properties": { "Name": "North American:African", "Description": "<html xmlns:fo=\"http://www.w3.org/1999/XSL/Format\" xmlns:msxsl=\"urn:schemas-microsoft-com:xslt\">\n<head>\n<META http-equiv=\"Content-Type\" content=\"text/html\">\n<meta http-equiv=\"content-type\" content=\"text/html; charset=UTF-8\">\n</head>\n<body style=\"margin:0px 0px 0px 0px;overflow:auto;background:#FFFFFF;\">\n<table style=\"font-family:Arial,Verdana,Times;font-size:12px;text-align:left;width:100%;border-collapse:collapse;padding:3px 3px 3px 3px\">\n<tr style=\"text-align:center;font-weight:bold;background:#9CBCE2\">\n<td>North American:African</td>\n</tr>\n<tr>\n<td>\n<table style=\"font-family:Arial,Verdana,Times;font-size:12px;text-align:left;width:100%;border-spacing:0px; padding:3px 3px 3px 3px\">\n<tr>\n<td>NAME</td>\n<td>North American:African</td>\n</tr>\n<tr bgcolor=\"#D4E4F3\">\n<td>LABEL</td>\n<td>Transform Boundary</td>\n</tr>\n</table>\n</td>\n</tr>\n</table>\n</body>\n</html>", "LABEL": "Transform Boundary" }, "geometry": { "type": "MultiLineString", "coordinates": [ [ [ -37.244998932254873, 34.1240005494858, 0.0 ], [ -37.335998535004357, 34.136001586703912, 0.0 ] ] ] } },
{ "type": "Feature", "properties": { "Name": "North American:African", "Description": "<html xmlns:fo=\"http://www.w3.org/1999/XSL/Format\" xmlns:msxsl=\"urn:schemas-microsoft-com:xslt\">\n<head>\n<META http-equiv=\"Content-Type\" content=\"text/html\">\n<meta http-equiv=\"content-type\" content=\"text/html; charset=UTF-8\">\n</head>\n<body style=\"margin:0px 0px 0px 0px;overflow:auto;background:#FFFFFF;\">\n<table style=\"font-family:Arial,Verdana,Times;font-size:12px;text-align:left;width:100%;border-collapse:collapse;padding:3px 3px 3px 3px\">\n<tr style=\"text-align:center;font-weight:bold;background:#9CBCE2\">\n<td>North American:African</td>\n</tr>\n<tr>\n<td>\n<table style=\"font-family:Arial,Verdana,Times;font-size:12px;text-align:left;width:100%;border-spacing:0px; padding:3px 3px 3px 3px\">\n<tr>\n<td>NAME</td>\n<td>North American:African</td>\n</tr>\n<tr bgcolor=\"#D4E4F3\">\n<td>LABEL</td>\n<td>Transform Boundary</td>\n</tr>\n</table>\n</td>\n</tr>\n</table>\n</body>\n</html>", "LABEL": "Transform Boundary" }, "geometry": { "type": "MultiLineString", "coordinates": [ [ [ -37.533000945836932, 33.705001830670028, 0.0 ], [ -37.678001403841677, 33.73600006135382, 0.0 ] ] ] } },
{ "type": "Feature", "properties": { "Name": "North American:African", "Description": "<html xmlns:fo=\"http://www.w3.org/1999/XSL/Format\" xmlns:msxsl=\"urn:schemas-microsoft-com:xslt\">\n<head>\n<META http-equiv=\"Content-Type\" content=\"text/html\">\n<meta http-equiv=\"content-type\" content=\"text/html; charset=UTF-8\">\n</head>\n<body style=\"margin:0px 0px 0px 0px;overflow:auto;background:#FFFFFF;\">\n<table style=\"font-family:Arial,Verdana,Times;font-size:12px;text-align:left;width:100%;border-collapse:collapse;padding:3px 3px 3px 3px\">\n<tr style=\"text-align:center;font-weight:bold;background:#9CBCE2\">\n<td>North American:African</td>\n</tr>\n<tr>\n<td>\n<table style=\"font-family:Arial,Verdana,Times;font-size:12px;text-align:left;width:100%;border-spacing:0px; padding:3px 3px 3px 3px\">\n<tr>\n<td>NAME</td>\n<td>North American:African</td>\n</tr>\n<tr bgcolor=\"#D4E4F3\">\n<td>LABEL</td>\n<td>Transform Boundary</td>\n</tr>\n</table>\n</td>\n</tr>\n</table>\n</body>\n</html>", "LABEL": "Transform Boundary" }, "geometry": { "type": "MultiLineString", "coordinates": [ [ [ -37.798000335746849, 33.500999450464292, 0.0 ], [ -38.597000121658262, 33.63700103756787, 0.0 ], [ -39.398998260761061, 33.768001556826448, 0.0 ] ] ] } },
{ "type": "Feature", "properties": { "Name": "North American:African", "Description": "<html xmlns:fo=\"http://www.w3.org/1999/XSL/Format\" xmlns:msxsl=\"urn:schemas-microsoft-com:xslt\">\n<head>\n<META http-equiv=\"Content-Type\" content=\"text/html\">\n<meta http-equiv=\"content-type\" content=\"text/html; charset=UTF-8\">\n</head>\n<body style=\"margin:0px 0px 0px 0px;overflow:auto;background:#FFFFFF;\">\n<table style=\"font-family:Arial,Verdana,Times;font-size:12px;text-align:left;width:100%;border-collapse:collapse;padding:3px 3px 3px 3px\">\n<tr style=\"text-align:center;font-weight:bold;background:#9CBCE2\">\n<td>North American:African</td>\n</tr>\n<tr>\n<td>\n<table style=\"font-family:Arial,Verdana,Times;font-size:12px;text-align:left;width:100%;border-spacing:0px; padding:3px 3px 3px 3px\">\n<tr>\n<td>NAME</td>\n<td>North American:African</td>\n</tr>\n<tr bgcolor=\"#D4E4F3\">\n<td>LABEL</td>\n<td>Transform Boundary</td>\n</tr>\n</table>\n</td>\n</tr>\n</table>\n</body>\n</html>", "LABEL": "Transform Boundary" }, "geometry": { "type": "MultiLineString", "coordinates": [ [ [ -39.585998535004357, 33.067001343037589, 0.0 ], [ -39.70000076322458, 33.083999634075887, 0.0 ] ] ] } },
{ "type": "Feature", "properties": { "Name": "African:Arabian", "Description": "<html xmlns:fo=\"http://www.w3.org/1999/XSL/Format\" xmlns:msxsl=\"urn:schemas-microsoft-com:xslt\">\n<head>\n<META http-equiv=\"Content-Type\" content=\"text/html\">\n<meta http-equiv=\"content-type\" content=\"text/html; charset=UTF-8\">\n</head>\n<body style=\"margin:0px 0px 0px 0px;overflow:auto;background:#FFFFFF;\">\n<table style=\"font-family:Arial,Verdana,Times;font-size:12px;text-align:left;width:100%;border-collapse:collapse;padding:3px 3px 3px 3px\">\n<tr style=\"text-align:center;font-weight:bold;background:#9CBCE2\">\n<td>African:Arabian</td>\n</tr>\n<tr>\n<td>\n<table style=\"font-family:Arial,Verdana,Times;font-size:12px;text-align:left;width:100%;border-spacing:0px; padding:3px 3px 3px 3px\">\n<tr>\n<td>NAME</td>\n<td>African:Arabian</td>\n</tr>\n<tr bgcolor=\"#D4E4F3\">\n<td>LABEL</td>\n<td>Transform Boundary</td>\n</tr>\n</table>\n</td>\n</tr>\n</table>\n</body>\n</html>", "LABEL": "Transform Boundary" }, "geometry": { "type": "MultiLineString", "coordinates": [ [ [ 35.470001220280153, 32.00400161708103, 0.0 ], [ 35.570999145594158, 32.75500106814485, 0.0 ] ] ] } },
{ "type": "Feature", "properties": { "Name": "North American:African", "Description": "<html xmlns:fo=\"http://www.w3.org/1999/XSL/Format\" xmlns:msxsl=\"urn:schemas-microsoft-com:xslt\">\n<head>\n<META http-equiv=\"Content-Type\" content=\"text/html\">\n<meta http-equiv=\"content-type\" content=\"text/html; charset=UTF-8\">\n</head>\n<body style=\"margin:0px 0px 0px 0px;overflow:auto;background:#FFFFFF;\">\n<table style=\"font-family:Arial,Verdana,Times;font-size:12px;text-align:left;width:100%;border-collapse:collapse;padding:3px 3px 3px 3px\">\n<tr style=\"text-align:center;font-weight:bold;background:#9CBCE2\">\n<td>North American:African</td>\n</tr>\n<tr>\n<td>\n<table style=\"font-family:Arial,Verdana,Times;font-size:12px;text-align:left;width:100%;border-spacing:0px; padding:3px 3px 3px 3px\">\n<tr>\n<td>NAME</td>\n<td>North American:African</td>\n</tr>\n<tr bgcolor=\"#D4E4F3\">\n<td>LABEL</td>\n<td>Transform Boundary</td>\n</tr>\n</table>\n</td>\n</tr>\n</table>\n</body>\n</html>", "LABEL": "Transform Boundary" }, "geometry": { "type": "MultiLineString", "coordinates": [ [ [ -40.553001403491919, 31.802000045865501, 0.0 ], [ -40.709999084689969, 31.816999435375688, 0.0 ] ] ] } },
{ "type": "Feature", "properties": { "Name": "North American:African", "Description": "<html xmlns:fo=\"http://www.w3.org/1999/XSL/Format\" xmlns:msxsl=\"urn:schemas-microsoft-com:xslt\">\n<head>\n<META http-equiv=\"Content-Type\" content=\"text/html\">\n<meta http-equiv=\"content-type\" content=\"text/html; charset=UTF-8\">\n</head>\n<body style=\"margin:0px 0px 0px 0px;overflow:auto;background:#FFFFFF;\">\n<table style=\"font-family:Arial,Verdana,Times;font-size:12px;text-align:left;width:100%;border-collapse:collapse;padding:3px 3px 3px 3px\">\n<tr style=\"text-align:center;font-weight:bold;background:#9CBCE2\">\n<td>North American:African</td>\n</tr>\n<tr>\n<td>\n<table style=\"font-family:Arial,Verdana,Times;font-size:12px;text-align:left;width:100%;border-spacing:0px; padding:3px 3px 3px 3px\">\n<tr>\n<td>NAME</td>\n<td>North American:African</td>\n</tr>\n<tr bgcolor=\"#D4E4F3\">\n<td>LABEL</td>\n<td>Transform Boundary</td>\n</tr>\n</table>\n</td>\n</tr>\n</table>\n</body>\n</html>", "LABEL": "Transform Boundary" }, "geometry": { "type": "MultiLineString", "coordinates": [ [ [ -41.183998107726438, 31.19400024381628, 0.0 ], [ -41.430000305070003, 31.236999511718128, 0.0 ] ] ] } },
{ "type": "Feature", "properties": { "Name": "North American:Pacific", "Description": "<html xmlns:fo=\"http://www.w3.org/1999/XSL/Format\" xmlns:msxsl=\"urn:schemas-microsoft-com:xslt\">\n<head>\n<META http-equiv=\"Content-Type\" content=\"text/html\">\n<meta http-equiv=\"content-type\" content=\"text/html; charset=UTF-8\">\n</head>\n<body style=\"margin:0px 0px 0px 0px;overflow:auto;background:#FFFFFF;\">\n<table style=\"font-family:Arial,Verdana,Times;font-size:12px;text-align:left;width:100%;border-collapse:collapse;padding:3px 3px 3px 3px\">\n<tr style=\"text-align:center;font-weight:bold;background:#9CBCE2\">\n<td>North American:Pacific</td>\n</tr>\n<tr>\n<td>\n<table style=\"font-family:Arial,Verdana,Times;font-size:12px;text-align:left;width:100%;border-spacing:0px; padding:3px 3px 3px 3px\">\n<tr>\n<td>NAME</td>\n<td>North American:Pacific</td>\n</tr>\n<tr bgcolor=\"#D4E4F3\">\n<td>LABEL</td>\n<td>Transform Boundary</td>\n</tr>\n</table>\n</td>\n</tr>\n</table>\n</body>\n</html>", "LABEL": "Transform Boundary" }, "geometry": { "type": "MultiLineString", "coordinates": [ [ [ -113.806999206748003, 30.31299972515723, 0.0 ], [ -113.986000060854096, 30.513000488281929, 0.0 ], [ -114.128997802406602, 30.68000030516998, 0.0 ], [ -114.303001403591907, 30.912000656305281, 0.0 ], [ -114.4390029906954, 31.097000122457761, 0.0 ] ] ] } },
{ "type": "Feature", "properties": { "Name": "North American:Pacific", "Description": "<html xmlns:fo=\"http://www.w3.org/1999/XSL/Format\" xmlns:msxsl=\"urn:schemas-microsoft-com:xslt\">\n<head>\n<META http-equiv=\"Content-Type\" content=\"text/html\">\n<meta http-equiv=\"content-type\" content=\"text/html; charset=UTF-8\">\n</head>\n<body style=\"margin:0px 0px 0px 0px;overflow:auto;background:#FFFFFF;\">\n<table style=\"font-family:Arial,Verdana,Times;font-size:12px;text-align:left;width:100%;border-collapse:collapse;padding:3px 3px 3px 3px\">\n<tr style=\"text-align:center;font-weight:bold;background:#9CBCE2\">\n<td>North American:Pacific</td>\n</tr>\n<tr>\n<td>\n<table style=\"font-family:Arial,Verdana,Times;font-size:12px;text-align:left;width:100%;border-spacing:0px; padding:3px 3px 3px 3px\">\n<tr>\n<td>NAME</td>\n<td>North American:Pacific</td>\n</tr>\n<tr bgcolor=\"#D4E4F3\">\n<td>LABEL</td>\n<td>Transform Boundary</td>\n</tr>\n</table>\n</td>\n</tr>\n</table>\n</body>\n</html>", "LABEL": "Transform Boundary" }, "geometry": { "type": "MultiLineString", "coordinates": [ [ [ -113.908996581926701, 29.982000351135358, 0.0 ], [ -114.041000365974099, 30.121000289631699, 0.0 ] ] ] } },
{ "type": "Feature", "properties": { "Name": "North American:African", "Description": "<html xmlns:fo=\"http://www.w3.org/1999/XSL/Format\" xmlns:msxsl=\"urn:schemas-microsoft-com:xslt\">\n<head>\n<META http-equiv=\"Content-Type\" content=\"text/html\">\n<meta http-equiv=\"content-type\" content=\"text/html; charset=UTF-8\">\n</head>\n<body style=\"margin:0px 0px 0px 0px;overflow:auto;background:#FFFFFF;\">\n<table style=\"font-family:Arial,Verdana,Times;font-size:12px;text-align:left;width:100%;border-collapse:collapse;padding:3px 3px 3px 3px\">\n<tr style=\"text-align:center;font-weight:bold;background:#9CBCE2\">\n<td>North American:African</td>\n</tr>\n<tr>\n<td>\n<table style=\"font-family:Arial,Verdana,Times;font-size:12px;text-align:left;width:100%;border-spacing:0px; padding:3px 3px 3px 3px\">\n<tr>\n<td>NAME</td>\n<td>North American:African</td>\n</tr>\n<tr bgcolor=\"#D4E4F3\">\n<td>LABEL</td>\n<td>Transform Boundary</td>\n</tr>\n</table>\n</td>\n</tr>\n</table>\n</body>\n</html>", "LABEL": "Transform Boundary" }, "geometry": { "type": "MultiLineString", "coordinates": [ [ [ -42.136001586703799, 29.9729995727721, 0.0 ], [ -42.72900009178079, 30.069999695029939, 0.0 ] ] ] } },
{ "type": "Feature", "properties": { "Name": "North American:Pacific", "Description": "<html xmlns:fo=\"http://www.w3.org/1999/XSL/Format\" xmlns:msxsl=\"urn:schemas-microsoft-com:xslt\">\n<head>\n<META http-equiv=\"Content-Type\" content=\"text/html\">\n<meta http-equiv=\"content-type\" content=\"text/html; charset=UTF-8\">\n</head>\n<body style=\"margin:0px 0px 0px 0px;overflow:auto;background:#FFFFFF;\">\n<table style=\"font-family:Arial,Verdana,Times;font-size:12px;text-align:left;width:100%;border-collapse:collapse;padding:3px 3px 3px 3px\">\n<tr style=\"text-align:center;font-weight:bold;background:#9CBCE2\">\n<td>North American:Pacific</td>\n</tr>\n<tr>\n<td>\n<table style=\"font-family:Arial,Verdana,Times;font-size:12px;text-align:left;width:100%;border-spacing:0px; padding:3px 3px 3px 3px\">\n<tr>\n<td>NAME</td>\n<td>North American:Pacific</td>\n</tr>\n<tr bgcolor=\"#D4E4F3\">\n<td>LABEL</td>\n<td>Transform Boundary</td>\n</tr>\n</table>\n</td>\n</tr>\n</table>\n</body>\n</html>", "LABEL": "Transform Boundary" }, "geometry": { "type": "MultiLineString", "coordinates": [ [ [ -113.758003235161098, 29.83399963337644, 0.0 ], [ -113.908996581926701, 29.982000351135358, 0.0 ] ] ] } },
{ "type": "Feature", "properties": { "Name": "North American:African", "Description": "<html xmlns:fo=\"http://www.w3.org/1999/XSL/Format\" xmlns:msxsl=\"urn:schemas-microsoft-com:xslt\">\n<head>\n<META http-equiv=\"Content-Type\" content=\"text/html\">\n<meta http-equiv=\"content-type\" content=\"text/html; charset=UTF-8\">\n</head>\n<body style=\"margin:0px 0px 0px 0px;overflow:auto;background:#FFFFFF;\">\n<table style=\"font-family:Arial,Verdana,Times;font-size:12px;text-align:left;width:100%;border-collapse:collapse;padding:3px 3px 3px 3px\">\n<tr style=\"text-align:center;font-weight:bold;background:#9CBCE2\">\n<td>North American:African</td>\n</tr>\n<tr>\n<td>\n<table style=\"font-family:Arial,Verdana,Times;font-size:12px;text-align:left;width:100%;border-spacing:0px; padding:3px 3px 3px 3px\">\n<tr>\n<td>NAME</td>\n<td>North American:African</td>\n</tr>\n<tr bgcolor=\"#D4E4F3\">\n<td>LABEL</td>\n<td>Transform Boundary</td>\n</tr>\n</table>\n</td>\n</tr>\n</table>\n</body>\n</html>", "LABEL": "Transform Boundary" }, "geometry": { "type": "MultiLineString", "coordinates": [ [ [ -43.036998748693243, 29.471000671343969, 0.0 ], [ -43.088001251656408, 29.468999862353829, 0.0 ] ] ] } },
{ "type": "Feature", "properties": { "Name": "North American:Pacific", "Description": "<html xmlns:fo=\"http://www.w3.org/1999/XSL/Format\" xmlns:msxsl=\"urn:schemas-microsoft-com:xslt\">\n<head>\n<META http-equiv=\"Content-Type\" content=\"text/html\">\n<meta http-equiv=\"content-type\" content=\"text/html; charset=UTF-8\">\n</head>\n<body style=\"margin:0px 0px 0px 0px;overflow:auto;background:#FFFFFF;\">\n<table style=\"font-family:Arial,Verdana,Times;font-size:12px;text-align:left;width:100%;border-collapse:collapse;padding:3px 3px 3px 3px\">\n<tr style=\"text-align:center;font-weight:bold;background:#9CBCE2\">\n<td>North American:Pacific</td>\n</tr>\n<tr>\n<td>\n<table style=\"font-family:Arial,Verdana,Times;font-size:12px;text-align:left;width:100%;border-spacing:0px; padding:3px 3px 3px 3px\">\n<tr>\n<td>NAME</td>\n<td>North American:Pacific</td>\n</tr>\n<tr bgcolor=\"#D4E4F3\">\n<td>LABEL</td>\n<td>Transform Boundary</td>\n</tr>\n</table>\n</td>\n</tr>\n</table>\n</body>\n</html>", "LABEL": "Transform Boundary" }, "geometry": { "type": "MultiLineString", "coordinates": [ [ [ -113.280998229984306, 29.0079994198374, 0.0 ], [ -113.5210037227436, 29.204999924107259, 0.0 ], [ -113.775001526199503, 29.440000534097411, 0.0 ], [ -113.969001769815804, 29.645999908369109, 0.0 ] ] ] } },
{ "type": "Feature", "properties": { "Name": "North American:African", "Description": "<html xmlns:fo=\"http://www.w3.org/1999/XSL/Format\" xmlns:msxsl=\"urn:schemas-microsoft-com:xslt\">\n<head>\n<META http-equiv=\"Content-Type\" content=\"text/html\">\n<meta http-equiv=\"content-type\" content=\"text/html; charset=UTF-8\">\n</head>\n<body style=\"margin:0px 0px 0px 0px;overflow:auto;background:#FFFFFF;\">\n<table style=\"font-family:Arial,Verdana,Times;font-size:12px;text-align:left;width:100%;border-collapse:collapse;padding:3px 3px 3px 3px\">\n<tr style=\"text-align:center;font-weight:bold;background:#9CBCE2\">\n<td>North American:African</td>\n</tr>\n<tr>\n<td>\n<table style=\"font-family:Arial,Verdana,Times;font-size:12px;text-align:left;width:100%;border-spacing:0px; padding:3px 3px 3px 3px\">\n<tr>\n<td>NAME</td>\n<td>North American:African</td>\n</tr>\n<tr bgcolor=\"#D4E4F3\">\n<td>LABEL</td>\n<td>Transform Boundary</td>\n</tr>\n</table>\n</td>\n</tr>\n</table>\n</body>\n</html>", "LABEL": "Transform Boundary" }, "geometry": { "type": "MultiLineString", "coordinates": [ [ [ -43.483001709161499, 28.802000045565709, 0.0 ], [ -43.562999725456912, 28.811000823928911, 0.0 ] ] ] } },
{ "type": "Feature", "properties": { "Name": "North American:Pacific", "Description": "<html xmlns:fo=\"http://www.w3.org/1999/XSL/Format\" xmlns:msxsl=\"urn:schemas-microsoft-com:xslt\">\n<head>\n<META http-equiv=\"Content-Type\" content=\"text/html\">\n<meta http-equiv=\"content-type\" content=\"text/html; charset=UTF-8\">\n</head>\n<body style=\"margin:0px 0px 0px 0px;overflow:auto;background:#FFFFFF;\">\n<table style=\"font-family:Arial,Verdana,Times;font-size:12px;text-align:left;width:100%;border-collapse:collapse;padding:3px 3px 3px 3px\">\n<tr style=\"text-align:center;font-weight:bold;background:#9CBCE2\">\n<td>North American:Pacific</td>\n</tr>\n<tr>\n<td>\n<table style=\"font-family:Arial,Verdana,Times;font-size:12px;text-align:left;width:100%;border-spacing:0px; padding:3px 3px 3px 3px\">\n<tr>\n<td>NAME</td>\n<td>North American:Pacific</td>\n</tr>\n<tr bgcolor=\"#D4E4F3\">\n<td>LABEL</td>\n<td>Transform Boundary</td>\n</tr>\n</table>\n</td>\n</tr>\n</table>\n</body>\n</html>", "LABEL": "Transform Boundary" }, "geometry": { "type": "MultiLineString", "coordinates": [ [ [ -112.320999145793905, 28.124999999650299, 0.0 ], [ -112.588996887096599, 28.322000503920151, 0.0 ], [ -112.811996459868695, 28.499000549036172, 0.0 ], [ -113.086997985468599, 28.715000152435149, 0.0 ], [ -113.338996887396405, 28.950000763324621, 0.0 ] ] ] } },
{ "type": "Feature", "properties": { "Name": "North American:African", "Description": "<html xmlns:fo=\"http://www.w3.org/1999/XSL/Format\" xmlns:msxsl=\"urn:schemas-microsoft-com:xslt\">\n<head>\n<META http-equiv=\"Content-Type\" content=\"text/html\">\n<meta http-equiv=\"content-type\" content=\"text/html; charset=UTF-8\">\n</head>\n<body style=\"margin:0px 0px 0px 0px;overflow:auto;background:#FFFFFF;\">\n<table style=\"font-family:Arial,Verdana,Times;font-size:12px;text-align:left;width:100%;border-collapse:collapse;padding:3px 3px 3px 3px\">\n<tr style=\"text-align:center;font-weight:bold;background:#9CBCE2\">\n<td>North American:African</td>\n</tr>\n<tr>\n<td>\n<table style=\"font-family:Arial,Verdana,Times;font-size:12px;text-align:left;width:100%;border-spacing:0px; padding:3px 3px 3px 3px\">\n<tr>\n<td>NAME</td>\n<td>North American:African</td>\n</tr>\n<tr bgcolor=\"#D4E4F3\">\n<td>LABEL</td>\n<td>Transform Boundary</td>\n</tr>\n</table>\n</td>\n</tr>\n</table>\n</body>\n</html>", "LABEL": "Transform Boundary" }, "geometry": { "type": "MultiLineString", "coordinates": [ [ [ -43.942001342687767, 28.104999542295101, 0.0 ], [ -44.02199935898318, 28.107000351285251, 0.0 ] ] ] } },
{ "type": "Feature", "properties": { "Name": "African:Arabian", "Description": "<html xmlns:fo=\"http://www.w3.org/1999/XSL/Format\" xmlns:msxsl=\"urn:schemas-microsoft-com:xslt\">\n<head>\n<META http-equiv=\"Content-Type\" content=\"text/html\">\n<meta http-equiv=\"content-type\" content=\"text/html; charset=UTF-8\">\n</head>\n<body style=\"margin:0px 0px 0px 0px;overflow:auto;background:#FFFFFF;\">\n<table style=\"font-family:Arial,Verdana,Times;font-size:12px;text-align:left;width:100%;border-collapse:collapse;padding:3px 3px 3px 3px\">\n<tr style=\"text-align:center;font-weight:bold;background:#9CBCE2\">\n<td>African:Arabian</td>\n</tr>\n<tr>\n<td>\n<table style=\"font-family:Arial,Verdana,Times;font-size:12px;text-align:left;width:100%;border-spacing:0px; padding:3px 3px 3px 3px\">\n<tr>\n<td>NAME</td>\n<td>African:Arabian</td>\n</tr>\n<tr bgcolor=\"#D4E4F3\">\n<td>LABEL</td>\n<td>Transform Boundary</td>\n</tr>\n</table>\n</td>\n</tr>\n</table>\n</body>\n</html>", "LABEL": "Transform Boundary" }, "geometry": { "type": "MultiLineString", "coordinates": [ [ [ 35.308998107976379, 31.3829994204869, 0.0 ], [ 35.141998291088328, 30.70199966405329, 0.0 ], [ 34.951999664552943, 30.000000000399719, 0.0 ], [ 34.800569529660102, 29.364263795237999, 0.0 ], [ 34.710957254373852, 28.826434474471458, 0.0 ], [ 34.546668083165571, 28.3386530964633, 0.0 ], [ 34.256999969373112, 27.885000229277239, 0.0 ] ] ] } },
{ "type": "Feature", "properties": { "Name": "North American:Pacific", "Description": "<html xmlns:fo=\"http://www.w3.org/1999/XSL/Format\" xmlns:msxsl=\"urn:schemas-microsoft-com:xslt\">\n<head>\n<META http-equiv=\"Content-Type\" content=\"text/html\">\n<meta http-equiv=\"content-type\" content=\"text/html; charset=UTF-8\">\n</head>\n<body style=\"margin:0px 0px 0px 0px;overflow:auto;background:#FFFFFF;\">\n<table style=\"font-family:Arial,Verdana,Times;font-size:12px;text-align:left;width:100%;border-collapse:collapse;padding:3px 3px 3px 3px\">\n<tr style=\"text-align:center;font-weight:bold;background:#9CBCE2\">\n<td>North American:Pacific</td>\n</tr>\n<tr>\n<td>\n<table style=\"font-family:Arial,Verdana,Times;font-size:12px;text-align:left;width:100%;border-spacing:0px; padding:3px 3px 3px 3px\">\n<tr>\n<td>NAME</td>\n<td>North American:Pacific</td>\n</tr>\n<tr bgcolor=\"#D4E4F3\">\n<td>LABEL</td>\n<td>Transform Boundary</td>\n</tr>\n</table>\n</td>\n</tr>\n</table>\n</body>\n</html>", "LABEL": "Transform Boundary" }, "geometry": { "type": "MultiLineString", "coordinates": [ [ [ -111.382003783747606, 27.496999740245879, 0.0 ], [ -111.505996703784803, 27.569999694630269, 0.0 ], [ -111.710998534754495, 27.694000244515738, 0.0 ], [ -112.014999389510194, 27.906000137396461, 0.0 ], [ -112.320999145793905, 28.124999999650299, 0.0 ] ] ] } },
{ "type": "Feature", "properties": { "Name": "North American:African", "Description": "<html xmlns:fo=\"http://www.w3.org/1999/XSL/Format\" xmlns:msxsl=\"urn:schemas-microsoft-com:xslt\">\n<head>\n<META http-equiv=\"Content-Type\" content=\"text/html\">\n<meta http-equiv=\"content-type\" content=\"text/html; charset=UTF-8\">\n</head>\n<body style=\"margin:0px 0px 0px 0px;overflow:auto;background:#FFFFFF;\">\n<table style=\"font-family:Arial,Verdana,Times;font-size:12px;text-align:left;width:100%;border-collapse:collapse;padding:3px 3px 3px 3px\">\n<tr style=\"text-align:center;font-weight:bold;background:#9CBCE2\">\n<td>North American:African</td>\n</tr>\n<tr>\n<td>\n<table style=\"font-family:Arial,Verdana,Times;font-size:12px;text-align:left;width:100%;border-spacing:0px; padding:3px 3px 3px 3px\">\n<tr>\n<td>NAME</td>\n<td>North American:African</td>\n</tr>\n<tr bgcolor=\"#D4E4F3\">\n<td>LABEL</td>\n<td>Transform Boundary</td>\n</tr>\n</table>\n</td>\n</tr>\n</table>\n</body>\n</html>", "LABEL": "Transform Boundary" }, "geometry": { "type": "MultiLineString", "coordinates": [ [ [ -44.382999420386909, 27.23600006085417, 0.0 ], [ -44.506000518609028, 27.253999710118588, 0.0 ] ] ] } },
{ "type": "Feature", "properties": { "Name": "North American:Pacific", "Description": "<html xmlns:fo=\"http://www.w3.org/1999/XSL/Format\" xmlns:msxsl=\"urn:schemas-microsoft-com:xslt\">\n<head>\n<META http-equiv=\"Content-Type\" content=\"text/html\">\n<meta http-equiv=\"content-type\" content=\"text/html; charset=UTF-8\">\n</head>\n<body style=\"margin:0px 0px 0px 0px;overflow:auto;background:#FFFFFF;\">\n<table style=\"font-family:Arial,Verdana,Times;font-size:12px;text-align:left;width:100%;border-collapse:collapse;padding:3px 3px 3px 3px\">\n<tr style=\"text-align:center;font-weight:bold;background:#9CBCE2\">\n<td>North American:Pacific</td>\n</tr>\n<tr>\n<td>\n<table style=\"font-family:Arial,Verdana,Times;font-size:12px;text-align:left;width:100%;border-spacing:0px; padding:3px 3px 3px 3px\">\n<tr>\n<td>NAME</td>\n<td>North American:Pacific</td>\n</tr>\n<tr bgcolor=\"#D4E4F3\">\n<td>LABEL</td>\n<td>Transform Boundary</td>\n</tr>\n</table>\n</td>\n</tr>\n</table>\n</body>\n</html>", "LABEL": "Transform Boundary" }, "geometry": { "type": "MultiLineString", "coordinates": [ [ [ -111.373001098821703, 27.104999542494969, 0.0 ], [ -111.569000243966101, 27.215000152734891, 0.0 ] ] ] } },
{ "type": "Feature", "properties": { "Name": "North American:Pacific", "Description": "<html xmlns:fo=\"http://www.w3.org/1999/XSL/Format\" xmlns:msxsl=\"urn:schemas-microsoft-com:xslt\">\n<head>\n<META http-equiv=\"Content-Type\" content=\"text/html\">\n<meta http-equiv=\"content-type\" content=\"text/html; charset=UTF-8\">\n</head>\n<body style=\"margin:0px 0px 0px 0px;overflow:auto;background:#FFFFFF;\">\n<table style=\"font-family:Arial,Verdana,Times;font-size:12px;text-align:left;width:100%;border-collapse:collapse;padding:3px 3px 3px 3px\">\n<tr style=\"text-align:center;font-weight:bold;background:#9CBCE2\">\n<td>North American:Pacific</td>\n</tr>\n<tr>\n<td>\n<table style=\"font-family:Arial,Verdana,Times;font-size:12px;text-align:left;width:100%;border-spacing:0px; padding:3px 3px 3px 3px\">\n<tr>\n<td>NAME</td>\n<td>North American:Pacific</td>\n</tr>\n<tr bgcolor=\"#D4E4F3\">\n<td>LABEL</td>\n<td>Transform Boundary</td>\n</tr>\n</table>\n</td>\n</tr>\n</table>\n</body>\n</html>", "LABEL": "Transform Boundary" }, "geometry": { "type": "MultiLineString", "coordinates": [ [ [ -110.680000305169898, 26.361000060804201, 0.0 ], [ -110.758003234861405, 26.416000365924219, 0.0 ], [ -110.9570007322979, 26.534999847065372, 0.0 ], [ -111.227996825892802, 26.722999572971961, 0.0 ], [ -111.505996703784803, 26.927000045715602, 0.0 ] ] ] } },
{ "type": "Feature", "properties": { "Name": "North American:African", "Description": "<html xmlns:fo=\"http://www.w3.org/1999/XSL/Format\" xmlns:msxsl=\"urn:schemas-microsoft-com:xslt\">\n<head>\n<META http-equiv=\"Content-Type\" content=\"text/html\">\n<meta http-equiv=\"content-type\" content=\"text/html; charset=UTF-8\">\n</head>\n<body style=\"margin:0px 0px 0px 0px;overflow:auto;background:#FFFFFF;\">\n<table style=\"font-family:Arial,Verdana,Times;font-size:12px;text-align:left;width:100%;border-collapse:collapse;padding:3px 3px 3px 3px\">\n<tr style=\"text-align:center;font-weight:bold;background:#9CBCE2\">\n<td>North American:African</td>\n</tr>\n<tr>\n<td>\n<table style=\"font-family:Arial,Verdana,Times;font-size:12px;text-align:left;width:100%;border-spacing:0px; padding:3px 3px 3px 3px\">\n<tr>\n<td>NAME</td>\n<td>North American:African</td>\n</tr>\n<tr bgcolor=\"#D4E4F3\">\n<td>LABEL</td>\n<td>Transform Boundary</td>\n</tr>\n</table>\n</td>\n</tr>\n</table>\n</body>\n</html>", "LABEL": "Transform Boundary" }, "geometry": { "type": "MultiLineString", "coordinates": [ [ [ -44.8670005800127, 26.28000068628268, 0.0 ], [ -44.816001891973713, 26.270000458054771, 0.0 ] ] ] } },
{ "type": "Feature", "properties": { "Name": "North American:African", "Description": "<html xmlns:fo=\"http://www.w3.org/1999/XSL/Format\" xmlns:msxsl=\"urn:schemas-microsoft-com:xslt\">\n<head>\n<META http-equiv=\"Content-Type\" content=\"text/html\">\n<meta http-equiv=\"content-type\" content=\"text/html; charset=UTF-8\">\n</head>\n<body style=\"margin:0px 0px 0px 0px;overflow:auto;background:#FFFFFF;\">\n<table style=\"font-family:Arial,Verdana,Times;font-size:12px;text-align:left;width:100%;border-collapse:collapse;padding:3px 3px 3px 3px\">\n<tr style=\"text-align:center;font-weight:bold;background:#9CBCE2\">\n<td>North American:African</td>\n</tr>\n<tr>\n<td>\n<table style=\"font-family:Arial,Verdana,Times;font-size:12px;text-align:left;width:100%;border-spacing:0px; padding:3px 3px 3px 3px\">\n<tr>\n<td>NAME</td>\n<td>North American:African</td>\n</tr>\n<tr bgcolor=\"#D4E4F3\">\n<td>LABEL</td>\n<td>Transform Boundary</td>\n</tr>\n</table>\n</td>\n</tr>\n</table>\n</body>\n</html>", "LABEL": "Transform Boundary" }, "geometry": { "type": "MultiLineString", "coordinates": [ [ [ -44.898998260561257, 26.05500030541981, 0.0 ], [ -45.091999054312851, 26.080999374821321, 0.0 ] ] ] } },
{ "type": "Feature", "properties": { "Name": "Eurasian:Arabian", "Description": "<html xmlns:fo=\"http://www.w3.org/1999/XSL/Format\" xmlns:msxsl=\"urn:schemas-microsoft-com:xslt\">\n<head>\n<META http-equiv=\"Content-Type\" content=\"text/html\">\n<meta http-equiv=\"content-type\" content=\"text/html; charset=UTF-8\">\n</head>\n<body style=\"margin:0px 0px 0px 0px;overflow:auto;background:#FFFFFF;\">\n<table style=\"font-family:Arial,Verdana,Times;font-size:12px;text-align:left;width:100%;border-collapse:collapse;padding:3px 3px 3px 3px\">\n<tr style=\"text-align:center;font-weight:bold;background:#9CBCE2\">\n<td>Eurasian:Arabian</td>\n</tr>\n<tr>\n<td>\n<table style=\"font-family:Arial,Verdana,Times;font-size:12px;text-align:left;width:100%;border-spacing:0px; padding:3px 3px 3px 3px\">\n<tr>\n<td>NAME</td>\n<td>Eurasian:Arabian</td>\n</tr>\n<tr bgcolor=\"#D4E4F3\">\n<td>LABEL</td>\n<td>Transform Boundary</td>\n</tr>\n</table>\n</td>\n</tr>\n</table>\n</body>\n</html>", "LABEL": "Transform Boundary" }, "geometry": { "type": "MultiLineString", "coordinates": [ [ [ 56.992000580262641, 26.54500007619259, 0.0 ], [ 57.056999206148483, 26.048999786810779, 0.0 ] ] ] } },
{ "type": "Feature", "properties": { "Name": "North American:Pacific", "Description": "<html xmlns:fo=\"http://www.w3.org/1999/XSL/Format\" xmlns:msxsl=\"urn:schemas-microsoft-com:xslt\">\n<head>\n<META http-equiv=\"Content-Type\" content=\"text/html\">\n<meta http-equiv=\"content-type\" content=\"text/html; charset=UTF-8\">\n</head>\n<body style=\"margin:0px 0px 0px 0px;overflow:auto;background:#FFFFFF;\">\n<table style=\"font-family:Arial,Verdana,Times;font-size:12px;text-align:left;width:100%;border-collapse:collapse;padding:3px 3px 3px 3px\">\n<tr style=\"text-align:center;font-weight:bold;background:#9CBCE2\">\n<td>North American:Pacific</td>\n</tr>\n<tr>\n<td>\n<table style=\"font-family:Arial,Verdana,Times;font-size:12px;text-align:left;width:100%;border-spacing:0px; padding:3px 3px 3px 3px\">\n<tr>\n<td>NAME</td>\n<td>North American:Pacific</td>\n</tr>\n<tr bgcolor=\"#D4E4F3\">\n<td>LABEL</td>\n<td>Transform Boundary</td>\n</tr>\n</table>\n</td>\n</tr>\n</table>\n</body>\n</html>", "LABEL": "Transform Boundary" }, "geometry": { "type": "MultiLineString", "coordinates": [ [ [ -109.805999755884002, 25.556999206148479, 0.0 ], [ -109.872001648357397, 25.607000350885532, 0.0 ], [ -110.024002074835806, 25.705999374671482, 0.0 ], [ -110.291000366273906, 25.88899993929579, 0.0 ], [ -110.571998596458002, 26.0659999844118, 0.0 ], [ -110.777999878191807, 26.225000381162719, 0.0 ] ] ] } },
{ "type": "Feature", "properties": { "Name": "North American:African", "Description": "<html xmlns:fo=\"http://www.w3.org/1999/XSL/Format\" xmlns:msxsl=\"urn:schemas-microsoft-com:xslt\">\n<head>\n<META http-equiv=\"Content-Type\" content=\"text/html\">\n<meta http-equiv=\"content-type\" content=\"text/html; charset=UTF-8\">\n</head>\n<body style=\"margin:0px 0px 0px 0px;overflow:auto;background:#FFFFFF;\">\n<table style=\"font-family:Arial,Verdana,Times;font-size:12px;text-align:left;width:100%;border-collapse:collapse;padding:3px 3px 3px 3px\">\n<tr style=\"text-align:center;font-weight:bold;background:#9CBCE2\">\n<td>North American:African</td>\n</tr>\n<tr>\n<td>\n<table style=\"font-family:Arial,Verdana,Times;font-size:12px;text-align:left;width:100%;border-spacing:0px; padding:3px 3px 3px 3px\">\n<tr>\n<td>NAME</td>\n<td>North American:African</td>\n</tr>\n<tr bgcolor=\"#D4E4F3\">\n<td>LABEL</td>\n<td>Transform Boundary</td>\n</tr>\n</table>\n</td>\n</tr>\n</table>\n</body>\n</html>", "LABEL": "Transform Boundary" }, "geometry": { "type": "MultiLineString", "coordinates": [ [ [ -45.499000549036062, 25.191999435125869, 0.0 ], [ -45.791999817337683, 25.253999710518261, 0.0 ] ] ] } },
{ "type": "Feature", "properties": { "Name": "North American:Pacific", "Description": "<html xmlns:fo=\"http://www.w3.org/1999/XSL/Format\" xmlns:msxsl=\"urn:schemas-microsoft-com:xslt\">\n<head>\n<META http-equiv=\"Content-Type\" content=\"text/html\">\n<meta http-equiv=\"content-type\" content=\"text/html; charset=UTF-8\">\n</head>\n<body style=\"margin:0px 0px 0px 0px;overflow:auto;background:#FFFFFF;\">\n<table style=\"font-family:Arial,Verdana,Times;font-size:12px;text-align:left;width:100%;border-collapse:collapse;padding:3px 3px 3px 3px\">\n<tr style=\"text-align:center;font-weight:bold;background:#9CBCE2\">\n<td>North American:Pacific</td>\n</tr>\n<tr>\n<td>\n<table style=\"font-family:Arial,Verdana,Times;font-size:12px;text-align:left;width:100%;border-spacing:0px; padding:3px 3px 3px 3px\">\n<tr>\n<td>NAME</td>\n<td>North American:Pacific</td>\n</tr>\n<tr bgcolor=\"#D4E4F3\">\n<td>LABEL</td>\n<td>Transform Boundary</td>\n</tr>\n</table>\n</td>\n</tr>\n</table>\n</body>\n</html>", "LABEL": "Transform Boundary" }, "geometry": { "type": "MultiLineString", "coordinates": [ [ [ -109.061996460168501, 24.658000945687149, 0.0 ], [ -109.178001403941593, 24.73500061058974, 0.0 ], [ -109.349998473750503, 24.857000350585739, 0.0 ], [ -109.591003418173202, 25.016000747336651, 0.0 ], [ -109.788002014081698, 25.180000305369848, 0.0 ], [ -110.007003783797501, 25.33900070212076, 0.0 ] ] ] } },
{ "type": "Feature", "properties": { "Name": "North American:African", "Description": "<html xmlns:fo=\"http://www.w3.org/1999/XSL/Format\" xmlns:msxsl=\"urn:schemas-microsoft-com:xslt\">\n<head>\n<META http-equiv=\"Content-Type\" content=\"text/html\">\n<meta http-equiv=\"content-type\" content=\"text/html; charset=UTF-8\">\n</head>\n<body style=\"margin:0px 0px 0px 0px;overflow:auto;background:#FFFFFF;\">\n<table style=\"font-family:Arial,Verdana,Times;font-size:12px;text-align:left;width:100%;border-collapse:collapse;padding:3px 3px 3px 3px\">\n<tr style=\"text-align:center;font-weight:bold;background:#9CBCE2\">\n<td>North American:African</td>\n</tr>\n<tr>\n<td>\n<table style=\"font-family:Arial,Verdana,Times;font-size:12px;text-align:left;width:100%;border-spacing:0px; padding:3px 3px 3px 3px\">\n<tr>\n<td>NAME</td>\n<td>North American:African</td>\n</tr>\n<tr bgcolor=\"#D4E4F3\">\n<td>LABEL</td>\n<td>Transform Boundary</td>\n</tr>\n</table>\n</td>\n</tr>\n</table>\n</body>\n</html>", "LABEL": "Transform Boundary" }, "geometry": { "type": "MultiLineString", "coordinates": [ [ [ -46.118999480841353, 24.590000152585048, 0.0 ], [ -46.19599914574394, 24.5970001219581, 0.0 ] ] ] } },
{ "type": "Feature", "properties": { "Name": "North American:African", "Description": "<html xmlns:fo=\"http://www.w3.org/1999/XSL/Format\" xmlns:msxsl=\"urn:schemas-microsoft-com:xslt\">\n<head>\n<META http-equiv=\"Content-Type\" content=\"text/html\">\n<meta http-equiv=\"content-type\" content=\"text/html; charset=UTF-8\">\n</head>\n<body style=\"margin:0px 0px 0px 0px;overflow:auto;background:#FFFFFF;\">\n<table style=\"font-family:Arial,Verdana,Times;font-size:12px;text-align:left;width:100%;border-collapse:collapse;padding:3px 3px 3px 3px\">\n<tr style=\"text-align:center;font-weight:bold;background:#9CBCE2\">\n<td>North American:African</td>\n</tr>\n<tr>\n<td>\n<table style=\"font-family:Arial,Verdana,Times;font-size:12px;text-align:left;width:100%;border-spacing:0px; padding:3px 3px 3px 3px\">\n<tr>\n<td>NAME</td>\n<td>North American:African</td>\n</tr>\n<tr bgcolor=\"#D4E4F3\">\n<td>LABEL</td>\n<td>Transform Boundary</td>\n</tr>\n</table>\n</td>\n</tr>\n</table>\n</body>\n</html>", "LABEL": "Transform Boundary" }, "geometry": { "type": "MultiLineString", "coordinates": [ [ [ -46.47600173918886, 23.91699981718784, 0.0 ], [ -45.69900131216076, 23.784000396401211, 0.0 ], [ -44.923999786660772, 23.645999908668902, 0.0 ] ] ] } },
{ "type": "Feature", "properties": { "Name": "North American:Pacific", "Description": "<html xmlns:fo=\"http://www.w3.org/1999/XSL/Format\" xmlns:msxsl=\"urn:schemas-microsoft-com:xslt\">\n<head>\n<META http-equiv=\"Content-Type\" content=\"text/html\">\n<meta http-equiv=\"content-type\" content=\"text/html; charset=UTF-8\">\n</head>\n<body style=\"margin:0px 0px 0px 0px;overflow:auto;background:#FFFFFF;\">\n<table style=\"font-family:Arial,Verdana,Times;font-size:12px;text-align:left;width:100%;border-collapse:collapse;padding:3px 3px 3px 3px\">\n<tr style=\"text-align:center;font-weight:bold;background:#9CBCE2\">\n<td>North American:Pacific</td>\n</tr>\n<tr>\n<td>\n<table style=\"font-family:Arial,Verdana,Times;font-size:12px;text-align:left;width:100%;border-spacing:0px; padding:3px 3px 3px 3px\">\n<tr>\n<td>NAME</td>\n<td>North American:Pacific</td>\n</tr>\n<tr bgcolor=\"#D4E4F3\">\n<td>LABEL</td>\n<td>Transform Boundary</td>\n</tr>\n</table>\n</td>\n</tr>\n</table>\n</body>\n</html>", "LABEL": "Transform Boundary" }, "geometry": { "type": "MultiLineString", "coordinates": [ [ [ -108.357002258247604, 23.61400032065831, 0.0 ], [ -108.439002990995206, 23.673999786161229, 0.0 ], [ -108.610000610040103, 23.81399917632098, 0.0 ], [ -108.805999756083907, 23.983999252063882, 0.0 ], [ -109.001998901228305, 24.152000427177999, 0.0 ], [ -109.276000976963502, 24.395999908069371, 0.0 ] ] ] } },
{ "type": "Feature", "properties": { "Name": "North American:Pacific", "Description": "<html xmlns:fo=\"http://www.w3.org/1999/XSL/Format\" xmlns:msxsl=\"urn:schemas-microsoft-com:xslt\">\n<head>\n<META http-equiv=\"Content-Type\" content=\"text/html\">\n<meta http-equiv=\"content-type\" content=\"text/html; charset=UTF-8\">\n</head>\n<body style=\"margin:0px 0px 0px 0px;overflow:auto;background:#FFFFFF;\">\n<table style=\"font-family:Arial,Verdana,Times;font-size:12px;text-align:left;width:100%;border-collapse:collapse;padding:3px 3px 3px 3px\">\n<tr style=\"text-align:center;font-weight:bold;background:#9CBCE2\">\n<td>North American:Pacific</td>\n</tr>\n<tr>\n<td>\n<table style=\"font-family:Arial,Verdana,Times;font-size:12px;text-align:left;width:100%;border-spacing:0px; padding:3px 3px 3px 3px\">\n<tr>\n<td>NAME</td>\n<td>North American:Pacific</td>\n</tr>\n<tr bgcolor=\"#D4E4F3\">\n<td>LABEL</td>\n<td>Transform Boundary</td>\n</tr>\n</table>\n</td>\n</tr>\n</table>\n</body>\n</html>", "LABEL": "Transform Boundary" }, "geometry": { "type": "MultiLineString", "coordinates": [ [ [ -108.010002136489405, 22.98600006125389, 0.0 ], [ -108.388000488032105, 23.082000732747652, 0.0 ], [ -108.651000976413897, 23.240999222036521, 0.0 ] ] ] } },
{ "type": "Feature", "properties": { "Name": "North American:African", "Description": "<html xmlns:fo=\"http://www.w3.org/1999/XSL/Format\" xmlns:msxsl=\"urn:schemas-microsoft-com:xslt\">\n<head>\n<META http-equiv=\"Content-Type\" content=\"text/html\">\n<meta http-equiv=\"content-type\" content=\"text/html; charset=UTF-8\">\n</head>\n<body style=\"margin:0px 0px 0px 0px;overflow:auto;background:#FFFFFF;\">\n<table style=\"font-family:Arial,Verdana,Times;font-size:12px;text-align:left;width:100%;border-collapse:collapse;padding:3px 3px 3px 3px\">\n<tr style=\"text-align:center;font-weight:bold;background:#9CBCE2\">\n<td>North American:African</td>\n</tr>\n<tr>\n<td>\n<table style=\"font-family:Arial,Verdana,Times;font-size:12px;text-align:left;width:100%;border-spacing:0px; padding:3px 3px 3px 3px\">\n<tr>\n<td>NAME</td>\n<td>North American:African</td>\n</tr>\n<tr bgcolor=\"#D4E4F3\">\n<td>LABEL</td>\n<td>Transform Boundary</td>\n</tr>\n</table>\n</td>\n</tr>\n</table>\n</body>\n</html>", "LABEL": "Transform Boundary" }, "geometry": { "type": "MultiLineString", "coordinates": [ [ [ -45.02399826031143, 22.96299934414446, 0.0 ], [ -45.066001892373379, 22.97299957237243, 0.0 ] ] ] } },
{ "type": "Feature", "properties": { "Name": "Indian:Arabian", "Description": "<html xmlns:fo=\"http://www.w3.org/1999/XSL/Format\" xmlns:msxsl=\"urn:schemas-microsoft-com:xslt\">\n<head>\n<META http-equiv=\"Content-Type\" content=\"text/html\">\n<meta http-equiv=\"content-type\" content=\"text/html; charset=UTF-8\">\n</head>\n<body style=\"margin:0px 0px 0px 0px;overflow:auto;background:#FFFFFF;\">\n<table style=\"font-family:Arial,Verdana,Times;font-size:12px;text-align:left;width:100%;border-collapse:collapse;padding:3px 3px 3px 3px\">\n<tr style=\"text-align:center;font-weight:bold;background:#9CBCE2\">\n<td>Indian:Arabian</td>\n</tr>\n<tr>\n<td>\n<table style=\"font-family:Arial,Verdana,Times;font-size:12px;text-align:left;width:100%;border-spacing:0px; padding:3px 3px 3px 3px\">\n<tr>\n<td>NAME</td>\n<td>Indian:Arabian</td>\n</tr>\n<tr bgcolor=\"#D4E4F3\">\n<td>LABEL</td>\n<td>Transform Boundary</td>\n</tr>\n</table>\n</td>\n</tr>\n</table>\n</body>\n</html>", "LABEL": "Transform Boundary" }, "geometry": { "type": "MultiLineString", "coordinates": [ [ [ 65.027999878091975, 24.3819999693232, 0.0 ], [ 64.651000976413968, 24.038000106419819, 0.0 ], [ 64.275001525500045, 23.6940002444158, 0.0 ], [ 63.631000518359322, 23.20100021388879, 0.0 ], [ 62.876998900978549, 22.683000564724349, 0.0 ], [ 62.501998901727973, 22.38500022857772, 0.0 ], [ 62.131999969423077, 22.08300018281221, 0.0 ] ] ] } },
{ "type": "Feature", "properties": { "Name": "Pacific:Cocos", "Description": "<html xmlns:fo=\"http://www.w3.org/1999/XSL/Format\" xmlns:msxsl=\"urn:schemas-microsoft-com:xslt\">\n<head>\n<META http-equiv=\"Content-Type\" content=\"text/html\">\n<meta http-equiv=\"content-type\" content=\"text/html; charset=UTF-8\">\n</head>\n<body style=\"margin:0px 0px 0px 0px;overflow:auto;background:#FFFFFF;\">\n<table style=\"font-family:Arial,Verdana,Times;font-size:12px;text-align:left;width:100%;border-collapse:collapse;padding:3px 3px 3px 3px\">\n<tr style=\"text-align:center;font-weight:bold;background:#9CBCE2\">\n<td>Pacific:Cocos</td>\n</tr>\n<tr>\n<td>\n<table style=\"font-family:Arial,Verdana,Times;font-size:12px;text-align:left;width:100%;border-spacing:0px; padding:3px 3px 3px 3px\">\n<tr>\n<td>NAME</td>\n<td>Pacific:Cocos</td>\n</tr>\n<tr bgcolor=\"#D4E4F3\">\n<td>LABEL</td>\n<td>Transform Boundary</td>\n</tr>\n</table>\n</td>\n</tr>\n</table>\n</body>\n</html>", "LABEL": "Transform Boundary" }, "geometry": { "type": "MultiLineString", "coordinates": [ [ [ -108.676002502513398, 21.959999084590152, 0.0 ], [ -108.582000732547698, 21.90500068693223, 0.0 ] ] ] } },
{ "type": "Feature", "properties": { "Name": "North American:African", "Description": "<html xmlns:fo=\"http://www.w3.org/1999/XSL/Format\" xmlns:msxsl=\"urn:schemas-microsoft-com:xslt\">\n<head>\n<META http-equiv=\"Content-Type\" content=\"text/html\">\n<meta http-equiv=\"content-type\" content=\"text/html; charset=UTF-8\">\n</head>\n<body style=\"margin:0px 0px 0px 0px;overflow:auto;background:#FFFFFF;\">\n<table style=\"font-family:Arial,Verdana,Times;font-size:12px;text-align:left;width:100%;border-collapse:collapse;padding:3px 3px 3px 3px\">\n<tr style=\"text-align:center;font-weight:bold;background:#9CBCE2\">\n<td>North American:African</td>\n</tr>\n<tr>\n<td>\n<table style=\"font-family:Arial,Verdana,Times;font-size:12px;text-align:left;width:100%;border-spacing:0px; padding:3px 3px 3px 3px\">\n<tr>\n<td>NAME</td>\n<td>North American:African</td>\n</tr>\n<tr bgcolor=\"#D4E4F3\">\n<td>LABEL</td>\n<td>Transform Boundary</td>\n</tr>\n</table>\n</td>\n</tr>\n</table>\n</body>\n</html>", "LABEL": "Transform Boundary" }, "geometry": { "type": "MultiLineString", "coordinates": [ [ [ -45.248001098771617, 21.80599975568424, 0.0 ], [ -45.384998321715159, 21.822000503420551, 0.0 ] ] ] } },
{ "type": "Feature", "properties": { "Name": "Pacific:Cocos", "Description": "<html xmlns:fo=\"http://www.w3.org/1999/XSL/Format\" xmlns:msxsl=\"urn:schemas-microsoft-com:xslt\">\n<head>\n<META http-equiv=\"Content-Type\" content=\"text/html\">\n<meta http-equiv=\"content-type\" content=\"text/html; charset=UTF-8\">\n</head>\n<body style=\"margin:0px 0px 0px 0px;overflow:auto;background:#FFFFFF;\">\n<table style=\"font-family:Arial,Verdana,Times;font-size:12px;text-align:left;width:100%;border-collapse:collapse;padding:3px 3px 3px 3px\">\n<tr style=\"text-align:center;font-weight:bold;background:#9CBCE2\">\n<td>Pacific:Cocos</td>\n</tr>\n<tr>\n<td>\n<table style=\"font-family:Arial,Verdana,Times;font-size:12px;text-align:left;width:100%;border-spacing:0px; padding:3px 3px 3px 3px\">\n<tr>\n<td>NAME</td>\n<td>Pacific:Cocos</td>\n</tr>\n<tr bgcolor=\"#D4E4F3\">\n<td>LABEL</td>\n<td>Transform Boundary</td>\n</tr>\n</table>\n</td>\n</tr>\n</table>\n</body>\n</html>", "LABEL": "Transform Boundary" }, "geometry": { "type": "MultiLineString", "coordinates": [ [ [ -108.808998107476697, 21.2530002596543, 0.0 ], [ -108.976997375128803, 21.347000122157969, 0.0 ] ] ] } },
{ "type": "Feature", "properties": { "Name": "North American:African", "Description": "<html xmlns:fo=\"http://www.w3.org/1999/XSL/Format\" xmlns:msxsl=\"urn:schemas-microsoft-com:xslt\">\n<head>\n<META http-equiv=\"Content-Type\" content=\"text/html\">\n<meta http-equiv=\"content-type\" content=\"text/html; charset=UTF-8\">\n</head>\n<body style=\"margin:0px 0px 0px 0px;overflow:auto;background:#FFFFFF;\">\n<table style=\"font-family:Arial,Verdana,Times;font-size:12px;text-align:left;width:100%;border-collapse:collapse;padding:3px 3px 3px 3px\">\n<tr style=\"text-align:center;font-weight:bold;background:#9CBCE2\">\n<td>North American:African</td>\n</tr>\n<tr>\n<td>\n<table style=\"font-family:Arial,Verdana,Times;font-size:12px;text-align:left;width:100%;border-spacing:0px; padding:3px 3px 3px 3px\">\n<tr>\n<td>NAME</td>\n<td>North American:African</td>\n</tr>\n<tr bgcolor=\"#D4E4F3\">\n<td>LABEL</td>\n<td>Transform Boundary</td>\n</tr>\n</table>\n</td>\n</tr>\n</table>\n</body>\n</html>", "LABEL": "Transform Boundary" }, "geometry": { "type": "MultiLineString", "coordinates": [ [ [ -45.514999389310333, 21.246999741045268, 0.0 ], [ -45.418998717816521, 21.222000122407788, 0.0 ] ] ] } },
{ "type": "Feature", "properties": { "Name": "North American:African", "Description": "<html xmlns:fo=\"http://www.w3.org/1999/XSL/Format\" xmlns:msxsl=\"urn:schemas-microsoft-com:xslt\">\n<head>\n<META http-equiv=\"Content-Type\" content=\"text/html\">\n<meta http-equiv=\"content-type\" content=\"text/html; charset=UTF-8\">\n</head>\n<body style=\"margin:0px 0px 0px 0px;overflow:auto;background:#FFFFFF;\">\n<table style=\"font-family:Arial,Verdana,Times;font-size:12px;text-align:left;width:100%;border-collapse:collapse;padding:3px 3px 3px 3px\">\n<tr style=\"text-align:center;font-weight:bold;background:#9CBCE2\">\n<td>North American:African</td>\n</tr>\n<tr>\n<td>\n<table style=\"font-family:Arial,Verdana,Times;font-size:12px;text-align:left;width:100%;border-spacing:0px; padding:3px 3px 3px 3px\">\n<tr>\n<td>NAME</td>\n<td>North American:African</td>\n</tr>\n<tr bgcolor=\"#D4E4F3\">\n<td>LABEL</td>\n<td>Transform Boundary</td>\n</tr>\n</table>\n</td>\n</tr>\n</table>\n</body>\n</html>", "LABEL": "Transform Boundary" }, "geometry": { "type": "MultiLineString", "coordinates": [ [ [ -45.556999206448147, 20.596000671094149, 0.0 ], [ -45.773998260611222, 20.618000030876772, 0.0 ] ] ] } },
{ "type": "Feature", "properties": { "Name": "Pacific:Cocos", "Description": "<html xmlns:fo=\"http://www.w3.org/1999/XSL/Format\" xmlns:msxsl=\"urn:schemas-microsoft-com:xslt\">\n<head>\n<META http-equiv=\"Content-Type\" content=\"text/html\">\n<meta http-equiv=\"content-type\" content=\"text/html; charset=UTF-8\">\n</head>\n<body style=\"margin:0px 0px 0px 0px;overflow:auto;background:#FFFFFF;\">\n<table style=\"font-family:Arial,Verdana,Times;font-size:12px;text-align:left;width:100%;border-collapse:collapse;padding:3px 3px 3px 3px\">\n<tr style=\"text-align:center;font-weight:bold;background:#9CBCE2\">\n<td>Pacific:Cocos</td>\n</tr>\n<tr>\n<td>\n<table style=\"font-family:Arial,Verdana,Times;font-size:12px;text-align:left;width:100%;border-spacing:0px; padding:3px 3px 3px 3px\">\n<tr>\n<td>NAME</td>\n<td>Pacific:Cocos</td>\n</tr>\n<tr bgcolor=\"#D4E4F3\">\n<td>LABEL</td>\n<td>Transform Boundary</td>\n</tr>\n</table>\n</td>\n</tr>\n</table>\n</body>\n</html>", "LABEL": "Transform Boundary" }, "geometry": { "type": "MultiLineString", "coordinates": [ [ [ -109.186996459918703, 20.49999999960033, 0.0 ], [ -109.285003661889505, 20.558000564474529, 0.0 ] ] ] } },
{ "type": "Feature", "properties": { "Name": "North American:Caribbean", "Description": "<html xmlns:fo=\"http://www.w3.org/1999/XSL/Format\" xmlns:msxsl=\"urn:schemas-microsoft-com:xslt\">\n<head>\n<META http-equiv=\"Content-Type\" content=\"text/html\">\n<meta http-equiv=\"content-type\" content=\"text/html; charset=UTF-8\">\n</head>\n<body style=\"margin:0px 0px 0px 0px;overflow:auto;background:#FFFFFF;\">\n<table style=\"font-family:Arial,Verdana,Times;font-size:12px;text-align:left;width:100%;border-collapse:collapse;padding:3px 3px 3px 3px\">\n<tr style=\"text-align:center;font-weight:bold;background:#9CBCE2\">\n<td>North American:Caribbean</td>\n</tr>\n<tr>\n<td>\n<table style=\"font-family:Arial,Verdana,Times;font-size:12px;text-align:left;width:100%;border-spacing:0px; padding:3px 3px 3px 3px\">\n<tr>\n<td>NAME</td>\n<td>North American:Caribbean</td>\n</tr>\n<tr bgcolor=\"#D4E4F3\">\n<td>LABEL</td>\n<td>Transform Boundary</td>\n</tr>\n</table>\n</td>\n</tr>\n</table>\n</body>\n</html>", "LABEL": "Transform Boundary" }, "geometry": { "type": "MultiLineString", "coordinates": [ [ [ -73.238998412746525, 20.291000366473781, 0.0 ], [ -72.332000732148003, 20.330999374621509, 0.0 ], [ -71.8040008547556, 20.267000198600329, 0.0 ], [ -71.277000427227904, 20.201000213589062, 0.0 ] ] ] } },
{ "type": "Feature", "properties": { "Name": "North American:Caribbean", "Description": "<html xmlns:fo=\"http://www.w3.org/1999/XSL/Format\" xmlns:msxsl=\"urn:schemas-microsoft-com:xslt\">\n<head>\n<META http-equiv=\"Content-Type\" content=\"text/html\">\n<meta http-equiv=\"content-type\" content=\"text/html; charset=UTF-8\">\n</head>\n<body style=\"margin:0px 0px 0px 0px;overflow:auto;background:#FFFFFF;\">\n<table style=\"font-family:Arial,Verdana,Times;font-size:12px;text-align:left;width:100%;border-collapse:collapse;padding:3px 3px 3px 3px\">\n<tr style=\"text-align:center;font-weight:bold;background:#9CBCE2\">\n<td>North American:Caribbean</td>\n</tr>\n<tr>\n<td>\n<table style=\"font-family:Arial,Verdana,Times;font-size:12px;text-align:left;width:100%;border-spacing:0px; padding:3px 3px 3px 3px\">\n<tr>\n<td>NAME</td>\n<td>North American:Caribbean</td>\n</tr>\n<tr bgcolor=\"#D4E4F3\">\n<td>LABEL</td>\n<td>Transform Boundary</td>\n</tr>\n</table>\n</td>\n</tr>\n</table>\n</body>\n</html>", "LABEL": "Transform Boundary" }, "geometry": { "type": "MultiLineString", "coordinates": [ [ [ -76.356002807583479, 19.844999313467611, 0.0 ], [ -75.72899627655687, 19.94199943572545, 0.0 ], [ -75.238998413246122, 19.989999771472299, 0.0 ], [ -74.749000549036055, 20.037000656455181, 0.0 ], [ -73.994003295815389, 20.166000365824289, 0.0 ], [ -73.238998412746525, 20.291000366473781, 0.0 ] ] ] } },
{ "type": "Feature", "properties": { "Name": "Indian:Arabian", "Description": "<html xmlns:fo=\"http://www.w3.org/1999/XSL/Format\" xmlns:msxsl=\"urn:schemas-microsoft-com:xslt\">\n<head>\n<META http-equiv=\"Content-Type\" content=\"text/html\">\n<meta http-equiv=\"content-type\" content=\"text/html; charset=UTF-8\">\n</head>\n<body style=\"margin:0px 0px 0px 0px;overflow:auto;background:#FFFFFF;\">\n<table style=\"font-family:Arial,Verdana,Times;font-size:12px;text-align:left;width:100%;border-collapse:collapse;padding:3px 3px 3px 3px\">\n<tr style=\"text-align:center;font-weight:bold;background:#9CBCE2\">\n<td>Indian:Arabian</td>\n</tr>\n<tr>\n<td>\n<table style=\"font-family:Arial,Verdana,Times;font-size:12px;text-align:left;width:100%;border-spacing:0px; padding:3px 3px 3px 3px\">\n<tr>\n<td>NAME</td>\n<td>Indian:Arabian</td>\n</tr>\n<tr bgcolor=\"#D4E4F3\">\n<td>LABEL</td>\n<td>Transform Boundary</td>\n</tr>\n</table>\n</td>\n</tr>\n</table>\n</body>\n</html>", "LABEL": "Transform Boundary" }, "geometry": { "type": "MultiLineString", "coordinates": [ [ [ 62.096000671793597, 21.42499923692532, 0.0 ], [ 61.847999572921992, 21.12599945091398, 0.0 ], [ 61.492000580262641, 20.643999099378959, 0.0 ], [ 61.229999542644812, 20.229999541845419, 0.0 ], [ 60.970001220579952, 19.812999725457018, 0.0 ] ] ] } },
{ "type": "Feature", "properties": { "Name": "North American:African", "Description": "<html xmlns:fo=\"http://www.w3.org/1999/XSL/Format\" xmlns:msxsl=\"urn:schemas-microsoft-com:xslt\">\n<head>\n<META http-equiv=\"Content-Type\" content=\"text/html\">\n<meta http-equiv=\"content-type\" content=\"text/html; charset=UTF-8\">\n</head>\n<body style=\"margin:0px 0px 0px 0px;overflow:auto;background:#FFFFFF;\">\n<table style=\"font-family:Arial,Verdana,Times;font-size:12px;text-align:left;width:100%;border-collapse:collapse;padding:3px 3px 3px 3px\">\n<tr style=\"text-align:center;font-weight:bold;background:#9CBCE2\">\n<td>North American:African</td>\n</tr>\n<tr>\n<td>\n<table style=\"font-family:Arial,Verdana,Times;font-size:12px;text-align:left;width:100%;border-spacing:0px; padding:3px 3px 3px 3px\">\n<tr>\n<td>NAME</td>\n<td>North American:African</td>\n</tr>\n<tr bgcolor=\"#D4E4F3\">\n<td>LABEL</td>\n<td>Transform Boundary</td>\n</tr>\n</table>\n</td>\n</tr>\n</table>\n</body>\n</html>", "LABEL": "Transform Boundary" }, "geometry": { "type": "MultiLineString", "coordinates": [ [ [ -45.939998626735189, 19.802000045565709, 0.0 ], [ -46.000999450464242, 19.822999954584301, 0.0 ] ] ] } },
{ "type": "Feature", "properties": { "Name": "North American:Caribbean", "Description": "<html xmlns:fo=\"http://www.w3.org/1999/XSL/Format\" xmlns:msxsl=\"urn:schemas-microsoft-com:xslt\">\n<head>\n<META http-equiv=\"Content-Type\" content=\"text/html\">\n<meta http-equiv=\"content-type\" content=\"text/html; charset=UTF-8\">\n</head>\n<body style=\"margin:0px 0px 0px 0px;overflow:auto;background:#FFFFFF;\">\n<table style=\"font-family:Arial,Verdana,Times;font-size:12px;text-align:left;width:100%;border-collapse:collapse;padding:3px 3px 3px 3px\">\n<tr style=\"text-align:center;font-weight:bold;background:#9CBCE2\">\n<td>North American:Caribbean</td>\n</tr>\n<tr>\n<td>\n<table style=\"font-family:Arial,Verdana,Times;font-size:12px;text-align:left;width:100%;border-spacing:0px; padding:3px 3px 3px 3px\">\n<tr>\n<td>NAME</td>\n<td>North American:Caribbean</td>\n</tr>\n<tr bgcolor=\"#D4E4F3\">\n<td>LABEL</td>\n<td>Transform Boundary</td>\n</tr>\n</table>\n</td>\n</tr>\n</table>\n</body>\n</html>", "LABEL": "Transform Boundary" }, "geometry": { "type": "MultiLineString", "coordinates": [ [ [ -69.977996826492301, 19.802000045565709, 0.0 ], [ -69.41500091535994, 19.695999145843931, 0.0 ] ] ] } },
{ "type": "Feature", "properties": { "Name": "Pacific:Cocos", "Description": "<html xmlns:fo=\"http://www.w3.org/1999/XSL/Format\" xmlns:msxsl=\"urn:schemas-microsoft-com:xslt\">\n<head>\n<META http-equiv=\"Content-Type\" content=\"text/html\">\n<meta http-equiv=\"content-type\" content=\"text/html; charset=UTF-8\">\n</head>\n<body style=\"margin:0px 0px 0px 0px;overflow:auto;background:#FFFFFF;\">\n<table style=\"font-family:Arial,Verdana,Times;font-size:12px;text-align:left;width:100%;border-collapse:collapse;padding:3px 3px 3px 3px\">\n<tr style=\"text-align:center;font-weight:bold;background:#9CBCE2\">\n<td>Pacific:Cocos</td>\n</tr>\n<tr>\n<td>\n<table style=\"font-family:Arial,Verdana,Times;font-size:12px;text-align:left;width:100%;border-spacing:0px; padding:3px 3px 3px 3px\">\n<tr>\n<td>NAME</td>\n<td>Pacific:Cocos</td>\n</tr>\n<tr bgcolor=\"#D4E4F3\">\n<td>LABEL</td>\n<td>Transform Boundary</td>\n</tr>\n</table>\n</td>\n</tr>\n</table>\n</body>\n</html>", "LABEL": "Transform Boundary" }, "geometry": { "type": "MultiLineString", "coordinates": [ [ [ -108.902999878341703, 19.624999999550369, 0.0 ], [ -109.160003662139303, 19.80599975608391, 0.0 ], [ -109.449996948300495, 20.027000427327891, 0.0 ] ] ] } },
{ "type": "Feature", "properties": { "Name": "North American:Caribbean", "Description": "<html xmlns:fo=\"http://www.w3.org/1999/XSL/Format\" xmlns:msxsl=\"urn:schemas-microsoft-com:xslt\">\n<head>\n<META http-equiv=\"Content-Type\" content=\"text/html\">\n<meta http-equiv=\"content-type\" content=\"text/html; charset=UTF-8\">\n</head>\n<body style=\"margin:0px 0px 0px 0px;overflow:auto;background:#FFFFFF;\">\n<table style=\"font-family:Arial,Verdana,Times;font-size:12px;text-align:left;width:100%;border-collapse:collapse;padding:3px 3px 3px 3px\">\n<tr style=\"text-align:center;font-weight:bold;background:#9CBCE2\">\n<td>North American:Caribbean</td>\n</tr>\n<tr>\n<td>\n<table style=\"font-family:Arial,Verdana,Times;font-size:12px;text-align:left;width:100%;border-spacing:0px; padding:3px 3px 3px 3px\">\n<tr>\n<td>NAME</td>\n<td>North American:Caribbean</td>\n</tr>\n<tr bgcolor=\"#D4E4F3\">\n<td>LABEL</td>\n<td>Transform Boundary</td>\n</tr>\n</table>\n</td>\n</tr>\n</table>\n</body>\n</html>", "LABEL": "Transform Boundary" }, "geometry": { "type": "MultiLineString", "coordinates": [ [ [ -69.41500091535994, 19.695999145843931, 0.0 ], [ -68.85299682604267, 19.589000701920899, 0.0 ], [ -68.022003173607516, 19.687000274942761, 0.0 ], [ -67.530998229684485, 19.72100067104418, 0.0 ], [ -67.04000091560971, 19.7539997098188, 0.0 ], [ -66.259002685525502, 19.825000762675131, 0.0 ], [ -65.694000243916093, 19.829000473193329, 0.0 ], [ -65.128997802306685, 19.83300018281221, 0.0 ], [ -64.344001770065574, 19.77899932845628, 0.0 ], [ -63.759998321864998, 19.724000930798351, 0.0 ], [ -63.360000610539707, 19.690999984561699, 0.0 ] ] ] } },
{ "type": "Feature", "properties": { "Name": "Pacific:Cocos", "Description": "<html xmlns:fo=\"http://www.w3.org/1999/XSL/Format\" xmlns:msxsl=\"urn:schemas-microsoft-com:xslt\">\n<head>\n<META http-equiv=\"Content-Type\" content=\"text/html\">\n<meta http-equiv=\"content-type\" content=\"text/html; charset=UTF-8\">\n</head>\n<body style=\"margin:0px 0px 0px 0px;overflow:auto;background:#FFFFFF;\">\n<table style=\"font-family:Arial,Verdana,Times;font-size:12px;text-align:left;width:100%;border-collapse:collapse;padding:3px 3px 3px 3px\">\n<tr style=\"text-align:center;font-weight:bold;background:#9CBCE2\">\n<td>Pacific:Cocos</td>\n</tr>\n<tr>\n<td>\n<table style=\"font-family:Arial,Verdana,Times;font-size:12px;text-align:left;width:100%;border-spacing:0px; padding:3px 3px 3px 3px\">\n<tr>\n<td>NAME</td>\n<td>Pacific:Cocos</td>\n</tr>\n<tr bgcolor=\"#D4E4F3\">\n<td>LABEL</td>\n<td>Transform Boundary</td>\n</tr>\n</table>\n</td>\n</tr>\n</table>\n</body>\n</html>", "LABEL": "Transform Boundary" }, "geometry": { "type": "MultiLineString", "coordinates": [ [ [ -108.197998046572494, 19.222999572672169, 0.0 ], [ -108.533996581876707, 19.38400077841322, 0.0 ], [ -108.896003722993399, 19.549999237075159, 0.0 ] ] ] } },
{ "type": "Feature", "properties": { "Name": "North American:African", "Description": "<html xmlns:fo=\"http://www.w3.org/1999/XSL/Format\" xmlns:msxsl=\"urn:schemas-microsoft-com:xslt\">\n<head>\n<META http-equiv=\"Content-Type\" content=\"text/html\">\n<meta http-equiv=\"content-type\" content=\"text/html; charset=UTF-8\">\n</head>\n<body style=\"margin:0px 0px 0px 0px;overflow:auto;background:#FFFFFF;\">\n<table style=\"font-family:Arial,Verdana,Times;font-size:12px;text-align:left;width:100%;border-collapse:collapse;padding:3px 3px 3px 3px\">\n<tr style=\"text-align:center;font-weight:bold;background:#9CBCE2\">\n<td>North American:African</td>\n</tr>\n<tr>\n<td>\n<table style=\"font-family:Arial,Verdana,Times;font-size:12px;text-align:left;width:100%;border-spacing:0px; padding:3px 3px 3px 3px\">\n<tr>\n<td>NAME</td>\n<td>North American:African</td>\n</tr>\n<tr bgcolor=\"#D4E4F3\">\n<td>LABEL</td>\n<td>Transform Boundary</td>\n</tr>\n</table>\n</td>\n</tr>\n</table>\n</body>\n</html>", "LABEL": "Transform Boundary" }, "geometry": { "type": "MultiLineString", "coordinates": [ [ [ -46.183998107626508, 18.931999206798029, 0.0 ], [ -46.223999023236267, 18.934999465652879, 0.0 ] ] ] } },
{ "type": "Feature", "properties": { "Name": "North American:Caribbean", "Description": "<html xmlns:fo=\"http://www.w3.org/1999/XSL/Format\" xmlns:msxsl=\"urn:schemas-microsoft-com:xslt\">\n<head>\n<META http-equiv=\"Content-Type\" content=\"text/html\">\n<meta http-equiv=\"content-type\" content=\"text/html; charset=UTF-8\">\n</head>\n<body style=\"margin:0px 0px 0px 0px;overflow:auto;background:#FFFFFF;\">\n<table style=\"font-family:Arial,Verdana,Times;font-size:12px;text-align:left;width:100%;border-collapse:collapse;padding:3px 3px 3px 3px\">\n<tr style=\"text-align:center;font-weight:bold;background:#9CBCE2\">\n<td>North American:Caribbean</td>\n</tr>\n<tr>\n<td>\n<table style=\"font-family:Arial,Verdana,Times;font-size:12px;text-align:left;width:100%;border-spacing:0px; padding:3px 3px 3px 3px\">\n<tr>\n<td>NAME</td>\n<td>North American:Caribbean</td>\n</tr>\n<tr bgcolor=\"#D4E4F3\">\n<td>LABEL</td>\n<td>Transform Boundary</td>\n</tr>\n</table>\n</td>\n</tr>\n</table>\n</body>\n</html>", "LABEL": "Transform Boundary" }, "geometry": { "type": "MultiLineString", "coordinates": [ [ [ -81.75399780235665, 18.864999771022671, 0.0 ], [ -81.255996703984636, 18.959999084290359, 0.0 ], [ -80.758003234561613, 19.05400085425606, 0.0 ], [ -80.20999908488983, 19.159999847415069, 0.0 ], [ -79.660003661739552, 19.26399993904602, 0.0 ], [ -79.011001586753764, 19.381999969423081, 0.0 ], [ -78.361000061003949, 19.496999740945341, 0.0 ], [ -77.672996521172479, 19.622999191459542, 0.0 ], [ -76.983001708761833, 19.746999740445691, 0.0 ], [ -76.356002807583479, 19.844999313467611, 0.0 ] ] ] } },
{ "type": "Feature", "properties": { "Name": "Pacific:Cocos", "Description": "<html xmlns:fo=\"http://www.w3.org/1999/XSL/Format\" xmlns:msxsl=\"urn:schemas-microsoft-com:xslt\">\n<head>\n<META http-equiv=\"Content-Type\" content=\"text/html\">\n<meta http-equiv=\"content-type\" content=\"text/html; charset=UTF-8\">\n</head>\n<body style=\"margin:0px 0px 0px 0px;overflow:auto;background:#FFFFFF;\">\n<table style=\"font-family:Arial,Verdana,Times;font-size:12px;text-align:left;width:100%;border-collapse:collapse;padding:3px 3px 3px 3px\">\n<tr style=\"text-align:center;font-weight:bold;background:#9CBCE2\">\n<td>Pacific:Cocos</td>\n</tr>\n<tr>\n<td>\n<table style=\"font-family:Arial,Verdana,Times;font-size:12px;text-align:left;width:100%;border-spacing:0px; padding:3px 3px 3px 3px\">\n<tr>\n<td>NAME</td>\n<td>Pacific:Cocos</td>\n</tr>\n<tr bgcolor=\"#D4E4F3\">\n<td>LABEL</td>\n<td>Transform Boundary</td>\n</tr>\n</table>\n</td>\n</tr>\n</table>\n</body>\n</html>", "LABEL": "Transform Boundary" }, "geometry": { "type": "MultiLineString", "coordinates": [ [ [ -106.244003296115196, 18.520000457355248, 0.0 ], [ -106.527000426928097, 18.544000625228708, 0.0 ], [ -106.755996704284399, 18.59000015288478, 0.0 ], [ -107.001998901627999, 18.64699935953286, 0.0 ], [ -107.272003173407697, 18.756000519008811, 0.0 ], [ -107.523002624571404, 18.863000869494559, 0.0 ], [ -107.816001891973698, 18.936000823878938, 0.0 ], [ -108.233001709261401, 19.107000351285251, 0.0 ] ] ] } },
{ "type": "Feature", "properties": { "Name": "North American:African", "Description": "<html xmlns:fo=\"http://www.w3.org/1999/XSL/Format\" xmlns:msxsl=\"urn:schemas-microsoft-com:xslt\">\n<head>\n<META http-equiv=\"Content-Type\" content=\"text/html\">\n<meta http-equiv=\"content-type\" content=\"text/html; charset=UTF-8\">\n</head>\n<body style=\"margin:0px 0px 0px 0px;overflow:auto;background:#FFFFFF;\">\n<table style=\"font-family:Arial,Verdana,Times;font-size:12px;text-align:left;width:100%;border-collapse:collapse;padding:3px 3px 3px 3px\">\n<tr style=\"text-align:center;font-weight:bold;background:#9CBCE2\">\n<td>North American:African</td>\n</tr>\n<tr>\n<td>\n<table style=\"font-family:Arial,Verdana,Times;font-size:12px;text-align:left;width:100%;border-spacing:0px; padding:3px 3px 3px 3px\">\n<tr>\n<td>NAME</td>\n<td>North American:African</td>\n</tr>\n<tr bgcolor=\"#D4E4F3\">\n<td>LABEL</td>\n<td>Transform Boundary</td>\n</tr>\n</table>\n</td>\n</tr>\n</table>\n</body>\n</html>", "LABEL": "Transform Boundary" }, "geometry": { "type": "MultiLineString", "coordinates": [ [ [ -46.318000793201982, 18.420999527006639, 0.0 ], [ -46.390998840124333, 18.422000885232709, 0.0 ] ] ] } },
{ "type": "Feature", "properties": { "Name": "Pacific:Cocos", "Description": "<html xmlns:fo=\"http://www.w3.org/1999/XSL/Format\" xmlns:msxsl=\"urn:schemas-microsoft-com:xslt\">\n<head>\n<META http-equiv=\"Content-Type\" content=\"text/html\">\n<meta http-equiv=\"content-type\" content=\"text/html; charset=UTF-8\">\n</head>\n<body style=\"margin:0px 0px 0px 0px;overflow:auto;background:#FFFFFF;\">\n<table style=\"font-family:Arial,Verdana,Times;font-size:12px;text-align:left;width:100%;border-collapse:collapse;padding:3px 3px 3px 3px\">\n<tr style=\"text-align:center;font-weight:bold;background:#9CBCE2\">\n<td>Pacific:Cocos</td>\n</tr>\n<tr>\n<td>\n<table style=\"font-family:Arial,Verdana,Times;font-size:12px;text-align:left;width:100%;border-spacing:0px; padding:3px 3px 3px 3px\">\n<tr>\n<td>NAME</td>\n<td>Pacific:Cocos</td>\n</tr>\n<tr bgcolor=\"#D4E4F3\">\n<td>LABEL</td>\n<td>Transform Boundary</td>\n</tr>\n</table>\n</td>\n</tr>\n</table>\n</body>\n</html>", "LABEL": "Transform Boundary" }, "geometry": { "type": "MultiLineString", "coordinates": [ [ [ -105.5859985353041, 17.881000518958839, 0.0 ], [ -106.307998657212195, 17.929000854705748, 0.0 ] ] ] } },
{ "type": "Feature", "properties": { "Name": "North American:African", "Description": "<html xmlns:fo=\"http://www.w3.org/1999/XSL/Format\" xmlns:msxsl=\"urn:schemas-microsoft-com:xslt\">\n<head>\n<META http-equiv=\"Content-Type\" content=\"text/html\">\n<meta http-equiv=\"content-type\" content=\"text/html; charset=UTF-8\">\n</head>\n<body style=\"margin:0px 0px 0px 0px;overflow:auto;background:#FFFFFF;\">\n<table style=\"font-family:Arial,Verdana,Times;font-size:12px;text-align:left;width:100%;border-collapse:collapse;padding:3px 3px 3px 3px\">\n<tr style=\"text-align:center;font-weight:bold;background:#9CBCE2\">\n<td>North American:African</td>\n</tr>\n<tr>\n<td>\n<table style=\"font-family:Arial,Verdana,Times;font-size:12px;text-align:left;width:100%;border-spacing:0px; padding:3px 3px 3px 3px\">\n<tr>\n<td>NAME</td>\n<td>North American:African</td>\n</tr>\n<tr bgcolor=\"#D4E4F3\">\n<td>LABEL</td>\n<td>Transform Boundary</td>\n</tr>\n</table>\n</td>\n</tr>\n</table>\n</body>\n</html>", "LABEL": "Transform Boundary" }, "geometry": { "type": "MultiLineString", "coordinates": [ [ [ -46.520000457854792, 17.587999344094499, 0.0 ], [ -46.407001495322731, 17.565999984311869, 0.0 ] ] ] } },
{ "type": "Feature", "properties": { "Name": "North American:African", "Description": "<html xmlns:fo=\"http://www.w3.org/1999/XSL/Format\" xmlns:msxsl=\"urn:schemas-microsoft-com:xslt\">\n<head>\n<META http-equiv=\"Content-Type\" content=\"text/html\">\n<meta http-equiv=\"content-type\" content=\"text/html; charset=UTF-8\">\n</head>\n<body style=\"margin:0px 0px 0px 0px;overflow:auto;background:#FFFFFF;\">\n<table style=\"font-family:Arial,Verdana,Times;font-size:12px;text-align:left;width:100%;border-collapse:collapse;padding:3px 3px 3px 3px\">\n<tr style=\"text-align:center;font-weight:bold;background:#9CBCE2\">\n<td>North American:African</td>\n</tr>\n<tr>\n<td>\n<table style=\"font-family:Arial,Verdana,Times;font-size:12px;text-align:left;width:100%;border-spacing:0px; padding:3px 3px 3px 3px\">\n<tr>\n<td>NAME</td>\n<td>North American:African</td>\n</tr>\n<tr bgcolor=\"#D4E4F3\">\n<td>LABEL</td>\n<td>Transform Boundary</td>\n</tr>\n</table>\n</td>\n</tr>\n</table>\n</body>\n</html>", "LABEL": "Transform Boundary" }, "geometry": { "type": "MultiLineString", "coordinates": [ [ [ -46.589000701720977, 16.607000350885532, 0.0 ], [ -46.528999328755958, 16.586999893530329, 0.0 ] ] ] } },
{ "type": "Feature", "properties": { "Name": "North American:Caribbean", "Description": "<html xmlns:fo=\"http://www.w3.org/1999/XSL/Format\" xmlns:msxsl=\"urn:schemas-microsoft-com:xslt\">\n<head>\n<META http-equiv=\"Content-Type\" content=\"text/html\">\n<meta http-equiv=\"content-type\" content=\"text/html; charset=UTF-8\">\n</head>\n<body style=\"margin:0px 0px 0px 0px;overflow:auto;background:#FFFFFF;\">\n<table style=\"font-family:Arial,Verdana,Times;font-size:12px;text-align:left;width:100%;border-collapse:collapse;padding:3px 3px 3px 3px\">\n<tr style=\"text-align:center;font-weight:bold;background:#9CBCE2\">\n<td>North American:Caribbean</td>\n</tr>\n<tr>\n<td>\n<table style=\"font-family:Arial,Verdana,Times;font-size:12px;text-align:left;width:100%;border-spacing:0px; padding:3px 3px 3px 3px\">\n<tr>\n<td>NAME</td>\n<td>North American:Caribbean</td>\n</tr>\n<tr bgcolor=\"#D4E4F3\">\n<td>LABEL</td>\n<td>Transform Boundary</td>\n</tr>\n</table>\n</td>\n</tr>\n</table>\n</body>\n</html>", "LABEL": "Transform Boundary" }, "geometry": { "type": "MultiLineString", "coordinates": [ [ [ -86.966003417523666, 16.47599983252633, 0.0 ], [ -86.319999694830017, 16.694000244016081, 0.0 ], [ -85.670997619844229, 16.910999298179089, 0.0 ], [ -84.910003662039344, 17.107000350785601, 0.0 ], [ -84.248001099071416, 17.34399986230386, 0.0 ], [ -83.706001282033526, 17.48100090017147, 0.0 ], [ -82.864997864060115, 17.625999450714119, 0.0 ], [ -82.244003295515654, 17.690999984961369, 0.0 ], [ -81.624999999550312, 17.802000045965372, 0.0 ] ] ] } },
{ "type": "Feature", "properties": { "Name": "African:South American", "Description": "<html xmlns:fo=\"http://www.w3.org/1999/XSL/Format\" xmlns:msxsl=\"urn:schemas-microsoft-com:xslt\">\n<head>\n<META http-equiv=\"Content-Type\" content=\"text/html\">\n<meta http-equiv=\"content-type\" content=\"text/html; charset=UTF-8\">\n</head>\n<body style=\"margin:0px 0px 0px 0px;overflow:auto;background:#FFFFFF;\">\n<table style=\"font-family:Arial,Verdana,Times;font-size:12px;text-align:left;width:100%;border-collapse:collapse;padding:3px 3px 3px 3px\">\n<tr style=\"text-align:center;font-weight:bold;background:#9CBCE2\">\n<td>African:South American</td>\n</tr>\n<tr>\n<td>\n<table style=\"font-family:Arial,Verdana,Times;font-size:12px;text-align:left;width:100%;border-spacing:0px; padding:3px 3px 3px 3px\">\n<tr>\n<td>NAME</td>\n<td>African:South American</td>\n</tr>\n<tr bgcolor=\"#D4E4F3\">\n<td>LABEL</td>\n<td>Transform Boundary</td>\n</tr>\n</table>\n</td>\n</tr>\n</table>\n</body>\n</html>", "LABEL": "Transform Boundary" }, "geometry": { "type": "MultiLineString", "coordinates": [ [ [ -45.130001068394563, 15.267000198700259, 0.0 ], [ -45.946998596108301, 15.359999656259159, 0.0 ], [ -46.765998840274221, 15.45100021318933, 0.0 ] ] ] } },
{ "type": "Feature", "properties": { "Name": "Pacific:Cocos", "Description": "<html xmlns:fo=\"http://www.w3.org/1999/XSL/Format\" xmlns:msxsl=\"urn:schemas-microsoft-com:xslt\">\n<head>\n<META http-equiv=\"Content-Type\" content=\"text/html\">\n<meta http-equiv=\"content-type\" content=\"text/html; charset=UTF-8\">\n</head>\n<body style=\"margin:0px 0px 0px 0px;overflow:auto;background:#FFFFFF;\">\n<table style=\"font-family:Arial,Verdana,Times;font-size:12px;text-align:left;width:100%;border-collapse:collapse;padding:3px 3px 3px 3px\">\n<tr style=\"text-align:center;font-weight:bold;background:#9CBCE2\">\n<td>Pacific:Cocos</td>\n</tr>\n<tr>\n<td>\n<table style=\"font-family:Arial,Verdana,Times;font-size:12px;text-align:left;width:100%;border-spacing:0px; padding:3px 3px 3px 3px\">\n<tr>\n<td>NAME</td>\n<td>Pacific:Cocos</td>\n</tr>\n<tr bgcolor=\"#D4E4F3\">\n<td>LABEL</td>\n<td>Transform Boundary</td>\n</tr>\n</table>\n</td>\n</tr>\n</table>\n</body>\n</html>", "LABEL": "Transform Boundary" }, "geometry": { "type": "MultiLineString", "coordinates": [ [ [ -104.690002441159706, 15.274000168073369, 0.0 ], [ -105.319999694630198, 15.107999801949351, 0.0 ] ] ] } },
{ "type": "Feature", "properties": { "Name": "Indian:Arabian", "Description": "<html xmlns:fo=\"http://www.w3.org/1999/XSL/Format\" xmlns:msxsl=\"urn:schemas-microsoft-com:xslt\">\n<head>\n<META http-equiv=\"Content-Type\" content=\"text/html\">\n<meta http-equiv=\"content-type\" content=\"text/html; charset=UTF-8\">\n</head>\n<body style=\"margin:0px 0px 0px 0px;overflow:auto;background:#FFFFFF;\">\n<table style=\"font-family:Arial,Verdana,Times;font-size:12px;text-align:left;width:100%;border-collapse:collapse;padding:3px 3px 3px 3px\">\n<tr style=\"text-align:center;font-weight:bold;background:#9CBCE2\">\n<td>Indian:Arabian</td>\n</tr>\n<tr>\n<td>\n<table style=\"font-family:Arial,Verdana,Times;font-size:12px;text-align:left;width:100%;border-spacing:0px; padding:3px 3px 3px 3px\">\n<tr>\n<td>NAME</td>\n<td>Indian:Arabian</td>\n</tr>\n<tr bgcolor=\"#D4E4F3\">\n<td>LABEL</td>\n<td>Transform Boundary</td>\n</tr>\n</table>\n</td>\n</tr>\n</table>\n</body>\n</html>", "LABEL": "Transform Boundary" }, "geometry": { "type": "MultiLineString", "coordinates": [ [ [ 59.409999847015399, 14.895000457405221, 0.0 ], [ 59.641998290688612, 15.2419996258821, 0.0 ], [ 59.909000397050761, 15.571999550039269, 0.0 ] ] ] } },
{ "type": "Feature", "properties": { "Name": "African:Arabian", "Description": "<html xmlns:fo=\"http://www.w3.org/1999/XSL/Format\" xmlns:msxsl=\"urn:schemas-microsoft-com:xslt\">\n<head>\n<META http-equiv=\"Content-Type\" content=\"text/html\">\n<meta http-equiv=\"content-type\" content=\"text/html; charset=UTF-8\">\n</head>\n<body style=\"margin:0px 0px 0px 0px;overflow:auto;background:#FFFFFF;\">\n<table style=\"font-family:Arial,Verdana,Times;font-size:12px;text-align:left;width:100%;border-collapse:collapse;padding:3px 3px 3px 3px\">\n<tr style=\"text-align:center;font-weight:bold;background:#9CBCE2\">\n<td>African:Arabian</td>\n</tr>\n<tr>\n<td>\n<table style=\"font-family:Arial,Verdana,Times;font-size:12px;text-align:left;width:100%;border-spacing:0px; padding:3px 3px 3px 3px\">\n<tr>\n<td>NAME</td>\n<td>African:Arabian</td>\n</tr>\n<tr bgcolor=\"#D4E4F3\">\n<td>LABEL</td>\n<td>Transform Boundary</td>\n</tr>\n</table>\n</td>\n</tr>\n</table>\n</body>\n</html>", "LABEL": "Transform Boundary" }, "geometry": { "type": "MultiLineString", "coordinates": [ [ [ 55.047000884883012, 14.711999892780851, 0.0 ], [ 55.108001708611987, 14.850999832176569, 0.0 ] ] ] } },
{ "type": "Feature", "properties": { "Name": "Indian:Arabian", "Description": "<html xmlns:fo=\"http://www.w3.org/1999/XSL/Format\" xmlns:msxsl=\"urn:schemas-microsoft-com:xslt\">\n<head>\n<META http-equiv=\"Content-Type\" content=\"text/html\">\n<meta http-equiv=\"content-type\" content=\"text/html; charset=UTF-8\">\n</head>\n<body style=\"margin:0px 0px 0px 0px;overflow:auto;background:#FFFFFF;\">\n<table style=\"font-family:Arial,Verdana,Times;font-size:12px;text-align:left;width:100%;border-collapse:collapse;padding:3px 3px 3px 3px\">\n<tr style=\"text-align:center;font-weight:bold;background:#9CBCE2\">\n<td>Indian:Arabian</td>\n</tr>\n<tr>\n<td>\n<table style=\"font-family:Arial,Verdana,Times;font-size:12px;text-align:left;width:100%;border-spacing:0px; padding:3px 3px 3px 3px\">\n<tr>\n<td>NAME</td>\n<td>Indian:Arabian</td>\n</tr>\n<tr bgcolor=\"#D4E4F3\">\n<td>LABEL</td>\n<td>Transform Boundary</td>\n</tr>\n</table>\n</td>\n</tr>\n</table>\n</body>\n</html>", "LABEL": "Transform Boundary" }, "geometry": { "type": "MultiLineString", "coordinates": [ [ [ 58.589000702220687, 14.6459999086689, 0.0 ], [ 59.034000397000803, 15.08800029787551, 0.0 ] ] ] } },
{ "type": "Feature", "properties": { "Name": "African:Arabian", "Description": "<html xmlns:fo=\"http://www.w3.org/1999/XSL/Format\" xmlns:msxsl=\"urn:schemas-microsoft-com:xslt\">\n<head>\n<META http-equiv=\"Content-Type\" content=\"text/html\">\n<meta http-equiv=\"content-type\" content=\"text/html; charset=UTF-8\">\n</head>\n<body style=\"margin:0px 0px 0px 0px;overflow:auto;background:#FFFFFF;\">\n<table style=\"font-family:Arial,Verdana,Times;font-size:12px;text-align:left;width:100%;border-collapse:collapse;padding:3px 3px 3px 3px\">\n<tr style=\"text-align:center;font-weight:bold;background:#9CBCE2\">\n<td>African:Arabian</td>\n</tr>\n<tr>\n<td>\n<table style=\"font-family:Arial,Verdana,Times;font-size:12px;text-align:left;width:100%;border-spacing:0px; padding:3px 3px 3px 3px\">\n<tr>\n<td>NAME</td>\n<td>African:Arabian</td>\n</tr>\n<tr bgcolor=\"#D4E4F3\">\n<td>LABEL</td>\n<td>Transform Boundary</td>\n</tr>\n</table>\n</td>\n</tr>\n</table>\n</body>\n</html>", "LABEL": "Transform Boundary" }, "geometry": { "type": "MultiLineString", "coordinates": [ [ [ 54.451000213489117, 14.62100029003142, 0.0 ], [ 54.511001587353412, 14.76000022852776, 0.0 ], [ 54.54899978651099, 14.869999885486379, 0.0 ] ] ] } },
{ "type": "Feature", "properties": { "Name": "Indian:Arabian", "Description": "<html xmlns:fo=\"http://www.w3.org/1999/XSL/Format\" xmlns:msxsl=\"urn:schemas-microsoft-com:xslt\">\n<head>\n<META http-equiv=\"Content-Type\" content=\"text/html\">\n<meta http-equiv=\"content-type\" content=\"text/html; charset=UTF-8\">\n</head>\n<body style=\"margin:0px 0px 0px 0px;overflow:auto;background:#FFFFFF;\">\n<table style=\"font-family:Arial,Verdana,Times;font-size:12px;text-align:left;width:100%;border-collapse:collapse;padding:3px 3px 3px 3px\">\n<tr style=\"text-align:center;font-weight:bold;background:#9CBCE2\">\n<td>Indian:Arabian</td>\n</tr>\n<tr>\n<td>\n<table style=\"font-family:Arial,Verdana,Times;font-size:12px;text-align:left;width:100%;border-spacing:0px; padding:3px 3px 3px 3px\">\n<tr>\n<td>NAME</td>\n<td>Indian:Arabian</td>\n</tr>\n<tr bgcolor=\"#D4E4F3\">\n<td>LABEL</td>\n<td>Transform Boundary</td>\n</tr>\n</table>\n</td>\n</tr>\n</table>\n</body>\n</html>", "LABEL": "Transform Boundary" }, "geometry": { "type": "MultiLineString", "coordinates": [ [ [ 57.98400115992564, 14.598999976967431, 0.0 ], [ 58.213001251306757, 14.91600036642382, 0.0 ] ] ] } },
{ "type": "Feature", "properties": { "Name": "African:Arabian", "Description": "<html xmlns:fo=\"http://www.w3.org/1999/XSL/Format\" xmlns:msxsl=\"urn:schemas-microsoft-com:xslt\">\n<head>\n<META http-equiv=\"Content-Type\" content=\"text/html\">\n<meta http-equiv=\"content-type\" content=\"text/html; charset=UTF-8\">\n</head>\n<body style=\"margin:0px 0px 0px 0px;overflow:auto;background:#FFFFFF;\">\n<table style=\"font-family:Arial,Verdana,Times;font-size:12px;text-align:left;width:100%;border-collapse:collapse;padding:3px 3px 3px 3px\">\n<tr style=\"text-align:center;font-weight:bold;background:#9CBCE2\">\n<td>African:Arabian</td>\n</tr>\n<tr>\n<td>\n<table style=\"font-family:Arial,Verdana,Times;font-size:12px;text-align:left;width:100%;border-spacing:0px; padding:3px 3px 3px 3px\">\n<tr>\n<td>NAME</td>\n<td>African:Arabian</td>\n</tr>\n<tr bgcolor=\"#D4E4F3\">\n<td>LABEL</td>\n<td>Transform Boundary</td>\n</tr>\n</table>\n</td>\n</tr>\n</table>\n</body>\n</html>", "LABEL": "Transform Boundary" }, "geometry": { "type": "MultiLineString", "coordinates": [ [ [ 52.666999817287767, 14.560999870347811, 0.0 ], [ 52.736999511917993, 14.680999755534341, 0.0 ] ] ] } },
{ "type": "Feature", "properties": { "Name": "African:Arabian", "Description": "<html xmlns:fo=\"http://www.w3.org/1999/XSL/Format\" xmlns:msxsl=\"urn:schemas-microsoft-com:xslt\">\n<head>\n<META http-equiv=\"Content-Type\" content=\"text/html\">\n<meta http-equiv=\"content-type\" content=\"text/html; charset=UTF-8\">\n</head>\n<body style=\"margin:0px 0px 0px 0px;overflow:auto;background:#FFFFFF;\">\n<table style=\"font-family:Arial,Verdana,Times;font-size:12px;text-align:left;width:100%;border-collapse:collapse;padding:3px 3px 3px 3px\">\n<tr style=\"text-align:center;font-weight:bold;background:#9CBCE2\">\n<td>African:Arabian</td>\n</tr>\n<tr>\n<td>\n<table style=\"font-family:Arial,Verdana,Times;font-size:12px;text-align:left;width:100%;border-spacing:0px; padding:3px 3px 3px 3px\">\n<tr>\n<td>NAME</td>\n<td>African:Arabian</td>\n</tr>\n<tr bgcolor=\"#D4E4F3\">\n<td>LABEL</td>\n<td>Transform Boundary</td>\n</tr>\n</table>\n</td>\n</tr>\n</table>\n</body>\n</html>", "LABEL": "Transform Boundary" }, "geometry": { "type": "MultiLineString", "coordinates": [ [ [ 53.210998534954463, 14.53800010651975, 0.0 ], [ 53.22000122077975, 14.562000274393201, 0.0 ] ] ] } },
{ "type": "Feature", "properties": { "Name": "African:Arabian", "Description": "<html xmlns:fo=\"http://www.w3.org/1999/XSL/Format\" xmlns:msxsl=\"urn:schemas-microsoft-com:xslt\">\n<head>\n<META http-equiv=\"Content-Type\" content=\"text/html\">\n<meta http-equiv=\"content-type\" content=\"text/html; charset=UTF-8\">\n</head>\n<body style=\"margin:0px 0px 0px 0px;overflow:auto;background:#FFFFFF;\">\n<table style=\"font-family:Arial,Verdana,Times;font-size:12px;text-align:left;width:100%;border-collapse:collapse;padding:3px 3px 3px 3px\">\n<tr style=\"text-align:center;font-weight:bold;background:#9CBCE2\">\n<td>African:Arabian</td>\n</tr>\n<tr>\n<td>\n<table style=\"font-family:Arial,Verdana,Times;font-size:12px;text-align:left;width:100%;border-spacing:0px; padding:3px 3px 3px 3px\">\n<tr>\n<td>NAME</td>\n<td>African:Arabian</td>\n</tr>\n<tr bgcolor=\"#D4E4F3\">\n<td>LABEL</td>\n<td>Transform Boundary</td>\n</tr>\n</table>\n</td>\n</tr>\n</table>\n</body>\n</html>", "LABEL": "Transform Boundary" }, "geometry": { "type": "MultiLineString", "coordinates": [ [ [ 53.861999511468362, 14.3509998322765, 0.0 ], [ 53.929000854705748, 14.48900032000881, 0.0 ], [ 54.018001556826448, 14.65699958766089, 0.0 ], [ 54.069000243966123, 14.77200031246451, 0.0 ] ] ] } },
{ "type": "Feature", "properties": { "Name": "African:Indian", "Description": "<html xmlns:fo=\"http://www.w3.org/1999/XSL/Format\" xmlns:msxsl=\"urn:schemas-microsoft-com:xslt\">\n<head>\n<META http-equiv=\"Content-Type\" content=\"text/html\">\n<meta http-equiv=\"content-type\" content=\"text/html; charset=UTF-8\">\n</head>\n<body style=\"margin:0px 0px 0px 0px;overflow:auto;background:#FFFFFF;\">\n<table style=\"font-family:Arial,Verdana,Times;font-size:12px;text-align:left;width:100%;border-collapse:collapse;padding:3px 3px 3px 3px\">\n<tr style=\"text-align:center;font-weight:bold;background:#9CBCE2\">\n<td>African:Indian</td>\n</tr>\n<tr>\n<td>\n<table style=\"font-family:Arial,Verdana,Times;font-size:12px;text-align:left;width:100%;border-spacing:0px; padding:3px 3px 3px 3px\">\n<tr>\n<td>NAME</td>\n<td>African:Indian</td>\n</tr>\n<tr bgcolor=\"#D4E4F3\">\n<td>LABEL</td>\n<td>Transform Boundary</td>\n</tr>\n</table>\n</td>\n</tr>\n</table>\n</body>\n</html>", "LABEL": "Transform Boundary" }, "geometry": { "type": "MultiLineString", "coordinates": [ [ [ 57.298999786411059, 13.77200031266438, 0.0 ], [ 57.30099868793917, 13.73999977137243, 0.0 ] ] ] } },
{ "type": "Feature", "properties": { "Name": "African:Arabian", "Description": "<html xmlns:fo=\"http://www.w3.org/1999/XSL/Format\" xmlns:msxsl=\"urn:schemas-microsoft-com:xslt\">\n<head>\n<META http-equiv=\"Content-Type\" content=\"text/html\">\n<meta http-equiv=\"content-type\" content=\"text/html; charset=UTF-8\">\n</head>\n<body style=\"margin:0px 0px 0px 0px;overflow:auto;background:#FFFFFF;\">\n<table style=\"font-family:Arial,Verdana,Times;font-size:12px;text-align:left;width:100%;border-collapse:collapse;padding:3px 3px 3px 3px\">\n<tr style=\"text-align:center;font-weight:bold;background:#9CBCE2\">\n<td>African:Arabian</td>\n</tr>\n<tr>\n<td>\n<table style=\"font-family:Arial,Verdana,Times;font-size:12px;text-align:left;width:100%;border-spacing:0px; padding:3px 3px 3px 3px\">\n<tr>\n<td>NAME</td>\n<td>African:Arabian</td>\n</tr>\n<tr bgcolor=\"#D4E4F3\">\n<td>LABEL</td>\n<td>Transform Boundary</td>\n</tr>\n</table>\n</td>\n</tr>\n</table>\n</body>\n</html>", "LABEL": "Transform Boundary" }, "geometry": { "type": "MultiLineString", "coordinates": [ [ [ 50.573001861746597, 13.218000411689671, 0.0 ], [ 50.660999298179149, 13.362000465649031, 0.0 ] ] ] } },
{ "type": "Feature", "properties": { "Name": "African:Arabian", "Description": "<html xmlns:fo=\"http://www.w3.org/1999/XSL/Format\" xmlns:msxsl=\"urn:schemas-microsoft-com:xslt\">\n<head>\n<META http-equiv=\"Content-Type\" content=\"text/html\">\n<meta http-equiv=\"content-type\" content=\"text/html; charset=UTF-8\">\n</head>\n<body style=\"margin:0px 0px 0px 0px;overflow:auto;background:#FFFFFF;\">\n<table style=\"font-family:Arial,Verdana,Times;font-size:12px;text-align:left;width:100%;border-collapse:collapse;padding:3px 3px 3px 3px\">\n<tr style=\"text-align:center;font-weight:bold;background:#9CBCE2\">\n<td>African:Arabian</td>\n</tr>\n<tr>\n<td>\n<table style=\"font-family:Arial,Verdana,Times;font-size:12px;text-align:left;width:100%;border-spacing:0px; padding:3px 3px 3px 3px\">\n<tr>\n<td>NAME</td>\n<td>African:Arabian</td>\n</tr>\n<tr bgcolor=\"#D4E4F3\">\n<td>LABEL</td>\n<td>Transform Boundary</td>\n</tr>\n</table>\n</td>\n</tr>\n</table>\n</body>\n</html>", "LABEL": "Transform Boundary" }, "geometry": { "type": "MultiLineString", "coordinates": [ [ [ 50.166999816888108, 13.123000145140621, 0.0 ], [ 50.251998901028507, 13.229000091580991, 0.0 ], [ 50.310001373364742, 13.31299972495737, 0.0 ] ] ] } },
{ "type": "Feature", "properties": { "Name": "African:Arabian", "Description": "<html xmlns:fo=\"http://www.w3.org/1999/XSL/Format\" xmlns:msxsl=\"urn:schemas-microsoft-com:xslt\">\n<head>\n<META http-equiv=\"Content-Type\" content=\"text/html\">\n<meta http-equiv=\"content-type\" content=\"text/html; charset=UTF-8\">\n</head>\n<body style=\"margin:0px 0px 0px 0px;overflow:auto;background:#FFFFFF;\">\n<table style=\"font-family:Arial,Verdana,Times;font-size:12px;text-align:left;width:100%;border-collapse:collapse;padding:3px 3px 3px 3px\">\n<tr style=\"text-align:center;font-weight:bold;background:#9CBCE2\">\n<td>African:Arabian</td>\n</tr>\n<tr>\n<td>\n<table style=\"font-family:Arial,Verdana,Times;font-size:12px;text-align:left;width:100%;border-spacing:0px; padding:3px 3px 3px 3px\">\n<tr>\n<td>NAME</td>\n<td>African:Arabian</td>\n</tr>\n<tr bgcolor=\"#D4E4F3\">\n<td>LABEL</td>\n<td>Transform Boundary</td>\n</tr>\n</table>\n</td>\n</tr>\n</table>\n</body>\n</html>", "LABEL": "Transform Boundary" }, "geometry": { "type": "MultiLineString", "coordinates": [ [ [ 51.252998352492, 13.121999740195919, 0.0 ], [ 51.342998504477457, 13.27200031276425, 0.0 ], [ 51.449001312560597, 13.45800018296211, 0.0 ], [ 51.569999695229797, 13.66699981698804, 0.0 ], [ 51.763000488082128, 14.027999877492389, 0.0 ], [ 51.939998626635372, 14.35299968708591, 0.0 ], [ 52.138999938996051, 14.689000129852159, 0.0 ] ] ] } },
{ "type": "Feature", "properties": { "Name": "African:Arabian", "Description": "<html xmlns:fo=\"http://www.w3.org/1999/XSL/Format\" xmlns:msxsl=\"urn:schemas-microsoft-com:xslt\">\n<head>\n<META http-equiv=\"Content-Type\" content=\"text/html\">\n<meta http-equiv=\"content-type\" content=\"text/html; charset=UTF-8\">\n</head>\n<body style=\"margin:0px 0px 0px 0px;overflow:auto;background:#FFFFFF;\">\n<table style=\"font-family:Arial,Verdana,Times;font-size:12px;text-align:left;width:100%;border-collapse:collapse;padding:3px 3px 3px 3px\">\n<tr style=\"text-align:center;font-weight:bold;background:#9CBCE2\">\n<td>African:Arabian</td>\n</tr>\n<tr>\n<td>\n<table style=\"font-family:Arial,Verdana,Times;font-size:12px;text-align:left;width:100%;border-spacing:0px; padding:3px 3px 3px 3px\">\n<tr>\n<td>NAME</td>\n<td>African:Arabian</td>\n</tr>\n<tr bgcolor=\"#D4E4F3\">\n<td>LABEL</td>\n<td>Transform Boundary</td>\n</tr>\n</table>\n</td>\n</tr>\n</table>\n</body>\n</html>", "LABEL": "Transform Boundary" }, "geometry": { "type": "MultiLineString", "coordinates": [ [ [ 49.472000121708277, 13.008000373618421, 0.0 ], [ 49.592998504377533, 13.16899967189738, 0.0 ], [ 49.680000304970179, 13.31299972495737, 0.0 ] ] ] } },
{ "type": "Feature", "properties": { "Name": "African:Arabian", "Description": "<html xmlns:fo=\"http://www.w3.org/1999/XSL/Format\" xmlns:msxsl=\"urn:schemas-microsoft-com:xslt\">\n<head>\n<META http-equiv=\"Content-Type\" content=\"text/html\">\n<meta http-equiv=\"content-type\" content=\"text/html; charset=UTF-8\">\n</head>\n<body style=\"margin:0px 0px 0px 0px;overflow:auto;background:#FFFFFF;\">\n<table style=\"font-family:Arial,Verdana,Times;font-size:12px;text-align:left;width:100%;border-collapse:collapse;padding:3px 3px 3px 3px\">\n<tr style=\"text-align:center;font-weight:bold;background:#9CBCE2\">\n<td>African:Arabian</td>\n</tr>\n<tr>\n<td>\n<table style=\"font-family:Arial,Verdana,Times;font-size:12px;text-align:left;width:100%;border-spacing:0px; padding:3px 3px 3px 3px\">\n<tr>\n<td>NAME</td>\n<td>African:Arabian</td>\n</tr>\n<tr bgcolor=\"#D4E4F3\">\n<td>LABEL</td>\n<td>Transform Boundary</td>\n</tr>\n</table>\n</td>\n</tr>\n</table>\n</body>\n</html>", "LABEL": "Transform Boundary" }, "geometry": { "type": "MultiLineString", "coordinates": [ [ [ 49.277999878091983, 12.802000046065301, 0.0 ], [ 49.348999023486222, 12.897000312614409, 0.0 ], [ 49.430000305469783, 13.041999817337739, 0.0 ] ] ] } },
{ "type": "Feature", "properties": { "Name": "African:Arabian", "Description": "<html xmlns:fo=\"http://www.w3.org/1999/XSL/Format\" xmlns:msxsl=\"urn:schemas-microsoft-com:xslt\">\n<head>\n<META http-equiv=\"Content-Type\" content=\"text/html\">\n<meta http-equiv=\"content-type\" content=\"text/html; charset=UTF-8\">\n</head>\n<body style=\"margin:0px 0px 0px 0px;overflow:auto;background:#FFFFFF;\">\n<table style=\"font-family:Arial,Verdana,Times;font-size:12px;text-align:left;width:100%;border-collapse:collapse;padding:3px 3px 3px 3px\">\n<tr style=\"text-align:center;font-weight:bold;background:#9CBCE2\">\n<td>African:Arabian</td>\n</tr>\n<tr>\n<td>\n<table style=\"font-family:Arial,Verdana,Times;font-size:12px;text-align:left;width:100%;border-spacing:0px; padding:3px 3px 3px 3px\">\n<tr>\n<td>NAME</td>\n<td>African:Arabian</td>\n</tr>\n<tr bgcolor=\"#D4E4F3\">\n<td>LABEL</td>\n<td>Transform Boundary</td>\n</tr>\n</table>\n</td>\n</tr>\n</table>\n</body>\n</html>", "LABEL": "Transform Boundary" }, "geometry": { "type": "MultiLineString", "coordinates": [ [ [ 48.803001403392102, 12.770000458054771, 0.0 ], [ 48.8819999698228, 12.90799999250572, 0.0 ] ] ] } },
{ "type": "Feature", "properties": { "Name": "African:South American", "Description": "<html xmlns:fo=\"http://www.w3.org/1999/XSL/Format\" xmlns:msxsl=\"urn:schemas-microsoft-com:xslt\">\n<head>\n<META http-equiv=\"Content-Type\" content=\"text/html\">\n<meta http-equiv=\"content-type\" content=\"text/html; charset=UTF-8\">\n</head>\n<body style=\"margin:0px 0px 0px 0px;overflow:auto;background:#FFFFFF;\">\n<table style=\"font-family:Arial,Verdana,Times;font-size:12px;text-align:left;width:100%;border-collapse:collapse;padding:3px 3px 3px 3px\">\n<tr style=\"text-align:center;font-weight:bold;background:#9CBCE2\">\n<td>African:South American</td>\n</tr>\n<tr>\n<td>\n<table style=\"font-family:Arial,Verdana,Times;font-size:12px;text-align:left;width:100%;border-spacing:0px; padding:3px 3px 3px 3px\">\n<tr>\n<td>NAME</td>\n<td>African:South American</td>\n</tr>\n<tr bgcolor=\"#D4E4F3\">\n<td>LABEL</td>\n<td>Transform Boundary</td>\n</tr>\n</table>\n</td>\n</tr>\n</table>\n</body>\n</html>", "LABEL": "Transform Boundary" }, "geometry": { "type": "MultiLineString", "coordinates": [ [ [ -44.262001037717653, 12.626000404095411, 0.0 ], [ -45.03699874919289, 12.68000030516998, 0.0 ] ] ] } },
{ "type": "Feature", "properties": { "Name": "African:Arabian", "Description": "<html xmlns:fo=\"http://www.w3.org/1999/XSL/Format\" xmlns:msxsl=\"urn:schemas-microsoft-com:xslt\">\n<head>\n<META http-equiv=\"Content-Type\" content=\"text/html\">\n<meta http-equiv=\"content-type\" content=\"text/html; charset=UTF-8\">\n</head>\n<body style=\"margin:0px 0px 0px 0px;overflow:auto;background:#FFFFFF;\">\n<table style=\"font-family:Arial,Verdana,Times;font-size:12px;text-align:left;width:100%;border-collapse:collapse;padding:3px 3px 3px 3px\">\n<tr style=\"text-align:center;font-weight:bold;background:#9CBCE2\">\n<td>African:Arabian</td>\n</tr>\n<tr>\n<td>\n<table style=\"font-family:Arial,Verdana,Times;font-size:12px;text-align:left;width:100%;border-spacing:0px; padding:3px 3px 3px 3px\">\n<tr>\n<td>NAME</td>\n<td>African:Arabian</td>\n</tr>\n<tr bgcolor=\"#D4E4F3\">\n<td>LABEL</td>\n<td>Transform Boundary</td>\n</tr>\n</table>\n</td>\n</tr>\n</table>\n</body>\n</html>", "LABEL": "Transform Boundary" }, "geometry": { "type": "MultiLineString", "coordinates": [ [ [ 48.348999023686019, 12.572999953784921, 0.0 ], [ 48.448001861496778, 12.72900009168092, 0.0 ] ] ] } },
{ "type": "Feature", "properties": { "Name": "African:Arabian", "Description": "<html xmlns:fo=\"http://www.w3.org/1999/XSL/Format\" xmlns:msxsl=\"urn:schemas-microsoft-com:xslt\">\n<head>\n<META http-equiv=\"Content-Type\" content=\"text/html\">\n<meta http-equiv=\"content-type\" content=\"text/html; charset=UTF-8\">\n</head>\n<body style=\"margin:0px 0px 0px 0px;overflow:auto;background:#FFFFFF;\">\n<table style=\"font-family:Arial,Verdana,Times;font-size:12px;text-align:left;width:100%;border-collapse:collapse;padding:3px 3px 3px 3px\">\n<tr style=\"text-align:center;font-weight:bold;background:#9CBCE2\">\n<td>African:Arabian</td>\n</tr>\n<tr>\n<td>\n<table style=\"font-family:Arial,Verdana,Times;font-size:12px;text-align:left;width:100%;border-spacing:0px; padding:3px 3px 3px 3px\">\n<tr>\n<td>NAME</td>\n<td>African:Arabian</td>\n</tr>\n<tr bgcolor=\"#D4E4F3\">\n<td>LABEL</td>\n<td>Transform Boundary</td>\n</tr>\n</table>\n</td>\n</tr>\n</table>\n</body>\n</html>", "LABEL": "Transform Boundary" }, "geometry": { "type": "MultiLineString", "coordinates": [ [ [ 47.90100097661383, 12.46100044291615, 0.0 ], [ 47.991001129498557, 12.58100032810273, 0.0 ], [ 48.048000335247309, 12.67099952680678, 0.0 ] ] ] } },
{ "type": "Feature", "properties": { "Name": "African:Arabian", "Description": "<html xmlns:fo=\"http://www.w3.org/1999/XSL/Format\" xmlns:msxsl=\"urn:schemas-microsoft-com:xslt\">\n<head>\n<META http-equiv=\"Content-Type\" content=\"text/html\">\n<meta http-equiv=\"content-type\" content=\"text/html; charset=UTF-8\">\n</head>\n<body style=\"margin:0px 0px 0px 0px;overflow:auto;background:#FFFFFF;\">\n<table style=\"font-family:Arial,Verdana,Times;font-size:12px;text-align:left;width:100%;border-collapse:collapse;padding:3px 3px 3px 3px\">\n<tr style=\"text-align:center;font-weight:bold;background:#9CBCE2\">\n<td>African:Arabian</td>\n</tr>\n<tr>\n<td>\n<table style=\"font-family:Arial,Verdana,Times;font-size:12px;text-align:left;width:100%;border-spacing:0px; padding:3px 3px 3px 3px\">\n<tr>\n<td>NAME</td>\n<td>African:Arabian</td>\n</tr>\n<tr bgcolor=\"#D4E4F3\">\n<td>LABEL</td>\n<td>Transform Boundary</td>\n</tr>\n</table>\n</td>\n</tr>\n</table>\n</body>\n</html>", "LABEL": "Transform Boundary" }, "geometry": { "type": "MultiLineString", "coordinates": [ [ [ 47.539001464446073, 12.369000435221951, 0.0 ], [ 47.588001250957007, 12.44099998466163, 0.0 ], [ 47.648998260661237, 12.519000053609661, 0.0 ] ] ] } },
{ "type": "Feature", "properties": { "Name": "African:Arabian", "Description": "<html xmlns:fo=\"http://www.w3.org/1999/XSL/Format\" xmlns:msxsl=\"urn:schemas-microsoft-com:xslt\">\n<head>\n<META http-equiv=\"Content-Type\" content=\"text/html\">\n<meta http-equiv=\"content-type\" content=\"text/html; charset=UTF-8\">\n</head>\n<body style=\"margin:0px 0px 0px 0px;overflow:auto;background:#FFFFFF;\">\n<table style=\"font-family:Arial,Verdana,Times;font-size:12px;text-align:left;width:100%;border-collapse:collapse;padding:3px 3px 3px 3px\">\n<tr style=\"text-align:center;font-weight:bold;background:#9CBCE2\">\n<td>African:Arabian</td>\n</tr>\n<tr>\n<td>\n<table style=\"font-family:Arial,Verdana,Times;font-size:12px;text-align:left;width:100%;border-spacing:0px; padding:3px 3px 3px 3px\">\n<tr>\n<td>NAME</td>\n<td>African:Arabian</td>\n</tr>\n<tr bgcolor=\"#D4E4F3\">\n<td>LABEL</td>\n<td>Transform Boundary</td>\n</tr>\n</table>\n</td>\n</tr>\n</table>\n</body>\n</html>", "LABEL": "Transform Boundary" }, "geometry": { "type": "MultiLineString", "coordinates": [ [ [ 47.130001068194822, 12.35900020609466, 0.0 ], [ 47.160999297979288, 12.46300029772561, 0.0 ] ] ] } },
{ "type": "Feature", "properties": { "Name": "African:Arabian", "Description": "<html xmlns:fo=\"http://www.w3.org/1999/XSL/Format\" xmlns:msxsl=\"urn:schemas-microsoft-com:xslt\">\n<head>\n<META http-equiv=\"Content-Type\" content=\"text/html\">\n<meta http-equiv=\"content-type\" content=\"text/html; charset=UTF-8\">\n</head>\n<body style=\"margin:0px 0px 0px 0px;overflow:auto;background:#FFFFFF;\">\n<table style=\"font-family:Arial,Verdana,Times;font-size:12px;text-align:left;width:100%;border-collapse:collapse;padding:3px 3px 3px 3px\">\n<tr style=\"text-align:center;font-weight:bold;background:#9CBCE2\">\n<td>African:Arabian</td>\n</tr>\n<tr>\n<td>\n<table style=\"font-family:Arial,Verdana,Times;font-size:12px;text-align:left;width:100%;border-spacing:0px; padding:3px 3px 3px 3px\">\n<tr>\n<td>NAME</td>\n<td>African:Arabian</td>\n</tr>\n<tr bgcolor=\"#D4E4F3\">\n<td>LABEL</td>\n<td>Transform Boundary</td>\n</tr>\n</table>\n</td>\n</tr>\n</table>\n</body>\n</html>", "LABEL": "Transform Boundary" }, "geometry": { "type": "MultiLineString", "coordinates": [ [ [ 46.848999023086492, 12.211000442516481, 0.0 ], [ 46.930000305070052, 12.300000190456499, 0.0 ], [ 46.992000579563133, 12.40299987804201, 0.0 ] ] ] } },
{ "type": "Feature", "properties": { "Name": "African:Arabian", "Description": "<html xmlns:fo=\"http://www.w3.org/1999/XSL/Format\" xmlns:msxsl=\"urn:schemas-microsoft-com:xslt\">\n<head>\n<META http-equiv=\"Content-Type\" content=\"text/html\">\n<meta http-equiv=\"content-type\" content=\"text/html; charset=UTF-8\">\n</head>\n<body style=\"margin:0px 0px 0px 0px;overflow:auto;background:#FFFFFF;\">\n<table style=\"font-family:Arial,Verdana,Times;font-size:12px;text-align:left;width:100%;border-collapse:collapse;padding:3px 3px 3px 3px\">\n<tr style=\"text-align:center;font-weight:bold;background:#9CBCE2\">\n<td>African:Arabian</td>\n</tr>\n<tr>\n<td>\n<table style=\"font-family:Arial,Verdana,Times;font-size:12px;text-align:left;width:100%;border-spacing:0px; padding:3px 3px 3px 3px\">\n<tr>\n<td>NAME</td>\n<td>African:Arabian</td>\n</tr>\n<tr bgcolor=\"#D4E4F3\">\n<td>LABEL</td>\n<td>Transform Boundary</td>\n</tr>\n</table>\n</td>\n</tr>\n</table>\n</body>\n</html>", "LABEL": "Transform Boundary" }, "geometry": { "type": "MultiLineString", "coordinates": [ [ [ 46.429000854405963, 12.086999893530329, 0.0 ], [ 46.511001587153601, 12.20199966415322, 0.0 ], [ 46.578998565331567, 12.291999817037951, 0.0 ] ] ] } },
{ "type": "Feature", "properties": { "Name": "African:South American", "Description": "<html xmlns:fo=\"http://www.w3.org/1999/XSL/Format\" xmlns:msxsl=\"urn:schemas-microsoft-com:xslt\">\n<head>\n<META http-equiv=\"Content-Type\" content=\"text/html\">\n<meta http-equiv=\"content-type\" content=\"text/html; charset=UTF-8\">\n</head>\n<body style=\"margin:0px 0px 0px 0px;overflow:auto;background:#FFFFFF;\">\n<table style=\"font-family:Arial,Verdana,Times;font-size:12px;text-align:left;width:100%;border-collapse:collapse;padding:3px 3px 3px 3px\">\n<tr style=\"text-align:center;font-weight:bold;background:#9CBCE2\">\n<td>African:South American</td>\n</tr>\n<tr>\n<td>\n<table style=\"font-family:Arial,Verdana,Times;font-size:12px;text-align:left;width:100%;border-spacing:0px; padding:3px 3px 3px 3px\">\n<tr>\n<td>NAME</td>\n<td>African:South American</td>\n</tr>\n<tr bgcolor=\"#D4E4F3\">\n<td>LABEL</td>\n<td>Transform Boundary</td>\n</tr>\n</table>\n</td>\n</tr>\n</table>\n</body>\n</html>", "LABEL": "Transform Boundary" }, "geometry": { "type": "MultiLineString", "coordinates": [ [ [ -43.883998871250867, 12.085000037821541, 0.0 ], [ -44.277999877991931, 12.1009998322765, 0.0 ] ] ] } },
{ "type": "Feature", "properties": { "Name": "African:Arabian", "Description": "<html xmlns:fo=\"http://www.w3.org/1999/XSL/Format\" xmlns:msxsl=\"urn:schemas-microsoft-com:xslt\">\n<head>\n<META http-equiv=\"Content-Type\" content=\"text/html\">\n<meta http-equiv=\"content-type\" content=\"text/html; charset=UTF-8\">\n</head>\n<body style=\"margin:0px 0px 0px 0px;overflow:auto;background:#FFFFFF;\">\n<table style=\"font-family:Arial,Verdana,Times;font-size:12px;text-align:left;width:100%;border-collapse:collapse;padding:3px 3px 3px 3px\">\n<tr style=\"text-align:center;font-weight:bold;background:#9CBCE2\">\n<td>African:Arabian</td>\n</tr>\n<tr>\n<td>\n<table style=\"font-family:Arial,Verdana,Times;font-size:12px;text-align:left;width:100%;border-spacing:0px; padding:3px 3px 3px 3px\">\n<tr>\n<td>NAME</td>\n<td>African:Arabian</td>\n</tr>\n<tr bgcolor=\"#D4E4F3\">\n<td>LABEL</td>\n<td>Transform Boundary</td>\n</tr>\n</table>\n</td>\n</tr>\n</table>\n</body>\n</html>", "LABEL": "Transform Boundary" }, "geometry": { "type": "MultiLineString", "coordinates": [ [ [ 46.110000610140112, 12.057999611093241, 0.0 ], [ 46.150001525749872, 12.112000465449171, 0.0 ], [ 46.198001861496778, 12.171999930952101, 0.0 ] ] ] } },
{ "type": "Feature", "properties": { "Name": "African:Arabian", "Description": "<html xmlns:fo=\"http://www.w3.org/1999/XSL/Format\" xmlns:msxsl=\"urn:schemas-microsoft-com:xslt\">\n<head>\n<META http-equiv=\"Content-Type\" content=\"text/html\">\n<meta http-equiv=\"content-type\" content=\"text/html; charset=UTF-8\">\n</head>\n<body style=\"margin:0px 0px 0px 0px;overflow:auto;background:#FFFFFF;\">\n<table style=\"font-family:Arial,Verdana,Times;font-size:12px;text-align:left;width:100%;border-collapse:collapse;padding:3px 3px 3px 3px\">\n<tr style=\"text-align:center;font-weight:bold;background:#9CBCE2\">\n<td>African:Arabian</td>\n</tr>\n<tr>\n<td>\n<table style=\"font-family:Arial,Verdana,Times;font-size:12px;text-align:left;width:100%;border-spacing:0px; padding:3px 3px 3px 3px\">\n<tr>\n<td>NAME</td>\n<td>African:Arabian</td>\n</tr>\n<tr bgcolor=\"#D4E4F3\">\n<td>LABEL</td>\n<td>Transform Boundary</td>\n</tr>\n</table>\n</td>\n</tr>\n</table>\n</body>\n</html>", "LABEL": "Transform Boundary" }, "geometry": { "type": "MultiLineString", "coordinates": [ [ [ 45.280998230284133, 11.998000144690989, 0.0 ], [ 45.327999115267012, 12.05200004576557, 0.0 ] ] ] } },
{ "type": "Feature", "properties": { "Name": "African:Arabian", "Description": "<html xmlns:fo=\"http://www.w3.org/1999/XSL/Format\" xmlns:msxsl=\"urn:schemas-microsoft-com:xslt\">\n<head>\n<META http-equiv=\"Content-Type\" content=\"text/html\">\n<meta http-equiv=\"content-type\" content=\"text/html; charset=UTF-8\">\n</head>\n<body style=\"margin:0px 0px 0px 0px;overflow:auto;background:#FFFFFF;\">\n<table style=\"font-family:Arial,Verdana,Times;font-size:12px;text-align:left;width:100%;border-collapse:collapse;padding:3px 3px 3px 3px\">\n<tr style=\"text-align:center;font-weight:bold;background:#9CBCE2\">\n<td>African:Arabian</td>\n</tr>\n<tr>\n<td>\n<table style=\"font-family:Arial,Verdana,Times;font-size:12px;text-align:left;width:100%;border-spacing:0px; padding:3px 3px 3px 3px\">\n<tr>\n<td>NAME</td>\n<td>African:Arabian</td>\n</tr>\n<tr bgcolor=\"#D4E4F3\">\n<td>LABEL</td>\n<td>Transform Boundary</td>\n</tr>\n</table>\n</td>\n</tr>\n</table>\n</body>\n</html>", "LABEL": "Transform Boundary" }, "geometry": { "type": "MultiLineString", "coordinates": [ [ [ 45.521999358883363, 11.98299980189938, 0.0 ], [ 45.602001190102897, 12.072999953884789, 0.0 ], [ 45.637001037867662, 12.15900039715064, 0.0 ] ] ] } },
{ "type": "Feature", "properties": { "Name": "Pacific:Cocos", "Description": "<html xmlns:fo=\"http://www.w3.org/1999/XSL/Format\" xmlns:msxsl=\"urn:schemas-microsoft-com:xslt\">\n<head>\n<META http-equiv=\"Content-Type\" content=\"text/html\">\n<meta http-equiv=\"content-type\" content=\"text/html; charset=UTF-8\">\n</head>\n<body style=\"margin:0px 0px 0px 0px;overflow:auto;background:#FFFFFF;\">\n<table style=\"font-family:Arial,Verdana,Times;font-size:12px;text-align:left;width:100%;border-collapse:collapse;padding:3px 3px 3px 3px\">\n<tr style=\"text-align:center;font-weight:bold;background:#9CBCE2\">\n<td>Pacific:Cocos</td>\n</tr>\n<tr>\n<td>\n<table style=\"font-family:Arial,Verdana,Times;font-size:12px;text-align:left;width:100%;border-spacing:0px; padding:3px 3px 3px 3px\">\n<tr>\n<td>NAME</td>\n<td>Pacific:Cocos</td>\n</tr>\n<tr bgcolor=\"#D4E4F3\">\n<td>LABEL</td>\n<td>Transform Boundary</td>\n</tr>\n</table>\n</td>\n</tr>\n</table>\n</body>\n</html>", "LABEL": "Transform Boundary" }, "geometry": { "type": "MultiLineString", "coordinates": [ [ [ -103.875000000049894, 11.871999740895379, 0.0 ], [ -103.772003174107198, 11.890000343441161, 0.0 ] ] ] } },
{ "type": "Feature", "properties": { "Name": "African:South American", "Description": "<html xmlns:fo=\"http://www.w3.org/1999/XSL/Format\" xmlns:msxsl=\"urn:schemas-microsoft-com:xslt\">\n<head>\n<META http-equiv=\"Content-Type\" content=\"text/html\">\n<meta http-equiv=\"content-type\" content=\"text/html; charset=UTF-8\">\n</head>\n<body style=\"margin:0px 0px 0px 0px;overflow:auto;background:#FFFFFF;\">\n<table style=\"font-family:Arial,Verdana,Times;font-size:12px;text-align:left;width:100%;border-collapse:collapse;padding:3px 3px 3px 3px\">\n<tr style=\"text-align:center;font-weight:bold;background:#9CBCE2\">\n<td>African:South American</td>\n</tr>\n<tr>\n<td>\n<table style=\"font-family:Arial,Verdana,Times;font-size:12px;text-align:left;width:100%;border-spacing:0px; padding:3px 3px 3px 3px\">\n<tr>\n<td>NAME</td>\n<td>African:South American</td>\n</tr>\n<tr bgcolor=\"#D4E4F3\">\n<td>LABEL</td>\n<td>Transform Boundary</td>\n</tr>\n</table>\n</td>\n</tr>\n</table>\n</body>\n</html>", "LABEL": "Transform Boundary" }, "geometry": { "type": "MultiLineString", "coordinates": [ [ [ -41.087001800392727, 10.7869997027741, 0.0 ], [ -41.558998107876327, 10.81200027469299, 0.0 ], [ -42.030998230284069, 10.83699989333047, 0.0 ], [ -42.50400161748064, 10.859999656259159, 0.0 ], [ -42.976001739888318, 10.88300037426791, 0.0 ], [ -43.448001861396733, 10.9060001371966, 0.0 ], [ -43.921001434568502, 10.9270000462152, 0.0 ] ] ] } },
{ "type": "Feature", "properties": { "Name": "South American:Caribbean", "Description": "<html xmlns:fo=\"http://www.w3.org/1999/XSL/Format\" xmlns:msxsl=\"urn:schemas-microsoft-com:xslt\">\n<head>\n<META http-equiv=\"Content-Type\" content=\"text/html\">\n<meta http-equiv=\"content-type\" content=\"text/html; charset=UTF-8\">\n</head>\n<body style=\"margin:0px 0px 0px 0px;overflow:auto;background:#FFFFFF;\">\n<table style=\"font-family:Arial,Verdana,Times;font-size:12px;text-align:left;width:100%;border-collapse:collapse;padding:3px 3px 3px 3px\">\n<tr style=\"text-align:center;font-weight:bold;background:#9CBCE2\">\n<td>South American:Caribbean</td>\n</tr>\n<tr>\n<td>\n<table style=\"font-family:Arial,Verdana,Times;font-size:12px;text-align:left;width:100%;border-spacing:0px; padding:3px 3px 3px 3px\">\n<tr>\n<td>NAME</td>\n<td>South American:Caribbean</td>\n</tr>\n<tr bgcolor=\"#D4E4F3\">\n<td>LABEL</td>\n<td>Transform Boundary</td>\n</tr>\n</table>\n</td>\n</tr>\n</table>\n</body>\n</html>", "LABEL": "Transform Boundary" }, "geometry": { "type": "MultiLineString", "coordinates": [ [ [ -65.121002197093674, 10.60000038181221, 0.0 ], [ -65.526000976264015, 10.614999771322459, 0.0 ], [ -65.963996887646204, 10.652999877942079, 0.0 ], [ -66.436996459918646, 10.6619997021246, 0.0 ], [ -66.86900329566555, 10.66699981668825, 0.0 ], [ -67.499000549135985, 10.59200000749439, 0.0 ], [ -67.960998534954399, 10.499999999800201, 0.0 ] ] ] } },
{ "type": "Feature", "properties": { "Name": "South American:Caribbean", "Description": "<html xmlns:fo=\"http://www.w3.org/1999/XSL/Format\" xmlns:msxsl=\"urn:schemas-microsoft-com:xslt\">\n<head>\n<META http-equiv=\"Content-Type\" content=\"text/html\">\n<meta http-equiv=\"content-type\" content=\"text/html; charset=UTF-8\">\n</head>\n<body style=\"margin:0px 0px 0px 0px;overflow:auto;background:#FFFFFF;\">\n<table style=\"font-family:Arial,Verdana,Times;font-size:12px;text-align:left;width:100%;border-collapse:collapse;padding:3px 3px 3px 3px\">\n<tr style=\"text-align:center;font-weight:bold;background:#9CBCE2\">\n<td>South American:Caribbean</td>\n</tr>\n<tr>\n<td>\n<table style=\"font-family:Arial,Verdana,Times;font-size:12px;text-align:left;width:100%;border-spacing:0px; padding:3px 3px 3px 3px\">\n<tr>\n<td>NAME</td>\n<td>South American:Caribbean</td>\n</tr>\n<tr bgcolor=\"#D4E4F3\">\n<td>LABEL</td>\n<td>Transform Boundary</td>\n</tr>\n</table>\n</td>\n</tr>\n</table>\n</body>\n</html>", "LABEL": "Transform Boundary" }, "geometry": { "type": "MultiLineString", "coordinates": [ [ [ -58.638999939295729, 10.18999958061619, 0.0 ], [ -59.120998382469338, 10.220000267098669, 0.0 ], [ -59.987998962382157, 10.295000076292521, 0.0 ], [ -60.457000732497761, 10.345000266848899, 0.0 ], [ -60.926998138453307, 10.395000457405221, 0.0 ], [ -61.541999817337683, 10.427000045415809, 0.0 ], [ -62.158000946086759, 10.458000182662371, 0.0 ], [ -62.640998840024402, 10.48200035053577, 0.0 ], [ -63.23300170926143, 10.508999824882039, 0.0 ], [ -63.877998352242123, 10.531999587810789, 0.0 ], [ -64.209999084490107, 10.519000053110011, 0.0 ], [ -64.508003234661487, 10.47399997711727, 0.0 ], [ -64.997001648107528, 10.538999557183841, 0.0 ] ] ] } },
{ "type": "Feature", "properties": { "Name": "South American:Caribbean", "Description": "<html xmlns:fo=\"http://www.w3.org/1999/XSL/Format\" xmlns:msxsl=\"urn:schemas-microsoft-com:xslt\">\n<head>\n<META http-equiv=\"Content-Type\" content=\"text/html\">\n<meta http-equiv=\"content-type\" content=\"text/html; charset=UTF-8\">\n</head>\n<body style=\"margin:0px 0px 0px 0px;overflow:auto;background:#FFFFFF;\">\n<table style=\"font-family:Arial,Verdana,Times;font-size:12px;text-align:left;width:100%;border-collapse:collapse;padding:3px 3px 3px 3px\">\n<tr style=\"text-align:center;font-weight:bold;background:#9CBCE2\">\n<td>South American:Caribbean</td>\n</tr>\n<tr>\n<td>\n<table style=\"font-family:Arial,Verdana,Times;font-size:12px;text-align:left;width:100%;border-spacing:0px; padding:3px 3px 3px 3px\">\n<tr>\n<td>NAME</td>\n<td>South American:Caribbean</td>\n</tr>\n<tr bgcolor=\"#D4E4F3\">\n<td>LABEL</td>\n<td>Transform Boundary</td>\n</tr>\n</table>\n</td>\n</tr>\n</table>\n</body>\n</html>", "LABEL": "Transform Boundary" }, "geometry": { "type": "MultiLineString", "coordinates": [ [ [ -58.157001495222801, 10.159999847415071, 0.0 ], [ -58.638999939295729, 10.18999958061619, 0.0 ] ] ] } },
{ "type": "Feature", "properties": { "Name": "Pacific:Cocos", "Description": "<html xmlns:fo=\"http://www.w3.org/1999/XSL/Format\" xmlns:msxsl=\"urn:schemas-microsoft-com:xslt\">\n<head>\n<META http-equiv=\"Content-Type\" content=\"text/html\">\n<meta http-equiv=\"content-type\" content=\"text/html; charset=UTF-8\">\n</head>\n<body style=\"margin:0px 0px 0px 0px;overflow:auto;background:#FFFFFF;\">\n<table style=\"font-family:Arial,Verdana,Times;font-size:12px;text-align:left;width:100%;border-collapse:collapse;padding:3px 3px 3px 3px\">\n<tr style=\"text-align:center;font-weight:bold;background:#9CBCE2\">\n<td>Pacific:Cocos</td>\n</tr>\n<tr>\n<td>\n<table style=\"font-family:Arial,Verdana,Times;font-size:12px;text-align:left;width:100%;border-spacing:0px; padding:3px 3px 3px 3px\">\n<tr>\n<td>NAME</td>\n<td>Pacific:Cocos</td>\n</tr>\n<tr bgcolor=\"#D4E4F3\">\n<td>LABEL</td>\n<td>Transform Boundary</td>\n</tr>\n</table>\n</td>\n</tr>\n</table>\n</body>\n</html>", "LABEL": "Transform Boundary" }, "geometry": { "type": "MultiLineString", "coordinates": [ [ [ -104.2959976194945, 10.017000198400471, 0.0 ], [ -103.597999572921907, 10.123000144840891, 0.0 ] ] ] } },
{ "type": "Feature", "properties": { "Name": "African:South American", "Description": "<html xmlns:fo=\"http://www.w3.org/1999/XSL/Format\" xmlns:msxsl=\"urn:schemas-microsoft-com:xslt\">\n<head>\n<META http-equiv=\"Content-Type\" content=\"text/html\">\n<meta http-equiv=\"content-type\" content=\"text/html; charset=UTF-8\">\n</head>\n<body style=\"margin:0px 0px 0px 0px;overflow:auto;background:#FFFFFF;\">\n<table style=\"font-family:Arial,Verdana,Times;font-size:12px;text-align:left;width:100%;border-collapse:collapse;padding:3px 3px 3px 3px\">\n<tr style=\"text-align:center;font-weight:bold;background:#9CBCE2\">\n<td>African:South American</td>\n</tr>\n<tr>\n<td>\n<table style=\"font-family:Arial,Verdana,Times;font-size:12px;text-align:left;width:100%;border-spacing:0px; padding:3px 3px 3px 3px\">\n<tr>\n<td>NAME</td>\n<td>African:South American</td>\n</tr>\n<tr bgcolor=\"#D4E4F3\">\n<td>LABEL</td>\n<td>Transform Boundary</td>\n</tr>\n</table>\n</td>\n</tr>\n</table>\n</body>\n</html>", "LABEL": "Transform Boundary" }, "geometry": { "type": "MultiLineString", "coordinates": [ [ [ -40.861000061303741, 9.972999573171819, 0.0 ], [ -41.083000183311754, 9.979000091780847, 0.0 ] ] ] } },
{ "type": "Feature", "properties": { "Name": "African:Indian", "Description": "<html xmlns:fo=\"http://www.w3.org/1999/XSL/Format\" xmlns:msxsl=\"urn:schemas-microsoft-com:xslt\">\n<head>\n<META http-equiv=\"Content-Type\" content=\"text/html\">\n<meta http-equiv=\"content-type\" content=\"text/html; charset=UTF-8\">\n</head>\n<body style=\"margin:0px 0px 0px 0px;overflow:auto;background:#FFFFFF;\">\n<table style=\"font-family:Arial,Verdana,Times;font-size:12px;text-align:left;width:100%;border-collapse:collapse;padding:3px 3px 3px 3px\">\n<tr style=\"text-align:center;font-weight:bold;background:#9CBCE2\">\n<td>African:Indian</td>\n</tr>\n<tr>\n<td>\n<table style=\"font-family:Arial,Verdana,Times;font-size:12px;text-align:left;width:100%;border-spacing:0px; padding:3px 3px 3px 3px\">\n<tr>\n<td>NAME</td>\n<td>African:Indian</td>\n</tr>\n<tr bgcolor=\"#D4E4F3\">\n<td>LABEL</td>\n<td>Transform Boundary</td>\n</tr>\n</table>\n</td>\n</tr>\n</table>\n</body>\n</html>", "LABEL": "Transform Boundary" }, "geometry": { "type": "MultiLineString", "coordinates": [ [ [ 56.918998718416162, 9.97099971746303, 0.0 ], [ 57.138000488132093, 10.434000015688239, 0.0 ], [ 57.355998993059131, 10.895999908069371, 0.0 ], [ 57.576000213539089, 11.35900020629453, 0.0 ], [ 57.796001434019047, 11.82100009957497, 0.0 ], [ 58.016998291238217, 12.2829999919561, 0.0 ], [ 58.238998413246243, 12.744999885236551, 0.0 ] ] ] } },
{ "type": "Feature", "properties": { "Name": "African:Indian", "Description": "<html xmlns:fo=\"http://www.w3.org/1999/XSL/Format\" xmlns:msxsl=\"urn:schemas-microsoft-com:xslt\">\n<head>\n<META http-equiv=\"Content-Type\" content=\"text/html\">\n<meta http-equiv=\"content-type\" content=\"text/html; charset=UTF-8\">\n</head>\n<body style=\"margin:0px 0px 0px 0px;overflow:auto;background:#FFFFFF;\">\n<table style=\"font-family:Arial,Verdana,Times;font-size:12px;text-align:left;width:100%;border-collapse:collapse;padding:3px 3px 3px 3px\">\n<tr style=\"text-align:center;font-weight:bold;background:#9CBCE2\">\n<td>African:Indian</td>\n</tr>\n<tr>\n<td>\n<table style=\"font-family:Arial,Verdana,Times;font-size:12px;text-align:left;width:100%;border-spacing:0px; padding:3px 3px 3px 3px\">\n<tr>\n<td>NAME</td>\n<td>African:Indian</td>\n</tr>\n<tr bgcolor=\"#D4E4F3\">\n<td>LABEL</td>\n<td>Transform Boundary</td>\n</tr>\n</table>\n</td>\n</tr>\n</table>\n</body>\n</html>", "LABEL": "Transform Boundary" }, "geometry": { "type": "MultiLineString", "coordinates": [ [ [ 58.018001556027059, 9.449999809443682, 0.0 ], [ 58.062999725457018, 9.531999588010649, 0.0 ] ] ] } },
{ "type": "Feature", "properties": { "Name": "African:South American", "Description": "<html xmlns:fo=\"http://www.w3.org/1999/XSL/Format\" xmlns:msxsl=\"urn:schemas-microsoft-com:xslt\">\n<head>\n<META http-equiv=\"Content-Type\" content=\"text/html\">\n<meta http-equiv=\"content-type\" content=\"text/html; charset=UTF-8\">\n</head>\n<body style=\"margin:0px 0px 0px 0px;overflow:auto;background:#FFFFFF;\">\n<table style=\"font-family:Arial,Verdana,Times;font-size:12px;text-align:left;width:100%;border-collapse:collapse;padding:3px 3px 3px 3px\">\n<tr style=\"text-align:center;font-weight:bold;background:#9CBCE2\">\n<td>African:South American</td>\n</tr>\n<tr>\n<td>\n<table style=\"font-family:Arial,Verdana,Times;font-size:12px;text-align:left;width:100%;border-spacing:0px; padding:3px 3px 3px 3px\">\n<tr>\n<td>NAME</td>\n<td>African:South American</td>\n</tr>\n<tr bgcolor=\"#D4E4F3\">\n<td>LABEL</td>\n<td>Transform Boundary</td>\n</tr>\n</table>\n</td>\n</tr>\n</table>\n</body>\n</html>", "LABEL": "Transform Boundary" }, "geometry": { "type": "MultiLineString", "coordinates": [ [ [ -40.639999390059756, 9.373000144541095, 0.0 ], [ -40.865001678384722, 9.388999938996051, 0.0 ] ] ] } },
{ "type": "Feature", "properties": { "Name": "African:Indian", "Description": "<html xmlns:fo=\"http://www.w3.org/1999/XSL/Format\" xmlns:msxsl=\"urn:schemas-microsoft-com:xslt\">\n<head>\n<META http-equiv=\"Content-Type\" content=\"text/html\">\n<meta http-equiv=\"content-type\" content=\"text/html; charset=UTF-8\">\n</head>\n<body style=\"margin:0px 0px 0px 0px;overflow:auto;background:#FFFFFF;\">\n<table style=\"font-family:Arial,Verdana,Times;font-size:12px;text-align:left;width:100%;border-collapse:collapse;padding:3px 3px 3px 3px\">\n<tr style=\"text-align:center;font-weight:bold;background:#9CBCE2\">\n<td>African:Indian</td>\n</tr>\n<tr>\n<td>\n<table style=\"font-family:Arial,Verdana,Times;font-size:12px;text-align:left;width:100%;border-spacing:0px; padding:3px 3px 3px 3px\">\n<tr>\n<td>NAME</td>\n<td>African:Indian</td>\n</tr>\n<tr bgcolor=\"#D4E4F3\">\n<td>LABEL</td>\n<td>Transform Boundary</td>\n</tr>\n</table>\n</td>\n</tr>\n</table>\n</body>\n</html>", "LABEL": "Transform Boundary" }, "geometry": { "type": "MultiLineString", "coordinates": [ [ [ 58.147998809597432, 9.090000152984715, 0.0 ], [ 58.263000488581717, 9.293000221682917, 0.0 ] ] ] } },
{ "type": "Feature", "properties": { "Name": "African:South American", "Description": "<html xmlns:fo=\"http://www.w3.org/1999/XSL/Format\" xmlns:msxsl=\"urn:schemas-microsoft-com:xslt\">\n<head>\n<META http-equiv=\"Content-Type\" content=\"text/html\">\n<meta http-equiv=\"content-type\" content=\"text/html; charset=UTF-8\">\n</head>\n<body style=\"margin:0px 0px 0px 0px;overflow:auto;background:#FFFFFF;\">\n<table style=\"font-family:Arial,Verdana,Times;font-size:12px;text-align:left;width:100%;border-collapse:collapse;padding:3px 3px 3px 3px\">\n<tr style=\"text-align:center;font-weight:bold;background:#9CBCE2\">\n<td>African:South American</td>\n</tr>\n<tr>\n<td>\n<table style=\"font-family:Arial,Verdana,Times;font-size:12px;text-align:left;width:100%;border-spacing:0px; padding:3px 3px 3px 3px\">\n<tr>\n<td>NAME</td>\n<td>African:South American</td>\n</tr>\n<tr bgcolor=\"#D4E4F3\">\n<td>LABEL</td>\n<td>Transform Boundary</td>\n</tr>\n</table>\n</td>\n</tr>\n</table>\n</body>\n</html>", "LABEL": "Transform Boundary" }, "geometry": { "type": "MultiLineString", "coordinates": [ [ [ -40.119998931905123, 8.814999580666154, 0.0 ], [ -40.652000427277869, 8.840999603349076, 0.0 ] ] ] } },
{ "type": "Feature", "properties": { "Name": "Pacific:Cocos", "Description": "<html xmlns:fo=\"http://www.w3.org/1999/XSL/Format\" xmlns:msxsl=\"urn:schemas-microsoft-com:xslt\">\n<head>\n<META http-equiv=\"Content-Type\" content=\"text/html\">\n<meta http-equiv=\"content-type\" content=\"text/html; charset=UTF-8\">\n</head>\n<body style=\"margin:0px 0px 0px 0px;overflow:auto;background:#FFFFFF;\">\n<table style=\"font-family:Arial,Verdana,Times;font-size:12px;text-align:left;width:100%;border-collapse:collapse;padding:3px 3px 3px 3px\">\n<tr style=\"text-align:center;font-weight:bold;background:#9CBCE2\">\n<td>Pacific:Cocos</td>\n</tr>\n<tr>\n<td>\n<table style=\"font-family:Arial,Verdana,Times;font-size:12px;text-align:left;width:100%;border-spacing:0px; padding:3px 3px 3px 3px\">\n<tr>\n<td>NAME</td>\n<td>Pacific:Cocos</td>\n</tr>\n<tr bgcolor=\"#D4E4F3\">\n<td>LABEL</td>\n<td>Transform Boundary</td>\n</tr>\n</table>\n</td>\n</tr>\n</table>\n</body>\n</html>", "LABEL": "Transform Boundary" }, "geometry": { "type": "MultiLineString", "coordinates": [ [ [ -102.960998535154303, 8.399999618187906, 0.0 ], [ -103.595001220629797, 8.369999885886045, 0.0 ], [ -104.228996277156497, 8.340000152684922, 0.0 ] ] ] } },
{ "type": "Feature", "properties": { "Name": "African:South American", "Description": "<html xmlns:fo=\"http://www.w3.org/1999/XSL/Format\" xmlns:msxsl=\"urn:schemas-microsoft-com:xslt\">\n<head>\n<META http-equiv=\"Content-Type\" content=\"text/html\">\n<meta http-equiv=\"content-type\" content=\"text/html; charset=UTF-8\">\n</head>\n<body style=\"margin:0px 0px 0px 0px;overflow:auto;background:#FFFFFF;\">\n<table style=\"font-family:Arial,Verdana,Times;font-size:12px;text-align:left;width:100%;border-collapse:collapse;padding:3px 3px 3px 3px\">\n<tr style=\"text-align:center;font-weight:bold;background:#9CBCE2\">\n<td>African:South American</td>\n</tr>\n<tr>\n<td>\n<table style=\"font-family:Arial,Verdana,Times;font-size:12px;text-align:left;width:100%;border-spacing:0px; padding:3px 3px 3px 3px\">\n<tr>\n<td>NAME</td>\n<td>African:South American</td>\n</tr>\n<tr bgcolor=\"#D4E4F3\">\n<td>LABEL</td>\n<td>Transform Boundary</td>\n</tr>\n</table>\n</td>\n</tr>\n</table>\n</body>\n</html>", "LABEL": "Transform Boundary" }, "geometry": { "type": "MultiLineString", "coordinates": [ [ [ -38.221000671643651, 8.140000343740894, 0.0 ], [ -38.701000213289149, 8.159000397050704, 0.0 ], [ -39.180999755834023, 8.178999901124598, 0.0 ], [ -39.660999298378897, 8.196999549489647, 0.0 ], [ -40.140998840024402, 8.215000152934749, 0.0 ] ] ] } },
{ "type": "Feature", "properties": { "Name": "African:Indian", "Description": "<html xmlns:fo=\"http://www.w3.org/1999/XSL/Format\" xmlns:msxsl=\"urn:schemas-microsoft-com:xslt\">\n<head>\n<META http-equiv=\"Content-Type\" content=\"text/html\">\n<meta http-equiv=\"content-type\" content=\"text/html; charset=UTF-8\">\n</head>\n<body style=\"margin:0px 0px 0px 0px;overflow:auto;background:#FFFFFF;\">\n<table style=\"font-family:Arial,Verdana,Times;font-size:12px;text-align:left;width:100%;border-collapse:collapse;padding:3px 3px 3px 3px\">\n<tr style=\"text-align:center;font-weight:bold;background:#9CBCE2\">\n<td>African:Indian</td>\n</tr>\n<tr>\n<td>\n<table style=\"font-family:Arial,Verdana,Times;font-size:12px;text-align:left;width:100%;border-spacing:0px; padding:3px 3px 3px 3px\">\n<tr>\n<td>NAME</td>\n<td>African:Indian</td>\n</tr>\n<tr bgcolor=\"#D4E4F3\">\n<td>LABEL</td>\n<td>Transform Boundary</td>\n</tr>\n</table>\n</td>\n</tr>\n</table>\n</body>\n</html>", "LABEL": "Transform Boundary" }, "geometry": { "type": "MultiLineString", "coordinates": [ [ [ 58.880001068094877, 8.097000121658311, 0.0 ], [ 58.917999267252412, 8.166999817187843, 0.0 ] ] ] } },
{ "type": "Feature", "properties": { "Name": "African:South American", "Description": "<html xmlns:fo=\"http://www.w3.org/1999/XSL/Format\" xmlns:msxsl=\"urn:schemas-microsoft-com:xslt\">\n<head>\n<META http-equiv=\"Content-Type\" content=\"text/html\">\n<meta http-equiv=\"content-type\" content=\"text/html; charset=UTF-8\">\n</head>\n<body style=\"margin:0px 0px 0px 0px;overflow:auto;background:#FFFFFF;\">\n<table style=\"font-family:Arial,Verdana,Times;font-size:12px;text-align:left;width:100%;border-collapse:collapse;padding:3px 3px 3px 3px\">\n<tr style=\"text-align:center;font-weight:bold;background:#9CBCE2\">\n<td>African:South American</td>\n</tr>\n<tr>\n<td>\n<table style=\"font-family:Arial,Verdana,Times;font-size:12px;text-align:left;width:100%;border-spacing:0px; padding:3px 3px 3px 3px\">\n<tr>\n<td>NAME</td>\n<td>African:South American</td>\n</tr>\n<tr bgcolor=\"#D4E4F3\">\n<td>LABEL</td>\n<td>Transform Boundary</td>\n</tr>\n</table>\n</td>\n</tr>\n</table>\n</body>\n</html>", "LABEL": "Transform Boundary" }, "geometry": { "type": "MultiLineString", "coordinates": [ [ [ -36.865001678284777, 7.653999805047022, 0.0 ], [ -37.53599929812907, 7.678999901224529, 0.0 ], [ -38.207000731998157, 7.703000069097982, 0.0 ] ] ] } },
{ "type": "Feature", "properties": { "Name": "African:South American", "Description": "<html xmlns:fo=\"http://www.w3.org/1999/XSL/Format\" xmlns:msxsl=\"urn:schemas-microsoft-com:xslt\">\n<head>\n<META http-equiv=\"Content-Type\" content=\"text/html\">\n<meta http-equiv=\"content-type\" content=\"text/html; charset=UTF-8\">\n</head>\n<body style=\"margin:0px 0px 0px 0px;overflow:auto;background:#FFFFFF;\">\n<table style=\"font-family:Arial,Verdana,Times;font-size:12px;text-align:left;width:100%;border-collapse:collapse;padding:3px 3px 3px 3px\">\n<tr style=\"text-align:center;font-weight:bold;background:#9CBCE2\">\n<td>African:South American</td>\n</tr>\n<tr>\n<td>\n<table style=\"font-family:Arial,Verdana,Times;font-size:12px;text-align:left;width:100%;border-spacing:0px; padding:3px 3px 3px 3px\">\n<tr>\n<td>NAME</td>\n<td>African:South American</td>\n</tr>\n<tr bgcolor=\"#D4E4F3\">\n<td>LABEL</td>\n<td>Transform Boundary</td>\n</tr>\n</table>\n</td>\n</tr>\n</table>\n</body>\n</html>", "LABEL": "Transform Boundary" }, "geometry": { "type": "MultiLineString", "coordinates": [ [ [ -36.057998657312169, 7.362999915813532, 0.0 ], [ -36.851001739538617, 7.401000023332472, 0.0 ] ] ] } },
{ "type": "Feature", "properties": { "Name": "African:South American", "Description": "<html xmlns:fo=\"http://www.w3.org/1999/XSL/Format\" xmlns:msxsl=\"urn:schemas-microsoft-com:xslt\">\n<head>\n<META http-equiv=\"Content-Type\" content=\"text/html\">\n<meta http-equiv=\"content-type\" content=\"text/html; charset=UTF-8\">\n</head>\n<body style=\"margin:0px 0px 0px 0px;overflow:auto;background:#FFFFFF;\">\n<table style=\"font-family:Arial,Verdana,Times;font-size:12px;text-align:left;width:100%;border-collapse:collapse;padding:3px 3px 3px 3px\">\n<tr style=\"text-align:center;font-weight:bold;background:#9CBCE2\">\n<td>African:South American</td>\n</tr>\n<tr>\n<td>\n<table style=\"font-family:Arial,Verdana,Times;font-size:12px;text-align:left;width:100%;border-spacing:0px; padding:3px 3px 3px 3px\">\n<tr>\n<td>NAME</td>\n<td>African:South American</td>\n</tr>\n<tr bgcolor=\"#D4E4F3\">\n<td>LABEL</td>\n<td>Transform Boundary</td>\n</tr>\n</table>\n</td>\n</tr>\n</table>\n</body>\n</html>", "LABEL": "Transform Boundary" }, "geometry": { "type": "MultiLineString", "coordinates": [ [ [ -35.367000580112631, 6.934999942893114, 0.0 ], [ -36.047000884882891, 7.022999763428402, 0.0 ] ] ] } },
{ "type": "Feature", "properties": { "Name": "African:Indian", "Description": "<html xmlns:fo=\"http://www.w3.org/1999/XSL/Format\" xmlns:msxsl=\"urn:schemas-microsoft-com:xslt\">\n<head>\n<META http-equiv=\"Content-Type\" content=\"text/html\">\n<meta http-equiv=\"content-type\" content=\"text/html; charset=UTF-8\">\n</head>\n<body style=\"margin:0px 0px 0px 0px;overflow:auto;background:#FFFFFF;\">\n<table style=\"font-family:Arial,Verdana,Times;font-size:12px;text-align:left;width:100%;border-collapse:collapse;padding:3px 3px 3px 3px\">\n<tr style=\"text-align:center;font-weight:bold;background:#9CBCE2\">\n<td>African:Indian</td>\n</tr>\n<tr>\n<td>\n<table style=\"font-family:Arial,Verdana,Times;font-size:12px;text-align:left;width:100%;border-spacing:0px; padding:3px 3px 3px 3px\">\n<tr>\n<td>NAME</td>\n<td>African:Indian</td>\n</tr>\n<tr bgcolor=\"#D4E4F3\">\n<td>LABEL</td>\n<td>Transform Boundary</td>\n</tr>\n</table>\n</td>\n</tr>\n</table>\n</body>\n</html>", "LABEL": "Transform Boundary" }, "geometry": { "type": "MultiLineString", "coordinates": [ [ [ 60.0379981998571, 6.767000198600329, 0.0 ], [ 60.179000854805679, 6.951000213988721, 0.0 ] ] ] } },
{ "type": "Feature", "properties": { "Name": "African:South American", "Description": "<html xmlns:fo=\"http://www.w3.org/1999/XSL/Format\" xmlns:msxsl=\"urn:schemas-microsoft-com:xslt\">\n<head>\n<META http-equiv=\"Content-Type\" content=\"text/html\">\n<meta http-equiv=\"content-type\" content=\"text/html; charset=UTF-8\">\n</head>\n<body style=\"margin:0px 0px 0px 0px;overflow:auto;background:#FFFFFF;\">\n<table style=\"font-family:Arial,Verdana,Times;font-size:12px;text-align:left;width:100%;border-collapse:collapse;padding:3px 3px 3px 3px\">\n<tr style=\"text-align:center;font-weight:bold;background:#9CBCE2\">\n<td>African:South American</td>\n</tr>\n<tr>\n<td>\n<table style=\"font-family:Arial,Verdana,Times;font-size:12px;text-align:left;width:100%;border-spacing:0px; padding:3px 3px 3px 3px\">\n<tr>\n<td>NAME</td>\n<td>African:South American</td>\n</tr>\n<tr bgcolor=\"#D4E4F3\">\n<td>LABEL</td>\n<td>Transform Boundary</td>\n</tr>\n</table>\n</td>\n</tr>\n</table>\n</body>\n</html>", "LABEL": "Transform Boundary" }, "geometry": { "type": "MultiLineString", "coordinates": [ [ [ -33.624000549385812, 6.618000030077383, 0.0 ], [ -34.493999481590777, 6.616000175267914, 0.0 ], [ -35.362998962132338, 6.613999843817794, 0.0 ] ] ] } },
{ "type": "Feature", "properties": { "Name": "African:South American", "Description": "<html xmlns:fo=\"http://www.w3.org/1999/XSL/Format\" xmlns:msxsl=\"urn:schemas-microsoft-com:xslt\">\n<head>\n<META http-equiv=\"Content-Type\" content=\"text/html\">\n<meta http-equiv=\"content-type\" content=\"text/html; charset=UTF-8\">\n</head>\n<body style=\"margin:0px 0px 0px 0px;overflow:auto;background:#FFFFFF;\">\n<table style=\"font-family:Arial,Verdana,Times;font-size:12px;text-align:left;width:100%;border-collapse:collapse;padding:3px 3px 3px 3px\">\n<tr style=\"text-align:center;font-weight:bold;background:#9CBCE2\">\n<td>African:South American</td>\n</tr>\n<tr>\n<td>\n<table style=\"font-family:Arial,Verdana,Times;font-size:12px;text-align:left;width:100%;border-spacing:0px; padding:3px 3px 3px 3px\">\n<tr>\n<td>NAME</td>\n<td>African:South American</td>\n</tr>\n<tr bgcolor=\"#D4E4F3\">\n<td>LABEL</td>\n<td>Transform Boundary</td>\n</tr>\n</table>\n</td>\n</tr>\n</table>\n</body>\n</html>", "LABEL": "Transform Boundary" }, "geometry": { "type": "MultiLineString", "coordinates": [ [ [ -33.513999939145833, 6.076000213938755, 0.0 ], [ -33.619998932304838, 6.104000091431146, 0.0 ] ] ] } },
{ "type": "Feature", "properties": { "Name": "African:South American", "Description": "<html xmlns:fo=\"http://www.w3.org/1999/XSL/Format\" xmlns:msxsl=\"urn:schemas-microsoft-com:xslt\">\n<head>\n<META http-equiv=\"Content-Type\" content=\"text/html\">\n<meta http-equiv=\"content-type\" content=\"text/html; charset=UTF-8\">\n</head>\n<body style=\"margin:0px 0px 0px 0px;overflow:auto;background:#FFFFFF;\">\n<table style=\"font-family:Arial,Verdana,Times;font-size:12px;text-align:left;width:100%;border-collapse:collapse;padding:3px 3px 3px 3px\">\n<tr style=\"text-align:center;font-weight:bold;background:#9CBCE2\">\n<td>African:South American</td>\n</tr>\n<tr>\n<td>\n<table style=\"font-family:Arial,Verdana,Times;font-size:12px;text-align:left;width:100%;border-spacing:0px; padding:3px 3px 3px 3px\">\n<tr>\n<td>NAME</td>\n<td>African:South American</td>\n</tr>\n<tr bgcolor=\"#D4E4F3\">\n<td>LABEL</td>\n<td>Transform Boundary</td>\n</tr>\n</table>\n</td>\n</tr>\n</table>\n</body>\n</html>", "LABEL": "Transform Boundary" }, "geometry": { "type": "MultiLineString", "coordinates": [ [ [ -32.978000640716971, 5.646999836073633, 0.0 ], [ -33.506999969772721, 5.649000167523752, 0.0 ] ] ] } },
{ "type": "Feature", "properties": { "Name": "African:Indian", "Description": "<html xmlns:fo=\"http://www.w3.org/1999/XSL/Format\" xmlns:msxsl=\"urn:schemas-microsoft-com:xslt\">\n<head>\n<META http-equiv=\"Content-Type\" content=\"text/html\">\n<meta http-equiv=\"content-type\" content=\"text/html; charset=UTF-8\">\n</head>\n<body style=\"margin:0px 0px 0px 0px;overflow:auto;background:#FFFFFF;\">\n<table style=\"font-family:Arial,Verdana,Times;font-size:12px;text-align:left;width:100%;border-collapse:collapse;padding:3px 3px 3px 3px\">\n<tr style=\"text-align:center;font-weight:bold;background:#9CBCE2\">\n<td>African:Indian</td>\n</tr>\n<tr>\n<td>\n<table style=\"font-family:Arial,Verdana,Times;font-size:12px;text-align:left;width:100%;border-spacing:0px; padding:3px 3px 3px 3px\">\n<tr>\n<td>NAME</td>\n<td>African:Indian</td>\n</tr>\n<tr bgcolor=\"#D4E4F3\">\n<td>LABEL</td>\n<td>Transform Boundary</td>\n</tr>\n</table>\n</td>\n</tr>\n</table>\n</body>\n</html>", "LABEL": "Transform Boundary" }, "geometry": { "type": "MultiLineString", "coordinates": [ [ [ 61.528999328656141, 5.262000084336478, 0.0 ], [ 61.65700149562258, 5.48999977077284, 0.0 ] ] ] } },
{ "type": "Feature", "properties": { "Name": "African:South American", "Description": "<html xmlns:fo=\"http://www.w3.org/1999/XSL/Format\" xmlns:msxsl=\"urn:schemas-microsoft-com:xslt\">\n<head>\n<META http-equiv=\"Content-Type\" content=\"text/html\">\n<meta http-equiv=\"content-type\" content=\"text/html; charset=UTF-8\">\n</head>\n<body style=\"margin:0px 0px 0px 0px;overflow:auto;background:#FFFFFF;\">\n<table style=\"font-family:Arial,Verdana,Times;font-size:12px;text-align:left;width:100%;border-collapse:collapse;padding:3px 3px 3px 3px\">\n<tr style=\"text-align:center;font-weight:bold;background:#9CBCE2\">\n<td>African:South American</td>\n</tr>\n<tr>\n<td>\n<table style=\"font-family:Arial,Verdana,Times;font-size:12px;text-align:left;width:100%;border-spacing:0px; padding:3px 3px 3px 3px\">\n<tr>\n<td>NAME</td>\n<td>African:South American</td>\n</tr>\n<tr bgcolor=\"#D4E4F3\">\n<td>LABEL</td>\n<td>Transform Boundary</td>\n</tr>\n</table>\n</td>\n</tr>\n</table>\n</body>\n</html>", "LABEL": "Transform Boundary" }, "geometry": { "type": "MultiLineString", "coordinates": [ [ [ -30.96199989338032, 4.060999870647549, 0.0 ], [ -31.437000274642909, 4.035999775369362, 0.0 ], [ -31.912000655905501, 4.011000156731882, 0.0 ], [ -32.387001037168091, 3.986000061453694, 0.0 ], [ -32.861999511867907, 3.960000037871509, 0.0 ] ] ] } },
{ "type": "Feature", "properties": { "Name": "African:Indian", "Description": "<html xmlns:fo=\"http://www.w3.org/1999/XSL/Format\" xmlns:msxsl=\"urn:schemas-microsoft-com:xslt\">\n<head>\n<META http-equiv=\"Content-Type\" content=\"text/html\">\n<meta http-equiv=\"content-type\" content=\"text/html; charset=UTF-8\">\n</head>\n<body style=\"margin:0px 0px 0px 0px;overflow:auto;background:#FFFFFF;\">\n<table style=\"font-family:Arial,Verdana,Times;font-size:12px;text-align:left;width:100%;border-collapse:collapse;padding:3px 3px 3px 3px\">\n<tr style=\"text-align:center;font-weight:bold;background:#9CBCE2\">\n<td>African:Indian</td>\n</tr>\n<tr>\n<td>\n<table style=\"font-family:Arial,Verdana,Times;font-size:12px;text-align:left;width:100%;border-spacing:0px; padding:3px 3px 3px 3px\">\n<tr>\n<td>NAME</td>\n<td>African:Indian</td>\n</tr>\n<tr bgcolor=\"#D4E4F3\">\n<td>LABEL</td>\n<td>Transform Boundary</td>\n</tr>\n</table>\n</td>\n</tr>\n</table>\n</body>\n</html>", "LABEL": "Transform Boundary" }, "geometry": { "type": "MultiLineString", "coordinates": [ [ [ 62.868000030077383, 3.892999887135147, 0.0 ], [ 63.001998901628042, 4.107999801449751, 0.0 ] ] ] } },
{ "type": "Feature", "properties": { "Name": "Pacific:Cocos", "Description": "<html xmlns:fo=\"http://www.w3.org/1999/XSL/Format\" xmlns:msxsl=\"urn:schemas-microsoft-com:xslt\">\n<head>\n<META http-equiv=\"Content-Type\" content=\"text/html\">\n<meta http-equiv=\"content-type\" content=\"text/html; charset=UTF-8\">\n</head>\n<body style=\"margin:0px 0px 0px 0px;overflow:auto;background:#FFFFFF;\">\n<table style=\"font-family:Arial,Verdana,Times;font-size:12px;text-align:left;width:100%;border-collapse:collapse;padding:3px 3px 3px 3px\">\n<tr style=\"text-align:center;font-weight:bold;background:#9CBCE2\">\n<td>Pacific:Cocos</td>\n</tr>\n<tr>\n<td>\n<table style=\"font-family:Arial,Verdana,Times;font-size:12px;text-align:left;width:100%;border-spacing:0px; padding:3px 3px 3px 3px\">\n<tr>\n<td>NAME</td>\n<td>Pacific:Cocos</td>\n</tr>\n<tr bgcolor=\"#D4E4F3\">\n<td>LABEL</td>\n<td>Transform Boundary</td>\n</tr>\n</table>\n</td>\n</tr>\n</table>\n</body>\n</html>", "LABEL": "Transform Boundary" }, "geometry": { "type": "MultiLineString", "coordinates": [ [ [ -102.259002685525502, 3.75099992720493, 0.0 ], [ -102.183998108126204, 3.778000116512203, 0.0 ] ] ] } },
{ "type": "Feature", "properties": { "Name": "African:Indian", "Description": "<html xmlns:fo=\"http://www.w3.org/1999/XSL/Format\" xmlns:msxsl=\"urn:schemas-microsoft-com:xslt\">\n<head>\n<META http-equiv=\"Content-Type\" content=\"text/html\">\n<meta http-equiv=\"content-type\" content=\"text/html; charset=UTF-8\">\n</head>\n<body style=\"margin:0px 0px 0px 0px;overflow:auto;background:#FFFFFF;\">\n<table style=\"font-family:Arial,Verdana,Times;font-size:12px;text-align:left;width:100%;border-collapse:collapse;padding:3px 3px 3px 3px\">\n<tr style=\"text-align:center;font-weight:bold;background:#9CBCE2\">\n<td>African:Indian</td>\n</tr>\n<tr>\n<td>\n<table style=\"font-family:Arial,Verdana,Times;font-size:12px;text-align:left;width:100%;border-spacing:0px; padding:3px 3px 3px 3px\">\n<tr>\n<td>NAME</td>\n<td>African:Indian</td>\n</tr>\n<tr bgcolor=\"#D4E4F3\">\n<td>LABEL</td>\n<td>Transform Boundary</td>\n</tr>\n</table>\n</td>\n</tr>\n</table>\n</body>\n</html>", "LABEL": "Transform Boundary" }, "geometry": { "type": "MultiLineString", "coordinates": [ [ [ 63.388000488232016, 3.700000047564174, 0.0 ], [ 63.331001281583951, 3.6310000420184, 0.0 ] ] ] } },
{ "type": "Feature", "properties": { "Name": "African:Indian", "Description": "<html xmlns:fo=\"http://www.w3.org/1999/XSL/Format\" xmlns:msxsl=\"urn:schemas-microsoft-com:xslt\">\n<head>\n<META http-equiv=\"Content-Type\" content=\"text/html\">\n<meta http-equiv=\"content-type\" content=\"text/html; charset=UTF-8\">\n</head>\n<body style=\"margin:0px 0px 0px 0px;overflow:auto;background:#FFFFFF;\">\n<table style=\"font-family:Arial,Verdana,Times;font-size:12px;text-align:left;width:100%;border-collapse:collapse;padding:3px 3px 3px 3px\">\n<tr style=\"text-align:center;font-weight:bold;background:#9CBCE2\">\n<td>African:Indian</td>\n</tr>\n<tr>\n<td>\n<table style=\"font-family:Arial,Verdana,Times;font-size:12px;text-align:left;width:100%;border-spacing:0px; padding:3px 3px 3px 3px\">\n<tr>\n<td>NAME</td>\n<td>African:Indian</td>\n</tr>\n<tr bgcolor=\"#D4E4F3\">\n<td>LABEL</td>\n<td>Transform Boundary</td>\n</tr>\n</table>\n</td>\n</tr>\n</table>\n</body>\n</html>", "LABEL": "Transform Boundary" }, "geometry": { "type": "MultiLineString", "coordinates": [ [ [ 63.889999389660147, 3.601999997901658, 0.0 ], [ 63.819000244265908, 3.48200011271507, 0.0 ] ] ] } },
{ "type": "Feature", "properties": { "Name": "African:Indian", "Description": "<html xmlns:fo=\"http://www.w3.org/1999/XSL/Format\" xmlns:msxsl=\"urn:schemas-microsoft-com:xslt\">\n<head>\n<META http-equiv=\"Content-Type\" content=\"text/html\">\n<meta http-equiv=\"content-type\" content=\"text/html; charset=UTF-8\">\n</head>\n<body style=\"margin:0px 0px 0px 0px;overflow:auto;background:#FFFFFF;\">\n<table style=\"font-family:Arial,Verdana,Times;font-size:12px;text-align:left;width:100%;border-collapse:collapse;padding:3px 3px 3px 3px\">\n<tr style=\"text-align:center;font-weight:bold;background:#9CBCE2\">\n<td>African:Indian</td>\n</tr>\n<tr>\n<td>\n<table style=\"font-family:Arial,Verdana,Times;font-size:12px;text-align:left;width:100%;border-spacing:0px; padding:3px 3px 3px 3px\">\n<tr>\n<td>NAME</td>\n<td>African:Indian</td>\n</tr>\n<tr bgcolor=\"#D4E4F3\">\n<td>LABEL</td>\n<td>Transform Boundary</td>\n</tr>\n</table>\n</td>\n</tr>\n</table>\n</body>\n</html>", "LABEL": "Transform Boundary" }, "geometry": { "type": "MultiLineString", "coordinates": [ [ [ 64.681999206198441, 3.299000024731413, 0.0 ], [ 64.617996216152505, 3.217000007844149, 0.0 ] ] ] } },
{ "type": "Feature", "properties": { "Name": "Nazca:Cocos", "Description": "<html xmlns:fo=\"http://www.w3.org/1999/XSL/Format\" xmlns:msxsl=\"urn:schemas-microsoft-com:xslt\">\n<head>\n<META http-equiv=\"Content-Type\" content=\"text/html\">\n<meta http-equiv=\"content-type\" content=\"text/html; charset=UTF-8\">\n</head>\n<body style=\"margin:0px 0px 0px 0px;overflow:auto;background:#FFFFFF;\">\n<table style=\"font-family:Arial,Verdana,Times;font-size:12px;text-align:left;width:100%;border-collapse:collapse;padding:3px 3px 3px 3px\">\n<tr style=\"text-align:center;font-weight:bold;background:#9CBCE2\">\n<td>Nazca:Cocos</td>\n</tr>\n<tr>\n<td>\n<table style=\"font-family:Arial,Verdana,Times;font-size:12px;text-align:left;width:100%;border-spacing:0px; padding:3px 3px 3px 3px\">\n<tr>\n<td>NAME</td>\n<td>Nazca:Cocos</td>\n</tr>\n<tr bgcolor=\"#D4E4F3\">\n<td>LABEL</td>\n<td>Transform Boundary</td>\n</tr>\n</table>\n</td>\n</tr>\n</table>\n</body>\n</html>", "LABEL": "Transform Boundary" }, "geometry": { "type": "MultiLineString", "coordinates": [ [ [ -82.660249375708077, 7.312399362140923, 0.0 ], [ -82.660249375708077, 7.064369448091611, 0.0 ], [ -82.660249375708077, 6.508306174090706, 0.0 ], [ -82.660249375708077, 5.779231663910196, 0.0 ], [ -82.660249375708077, 5.000161093759516, 0.0 ], [ -82.660249375708077, 4.509122272375009, 0.0 ], [ -82.660249375708077, 4.018086983527496, 0.0 ], [ -82.660249375708077, 3.541056714595754, 0.0 ], [ -82.591249130942629, 3.064030233608435, 0.0 ] ] ] } },
{ "type": "Feature", "properties": { "Name": "African:Indian", "Description": "<html xmlns:fo=\"http://www.w3.org/1999/XSL/Format\" xmlns:msxsl=\"urn:schemas-microsoft-com:xslt\">\n<head>\n<META http-equiv=\"Content-Type\" content=\"text/html\">\n<meta http-equiv=\"content-type\" content=\"text/html; charset=UTF-8\">\n</head>\n<body style=\"margin:0px 0px 0px 0px;overflow:auto;background:#FFFFFF;\">\n<table style=\"font-family:Arial,Verdana,Times;font-size:12px;text-align:left;width:100%;border-collapse:collapse;padding:3px 3px 3px 3px\">\n<tr style=\"text-align:center;font-weight:bold;background:#9CBCE2\">\n<td>African:Indian</td>\n</tr>\n<tr>\n<td>\n<table style=\"font-family:Arial,Verdana,Times;font-size:12px;text-align:left;width:100%;border-spacing:0px; padding:3px 3px 3px 3px\">\n<tr>\n<td>NAME</td>\n<td>African:Indian</td>\n</tr>\n<tr bgcolor=\"#D4E4F3\">\n<td>LABEL</td>\n<td>Transform Boundary</td>\n</tr>\n</table>\n</td>\n</tr>\n</table>\n</body>\n</html>", "LABEL": "Transform Boundary" }, "geometry": { "type": "MultiLineString", "coordinates": [ [ [ 65.488998413146305, 3.299000024731413, 0.0 ], [ 65.212997436782359, 2.921000004047016, 0.0 ] ] ] } },
{ "type": "Feature", "properties": { "Name": "Pacific:Cocos", "Description": "<html xmlns:fo=\"http://www.w3.org/1999/XSL/Format\" xmlns:msxsl=\"urn:schemas-microsoft-com:xslt\">\n<head>\n<META http-equiv=\"Content-Type\" content=\"text/html\">\n<meta http-equiv=\"content-type\" content=\"text/html; charset=UTF-8\">\n</head>\n<body style=\"margin:0px 0px 0px 0px;overflow:auto;background:#FFFFFF;\">\n<table style=\"font-family:Arial,Verdana,Times;font-size:12px;text-align:left;width:100%;border-collapse:collapse;padding:3px 3px 3px 3px\">\n<tr style=\"text-align:center;font-weight:bold;background:#9CBCE2\">\n<td>Pacific:Cocos</td>\n</tr>\n<tr>\n<td>\n<table style=\"font-family:Arial,Verdana,Times;font-size:12px;text-align:left;width:100%;border-spacing:0px; padding:3px 3px 3px 3px\">\n<tr>\n<td>NAME</td>\n<td>Pacific:Cocos</td>\n</tr>\n<tr bgcolor=\"#D4E4F3\">\n<td>LABEL</td>\n<td>Transform Boundary</td>\n</tr>\n</table>\n</td>\n</tr>\n</table>\n</body>\n</html>", "LABEL": "Transform Boundary" }, "geometry": { "type": "MultiLineString", "coordinates": [ [ [ -102.144996643280393, 2.888999939395717, 0.0 ], [ -102.117996215652795, 2.892999887335009, 0.0 ] ] ] } },
{ "type": "Feature", "properties": { "Name": "Nazca:Cocos", "Description": "<html xmlns:fo=\"http://www.w3.org/1999/XSL/Format\" xmlns:msxsl=\"urn:schemas-microsoft-com:xslt\">\n<head>\n<META http-equiv=\"Content-Type\" content=\"text/html\">\n<meta http-equiv=\"content-type\" content=\"text/html; charset=UTF-8\">\n</head>\n<body style=\"margin:0px 0px 0px 0px;overflow:auto;background:#FFFFFF;\">\n<table style=\"font-family:Arial,Verdana,Times;font-size:12px;text-align:left;width:100%;border-collapse:collapse;padding:3px 3px 3px 3px\">\n<tr style=\"text-align:center;font-weight:bold;background:#9CBCE2\">\n<td>Nazca:Cocos</td>\n</tr>\n<tr>\n<td>\n<table style=\"font-family:Arial,Verdana,Times;font-size:12px;text-align:left;width:100%;border-spacing:0px; padding:3px 3px 3px 3px\">\n<tr>\n<td>NAME</td>\n<td>Nazca:Cocos</td>\n</tr>\n<tr bgcolor=\"#D4E4F3\">\n<td>LABEL</td>\n<td>Transform Boundary</td>\n</tr>\n</table>\n</td>\n</tr>\n</table>\n</body>\n</html>", "LABEL": "Transform Boundary" }, "geometry": { "type": "MultiLineString", "coordinates": [ [ [ -95.197998046472605, 2.506999969872766, 0.0 ], [ -95.223999023336205, 2.22199988338798, 0.0 ] ] ] } },
{ "type": "Feature", "properties": { "Name": "Nazca:Cocos", "Description": "<html xmlns:fo=\"http://www.w3.org/1999/XSL/Format\" xmlns:msxsl=\"urn:schemas-microsoft-com:xslt\">\n<head>\n<META http-equiv=\"Content-Type\" content=\"text/html\">\n<meta http-equiv=\"content-type\" content=\"text/html; charset=UTF-8\">\n</head>\n<body style=\"margin:0px 0px 0px 0px;overflow:auto;background:#FFFFFF;\">\n<table style=\"font-family:Arial,Verdana,Times;font-size:12px;text-align:left;width:100%;border-collapse:collapse;padding:3px 3px 3px 3px\">\n<tr style=\"text-align:center;font-weight:bold;background:#9CBCE2\">\n<td>Nazca:Cocos</td>\n</tr>\n<tr>\n<td>\n<table style=\"font-family:Arial,Verdana,Times;font-size:12px;text-align:left;width:100%;border-spacing:0px; padding:3px 3px 3px 3px\">\n<tr>\n<td>NAME</td>\n<td>Nazca:Cocos</td>\n</tr>\n<tr bgcolor=\"#D4E4F3\">\n<td>LABEL</td>\n<td>Transform Boundary</td>\n</tr>\n</table>\n</td>\n</tr>\n</table>\n</body>\n</html>", "LABEL": "Transform Boundary" }, "geometry": { "type": "MultiLineString", "coordinates": [ [ [ -100.046997070658193, 2.299999952335952, 0.0 ], [ -100.066001892173603, 2.207000017237078, 0.0 ] ] ] } },
{ "type": "Feature", "properties": { "Name": "Nazca:Cocos", "Description": "<html xmlns:fo=\"http://www.w3.org/1999/XSL/Format\" xmlns:msxsl=\"urn:schemas-microsoft-com:xslt\">\n<head>\n<META http-equiv=\"Content-Type\" content=\"text/html\">\n<meta http-equiv=\"content-type\" content=\"text/html; charset=UTF-8\">\n</head>\n<body style=\"margin:0px 0px 0px 0px;overflow:auto;background:#FFFFFF;\">\n<table style=\"font-family:Arial,Verdana,Times;font-size:12px;text-align:left;width:100%;border-collapse:collapse;padding:3px 3px 3px 3px\">\n<tr style=\"text-align:center;font-weight:bold;background:#9CBCE2\">\n<td>Nazca:Cocos</td>\n</tr>\n<tr>\n<td>\n<table style=\"font-family:Arial,Verdana,Times;font-size:12px;text-align:left;width:100%;border-spacing:0px; padding:3px 3px 3px 3px\">\n<tr>\n<td>NAME</td>\n<td>Nazca:Cocos</td>\n</tr>\n<tr bgcolor=\"#D4E4F3\">\n<td>LABEL</td>\n<td>Transform Boundary</td>\n</tr>\n</table>\n</td>\n</tr>\n</table>\n</body>\n</html>", "LABEL": "Transform Boundary" }, "geometry": { "type": "MultiLineString", "coordinates": [ [ [ -101.195999145544107, 2.198999882138878, 0.0 ], [ -101.203002929841304, 2.24099993669779, 0.0 ] ] ] } },
{ "type": "Feature", "properties": { "Name": "Nazca:Cocos", "Description": "<html xmlns:fo=\"http://www.w3.org/1999/XSL/Format\" xmlns:msxsl=\"urn:schemas-microsoft-com:xslt\">\n<head>\n<META http-equiv=\"Content-Type\" content=\"text/html\">\n<meta http-equiv=\"content-type\" content=\"text/html; charset=UTF-8\">\n</head>\n<body style=\"margin:0px 0px 0px 0px;overflow:auto;background:#FFFFFF;\">\n<table style=\"font-family:Arial,Verdana,Times;font-size:12px;text-align:left;width:100%;border-collapse:collapse;padding:3px 3px 3px 3px\">\n<tr style=\"text-align:center;font-weight:bold;background:#9CBCE2\">\n<td>Nazca:Cocos</td>\n</tr>\n<tr>\n<td>\n<table style=\"font-family:Arial,Verdana,Times;font-size:12px;text-align:left;width:100%;border-spacing:0px; padding:3px 3px 3px 3px\">\n<tr>\n<td>NAME</td>\n<td>Nazca:Cocos</td>\n</tr>\n<tr bgcolor=\"#D4E4F3\">\n<td>LABEL</td>\n<td>Transform Boundary</td>\n</tr>\n</table>\n</td>\n</tr>\n</table>\n</body>\n</html>", "LABEL": "Transform Boundary" }, "geometry": { "type": "MultiLineString", "coordinates": [ [ [ -98.888999938896006, 2.213000059205399, 0.0 ], [ -98.917999267152425, 2.111999988109005, 0.0 ] ] ] } },
{ "type": "Feature", "properties": { "Name": "African:Indian", "Description": "<html xmlns:fo=\"http://www.w3.org/1999/XSL/Format\" xmlns:msxsl=\"urn:schemas-microsoft-com:xslt\">\n<head>\n<META http-equiv=\"Content-Type\" content=\"text/html\">\n<meta http-equiv=\"content-type\" content=\"text/html; charset=UTF-8\">\n</head>\n<body style=\"margin:0px 0px 0px 0px;overflow:auto;background:#FFFFFF;\">\n<table style=\"font-family:Arial,Verdana,Times;font-size:12px;text-align:left;width:100%;border-collapse:collapse;padding:3px 3px 3px 3px\">\n<tr style=\"text-align:center;font-weight:bold;background:#9CBCE2\">\n<td>African:Indian</td>\n</tr>\n<tr>\n<td>\n<table style=\"font-family:Arial,Verdana,Times;font-size:12px;text-align:left;width:100%;border-spacing:0px; padding:3px 3px 3px 3px\">\n<tr>\n<td>NAME</td>\n<td>African:Indian</td>\n</tr>\n<tr bgcolor=\"#D4E4F3\">\n<td>LABEL</td>\n<td>Transform Boundary</td>\n</tr>\n</table>\n</td>\n</tr>\n</table>\n</body>\n</html>", "LABEL": "Transform Boundary" }, "geometry": { "type": "MultiLineString", "coordinates": [ [ [ 65.991996765338513, 2.052000045965372, 0.0 ], [ 66.179000854505887, 2.392999887434883, 0.0 ], [ 66.379997253470549, 2.752000093129823, 0.0 ] ] ] } },
{ "type": "Feature", "properties": { "Name": "Nazca:Cocos", "Description": "<html xmlns:fo=\"http://www.w3.org/1999/XSL/Format\" xmlns:msxsl=\"urn:schemas-microsoft-com:xslt\">\n<head>\n<META http-equiv=\"Content-Type\" content=\"text/html\">\n<meta http-equiv=\"content-type\" content=\"text/html; charset=UTF-8\">\n</head>\n<body style=\"margin:0px 0px 0px 0px;overflow:auto;background:#FFFFFF;\">\n<table style=\"font-family:Arial,Verdana,Times;font-size:12px;text-align:left;width:100%;border-collapse:collapse;padding:3px 3px 3px 3px\">\n<tr style=\"text-align:center;font-weight:bold;background:#9CBCE2\">\n<td>Nazca:Cocos</td>\n</tr>\n<tr>\n<td>\n<table style=\"font-family:Arial,Verdana,Times;font-size:12px;text-align:left;width:100%;border-spacing:0px; padding:3px 3px 3px 3px\">\n<tr>\n<td>NAME</td>\n<td>Nazca:Cocos</td>\n</tr>\n<tr bgcolor=\"#D4E4F3\">\n<td>LABEL</td>\n<td>Transform Boundary</td>\n</tr>\n</table>\n</td>\n</tr>\n</table>\n</body>\n</html>", "LABEL": "Transform Boundary" }, "geometry": { "type": "MultiLineString", "coordinates": [ [ [ -92.117996215852656, 1.990000009792652, 0.0 ], [ -92.089996337460946, 2.200000047863966, 0.0 ] ] ] } },
{ "type": "Feature", "properties": { "Name": "Pacific:Nazca", "Description": "<html xmlns:fo=\"http://www.w3.org/1999/XSL/Format\" xmlns:msxsl=\"urn:schemas-microsoft-com:xslt\">\n<head>\n<META http-equiv=\"Content-Type\" content=\"text/html\">\n<meta http-equiv=\"content-type\" content=\"text/html; charset=UTF-8\">\n</head>\n<body style=\"margin:0px 0px 0px 0px;overflow:auto;background:#FFFFFF;\">\n<table style=\"font-family:Arial,Verdana,Times;font-size:12px;text-align:left;width:100%;border-collapse:collapse;padding:3px 3px 3px 3px\">\n<tr style=\"text-align:center;font-weight:bold;background:#9CBCE2\">\n<td>Pacific:Nazca</td>\n</tr>\n<tr>\n<td>\n<table style=\"font-family:Arial,Verdana,Times;font-size:12px;text-align:left;width:100%;border-spacing:0px; padding:3px 3px 3px 3px\">\n<tr>\n<td>NAME</td>\n<td>Pacific:Nazca</td>\n</tr>\n<tr bgcolor=\"#D4E4F3\">\n<td>LABEL</td>\n<td>Transform Boundary</td>\n</tr>\n</table>\n</td>\n</tr>\n</table>\n</body>\n</html>", "LABEL": "Transform Boundary" }, "geometry": { "type": "MultiLineString", "coordinates": [ [ [ -102.103996276906599, 1.904000044066834, 0.0 ], [ -102.087997436632406, 1.902999997052291, 0.0 ] ] ] } },
{ "type": "Feature", "properties": { "Name": "Nazca:Cocos", "Description": "<html xmlns:fo=\"http://www.w3.org/1999/XSL/Format\" xmlns:msxsl=\"urn:schemas-microsoft-com:xslt\">\n<head>\n<META http-equiv=\"Content-Type\" content=\"text/html\">\n<meta http-equiv=\"content-type\" content=\"text/html; charset=UTF-8\">\n</head>\n<body style=\"margin:0px 0px 0px 0px;overflow:auto;background:#FFFFFF;\">\n<table style=\"font-family:Arial,Verdana,Times;font-size:12px;text-align:left;width:100%;border-collapse:collapse;padding:3px 3px 3px 3px\">\n<tr style=\"text-align:center;font-weight:bold;background:#9CBCE2\">\n<td>Nazca:Cocos</td>\n</tr>\n<tr>\n<td>\n<table style=\"font-family:Arial,Verdana,Times;font-size:12px;text-align:left;width:100%;border-spacing:0px; padding:3px 3px 3px 3px\">\n<tr>\n<td>NAME</td>\n<td>Nazca:Cocos</td>\n</tr>\n<tr bgcolor=\"#D4E4F3\">\n<td>LABEL</td>\n<td>Transform Boundary</td>\n</tr>\n</table>\n</td>\n</tr>\n</table>\n</body>\n</html>", "LABEL": "Transform Boundary" }, "geometry": { "type": "MultiLineString", "coordinates": [ [ [ -97.584999084340211, 1.898000002098456, 0.0 ], [ -97.551002502263657, 2.088000059455226, 0.0 ] ] ] } },
{ "type": "Feature", "properties": { "Name": "Nazca:Cocos", "Description": "<html xmlns:fo=\"http://www.w3.org/1999/XSL/Format\" xmlns:msxsl=\"urn:schemas-microsoft-com:xslt\">\n<head>\n<META http-equiv=\"Content-Type\" content=\"text/html\">\n<meta http-equiv=\"content-type\" content=\"text/html; charset=UTF-8\">\n</head>\n<body style=\"margin:0px 0px 0px 0px;overflow:auto;background:#FFFFFF;\">\n<table style=\"font-family:Arial,Verdana,Times;font-size:12px;text-align:left;width:100%;border-collapse:collapse;padding:3px 3px 3px 3px\">\n<tr style=\"text-align:center;font-weight:bold;background:#9CBCE2\">\n<td>Nazca:Cocos</td>\n</tr>\n<tr>\n<td>\n<table style=\"font-family:Arial,Verdana,Times;font-size:12px;text-align:left;width:100%;border-spacing:0px; padding:3px 3px 3px 3px\">\n<tr>\n<td>NAME</td>\n<td>Nazca:Cocos</td>\n</tr>\n<tr bgcolor=\"#D4E4F3\">\n<td>LABEL</td>\n<td>Transform Boundary</td>\n</tr>\n</table>\n</td>\n</tr>\n</table>\n</body>\n</html>", "LABEL": "Transform Boundary" }, "geometry": { "type": "MultiLineString", "coordinates": [ [ [ -96.120002746429577, 2.237999916163233, 0.0 ], [ -96.175003051549538, 1.873000025530814, 0.0 ] ] ] } },
{ "type": "Feature", "properties": { "Name": "Nazca:Cocos", "Description": "<html xmlns:fo=\"http://www.w3.org/1999/XSL/Format\" xmlns:msxsl=\"urn:schemas-microsoft-com:xslt\">\n<head>\n<META http-equiv=\"Content-Type\" content=\"text/html\">\n<meta http-equiv=\"content-type\" content=\"text/html; charset=UTF-8\">\n</head>\n<body style=\"margin:0px 0px 0px 0px;overflow:auto;background:#FFFFFF;\">\n<table style=\"font-family:Arial,Verdana,Times;font-size:12px;text-align:left;width:100%;border-collapse:collapse;padding:3px 3px 3px 3px\">\n<tr style=\"text-align:center;font-weight:bold;background:#9CBCE2\">\n<td>Nazca:Cocos</td>\n</tr>\n<tr>\n<td>\n<table style=\"font-family:Arial,Verdana,Times;font-size:12px;text-align:left;width:100%;border-spacing:0px; padding:3px 3px 3px 3px\">\n<tr>\n<td>NAME</td>\n<td>Nazca:Cocos</td>\n</tr>\n<tr bgcolor=\"#D4E4F3\">\n<td>LABEL</td>\n<td>Transform Boundary</td>\n</tr>\n</table>\n</td>\n</tr>\n</table>\n</body>\n</html>", "LABEL": "Transform Boundary" }, "geometry": { "type": "MultiLineString", "coordinates": [ [ [ -91.560997009304515, 1.817000031326415, 0.0 ], [ -91.538002014581252, 2.010999917911931, 0.0 ] ] ] } },
{ "type": "Feature", "properties": { "Name": "Pacific:Nazca", "Description": "<html xmlns:fo=\"http://www.w3.org/1999/XSL/Format\" xmlns:msxsl=\"urn:schemas-microsoft-com:xslt\">\n<head>\n<META http-equiv=\"Content-Type\" content=\"text/html\">\n<meta http-equiv=\"content-type\" content=\"text/html; charset=UTF-8\">\n</head>\n<body style=\"margin:0px 0px 0px 0px;overflow:auto;background:#FFFFFF;\">\n<table style=\"font-family:Arial,Verdana,Times;font-size:12px;text-align:left;width:100%;border-collapse:collapse;padding:3px 3px 3px 3px\">\n<tr style=\"text-align:center;font-weight:bold;background:#9CBCE2\">\n<td>Pacific:Nazca</td>\n</tr>\n<tr>\n<td>\n<table style=\"font-family:Arial,Verdana,Times;font-size:12px;text-align:left;width:100%;border-spacing:0px; padding:3px 3px 3px 3px\">\n<tr>\n<td>NAME</td>\n<td>Pacific:Nazca</td>\n</tr>\n<tr bgcolor=\"#D4E4F3\">\n<td>LABEL</td>\n<td>Transform Boundary</td>\n</tr>\n</table>\n</td>\n</tr>\n</table>\n</body>\n</html>", "LABEL": "Transform Boundary" }, "geometry": { "type": "MultiLineString", "coordinates": [ [ [ -102.262001037817598, 1.751999974619196, 0.0 ], [ -102.133003235011202, 1.777999997302061, 0.0 ] ] ] } },
{ "type": "Feature", "properties": { "Name": "African:South American", "Description": "<html xmlns:fo=\"http://www.w3.org/1999/XSL/Format\" xmlns:msxsl=\"urn:schemas-microsoft-com:xslt\">\n<head>\n<META http-equiv=\"Content-Type\" content=\"text/html\">\n<meta http-equiv=\"content-type\" content=\"text/html; charset=UTF-8\">\n</head>\n<body style=\"margin:0px 0px 0px 0px;overflow:auto;background:#FFFFFF;\">\n<table style=\"font-family:Arial,Verdana,Times;font-size:12px;text-align:left;width:100%;border-collapse:collapse;padding:3px 3px 3px 3px\">\n<tr style=\"text-align:center;font-weight:bold;background:#9CBCE2\">\n<td>African:South American</td>\n</tr>\n<tr>\n<td>\n<table style=\"font-family:Arial,Verdana,Times;font-size:12px;text-align:left;width:100%;border-spacing:0px; padding:3px 3px 3px 3px\">\n<tr>\n<td>NAME</td>\n<td>African:South American</td>\n</tr>\n<tr bgcolor=\"#D4E4F3\">\n<td>LABEL</td>\n<td>Transform Boundary</td>\n</tr>\n</table>\n</td>\n</tr>\n</table>\n</body>\n</html>", "LABEL": "Transform Boundary" }, "geometry": { "type": "MultiLineString", "coordinates": [ [ [ -30.027000426928112, 1.606999993255158, 0.0 ], [ -30.73600006085405, 1.643000006744956, 0.0 ] ] ] } },
{ "type": "Feature", "properties": { "Name": "Nazca:Cocos", "Description": "<html xmlns:fo=\"http://www.w3.org/1999/XSL/Format\" xmlns:msxsl=\"urn:schemas-microsoft-com:xslt\">\n<head>\n<META http-equiv=\"Content-Type\" content=\"text/html\">\n<meta http-equiv=\"content-type\" content=\"text/html; charset=UTF-8\">\n</head>\n<body style=\"margin:0px 0px 0px 0px;overflow:auto;background:#FFFFFF;\">\n<table style=\"font-family:Arial,Verdana,Times;font-size:12px;text-align:left;width:100%;border-collapse:collapse;padding:3px 3px 3px 3px\">\n<tr style=\"text-align:center;font-weight:bold;background:#9CBCE2\">\n<td>Nazca:Cocos</td>\n</tr>\n<tr>\n<td>\n<table style=\"font-family:Arial,Verdana,Times;font-size:12px;text-align:left;width:100%;border-spacing:0px; padding:3px 3px 3px 3px\">\n<tr>\n<td>NAME</td>\n<td>Nazca:Cocos</td>\n</tr>\n<tr bgcolor=\"#D4E4F3\">\n<td>LABEL</td>\n<td>Transform Boundary</td>\n</tr>\n</table>\n</td>\n</tr>\n</table>\n</body>\n</html>", "LABEL": "Transform Boundary" }, "geometry": { "type": "MultiLineString", "coordinates": [ [ [ -84.467002868787347, 3.111999988808464, 0.0 ], [ -84.567001342437948, 2.533999919960365, 0.0 ], [ -84.570999145494113, 2.065999984711596, 0.0 ], [ -84.575996399314363, 1.598000049462769, 0.0 ] ] ] } },
{ "type": "Feature", "properties": { "Name": "Pacific:Nazca", "Description": "<html xmlns:fo=\"http://www.w3.org/1999/XSL/Format\" xmlns:msxsl=\"urn:schemas-microsoft-com:xslt\">\n<head>\n<META http-equiv=\"Content-Type\" content=\"text/html\">\n<meta http-equiv=\"content-type\" content=\"text/html; charset=UTF-8\">\n</head>\n<body style=\"margin:0px 0px 0px 0px;overflow:auto;background:#FFFFFF;\">\n<table style=\"font-family:Arial,Verdana,Times;font-size:12px;text-align:left;width:100%;border-collapse:collapse;padding:3px 3px 3px 3px\">\n<tr style=\"text-align:center;font-weight:bold;background:#9CBCE2\">\n<td>Pacific:Nazca</td>\n</tr>\n<tr>\n<td>\n<table style=\"font-family:Arial,Verdana,Times;font-size:12px;text-align:left;width:100%;border-spacing:0px; padding:3px 3px 3px 3px\">\n<tr>\n<td>NAME</td>\n<td>Pacific:Nazca</td>\n</tr>\n<tr bgcolor=\"#D4E4F3\">\n<td>LABEL</td>\n<td>Transform Boundary</td>\n</tr>\n</table>\n</td>\n</tr>\n</table>\n</body>\n</html>", "LABEL": "Transform Boundary" }, "geometry": { "type": "MultiLineString", "coordinates": [ [ [ -102.257003783997405, 1.527999996902395, 0.0 ], [ -102.230003357269098, 1.541000008243827, 0.0 ] ] ] } },
{ "type": "Feature", "properties": { "Name": "African:Indian", "Description": "<html xmlns:fo=\"http://www.w3.org/1999/XSL/Format\" xmlns:msxsl=\"urn:schemas-microsoft-com:xslt\">\n<head>\n<META http-equiv=\"Content-Type\" content=\"text/html\">\n<meta http-equiv=\"content-type\" content=\"text/html; charset=UTF-8\">\n</head>\n<body style=\"margin:0px 0px 0px 0px;overflow:auto;background:#FFFFFF;\">\n<table style=\"font-family:Arial,Verdana,Times;font-size:12px;text-align:left;width:100%;border-collapse:collapse;padding:3px 3px 3px 3px\">\n<tr style=\"text-align:center;font-weight:bold;background:#9CBCE2\">\n<td>African:Indian</td>\n</tr>\n<tr>\n<td>\n<table style=\"font-family:Arial,Verdana,Times;font-size:12px;text-align:left;width:100%;border-spacing:0px; padding:3px 3px 3px 3px\">\n<tr>\n<td>NAME</td>\n<td>African:Indian</td>\n</tr>\n<tr bgcolor=\"#D4E4F3\">\n<td>LABEL</td>\n<td>Transform Boundary</td>\n</tr>\n</table>\n</td>\n</tr>\n</table>\n</body>\n</html>", "LABEL": "Transform Boundary" }, "geometry": { "type": "MultiLineString", "coordinates": [ [ [ 66.492996216002609, 1.330999970172513, 0.0 ], [ 66.6729965208728, 1.621000051611134, 0.0 ] ] ] } },
{ "type": "Feature", "properties": { "Name": "Pacific:Nazca", "Description": "<html xmlns:fo=\"http://www.w3.org/1999/XSL/Format\" xmlns:msxsl=\"urn:schemas-microsoft-com:xslt\">\n<head>\n<META http-equiv=\"Content-Type\" content=\"text/html\">\n<meta http-equiv=\"content-type\" content=\"text/html; charset=UTF-8\">\n</head>\n<body style=\"margin:0px 0px 0px 0px;overflow:auto;background:#FFFFFF;\">\n<table style=\"font-family:Arial,Verdana,Times;font-size:12px;text-align:left;width:100%;border-collapse:collapse;padding:3px 3px 3px 3px\">\n<tr style=\"text-align:center;font-weight:bold;background:#9CBCE2\">\n<td>Pacific:Nazca</td>\n</tr>\n<tr>\n<td>\n<table style=\"font-family:Arial,Verdana,Times;font-size:12px;text-align:left;width:100%;border-spacing:0px; padding:3px 3px 3px 3px\">\n<tr>\n<td>NAME</td>\n<td>Pacific:Nazca</td>\n</tr>\n<tr bgcolor=\"#D4E4F3\">\n<td>LABEL</td>\n<td>Transform Boundary</td>\n</tr>\n</table>\n</td>\n</tr>\n</table>\n</body>\n</html>", "LABEL": "Transform Boundary" }, "geometry": { "type": "MultiLineString", "coordinates": [ [ [ -102.222999572971901, 1.213999986809995, 0.0 ], [ -102.203002929641499, 1.220999956183107, 0.0 ] ] ] } },
{ "type": "Feature", "properties": { "Name": "Nazca:Cocos", "Description": "<html xmlns:fo=\"http://www.w3.org/1999/XSL/Format\" xmlns:msxsl=\"urn:schemas-microsoft-com:xslt\">\n<head>\n<META http-equiv=\"Content-Type\" content=\"text/html\">\n<meta http-equiv=\"content-type\" content=\"text/html; charset=UTF-8\">\n</head>\n<body style=\"margin:0px 0px 0px 0px;overflow:auto;background:#FFFFFF;\">\n<table style=\"font-family:Arial,Verdana,Times;font-size:12px;text-align:left;width:100%;border-collapse:collapse;padding:3px 3px 3px 3px\">\n<tr style=\"text-align:center;font-weight:bold;background:#9CBCE2\">\n<td>Nazca:Cocos</td>\n</tr>\n<tr>\n<td>\n<table style=\"font-family:Arial,Verdana,Times;font-size:12px;text-align:left;width:100%;border-spacing:0px; padding:3px 3px 3px 3px\">\n<tr>\n<td>NAME</td>\n<td>Nazca:Cocos</td>\n</tr>\n<tr bgcolor=\"#D4E4F3\">\n<td>LABEL</td>\n<td>Transform Boundary</td>\n</tr>\n</table>\n</td>\n</tr>\n</table>\n</body>\n</html>", "LABEL": "Transform Boundary" }, "geometry": { "type": "MultiLineString", "coordinates": [ [ [ -90.663002014531287, 1.120000004696522, 0.0 ], [ -90.696998596607898, 1.735999941843886, 0.0 ] ] ] } },
{ "type": "Feature", "properties": { "Name": "Nazca:Cocos", "Description": "<html xmlns:fo=\"http://www.w3.org/1999/XSL/Format\" xmlns:msxsl=\"urn:schemas-microsoft-com:xslt\">\n<head>\n<META http-equiv=\"Content-Type\" content=\"text/html\">\n<meta http-equiv=\"content-type\" content=\"text/html; charset=UTF-8\">\n</head>\n<body style=\"margin:0px 0px 0px 0px;overflow:auto;background:#FFFFFF;\">\n<table style=\"font-family:Arial,Verdana,Times;font-size:12px;text-align:left;width:100%;border-collapse:collapse;padding:3px 3px 3px 3px\">\n<tr style=\"text-align:center;font-weight:bold;background:#9CBCE2\">\n<td>Nazca:Cocos</td>\n</tr>\n<tr>\n<td>\n<table style=\"font-family:Arial,Verdana,Times;font-size:12px;text-align:left;width:100%;border-spacing:0px; padding:3px 3px 3px 3px\">\n<tr>\n<td>NAME</td>\n<td>Nazca:Cocos</td>\n</tr>\n<tr bgcolor=\"#D4E4F3\">\n<td>LABEL</td>\n<td>Transform Boundary</td>\n</tr>\n</table>\n</td>\n</tr>\n</table>\n</body>\n</html>", "LABEL": "Transform Boundary" }, "geometry": { "type": "MultiLineString", "coordinates": [ [ [ -85.34899902328624, 1.644000053759498, 0.0 ], [ -85.386001586603925, 0.832000017287044, 0.0 ] ] ] } },
{ "type": "Feature", "properties": { "Name": "African:South American", "Description": "<html xmlns:fo=\"http://www.w3.org/1999/XSL/Format\" xmlns:msxsl=\"urn:schemas-microsoft-com:xslt\">\n<head>\n<META http-equiv=\"Content-Type\" content=\"text/html\">\n<meta http-equiv=\"content-type\" content=\"text/html; charset=UTF-8\">\n</head>\n<body style=\"margin:0px 0px 0px 0px;overflow:auto;background:#FFFFFF;\">\n<table style=\"font-family:Arial,Verdana,Times;font-size:12px;text-align:left;width:100%;border-collapse:collapse;padding:3px 3px 3px 3px\">\n<tr style=\"text-align:center;font-weight:bold;background:#9CBCE2\">\n<td>African:South American</td>\n</tr>\n<tr>\n<td>\n<table style=\"font-family:Arial,Verdana,Times;font-size:12px;text-align:left;width:100%;border-spacing:0px; padding:3px 3px 3px 3px\">\n<tr>\n<td>NAME</td>\n<td>African:South American</td>\n</tr>\n<tr bgcolor=\"#D4E4F3\">\n<td>LABEL</td>\n<td>Transform Boundary</td>\n</tr>\n</table>\n</td>\n</tr>\n</table>\n</body>\n</html>", "LABEL": "Transform Boundary" }, "geometry": { "type": "MultiLineString", "coordinates": [ [ [ -26.474000930598439, 1.159000038720876, 0.0 ], [ -27.315000533647659, 1.062000036072845, 0.0 ], [ -27.83099937472133, 1.006999969273238, 0.0 ], [ -28.347000122357709, 0.953000008843389, 0.0 ], [ -29.209999084290249, 0.848999977467031, 0.0 ], [ -29.92000007644231, 0.79699999055714, 0.0 ] ] ] } },
{ "type": "Feature", "properties": { "Name": "African:Indian", "Description": "<html xmlns:fo=\"http://www.w3.org/1999/XSL/Format\" xmlns:msxsl=\"urn:schemas-microsoft-com:xslt\">\n<head>\n<META http-equiv=\"Content-Type\" content=\"text/html\">\n<meta http-equiv=\"content-type\" content=\"text/html; charset=UTF-8\">\n</head>\n<body style=\"margin:0px 0px 0px 0px;overflow:auto;background:#FFFFFF;\">\n<table style=\"font-family:Arial,Verdana,Times;font-size:12px;text-align:left;width:100%;border-collapse:collapse;padding:3px 3px 3px 3px\">\n<tr style=\"text-align:center;font-weight:bold;background:#9CBCE2\">\n<td>African:Indian</td>\n</tr>\n<tr>\n<td>\n<table style=\"font-family:Arial,Verdana,Times;font-size:12px;text-align:left;width:100%;border-spacing:0px; padding:3px 3px 3px 3px\">\n<tr>\n<td>NAME</td>\n<td>African:Indian</td>\n</tr>\n<tr bgcolor=\"#D4E4F3\">\n<td>LABEL</td>\n<td>Transform Boundary</td>\n</tr>\n</table>\n</td>\n</tr>\n</table>\n</body>\n</html>", "LABEL": "Transform Boundary" }, "geometry": { "type": "MultiLineString", "coordinates": [ [ [ 66.656997680598522, 0.72200000329758, 0.0 ], [ 66.870002746629496, 1.067999959330734, 0.0 ] ] ] } },
{ "type": "Feature", "properties": { "Name": "Pacific:Nazca", "Description": "<html xmlns:fo=\"http://www.w3.org/1999/XSL/Format\" xmlns:msxsl=\"urn:schemas-microsoft-com:xslt\">\n<head>\n<META http-equiv=\"Content-Type\" content=\"text/html\">\n<meta http-equiv=\"content-type\" content=\"text/html; charset=UTF-8\">\n</head>\n<body style=\"margin:0px 0px 0px 0px;overflow:auto;background:#FFFFFF;\">\n<table style=\"font-family:Arial,Verdana,Times;font-size:12px;text-align:left;width:100%;border-collapse:collapse;padding:3px 3px 3px 3px\">\n<tr style=\"text-align:center;font-weight:bold;background:#9CBCE2\">\n<td>Pacific:Nazca</td>\n</tr>\n<tr>\n<td>\n<table style=\"font-family:Arial,Verdana,Times;font-size:12px;text-align:left;width:100%;border-spacing:0px; padding:3px 3px 3px 3px\">\n<tr>\n<td>NAME</td>\n<td>Pacific:Nazca</td>\n</tr>\n<tr bgcolor=\"#D4E4F3\">\n<td>LABEL</td>\n<td>Transform Boundary</td>\n</tr>\n</table>\n</td>\n</tr>\n</table>\n</body>\n</html>", "LABEL": "Transform Boundary" }, "geometry": { "type": "MultiLineString", "coordinates": [ [ [ -102.209999084090398, 0.705999970522271, 0.0 ], [ -102.239997864010206, 0.712999999250599, 0.0 ] ] ] } },
{ "type": "Feature", "properties": { "Name": "African:South American", "Description": "<html xmlns:fo=\"http://www.w3.org/1999/XSL/Format\" xmlns:msxsl=\"urn:schemas-microsoft-com:xslt\">\n<head>\n<META http-equiv=\"Content-Type\" content=\"text/html\">\n<meta http-equiv=\"content-type\" content=\"text/html; charset=UTF-8\">\n</head>\n<body style=\"margin:0px 0px 0px 0px;overflow:auto;background:#FFFFFF;\">\n<table style=\"font-family:Arial,Verdana,Times;font-size:12px;text-align:left;width:100%;border-collapse:collapse;padding:3px 3px 3px 3px\">\n<tr style=\"text-align:center;font-weight:bold;background:#9CBCE2\">\n<td>African:South American</td>\n</tr>\n<tr>\n<td>\n<table style=\"font-family:Arial,Verdana,Times;font-size:12px;text-align:left;width:100%;border-spacing:0px; padding:3px 3px 3px 3px\">\n<tr>\n<td>NAME</td>\n<td>African:South American</td>\n</tr>\n<tr bgcolor=\"#D4E4F3\">\n<td>LABEL</td>\n<td>Transform Boundary</td>\n</tr>\n</table>\n</td>\n</tr>\n</table>\n</body>\n</html>", "LABEL": "Transform Boundary" }, "geometry": { "type": "MultiLineString", "coordinates": [ [ [ -25.0289993285561, 0.614000022183347, 0.0 ], [ -25.65900039695072, 0.555999994204399, 0.0 ], [ -26.28899955788324, 0.497999995903115, 0.0 ] ] ] } },
{ "type": "Feature", "properties": { "Name": "African:Indian", "Description": "<html xmlns:fo=\"http://www.w3.org/1999/XSL/Format\" xmlns:msxsl=\"urn:schemas-microsoft-com:xslt\">\n<head>\n<META http-equiv=\"Content-Type\" content=\"text/html\">\n<meta http-equiv=\"content-type\" content=\"text/html; charset=UTF-8\">\n</head>\n<body style=\"margin:0px 0px 0px 0px;overflow:auto;background:#FFFFFF;\">\n<table style=\"font-family:Arial,Verdana,Times;font-size:12px;text-align:left;width:100%;border-collapse:collapse;padding:3px 3px 3px 3px\">\n<tr style=\"text-align:center;font-weight:bold;background:#9CBCE2\">\n<td>African:Indian</td>\n</tr>\n<tr>\n<td>\n<table style=\"font-family:Arial,Verdana,Times;font-size:12px;text-align:left;width:100%;border-spacing:0px; padding:3px 3px 3px 3px\">\n<tr>\n<td>NAME</td>\n<td>African:Indian</td>\n</tr>\n<tr bgcolor=\"#D4E4F3\">\n<td>LABEL</td>\n<td>Transform Boundary</td>\n</tr>\n</table>\n</td>\n</tr>\n</table>\n</body>\n</html>", "LABEL": "Transform Boundary" }, "geometry": { "type": "MultiLineString", "coordinates": [ [ [ 66.838996886996767, -0.03900000064948, 0.0 ], [ 67.158996582026703, 0.337000012340752, 0.0 ] ] ] } },
{ "type": "Feature", "properties": { "Name": "African:South American", "Description": "<html xmlns:fo=\"http://www.w3.org/1999/XSL/Format\" xmlns:msxsl=\"urn:schemas-microsoft-com:xslt\">\n<head>\n<META http-equiv=\"Content-Type\" content=\"text/html\">\n<meta http-equiv=\"content-type\" content=\"text/html; charset=UTF-8\">\n</head>\n<body style=\"margin:0px 0px 0px 0px;overflow:auto;background:#FFFFFF;\">\n<table style=\"font-family:Arial,Verdana,Times;font-size:12px;text-align:left;width:100%;border-collapse:collapse;padding:3px 3px 3px 3px\">\n<tr style=\"text-align:center;font-weight:bold;background:#9CBCE2\">\n<td>African:South American</td>\n</tr>\n<tr>\n<td>\n<table style=\"font-family:Arial,Verdana,Times;font-size:12px;text-align:left;width:100%;border-spacing:0px; padding:3px 3px 3px 3px\">\n<tr>\n<td>NAME</td>\n<td>African:South American</td>\n</tr>\n<tr bgcolor=\"#D4E4F3\">\n<td>LABEL</td>\n<td>Transform Boundary</td>\n</tr>\n</table>\n</td>\n</tr>\n</table>\n</body>\n</html>", "LABEL": "Transform Boundary" }, "geometry": { "type": "MultiLineString", "coordinates": [ [ [ -16.037000656155332, -0.519999980514626, 0.0 ], [ -16.252000808790228, -0.55599999400448, 0.0 ] ] ] } },
{ "type": "Feature", "properties": { "Name": "African:Indian", "Description": "<html xmlns:fo=\"http://www.w3.org/1999/XSL/Format\" xmlns:msxsl=\"urn:schemas-microsoft-com:xslt\">\n<head>\n<META http-equiv=\"Content-Type\" content=\"text/html\">\n<meta http-equiv=\"content-type\" content=\"text/html; charset=UTF-8\">\n</head>\n<body style=\"margin:0px 0px 0px 0px;overflow:auto;background:#FFFFFF;\">\n<table style=\"font-family:Arial,Verdana,Times;font-size:12px;text-align:left;width:100%;border-collapse:collapse;padding:3px 3px 3px 3px\">\n<tr style=\"text-align:center;font-weight:bold;background:#9CBCE2\">\n<td>African:Indian</td>\n</tr>\n<tr>\n<td>\n<table style=\"font-family:Arial,Verdana,Times;font-size:12px;text-align:left;width:100%;border-spacing:0px; padding:3px 3px 3px 3px\">\n<tr>\n<td>NAME</td>\n<td>African:Indian</td>\n</tr>\n<tr bgcolor=\"#D4E4F3\">\n<td>LABEL</td>\n<td>Transform Boundary</td>\n</tr>\n</table>\n</td>\n</tr>\n</table>\n</body>\n</html>", "LABEL": "Transform Boundary" }, "geometry": { "type": "MultiLineString", "coordinates": [ [ [ 67.023002624771379, -0.578000009392895, 0.0 ], [ 67.20899963422579, -0.340000003896989, 0.0 ] ] ] } },
{ "type": "Feature", "properties": { "Name": "African:South American", "Description": "<html xmlns:fo=\"http://www.w3.org/1999/XSL/Format\" xmlns:msxsl=\"urn:schemas-microsoft-com:xslt\">\n<head>\n<META http-equiv=\"Content-Type\" content=\"text/html\">\n<meta http-equiv=\"content-type\" content=\"text/html; charset=UTF-8\">\n</head>\n<body style=\"margin:0px 0px 0px 0px;overflow:auto;background:#FFFFFF;\">\n<table style=\"font-family:Arial,Verdana,Times;font-size:12px;text-align:left;width:100%;border-collapse:collapse;padding:3px 3px 3px 3px\">\n<tr style=\"text-align:center;font-weight:bold;background:#9CBCE2\">\n<td>African:South American</td>\n</tr>\n<tr>\n<td>\n<table style=\"font-family:Arial,Verdana,Times;font-size:12px;text-align:left;width:100%;border-spacing:0px; padding:3px 3px 3px 3px\">\n<tr>\n<td>NAME</td>\n<td>African:South American</td>\n</tr>\n<tr bgcolor=\"#D4E4F3\">\n<td>LABEL</td>\n<td>Transform Boundary</td>\n</tr>\n</table>\n</td>\n</tr>\n</table>\n</body>\n</html>", "LABEL": "Transform Boundary" }, "geometry": { "type": "MultiLineString", "coordinates": [ [ [ -16.497999191209662, 0.298999994754013, 0.0 ], [ -16.756999969073259, 0.268999993554928, 0.0 ], [ -17.32299995398466, 0.150000006095468, 0.0 ], [ -17.88899993889601, 0.030999999750236, 0.0 ], [ -18.368999481440881, -0.072999999250499, 0.0 ], [ -18.850000381312501, -0.175999998900807, 0.0 ], [ -19.674999236625411, -0.33300000394695, 0.0 ], [ -20.48999977117245, -0.497000008943189, 0.0 ], [ -21.017000198700149, -0.587999999300507, 0.0 ], [ -21.544000625328579, -0.680000006994703, 0.0 ], [ -22.381000518758871, -0.796000003597214, 0.0 ], [ -22.934999465552838, -0.879999994903812, 0.0 ], [ -23.489999771472242, -0.963999986210354, 0.0 ], [ -24.05100059510136, -1.034000038770728, 0.0 ], [ -24.611999512167699, -1.103000045215879, 0.0 ] ] ] } },
{ "type": "Feature", "properties": { "Name": "African:South American", "Description": "<html xmlns:fo=\"http://www.w3.org/1999/XSL/Format\" xmlns:msxsl=\"urn:schemas-microsoft-com:xslt\">\n<head>\n<META http-equiv=\"Content-Type\" content=\"text/html\">\n<meta http-equiv=\"content-type\" content=\"text/html; charset=UTF-8\">\n</head>\n<body style=\"margin:0px 0px 0px 0px;overflow:auto;background:#FFFFFF;\">\n<table style=\"font-family:Arial,Verdana,Times;font-size:12px;text-align:left;width:100%;border-collapse:collapse;padding:3px 3px 3px 3px\">\n<tr style=\"text-align:center;font-weight:bold;background:#9CBCE2\">\n<td>African:South American</td>\n</tr>\n<tr>\n<td>\n<table style=\"font-family:Arial,Verdana,Times;font-size:12px;text-align:left;width:100%;border-spacing:0px; padding:3px 3px 3px 3px\">\n<tr>\n<td>NAME</td>\n<td>African:South American</td>\n</tr>\n<tr bgcolor=\"#D4E4F3\">\n<td>LABEL</td>\n<td>Transform Boundary</td>\n</tr>\n</table>\n</td>\n</tr>\n</table>\n</body>\n</html>", "LABEL": "Transform Boundary" }, "geometry": { "type": "MultiLineString", "coordinates": [ [ [ -15.564999580466241, -1.072999954084594, 0.0 ], [ -15.84099960354882, -1.143000006644968, 0.0 ] ] ] } },
{ "type": "Feature", "properties": { "Name": "Pacific:Nazca", "Description": "<html xmlns:fo=\"http://www.w3.org/1999/XSL/Format\" xmlns:msxsl=\"urn:schemas-microsoft-com:xslt\">\n<head>\n<META http-equiv=\"Content-Type\" content=\"text/html\">\n<meta http-equiv=\"content-type\" content=\"text/html; charset=UTF-8\">\n</head>\n<body style=\"margin:0px 0px 0px 0px;overflow:auto;background:#FFFFFF;\">\n<table style=\"font-family:Arial,Verdana,Times;font-size:12px;text-align:left;width:100%;border-collapse:collapse;padding:3px 3px 3px 3px\">\n<tr style=\"text-align:center;font-weight:bold;background:#9CBCE2\">\n<td>Pacific:Nazca</td>\n</tr>\n<tr>\n<td>\n<table style=\"font-family:Arial,Verdana,Times;font-size:12px;text-align:left;width:100%;border-spacing:0px; padding:3px 3px 3px 3px\">\n<tr>\n<td>NAME</td>\n<td>Pacific:Nazca</td>\n</tr>\n<tr bgcolor=\"#D4E4F3\">\n<td>LABEL</td>\n<td>Transform Boundary</td>\n</tr>\n</table>\n</td>\n</tr>\n</table>\n</body>\n</html>", "LABEL": "Transform Boundary" }, "geometry": { "type": "MultiLineString", "coordinates": [ [ [ -102.399002074785898, -1.282999992155851, 0.0 ], [ -102.524002075435405, -1.282999992155851, 0.0 ] ] ] } },
{ "type": "Feature", "properties": { "Name": "African:Indian", "Description": "<html xmlns:fo=\"http://www.w3.org/1999/XSL/Format\" xmlns:msxsl=\"urn:schemas-microsoft-com:xslt\">\n<head>\n<META http-equiv=\"Content-Type\" content=\"text/html\">\n<meta http-equiv=\"content-type\" content=\"text/html; charset=UTF-8\">\n</head>\n<body style=\"margin:0px 0px 0px 0px;overflow:auto;background:#FFFFFF;\">\n<table style=\"font-family:Arial,Verdana,Times;font-size:12px;text-align:left;width:100%;border-collapse:collapse;padding:3px 3px 3px 3px\">\n<tr style=\"text-align:center;font-weight:bold;background:#9CBCE2\">\n<td>African:Indian</td>\n</tr>\n<tr>\n<td>\n<table style=\"font-family:Arial,Verdana,Times;font-size:12px;text-align:left;width:100%;border-spacing:0px; padding:3px 3px 3px 3px\">\n<tr>\n<td>NAME</td>\n<td>African:Indian</td>\n</tr>\n<tr bgcolor=\"#D4E4F3\">\n<td>LABEL</td>\n<td>Transform Boundary</td>\n</tr>\n</table>\n</td>\n</tr>\n</table>\n</body>\n</html>", "LABEL": "Transform Boundary" }, "geometry": { "type": "MultiLineString", "coordinates": [ [ [ 67.366996765288548, -1.440000057456643, 0.0 ], [ 67.662002563167789, -1.03999996202856, 0.0 ] ] ] } },
{ "type": "Feature", "properties": { "Name": "African:South American", "Description": "<html xmlns:fo=\"http://www.w3.org/1999/XSL/Format\" xmlns:msxsl=\"urn:schemas-microsoft-com:xslt\">\n<head>\n<META http-equiv=\"Content-Type\" content=\"text/html\">\n<meta http-equiv=\"content-type\" content=\"text/html; charset=UTF-8\">\n</head>\n<body style=\"margin:0px 0px 0px 0px;overflow:auto;background:#FFFFFF;\">\n<table style=\"font-family:Arial,Verdana,Times;font-size:12px;text-align:left;width:100%;border-collapse:collapse;padding:3px 3px 3px 3px\">\n<tr style=\"text-align:center;font-weight:bold;background:#9CBCE2\">\n<td>African:South American</td>\n</tr>\n<tr>\n<td>\n<table style=\"font-family:Arial,Verdana,Times;font-size:12px;text-align:left;width:100%;border-spacing:0px; padding:3px 3px 3px 3px\">\n<tr>\n<td>NAME</td>\n<td>African:South American</td>\n</tr>\n<tr bgcolor=\"#D4E4F3\">\n<td>LABEL</td>\n<td>Transform Boundary</td>\n</tr>\n</table>\n</td>\n</tr>\n</table>\n</body>\n</html>", "LABEL": "Transform Boundary" }, "geometry": { "type": "MultiLineString", "coordinates": [ [ [ -13.15799999270547, -0.915000021633659, 0.0 ], [ -13.909000397050651, -1.108000040169657, 0.0 ], [ -14.659000396451059, -1.300999999350438, 0.0 ], [ -15.40999984751488, -1.493000030227165, 0.0 ] ] ] } },
{ "type": "Feature", "properties": { "Name": "Pacific:Nazca", "Description": "<html xmlns:fo=\"http://www.w3.org/1999/XSL/Format\" xmlns:msxsl=\"urn:schemas-microsoft-com:xslt\">\n<head>\n<META http-equiv=\"Content-Type\" content=\"text/html\">\n<meta http-equiv=\"content-type\" content=\"text/html; charset=UTF-8\">\n</head>\n<body style=\"margin:0px 0px 0px 0px;overflow:auto;background:#FFFFFF;\">\n<table style=\"font-family:Arial,Verdana,Times;font-size:12px;text-align:left;width:100%;border-collapse:collapse;padding:3px 3px 3px 3px\">\n<tr style=\"text-align:center;font-weight:bold;background:#9CBCE2\">\n<td>Pacific:Nazca</td>\n</tr>\n<tr>\n<td>\n<table style=\"font-family:Arial,Verdana,Times;font-size:12px;text-align:left;width:100%;border-spacing:0px; padding:3px 3px 3px 3px\">\n<tr>\n<td>NAME</td>\n<td>Pacific:Nazca</td>\n</tr>\n<tr bgcolor=\"#D4E4F3\">\n<td>LABEL</td>\n<td>Transform Boundary</td>\n</tr>\n</table>\n</td>\n</tr>\n</table>\n</body>\n</html>", "LABEL": "Transform Boundary" }, "geometry": { "type": "MultiLineString", "coordinates": [ [ [ -102.306999206348294, -1.595999956133028, 0.0 ], [ -102.461997986018204, -1.532999992555574, 0.0 ] ] ] } },
{ "type": "Feature", "properties": { "Name": "Pacific:Nazca", "Description": "<html xmlns:fo=\"http://www.w3.org/1999/XSL/Format\" xmlns:msxsl=\"urn:schemas-microsoft-com:xslt\">\n<head>\n<META http-equiv=\"Content-Type\" content=\"text/html\">\n<meta http-equiv=\"content-type\" content=\"text/html; charset=UTF-8\">\n</head>\n<body style=\"margin:0px 0px 0px 0px;overflow:auto;background:#FFFFFF;\">\n<table style=\"font-family:Arial,Verdana,Times;font-size:12px;text-align:left;width:100%;border-collapse:collapse;padding:3px 3px 3px 3px\">\n<tr style=\"text-align:center;font-weight:bold;background:#9CBCE2\">\n<td>Pacific:Nazca</td>\n</tr>\n<tr>\n<td>\n<table style=\"font-family:Arial,Verdana,Times;font-size:12px;text-align:left;width:100%;border-spacing:0px; padding:3px 3px 3px 3px\">\n<tr>\n<td>NAME</td>\n<td>Pacific:Nazca</td>\n</tr>\n<tr bgcolor=\"#D4E4F3\">\n<td>LABEL</td>\n<td>Transform Boundary</td>\n</tr>\n</table>\n</td>\n</tr>\n</table>\n</body>\n</html>", "LABEL": "Transform Boundary" }, "geometry": { "type": "MultiLineString", "coordinates": [ [ [ -102.621002197693301, -1.906000018286193, 0.0 ], [ -102.402000427077994, -1.90699994569087, 0.0 ] ] ] } },
{ "type": "Feature", "properties": { "Name": "African:Indian", "Description": "<html xmlns:fo=\"http://www.w3.org/1999/XSL/Format\" xmlns:msxsl=\"urn:schemas-microsoft-com:xslt\">\n<head>\n<META http-equiv=\"Content-Type\" content=\"text/html\">\n<meta http-equiv=\"content-type\" content=\"text/html; charset=UTF-8\">\n</head>\n<body style=\"margin:0px 0px 0px 0px;overflow:auto;background:#FFFFFF;\">\n<table style=\"font-family:Arial,Verdana,Times;font-size:12px;text-align:left;width:100%;border-collapse:collapse;padding:3px 3px 3px 3px\">\n<tr style=\"text-align:center;font-weight:bold;background:#9CBCE2\">\n<td>African:Indian</td>\n</tr>\n<tr>\n<td>\n<table style=\"font-family:Arial,Verdana,Times;font-size:12px;text-align:left;width:100%;border-spacing:0px; padding:3px 3px 3px 3px\">\n<tr>\n<td>NAME</td>\n<td>African:Indian</td>\n</tr>\n<tr bgcolor=\"#D4E4F3\">\n<td>LABEL</td>\n<td>Transform Boundary</td>\n</tr>\n</table>\n</td>\n</tr>\n</table>\n</body>\n</html>", "LABEL": "Transform Boundary" }, "geometry": { "type": "MultiLineString", "coordinates": [ [ [ 67.788002014581366, -2.088000059255307, 0.0 ], [ 67.929000854605817, -1.912999987659248, 0.0 ] ] ] } },
{ "type": "Feature", "properties": { "Name": "African:South American", "Description": "<html xmlns:fo=\"http://www.w3.org/1999/XSL/Format\" xmlns:msxsl=\"urn:schemas-microsoft-com:xslt\">\n<head>\n<META http-equiv=\"Content-Type\" content=\"text/html\">\n<meta http-equiv=\"content-type\" content=\"text/html; charset=UTF-8\">\n</head>\n<body style=\"margin:0px 0px 0px 0px;overflow:auto;background:#FFFFFF;\">\n<table style=\"font-family:Arial,Verdana,Times;font-size:12px;text-align:left;width:100%;border-collapse:collapse;padding:3px 3px 3px 3px\">\n<tr style=\"text-align:center;font-weight:bold;background:#9CBCE2\">\n<td>African:South American</td>\n</tr>\n<tr>\n<td>\n<table style=\"font-family:Arial,Verdana,Times;font-size:12px;text-align:left;width:100%;border-spacing:0px; padding:3px 3px 3px 3px\">\n<tr>\n<td>NAME</td>\n<td>African:South American</td>\n</tr>\n<tr bgcolor=\"#D4E4F3\">\n<td>LABEL</td>\n<td>Transform Boundary</td>\n</tr>\n</table>\n</td>\n</tr>\n</table>\n</body>\n</html>", "LABEL": "Transform Boundary" }, "geometry": { "type": "MultiLineString", "coordinates": [ [ [ -12.16399955733368, -1.94500005231049, 0.0 ], [ -12.70100021398866, -2.098999977466917, 0.0 ] ] ] } },
{ "type": "Feature", "properties": { "Name": "African:Australian", "Description": "<html xmlns:fo=\"http://www.w3.org/1999/XSL/Format\" xmlns:msxsl=\"urn:schemas-microsoft-com:xslt\">\n<head>\n<META http-equiv=\"Content-Type\" content=\"text/html\">\n<meta http-equiv=\"content-type\" content=\"text/html; charset=UTF-8\">\n</head>\n<body style=\"margin:0px 0px 0px 0px;overflow:auto;background:#FFFFFF;\">\n<table style=\"font-family:Arial,Verdana,Times;font-size:12px;text-align:left;width:100%;border-collapse:collapse;padding:3px 3px 3px 3px\">\n<tr style=\"text-align:center;font-weight:bold;background:#9CBCE2\">\n<td>African:Australian</td>\n</tr>\n<tr>\n<td>\n<table style=\"font-family:Arial,Verdana,Times;font-size:12px;text-align:left;width:100%;border-spacing:0px; padding:3px 3px 3px 3px\">\n<tr>\n<td>NAME</td>\n<td>African:Australian</td>\n</tr>\n<tr bgcolor=\"#D4E4F3\">\n<td>LABEL</td>\n<td>Transform Boundary</td>\n</tr>\n</table>\n</td>\n</tr>\n</table>\n</body>\n</html>", "LABEL": "Transform Boundary" }, "geometry": { "type": "MultiLineString", "coordinates": [ [ [ 67.891998291288189, -2.888000011791064, 0.0 ], [ 68.249000549635696, -2.539999961728825, 0.0 ] ] ] } },
{ "type": "Feature", "properties": { "Name": "Pacific:Nazca", "Description": "<html xmlns:fo=\"http://www.w3.org/1999/XSL/Format\" xmlns:msxsl=\"urn:schemas-microsoft-com:xslt\">\n<head>\n<META http-equiv=\"Content-Type\" content=\"text/html\">\n<meta http-equiv=\"content-type\" content=\"text/html; charset=UTF-8\">\n</head>\n<body style=\"margin:0px 0px 0px 0px;overflow:auto;background:#FFFFFF;\">\n<table style=\"font-family:Arial,Verdana,Times;font-size:12px;text-align:left;width:100%;border-collapse:collapse;padding:3px 3px 3px 3px\">\n<tr style=\"text-align:center;font-weight:bold;background:#9CBCE2\">\n<td>Pacific:Nazca</td>\n</tr>\n<tr>\n<td>\n<table style=\"font-family:Arial,Verdana,Times;font-size:12px;text-align:left;width:100%;border-spacing:0px; padding:3px 3px 3px 3px\">\n<tr>\n<td>NAME</td>\n<td>Pacific:Nazca</td>\n</tr>\n<tr bgcolor=\"#D4E4F3\">\n<td>LABEL</td>\n<td>Transform Boundary</td>\n</tr>\n</table>\n</td>\n</tr>\n</table>\n</body>\n</html>", "LABEL": "Transform Boundary" }, "geometry": { "type": "MultiLineString", "coordinates": [ [ [ -102.566001891673906, -2.936000108318297, 0.0 ], [ -102.7539978026564, -2.934000015188531, 0.0 ] ] ] } },
{ "type": "Feature", "properties": { "Name": "Pacific:Nazca", "Description": "<html xmlns:fo=\"http://www.w3.org/1999/XSL/Format\" xmlns:msxsl=\"urn:schemas-microsoft-com:xslt\">\n<head>\n<META http-equiv=\"Content-Type\" content=\"text/html\">\n<meta http-equiv=\"content-type\" content=\"text/html; charset=UTF-8\">\n</head>\n<body style=\"margin:0px 0px 0px 0px;overflow:auto;background:#FFFFFF;\">\n<table style=\"font-family:Arial,Verdana,Times;font-size:12px;text-align:left;width:100%;border-collapse:collapse;padding:3px 3px 3px 3px\">\n<tr style=\"text-align:center;font-weight:bold;background:#9CBCE2\">\n<td>Pacific:Nazca</td>\n</tr>\n<tr>\n<td>\n<table style=\"font-family:Arial,Verdana,Times;font-size:12px;text-align:left;width:100%;border-spacing:0px; padding:3px 3px 3px 3px\">\n<tr>\n<td>NAME</td>\n<td>Pacific:Nazca</td>\n</tr>\n<tr bgcolor=\"#D4E4F3\">\n<td>LABEL</td>\n<td>Transform Boundary</td>\n</tr>\n</table>\n</td>\n</tr>\n</table>\n</body>\n</html>", "LABEL": "Transform Boundary" }, "geometry": { "type": "MultiLineString", "coordinates": [ [ [ -104.539001464545905, -3.844000101323559, 0.0 ], [ -103.637001037767604, -3.950999975168656, 0.0 ], [ -102.735000610089998, -4.056000232524639, 0.0 ] ] ] } },
{ "type": "Feature", "properties": { "Name": "African:South American", "Description": "<html xmlns:fo=\"http://www.w3.org/1999/XSL/Format\" xmlns:msxsl=\"urn:schemas-microsoft-com:xslt\">\n<head>\n<META http-equiv=\"Content-Type\" content=\"text/html\">\n<meta http-equiv=\"content-type\" content=\"text/html; charset=UTF-8\">\n</head>\n<body style=\"margin:0px 0px 0px 0px;overflow:auto;background:#FFFFFF;\">\n<table style=\"font-family:Arial,Verdana,Times;font-size:12px;text-align:left;width:100%;border-collapse:collapse;padding:3px 3px 3px 3px\">\n<tr style=\"text-align:center;font-weight:bold;background:#9CBCE2\">\n<td>African:South American</td>\n</tr>\n<tr>\n<td>\n<table style=\"font-family:Arial,Verdana,Times;font-size:12px;text-align:left;width:100%;border-spacing:0px; padding:3px 3px 3px 3px\">\n<tr>\n<td>NAME</td>\n<td>African:South American</td>\n</tr>\n<tr bgcolor=\"#D4E4F3\">\n<td>LABEL</td>\n<td>Transform Boundary</td>\n</tr>\n</table>\n</td>\n</tr>\n</table>\n</body>\n</html>", "LABEL": "Transform Boundary" }, "geometry": { "type": "MultiLineString", "coordinates": [ [ [ -12.09700012245764, -4.10300016422616, 0.0 ], [ -11.765999794255039, -3.971999883287936, 0.0 ] ] ] } },
{ "type": "Feature", "properties": { "Name": "African:Australian", "Description": "<html xmlns:fo=\"http://www.w3.org/1999/XSL/Format\" xmlns:msxsl=\"urn:schemas-microsoft-com:xslt\">\n<head>\n<META http-equiv=\"Content-Type\" content=\"text/html\">\n<meta http-equiv=\"content-type\" content=\"text/html; charset=UTF-8\">\n</head>\n<body style=\"margin:0px 0px 0px 0px;overflow:auto;background:#FFFFFF;\">\n<table style=\"font-family:Arial,Verdana,Times;font-size:12px;text-align:left;width:100%;border-collapse:collapse;padding:3px 3px 3px 3px\">\n<tr style=\"text-align:center;font-weight:bold;background:#9CBCE2\">\n<td>African:Australian</td>\n</tr>\n<tr>\n<td>\n<table style=\"font-family:Arial,Verdana,Times;font-size:12px;text-align:left;width:100%;border-spacing:0px; padding:3px 3px 3px 3px\">\n<tr>\n<td>NAME</td>\n<td>African:Australian</td>\n</tr>\n<tr bgcolor=\"#D4E4F3\">\n<td>LABEL</td>\n<td>Transform Boundary</td>\n</tr>\n</table>\n</td>\n</tr>\n</table>\n</body>\n</html>", "LABEL": "Transform Boundary" }, "geometry": { "type": "MultiLineString", "coordinates": [ [ [ 68.348999023286353, -4.118000030377061, 0.0 ], [ 68.666999816788177, -3.770999908618819, 0.0 ] ] ] } },
{ "type": "Feature", "properties": { "Name": "Pacific:Nazca", "Description": "<html xmlns:fo=\"http://www.w3.org/1999/XSL/Format\" xmlns:msxsl=\"urn:schemas-microsoft-com:xslt\">\n<head>\n<META http-equiv=\"Content-Type\" content=\"text/html\">\n<meta http-equiv=\"content-type\" content=\"text/html; charset=UTF-8\">\n</head>\n<body style=\"margin:0px 0px 0px 0px;overflow:auto;background:#FFFFFF;\">\n<table style=\"font-family:Arial,Verdana,Times;font-size:12px;text-align:left;width:100%;border-collapse:collapse;padding:3px 3px 3px 3px\">\n<tr style=\"text-align:center;font-weight:bold;background:#9CBCE2\">\n<td>Pacific:Nazca</td>\n</tr>\n<tr>\n<td>\n<table style=\"font-family:Arial,Verdana,Times;font-size:12px;text-align:left;width:100%;border-spacing:0px; padding:3px 3px 3px 3px\">\n<tr>\n<td>NAME</td>\n<td>Pacific:Nazca</td>\n</tr>\n<tr bgcolor=\"#D4E4F3\">\n<td>LABEL</td>\n<td>Transform Boundary</td>\n</tr>\n</table>\n</td>\n</tr>\n</table>\n</body>\n</html>", "LABEL": "Transform Boundary" }, "geometry": { "type": "MultiLineString", "coordinates": [ [ [ -105.379997253570394, -4.078000068947972, 0.0 ], [ -104.698997497136801, -4.151999950737093, 0.0 ] ] ] } },
{ "type": "Feature", "properties": { "Name": "Pacific:Nazca", "Description": "<html xmlns:fo=\"http://www.w3.org/1999/XSL/Format\" xmlns:msxsl=\"urn:schemas-microsoft-com:xslt\">\n<head>\n<META http-equiv=\"Content-Type\" content=\"text/html\">\n<meta http-equiv=\"content-type\" content=\"text/html; charset=UTF-8\">\n</head>\n<body style=\"margin:0px 0px 0px 0px;overflow:auto;background:#FFFFFF;\">\n<table style=\"font-family:Arial,Verdana,Times;font-size:12px;text-align:left;width:100%;border-collapse:collapse;padding:3px 3px 3px 3px\">\n<tr style=\"text-align:center;font-weight:bold;background:#9CBCE2\">\n<td>Pacific:Nazca</td>\n</tr>\n<tr>\n<td>\n<table style=\"font-family:Arial,Verdana,Times;font-size:12px;text-align:left;width:100%;border-spacing:0px; padding:3px 3px 3px 3px\">\n<tr>\n<td>NAME</td>\n<td>Pacific:Nazca</td>\n</tr>\n<tr bgcolor=\"#D4E4F3\">\n<td>LABEL</td>\n<td>Transform Boundary</td>\n</tr>\n</table>\n</td>\n</tr>\n</table>\n</body>\n</html>", "LABEL": "Transform Boundary" }, "geometry": { "type": "MultiLineString", "coordinates": [ [ [ -106.252998352092206, -4.493999957931692, 0.0 ], [ -105.543998718166307, -4.56899976712549, 0.0 ] ] ] } },
{ "type": "Feature", "properties": { "Name": "African:South American", "Description": "<html xmlns:fo=\"http://www.w3.org/1999/XSL/Format\" xmlns:msxsl=\"urn:schemas-microsoft-com:xslt\">\n<head>\n<META http-equiv=\"Content-Type\" content=\"text/html\">\n<meta http-equiv=\"content-type\" content=\"text/html; charset=UTF-8\">\n</head>\n<body style=\"margin:0px 0px 0px 0px;overflow:auto;background:#FFFFFF;\">\n<table style=\"font-family:Arial,Verdana,Times;font-size:12px;text-align:left;width:100%;border-collapse:collapse;padding:3px 3px 3px 3px\">\n<tr style=\"text-align:center;font-weight:bold;background:#9CBCE2\">\n<td>African:South American</td>\n</tr>\n<tr>\n<td>\n<table style=\"font-family:Arial,Verdana,Times;font-size:12px;text-align:left;width:100%;border-spacing:0px; padding:3px 3px 3px 3px\">\n<tr>\n<td>NAME</td>\n<td>African:South American</td>\n</tr>\n<tr bgcolor=\"#D4E4F3\">\n<td>LABEL</td>\n<td>Transform Boundary</td>\n</tr>\n</table>\n</td>\n</tr>\n</table>\n</body>\n</html>", "LABEL": "Transform Boundary" }, "geometry": { "type": "MultiLineString", "coordinates": [ [ [ -12.14400005325979, -4.609000206094606, 0.0 ], [ -12.03899955758345, -4.586999893030566, 0.0 ] ] ] } },
{ "type": "Feature", "properties": { "Name": "African:South American", "Description": "<html xmlns:fo=\"http://www.w3.org/1999/XSL/Format\" xmlns:msxsl=\"urn:schemas-microsoft-com:xslt\">\n<head>\n<META http-equiv=\"Content-Type\" content=\"text/html\">\n<meta http-equiv=\"content-type\" content=\"text/html; charset=UTF-8\">\n</head>\n<body style=\"margin:0px 0px 0px 0px;overflow:auto;background:#FFFFFF;\">\n<table style=\"font-family:Arial,Verdana,Times;font-size:12px;text-align:left;width:100%;border-collapse:collapse;padding:3px 3px 3px 3px\">\n<tr style=\"text-align:center;font-weight:bold;background:#9CBCE2\">\n<td>African:South American</td>\n</tr>\n<tr>\n<td>\n<table style=\"font-family:Arial,Verdana,Times;font-size:12px;text-align:left;width:100%;border-spacing:0px; padding:3px 3px 3px 3px\">\n<tr>\n<td>NAME</td>\n<td>African:South American</td>\n</tr>\n<tr bgcolor=\"#D4E4F3\">\n<td>LABEL</td>\n<td>Transform Boundary</td>\n</tr>\n</table>\n</td>\n</tr>\n</table>\n</body>\n</html>", "LABEL": "Transform Boundary" }, "geometry": { "type": "MultiLineString", "coordinates": [ [ [ -11.604000091930629, -4.941999912465917, 0.0 ], [ -12.01900005350962, -5.026000022483004, 0.0 ] ] ] } },
{ "type": "Feature", "properties": { "Name": "African:Australian", "Description": "<html xmlns:fo=\"http://www.w3.org/1999/XSL/Format\" xmlns:msxsl=\"urn:schemas-microsoft-com:xslt\">\n<head>\n<META http-equiv=\"Content-Type\" content=\"text/html\">\n<meta http-equiv=\"content-type\" content=\"text/html; charset=UTF-8\">\n</head>\n<body style=\"margin:0px 0px 0px 0px;overflow:auto;background:#FFFFFF;\">\n<table style=\"font-family:Arial,Verdana,Times;font-size:12px;text-align:left;width:100%;border-collapse:collapse;padding:3px 3px 3px 3px\">\n<tr style=\"text-align:center;font-weight:bold;background:#9CBCE2\">\n<td>African:Australian</td>\n</tr>\n<tr>\n<td>\n<table style=\"font-family:Arial,Verdana,Times;font-size:12px;text-align:left;width:100%;border-spacing:0px; padding:3px 3px 3px 3px\">\n<tr>\n<td>NAME</td>\n<td>African:Australian</td>\n</tr>\n<tr bgcolor=\"#D4E4F3\">\n<td>LABEL</td>\n<td>Transform Boundary</td>\n</tr>\n</table>\n</td>\n</tr>\n</table>\n</body>\n</html>", "LABEL": "Transform Boundary" }, "geometry": { "type": "MultiLineString", "coordinates": [ [ [ 68.198997497436608, -5.04199981693796, 0.0 ], [ 68.750999451063876, -4.548999786410946, 0.0 ] ] ] } },
{ "type": "Feature", "properties": { "Name": "African:South American", "Description": "<html xmlns:fo=\"http://www.w3.org/1999/XSL/Format\" xmlns:msxsl=\"urn:schemas-microsoft-com:xslt\">\n<head>\n<META http-equiv=\"Content-Type\" content=\"text/html\">\n<meta http-equiv=\"content-type\" content=\"text/html; charset=UTF-8\">\n</head>\n<body style=\"margin:0px 0px 0px 0px;overflow:auto;background:#FFFFFF;\">\n<table style=\"font-family:Arial,Verdana,Times;font-size:12px;text-align:left;width:100%;border-collapse:collapse;padding:3px 3px 3px 3px\">\n<tr style=\"text-align:center;font-weight:bold;background:#9CBCE2\">\n<td>African:South American</td>\n</tr>\n<tr>\n<td>\n<table style=\"font-family:Arial,Verdana,Times;font-size:12px;text-align:left;width:100%;border-spacing:0px; padding:3px 3px 3px 3px\">\n<tr>\n<td>NAME</td>\n<td>African:South American</td>\n</tr>\n<tr bgcolor=\"#D4E4F3\">\n<td>LABEL</td>\n<td>Transform Boundary</td>\n</tr>\n</table>\n</td>\n</tr>\n</table>\n</body>\n</html>", "LABEL": "Transform Boundary" }, "geometry": { "type": "MultiLineString", "coordinates": [ [ [ -11.166999817287721, -5.376999854759447, 0.0 ], [ -11.51599979385537, -5.414999962278387, 0.0 ] ] ] } },
{ "type": "Feature", "properties": { "Name": "Pacific:Nazca", "Description": "<html xmlns:fo=\"http://www.w3.org/1999/XSL/Format\" xmlns:msxsl=\"urn:schemas-microsoft-com:xslt\">\n<head>\n<META http-equiv=\"Content-Type\" content=\"text/html\">\n<meta http-equiv=\"content-type\" content=\"text/html; charset=UTF-8\">\n</head>\n<body style=\"margin:0px 0px 0px 0px;overflow:auto;background:#FFFFFF;\">\n<table style=\"font-family:Arial,Verdana,Times;font-size:12px;text-align:left;width:100%;border-collapse:collapse;padding:3px 3px 3px 3px\">\n<tr style=\"text-align:center;font-weight:bold;background:#9CBCE2\">\n<td>Pacific:Nazca</td>\n</tr>\n<tr>\n<td>\n<table style=\"font-family:Arial,Verdana,Times;font-size:12px;text-align:left;width:100%;border-spacing:0px; padding:3px 3px 3px 3px\">\n<tr>\n<td>NAME</td>\n<td>Pacific:Nazca</td>\n</tr>\n<tr bgcolor=\"#D4E4F3\">\n<td>LABEL</td>\n<td>Transform Boundary</td>\n</tr>\n</table>\n</td>\n</tr>\n</table>\n</body>\n</html>", "LABEL": "Transform Boundary" }, "geometry": { "type": "MultiLineString", "coordinates": [ [ [ -106.740997314774205, -5.619999885786058, 0.0 ], [ -106.586997985868294, -5.624000072045646, 0.0 ] ] ] } },
{ "type": "Feature", "properties": { "Name": "Pacific:Nazca", "Description": "<html xmlns:fo=\"http://www.w3.org/1999/XSL/Format\" xmlns:msxsl=\"urn:schemas-microsoft-com:xslt\">\n<head>\n<META http-equiv=\"Content-Type\" content=\"text/html\">\n<meta http-equiv=\"content-type\" content=\"text/html; charset=UTF-8\">\n</head>\n<body style=\"margin:0px 0px 0px 0px;overflow:auto;background:#FFFFFF;\">\n<table style=\"font-family:Arial,Verdana,Times;font-size:12px;text-align:left;width:100%;border-collapse:collapse;padding:3px 3px 3px 3px\">\n<tr style=\"text-align:center;font-weight:bold;background:#9CBCE2\">\n<td>Pacific:Nazca</td>\n</tr>\n<tr>\n<td>\n<table style=\"font-family:Arial,Verdana,Times;font-size:12px;text-align:left;width:100%;border-spacing:0px; padding:3px 3px 3px 3px\">\n<tr>\n<td>NAME</td>\n<td>Pacific:Nazca</td>\n</tr>\n<tr bgcolor=\"#D4E4F3\">\n<td>LABEL</td>\n<td>Transform Boundary</td>\n</tr>\n</table>\n</td>\n</tr>\n</table>\n</body>\n</html>", "LABEL": "Transform Boundary" }, "geometry": { "type": "MultiLineString", "coordinates": [ [ [ -106.845001220429893, -6.015999794055176, 0.0 ], [ -106.751998901228305, -6.019000053809407, 0.0 ] ] ] } },
{ "type": "Feature", "properties": { "Name": "African:South American", "Description": "<html xmlns:fo=\"http://www.w3.org/1999/XSL/Format\" xmlns:msxsl=\"urn:schemas-microsoft-com:xslt\">\n<head>\n<META http-equiv=\"Content-Type\" content=\"text/html\">\n<meta http-equiv=\"content-type\" content=\"text/html; charset=UTF-8\">\n</head>\n<body style=\"margin:0px 0px 0px 0px;overflow:auto;background:#FFFFFF;\">\n<table style=\"font-family:Arial,Verdana,Times;font-size:12px;text-align:left;width:100%;border-collapse:collapse;padding:3px 3px 3px 3px\">\n<tr style=\"text-align:center;font-weight:bold;background:#9CBCE2\">\n<td>African:South American</td>\n</tr>\n<tr>\n<td>\n<table style=\"font-family:Arial,Verdana,Times;font-size:12px;text-align:left;width:100%;border-spacing:0px; padding:3px 3px 3px 3px\">\n<tr>\n<td>NAME</td>\n<td>African:South American</td>\n</tr>\n<tr bgcolor=\"#D4E4F3\">\n<td>LABEL</td>\n<td>Transform Boundary</td>\n</tr>\n</table>\n</td>\n</tr>\n</table>\n</body>\n</html>", "LABEL": "Transform Boundary" }, "geometry": { "type": "MultiLineString", "coordinates": [ [ [ -11.26700019840041, -6.019999981214141, 0.0 ], [ -11.02200031256433, -5.929999828329358, 0.0 ] ] ] } },
{ "type": "Feature", "properties": { "Name": "African:Australian", "Description": "<html xmlns:fo=\"http://www.w3.org/1999/XSL/Format\" xmlns:msxsl=\"urn:schemas-microsoft-com:xslt\">\n<head>\n<META http-equiv=\"Content-Type\" content=\"text/html\">\n<meta http-equiv=\"content-type\" content=\"text/html; charset=UTF-8\">\n</head>\n<body style=\"margin:0px 0px 0px 0px;overflow:auto;background:#FFFFFF;\">\n<table style=\"font-family:Arial,Verdana,Times;font-size:12px;text-align:left;width:100%;border-collapse:collapse;padding:3px 3px 3px 3px\">\n<tr style=\"text-align:center;font-weight:bold;background:#9CBCE2\">\n<td>African:Australian</td>\n</tr>\n<tr>\n<td>\n<table style=\"font-family:Arial,Verdana,Times;font-size:12px;text-align:left;width:100%;border-spacing:0px; padding:3px 3px 3px 3px\">\n<tr>\n<td>NAME</td>\n<td>African:Australian</td>\n</tr>\n<tr bgcolor=\"#D4E4F3\">\n<td>LABEL</td>\n<td>Transform Boundary</td>\n</tr>\n</table>\n</td>\n</tr>\n</table>\n</body>\n</html>", "LABEL": "Transform Boundary" }, "geometry": { "type": "MultiLineString", "coordinates": [ [ [ 67.78199768104821, -6.258999824182467, 0.0 ], [ 68.219001769715931, -5.890999794305003, 0.0 ], [ 68.607002258747286, -5.472000122207817, 0.0 ] ] ] } },
{ "type": "Feature", "properties": { "Name": "Pacific:Nazca", "Description": "<html xmlns:fo=\"http://www.w3.org/1999/XSL/Format\" xmlns:msxsl=\"urn:schemas-microsoft-com:xslt\">\n<head>\n<META http-equiv=\"Content-Type\" content=\"text/html\">\n<meta http-equiv=\"content-type\" content=\"text/html; charset=UTF-8\">\n</head>\n<body style=\"margin:0px 0px 0px 0px;overflow:auto;background:#FFFFFF;\">\n<table style=\"font-family:Arial,Verdana,Times;font-size:12px;text-align:left;width:100%;border-collapse:collapse;padding:3px 3px 3px 3px\">\n<tr style=\"text-align:center;font-weight:bold;background:#9CBCE2\">\n<td>Pacific:Nazca</td>\n</tr>\n<tr>\n<td>\n<table style=\"font-family:Arial,Verdana,Times;font-size:12px;text-align:left;width:100%;border-spacing:0px; padding:3px 3px 3px 3px\">\n<tr>\n<td>NAME</td>\n<td>Pacific:Nazca</td>\n</tr>\n<tr bgcolor=\"#D4E4F3\">\n<td>LABEL</td>\n<td>Transform Boundary</td>\n</tr>\n</table>\n</td>\n</tr>\n</table>\n</body>\n</html>", "LABEL": "Transform Boundary" }, "geometry": { "type": "MultiLineString", "coordinates": [ [ [ -107.441001891823802, -6.367000102972327, 0.0 ], [ -106.9499969479008, -6.442999839570916, 0.0 ] ] ] } },
{ "type": "Feature", "properties": { "Name": "African:Australian", "Description": "<html xmlns:fo=\"http://www.w3.org/1999/XSL/Format\" xmlns:msxsl=\"urn:schemas-microsoft-com:xslt\">\n<head>\n<META http-equiv=\"Content-Type\" content=\"text/html\">\n<meta http-equiv=\"content-type\" content=\"text/html; charset=UTF-8\">\n</head>\n<body style=\"margin:0px 0px 0px 0px;overflow:auto;background:#FFFFFF;\">\n<table style=\"font-family:Arial,Verdana,Times;font-size:12px;text-align:left;width:100%;border-collapse:collapse;padding:3px 3px 3px 3px\">\n<tr style=\"text-align:center;font-weight:bold;background:#9CBCE2\">\n<td>African:Australian</td>\n</tr>\n<tr>\n<td>\n<table style=\"font-family:Arial,Verdana,Times;font-size:12px;text-align:left;width:100%;border-spacing:0px; padding:3px 3px 3px 3px\">\n<tr>\n<td>NAME</td>\n<td>African:Australian</td>\n</tr>\n<tr bgcolor=\"#D4E4F3\">\n<td>LABEL</td>\n<td>Transform Boundary</td>\n</tr>\n</table>\n</td>\n</tr>\n</table>\n</body>\n</html>", "LABEL": "Transform Boundary" }, "geometry": { "type": "MultiLineString", "coordinates": [ [ [ 67.810997009304572, -7.252999782913605, 0.0 ], [ 68.274002074835948, -6.8109998703477, 0.0 ] ] ] } },
{ "type": "Feature", "properties": { "Name": "African:South American", "Description": "<html xmlns:fo=\"http://www.w3.org/1999/XSL/Format\" xmlns:msxsl=\"urn:schemas-microsoft-com:xslt\">\n<head>\n<META http-equiv=\"Content-Type\" content=\"text/html\">\n<meta http-equiv=\"content-type\" content=\"text/html; charset=UTF-8\">\n</head>\n<body style=\"margin:0px 0px 0px 0px;overflow:auto;background:#FFFFFF;\">\n<table style=\"font-family:Arial,Verdana,Times;font-size:12px;text-align:left;width:100%;border-collapse:collapse;padding:3px 3px 3px 3px\">\n<tr style=\"text-align:center;font-weight:bold;background:#9CBCE2\">\n<td>African:South American</td>\n</tr>\n<tr>\n<td>\n<table style=\"font-family:Arial,Verdana,Times;font-size:12px;text-align:left;width:100%;border-spacing:0px; padding:3px 3px 3px 3px\">\n<tr>\n<td>NAME</td>\n<td>African:South American</td>\n</tr>\n<tr bgcolor=\"#D4E4F3\">\n<td>LABEL</td>\n<td>Transform Boundary</td>\n</tr>\n</table>\n</td>\n</tr>\n</table>\n</body>\n</html>", "LABEL": "Transform Boundary" }, "geometry": { "type": "MultiLineString", "coordinates": [ [ [ -13.621000290031301, -7.367000102772465, 0.0 ], [ -12.80700016042903, -7.164999961478998, 0.0 ], [ -11.993000030826691, -6.960999965376061, 0.0 ], [ -11.180999756033881, -6.755000114463655, 0.0 ] ] ] } },
{ "type": "Feature", "properties": { "Name": "African:Australian", "Description": "<html xmlns:fo=\"http://www.w3.org/1999/XSL/Format\" xmlns:msxsl=\"urn:schemas-microsoft-com:xslt\">\n<head>\n<META http-equiv=\"Content-Type\" content=\"text/html\">\n<meta http-equiv=\"content-type\" content=\"text/html; charset=UTF-8\">\n</head>\n<body style=\"margin:0px 0px 0px 0px;overflow:auto;background:#FFFFFF;\">\n<table style=\"font-family:Arial,Verdana,Times;font-size:12px;text-align:left;width:100%;border-collapse:collapse;padding:3px 3px 3px 3px\">\n<tr style=\"text-align:center;font-weight:bold;background:#9CBCE2\">\n<td>African:Australian</td>\n</tr>\n<tr>\n<td>\n<table style=\"font-family:Arial,Verdana,Times;font-size:12px;text-align:left;width:100%;border-spacing:0px; padding:3px 3px 3px 3px\">\n<tr>\n<td>NAME</td>\n<td>African:Australian</td>\n</tr>\n<tr bgcolor=\"#D4E4F3\">\n<td>LABEL</td>\n<td>Transform Boundary</td>\n</tr>\n</table>\n</td>\n</tr>\n</table>\n</body>\n</html>", "LABEL": "Transform Boundary" }, "geometry": { "type": "MultiLineString", "coordinates": [ [ [ 67.641998290888466, -8.027000426828181, 0.0 ], [ 68.072998046922407, -7.647999763778046, 0.0 ] ] ] } },
{ "type": "Feature", "properties": { "Name": "African:South American", "Description": "<html xmlns:fo=\"http://www.w3.org/1999/XSL/Format\" xmlns:msxsl=\"urn:schemas-microsoft-com:xslt\">\n<head>\n<META http-equiv=\"Content-Type\" content=\"text/html\">\n<meta http-equiv=\"content-type\" content=\"text/html; charset=UTF-8\">\n</head>\n<body style=\"margin:0px 0px 0px 0px;overflow:auto;background:#FFFFFF;\">\n<table style=\"font-family:Arial,Verdana,Times;font-size:12px;text-align:left;width:100%;border-collapse:collapse;padding:3px 3px 3px 3px\">\n<tr style=\"text-align:center;font-weight:bold;background:#9CBCE2\">\n<td>African:South American</td>\n</tr>\n<tr>\n<td>\n<table style=\"font-family:Arial,Verdana,Times;font-size:12px;text-align:left;width:100%;border-spacing:0px; padding:3px 3px 3px 3px\">\n<tr>\n<td>NAME</td>\n<td>African:South American</td>\n</tr>\n<tr bgcolor=\"#D4E4F3\">\n<td>LABEL</td>\n<td>Transform Boundary</td>\n</tr>\n</table>\n</td>\n</tr>\n</table>\n</body>\n</html>", "LABEL": "Transform Boundary" }, "geometry": { "type": "MultiLineString", "coordinates": [ [ [ -13.190999984761451, -8.373999595305008, 0.0 ], [ -13.357000350885411, -8.411000252059921, 0.0 ] ] ] } },
{ "type": "Feature", "properties": { "Name": "Pacific:Nazca", "Description": "<html xmlns:fo=\"http://www.w3.org/1999/XSL/Format\" xmlns:msxsl=\"urn:schemas-microsoft-com:xslt\">\n<head>\n<META http-equiv=\"Content-Type\" content=\"text/html\">\n<meta http-equiv=\"content-type\" content=\"text/html; charset=UTF-8\">\n</head>\n<body style=\"margin:0px 0px 0px 0px;overflow:auto;background:#FFFFFF;\">\n<table style=\"font-family:Arial,Verdana,Times;font-size:12px;text-align:left;width:100%;border-collapse:collapse;padding:3px 3px 3px 3px\">\n<tr style=\"text-align:center;font-weight:bold;background:#9CBCE2\">\n<td>Pacific:Nazca</td>\n</tr>\n<tr>\n<td>\n<table style=\"font-family:Arial,Verdana,Times;font-size:12px;text-align:left;width:100%;border-spacing:0px; padding:3px 3px 3px 3px\">\n<tr>\n<td>NAME</td>\n<td>Pacific:Nazca</td>\n</tr>\n<tr bgcolor=\"#D4E4F3\">\n<td>LABEL</td>\n<td>Transform Boundary</td>\n</tr>\n</table>\n</td>\n</tr>\n</table>\n</body>\n</html>", "LABEL": "Transform Boundary" }, "geometry": { "type": "MultiLineString", "coordinates": [ [ [ -109.7559967036849, -8.925000190706214, 0.0 ], [ -109.038002013781906, -9.034999847664778, 0.0 ], [ -108.319999694930004, -9.145000457904757, 0.0 ] ] ] } },
{ "type": "Feature", "properties": { "Name": "African:Australian", "Description": "<html xmlns:fo=\"http://www.w3.org/1999/XSL/Format\" xmlns:msxsl=\"urn:schemas-microsoft-com:xslt\">\n<head>\n<META http-equiv=\"Content-Type\" content=\"text/html\">\n<meta http-equiv=\"content-type\" content=\"text/html; charset=UTF-8\">\n</head>\n<body style=\"margin:0px 0px 0px 0px;overflow:auto;background:#FFFFFF;\">\n<table style=\"font-family:Arial,Verdana,Times;font-size:12px;text-align:left;width:100%;border-collapse:collapse;padding:3px 3px 3px 3px\">\n<tr style=\"text-align:center;font-weight:bold;background:#9CBCE2\">\n<td>African:Australian</td>\n</tr>\n<tr>\n<td>\n<table style=\"font-family:Arial,Verdana,Times;font-size:12px;text-align:left;width:100%;border-spacing:0px; padding:3px 3px 3px 3px\">\n<tr>\n<td>NAME</td>\n<td>African:Australian</td>\n</tr>\n<tr bgcolor=\"#D4E4F3\">\n<td>LABEL</td>\n<td>Transform Boundary</td>\n</tr>\n</table>\n</td>\n</tr>\n</table>\n</body>\n</html>", "LABEL": "Transform Boundary" }, "geometry": { "type": "MultiLineString", "coordinates": [ [ [ 67.089996338160518, -9.27000045765493, 0.0 ], [ 67.56500244180927, -8.880999565477509, 0.0 ], [ 68.039001464845796, -8.491999626581446, 0.0 ] ] ] } },
{ "type": "Feature", "properties": { "Name": "African:South American", "Description": "<html xmlns:fo=\"http://www.w3.org/1999/XSL/Format\" xmlns:msxsl=\"urn:schemas-microsoft-com:xslt\">\n<head>\n<META http-equiv=\"Content-Type\" content=\"text/html\">\n<meta http-equiv=\"content-type\" content=\"text/html; charset=UTF-8\">\n</head>\n<body style=\"margin:0px 0px 0px 0px;overflow:auto;background:#FFFFFF;\">\n<table style=\"font-family:Arial,Verdana,Times;font-size:12px;text-align:left;width:100%;border-collapse:collapse;padding:3px 3px 3px 3px\">\n<tr style=\"text-align:center;font-weight:bold;background:#9CBCE2\">\n<td>African:South American</td>\n</tr>\n<tr>\n<td>\n<table style=\"font-family:Arial,Verdana,Times;font-size:12px;text-align:left;width:100%;border-spacing:0px; padding:3px 3px 3px 3px\">\n<tr>\n<td>NAME</td>\n<td>African:South American</td>\n</tr>\n<tr bgcolor=\"#D4E4F3\">\n<td>LABEL</td>\n<td>Transform Boundary</td>\n</tr>\n</table>\n</td>\n</tr>\n</table>\n</body>\n</html>", "LABEL": "Transform Boundary" }, "geometry": { "type": "MultiLineString", "coordinates": [ [ [ -13.248000144690881, -9.276000022982601, 0.0 ], [ -13.022999763828009, -9.225000381662255, 0.0 ] ] ] } },
{ "type": "Feature", "properties": { "Name": "Pacific:Nazca", "Description": "<html xmlns:fo=\"http://www.w3.org/1999/XSL/Format\" xmlns:msxsl=\"urn:schemas-microsoft-com:xslt\">\n<head>\n<META http-equiv=\"Content-Type\" content=\"text/html\">\n<meta http-equiv=\"content-type\" content=\"text/html; charset=UTF-8\">\n</head>\n<body style=\"margin:0px 0px 0px 0px;overflow:auto;background:#FFFFFF;\">\n<table style=\"font-family:Arial,Verdana,Times;font-size:12px;text-align:left;width:100%;border-collapse:collapse;padding:3px 3px 3px 3px\">\n<tr style=\"text-align:center;font-weight:bold;background:#9CBCE2\">\n<td>Pacific:Nazca</td>\n</tr>\n<tr>\n<td>\n<table style=\"font-family:Arial,Verdana,Times;font-size:12px;text-align:left;width:100%;border-spacing:0px; padding:3px 3px 3px 3px\">\n<tr>\n<td>NAME</td>\n<td>Pacific:Nazca</td>\n</tr>\n<tr bgcolor=\"#D4E4F3\">\n<td>LABEL</td>\n<td>Transform Boundary</td>\n</tr>\n</table>\n</td>\n</tr>\n</table>\n</body>\n</html>", "LABEL": "Transform Boundary" }, "geometry": { "type": "MultiLineString", "coordinates": [ [ [ -110.070999145793905, -9.664999961878664, 0.0 ], [ -109.857002257947798, -9.677000045815419, 0.0 ] ] ] } },
{ "type": "Feature", "properties": { "Name": "African:South American", "Description": "<html xmlns:fo=\"http://www.w3.org/1999/XSL/Format\" xmlns:msxsl=\"urn:schemas-microsoft-com:xslt\">\n<head>\n<META http-equiv=\"Content-Type\" content=\"text/html\">\n<meta http-equiv=\"content-type\" content=\"text/html; charset=UTF-8\">\n</head>\n<body style=\"margin:0px 0px 0px 0px;overflow:auto;background:#FFFFFF;\">\n<table style=\"font-family:Arial,Verdana,Times;font-size:12px;text-align:left;width:100%;border-collapse:collapse;padding:3px 3px 3px 3px\">\n<tr style=\"text-align:center;font-weight:bold;background:#9CBCE2\">\n<td>African:South American</td>\n</tr>\n<tr>\n<td>\n<table style=\"font-family:Arial,Verdana,Times;font-size:12px;text-align:left;width:100%;border-spacing:0px; padding:3px 3px 3px 3px\">\n<tr>\n<td>NAME</td>\n<td>African:South American</td>\n</tr>\n<tr bgcolor=\"#D4E4F3\">\n<td>LABEL</td>\n<td>Transform Boundary</td>\n</tr>\n</table>\n</td>\n</tr>\n</table>\n</body>\n</html>", "LABEL": "Transform Boundary" }, "geometry": { "type": "MultiLineString", "coordinates": [ [ [ -13.314999580466241, -9.82499980939366, 0.0 ], [ -13.166000366123971, -9.793999672147095, 0.0 ] ] ] } },
{ "type": "Feature", "properties": { "Name": "African:Australian", "Description": "<html xmlns:fo=\"http://www.w3.org/1999/XSL/Format\" xmlns:msxsl=\"urn:schemas-microsoft-com:xslt\">\n<head>\n<META http-equiv=\"Content-Type\" content=\"text/html\">\n<meta http-equiv=\"content-type\" content=\"text/html; charset=UTF-8\">\n</head>\n<body style=\"margin:0px 0px 0px 0px;overflow:auto;background:#FFFFFF;\">\n<table style=\"font-family:Arial,Verdana,Times;font-size:12px;text-align:left;width:100%;border-collapse:collapse;padding:3px 3px 3px 3px\">\n<tr style=\"text-align:center;font-weight:bold;background:#9CBCE2\">\n<td>African:Australian</td>\n</tr>\n<tr>\n<td>\n<table style=\"font-family:Arial,Verdana,Times;font-size:12px;text-align:left;width:100%;border-spacing:0px; padding:3px 3px 3px 3px\">\n<tr>\n<td>NAME</td>\n<td>African:Australian</td>\n</tr>\n<tr bgcolor=\"#D4E4F3\">\n<td>LABEL</td>\n<td>Transform Boundary</td>\n</tr>\n</table>\n</td>\n</tr>\n</table>\n</body>\n</html>", "LABEL": "Transform Boundary" }, "geometry": { "type": "MultiLineString", "coordinates": [ [ [ 66.459999084690082, -10.35000038121257, 0.0 ], [ 66.919998168980385, -9.989999771472242, 0.0 ], [ 67.377998351742576, -9.630000114113955, 0.0 ] ] ] } },
{ "type": "Feature", "properties": { "Name": "Pacific:Nazca", "Description": "<html xmlns:fo=\"http://www.w3.org/1999/XSL/Format\" xmlns:msxsl=\"urn:schemas-microsoft-com:xslt\">\n<head>\n<META http-equiv=\"Content-Type\" content=\"text/html\">\n<meta http-equiv=\"content-type\" content=\"text/html; charset=UTF-8\">\n</head>\n<body style=\"margin:0px 0px 0px 0px;overflow:auto;background:#FFFFFF;\">\n<table style=\"font-family:Arial,Verdana,Times;font-size:12px;text-align:left;width:100%;border-collapse:collapse;padding:3px 3px 3px 3px\">\n<tr style=\"text-align:center;font-weight:bold;background:#9CBCE2\">\n<td>Pacific:Nazca</td>\n</tr>\n<tr>\n<td>\n<table style=\"font-family:Arial,Verdana,Times;font-size:12px;text-align:left;width:100%;border-spacing:0px; padding:3px 3px 3px 3px\">\n<tr>\n<td>NAME</td>\n<td>Pacific:Nazca</td>\n</tr>\n<tr bgcolor=\"#D4E4F3\">\n<td>LABEL</td>\n<td>Transform Boundary</td>\n</tr>\n</table>\n</td>\n</tr>\n</table>\n</body>\n</html>", "LABEL": "Transform Boundary" }, "geometry": { "type": "MultiLineString", "coordinates": [ [ [ -110.446998595808495, -10.821999549439621, 0.0 ], [ -110.291999817037905, -10.80200004536573, 0.0 ] ] ] } },
{ "type": "Feature", "properties": { "Name": "African:Australian", "Description": "<html xmlns:fo=\"http://www.w3.org/1999/XSL/Format\" xmlns:msxsl=\"urn:schemas-microsoft-com:xslt\">\n<head>\n<META http-equiv=\"Content-Type\" content=\"text/html\">\n<meta http-equiv=\"content-type\" content=\"text/html; charset=UTF-8\">\n</head>\n<body style=\"margin:0px 0px 0px 0px;overflow:auto;background:#FFFFFF;\">\n<table style=\"font-family:Arial,Verdana,Times;font-size:12px;text-align:left;width:100%;border-collapse:collapse;padding:3px 3px 3px 3px\">\n<tr style=\"text-align:center;font-weight:bold;background:#9CBCE2\">\n<td>African:Australian</td>\n</tr>\n<tr>\n<td>\n<table style=\"font-family:Arial,Verdana,Times;font-size:12px;text-align:left;width:100%;border-spacing:0px; padding:3px 3px 3px 3px\">\n<tr>\n<td>NAME</td>\n<td>African:Australian</td>\n</tr>\n<tr bgcolor=\"#D4E4F3\">\n<td>LABEL</td>\n<td>Transform Boundary</td>\n</tr>\n</table>\n</td>\n</tr>\n</table>\n</body>\n</html>", "LABEL": "Transform Boundary" }, "geometry": { "type": "MultiLineString", "coordinates": [ [ [ 66.166999817287774, -11.21000003847098, 0.0 ], [ 66.787002563117824, -10.7620000839367, 0.0 ] ] ] } },
{ "type": "Feature", "properties": { "Name": "African:South American", "Description": "<html xmlns:fo=\"http://www.w3.org/1999/XSL/Format\" xmlns:msxsl=\"urn:schemas-microsoft-com:xslt\">\n<head>\n<META http-equiv=\"Content-Type\" content=\"text/html\">\n<meta http-equiv=\"content-type\" content=\"text/html; charset=UTF-8\">\n</head>\n<body style=\"margin:0px 0px 0px 0px;overflow:auto;background:#FFFFFF;\">\n<table style=\"font-family:Arial,Verdana,Times;font-size:12px;text-align:left;width:100%;border-collapse:collapse;padding:3px 3px 3px 3px\">\n<tr style=\"text-align:center;font-weight:bold;background:#9CBCE2\">\n<td>African:South American</td>\n</tr>\n<tr>\n<td>\n<table style=\"font-family:Arial,Verdana,Times;font-size:12px;text-align:left;width:100%;border-spacing:0px; padding:3px 3px 3px 3px\">\n<tr>\n<td>NAME</td>\n<td>African:South American</td>\n</tr>\n<tr bgcolor=\"#D4E4F3\">\n<td>LABEL</td>\n<td>Transform Boundary</td>\n</tr>\n</table>\n</td>\n</tr>\n</table>\n</body>\n</html>", "LABEL": "Transform Boundary" }, "geometry": { "type": "MultiLineString", "coordinates": [ [ [ -15.005999564927951, -11.885000228677541, 0.0 ], [ -14.512000083636909, -11.770999908818681, 0.0 ], [ -14.01799964906451, -11.65499973325103, 0.0 ], [ -13.524000167773471, -11.538999557683381, 0.0 ], [ -13.03100013724651, -11.42199993135171, 0.0 ] ] ] } },
{ "type": "Feature", "properties": { "Name": "African:Australian", "Description": "<html xmlns:fo=\"http://www.w3.org/1999/XSL/Format\" xmlns:msxsl=\"urn:schemas-microsoft-com:xslt\">\n<head>\n<META http-equiv=\"Content-Type\" content=\"text/html\">\n<meta http-equiv=\"content-type\" content=\"text/html; charset=UTF-8\">\n</head>\n<body style=\"margin:0px 0px 0px 0px;overflow:auto;background:#FFFFFF;\">\n<table style=\"font-family:Arial,Verdana,Times;font-size:12px;text-align:left;width:100%;border-collapse:collapse;padding:3px 3px 3px 3px\">\n<tr style=\"text-align:center;font-weight:bold;background:#9CBCE2\">\n<td>African:Australian</td>\n</tr>\n<tr>\n<td>\n<table style=\"font-family:Arial,Verdana,Times;font-size:12px;text-align:left;width:100%;border-spacing:0px; padding:3px 3px 3px 3px\">\n<tr>\n<td>NAME</td>\n<td>African:Australian</td>\n</tr>\n<tr bgcolor=\"#D4E4F3\">\n<td>LABEL</td>\n<td>Transform Boundary</td>\n</tr>\n</table>\n</td>\n</tr>\n</table>\n</body>\n</html>", "LABEL": "Transform Boundary" }, "geometry": { "type": "MultiLineString", "coordinates": [ [ [ 65.697998047172177, -12.01900005350962, 0.0 ], [ 66.417999267552204, -11.55900001503864, 0.0 ] ] ] } },
{ "type": "Feature", "properties": { "Name": "African:South American", "Description": "<html xmlns:fo=\"http://www.w3.org/1999/XSL/Format\" xmlns:msxsl=\"urn:schemas-microsoft-com:xslt\">\n<head>\n<META http-equiv=\"Content-Type\" content=\"text/html\">\n<meta http-equiv=\"content-type\" content=\"text/html; charset=UTF-8\">\n</head>\n<body style=\"margin:0px 0px 0px 0px;overflow:auto;background:#FFFFFF;\">\n<table style=\"font-family:Arial,Verdana,Times;font-size:12px;text-align:left;width:100%;border-collapse:collapse;padding:3px 3px 3px 3px\">\n<tr style=\"text-align:center;font-weight:bold;background:#9CBCE2\">\n<td>African:South American</td>\n</tr>\n<tr>\n<td>\n<table style=\"font-family:Arial,Verdana,Times;font-size:12px;text-align:left;width:100%;border-spacing:0px; padding:3px 3px 3px 3px\">\n<tr>\n<td>NAME</td>\n<td>African:South American</td>\n</tr>\n<tr bgcolor=\"#D4E4F3\">\n<td>LABEL</td>\n<td>Transform Boundary</td>\n</tr>\n</table>\n</td>\n</tr>\n</table>\n</body>\n</html>", "LABEL": "Transform Boundary" }, "geometry": { "type": "MultiLineString", "coordinates": [ [ [ -14.86100006110388, -12.319999695229679, 0.0 ], [ -14.907999992805401, -12.338999748539489, 0.0 ] ] ] } },
{ "type": "Feature", "properties": { "Name": "African:South American", "Description": "<html xmlns:fo=\"http://www.w3.org/1999/XSL/Format\" xmlns:msxsl=\"urn:schemas-microsoft-com:xslt\">\n<head>\n<META http-equiv=\"Content-Type\" content=\"text/html\">\n<meta http-equiv=\"content-type\" content=\"text/html; charset=UTF-8\">\n</head>\n<body style=\"margin:0px 0px 0px 0px;overflow:auto;background:#FFFFFF;\">\n<table style=\"font-family:Arial,Verdana,Times;font-size:12px;text-align:left;width:100%;border-collapse:collapse;padding:3px 3px 3px 3px\">\n<tr style=\"text-align:center;font-weight:bold;background:#9CBCE2\">\n<td>African:South American</td>\n</tr>\n<tr>\n<td>\n<table style=\"font-family:Arial,Verdana,Times;font-size:12px;text-align:left;width:100%;border-spacing:0px; padding:3px 3px 3px 3px\">\n<tr>\n<td>NAME</td>\n<td>African:South American</td>\n</tr>\n<tr bgcolor=\"#D4E4F3\">\n<td>LABEL</td>\n<td>Transform Boundary</td>\n</tr>\n</table>\n</td>\n</tr>\n</table>\n</body>\n</html>", "LABEL": "Transform Boundary" }, "geometry": { "type": "MultiLineString", "coordinates": [ [ [ -14.550000191155849, -12.5769996641032, 0.0 ], [ -14.79100036647367, -12.65600013709661, 0.0 ] ] ] } },
{ "type": "Feature", "properties": { "Name": "Pacific:Nazca", "Description": "<html xmlns:fo=\"http://www.w3.org/1999/XSL/Format\" xmlns:msxsl=\"urn:schemas-microsoft-com:xslt\">\n<head>\n<META http-equiv=\"Content-Type\" content=\"text/html\">\n<meta http-equiv=\"content-type\" content=\"text/html; charset=UTF-8\">\n</head>\n<body style=\"margin:0px 0px 0px 0px;overflow:auto;background:#FFFFFF;\">\n<table style=\"font-family:Arial,Verdana,Times;font-size:12px;text-align:left;width:100%;border-collapse:collapse;padding:3px 3px 3px 3px\">\n<tr style=\"text-align:center;font-weight:bold;background:#9CBCE2\">\n<td>Pacific:Nazca</td>\n</tr>\n<tr>\n<td>\n<table style=\"font-family:Arial,Verdana,Times;font-size:12px;text-align:left;width:100%;border-spacing:0px; padding:3px 3px 3px 3px\">\n<tr>\n<td>NAME</td>\n<td>Pacific:Nazca</td>\n</tr>\n<tr bgcolor=\"#D4E4F3\">\n<td>LABEL</td>\n<td>Transform Boundary</td>\n</tr>\n</table>\n</td>\n</tr>\n</table>\n</body>\n</html>", "LABEL": "Transform Boundary" }, "geometry": { "type": "MultiLineString", "coordinates": [ [ [ -110.891998290588603, -12.75500011416386, 0.0 ], [ -111.0770034791272, -12.74199962618178, 0.0 ] ] ] } },
{ "type": "Feature", "properties": { "Name": "African:South American", "Description": "<html xmlns:fo=\"http://www.w3.org/1999/XSL/Format\" xmlns:msxsl=\"urn:schemas-microsoft-com:xslt\">\n<head>\n<META http-equiv=\"Content-Type\" content=\"text/html\">\n<meta http-equiv=\"content-type\" content=\"text/html; charset=UTF-8\">\n</head>\n<body style=\"margin:0px 0px 0px 0px;overflow:auto;background:#FFFFFF;\">\n<table style=\"font-family:Arial,Verdana,Times;font-size:12px;text-align:left;width:100%;border-collapse:collapse;padding:3px 3px 3px 3px\">\n<tr style=\"text-align:center;font-weight:bold;background:#9CBCE2\">\n<td>African:South American</td>\n</tr>\n<tr>\n<td>\n<table style=\"font-family:Arial,Verdana,Times;font-size:12px;text-align:left;width:100%;border-spacing:0px; padding:3px 3px 3px 3px\">\n<tr>\n<td>NAME</td>\n<td>African:South American</td>\n</tr>\n<tr bgcolor=\"#D4E4F3\">\n<td>LABEL</td>\n<td>Transform Boundary</td>\n</tr>\n</table>\n</td>\n</tr>\n</table>\n</body>\n</html>", "LABEL": "Transform Boundary" }, "geometry": { "type": "MultiLineString", "coordinates": [ [ [ -14.600000381712221, -13.2659997939553, 0.0 ], [ -14.40999984771474, -13.21800041238907, 0.0 ] ] ] } },
{ "type": "Feature", "properties": { "Name": "African:Australian", "Description": "<html xmlns:fo=\"http://www.w3.org/1999/XSL/Format\" xmlns:msxsl=\"urn:schemas-microsoft-com:xslt\">\n<head>\n<META http-equiv=\"Content-Type\" content=\"text/html\">\n<meta http-equiv=\"content-type\" content=\"text/html; charset=UTF-8\">\n</head>\n<body style=\"margin:0px 0px 0px 0px;overflow:auto;background:#FFFFFF;\">\n<table style=\"font-family:Arial,Verdana,Times;font-size:12px;text-align:left;width:100%;border-collapse:collapse;padding:3px 3px 3px 3px\">\n<tr style=\"text-align:center;font-weight:bold;background:#9CBCE2\">\n<td>African:Australian</td>\n</tr>\n<tr>\n<td>\n<table style=\"font-family:Arial,Verdana,Times;font-size:12px;text-align:left;width:100%;border-spacing:0px; padding:3px 3px 3px 3px\">\n<tr>\n<td>NAME</td>\n<td>African:Australian</td>\n</tr>\n<tr bgcolor=\"#D4E4F3\">\n<td>LABEL</td>\n<td>Transform Boundary</td>\n</tr>\n</table>\n</td>\n</tr>\n</table>\n</body>\n</html>", "LABEL": "Transform Boundary" }, "geometry": { "type": "MultiLineString", "coordinates": [ [ [ 65.820999145394296, -13.267999648764709, 0.0 ], [ 66.369003295965399, -12.83300018311189, 0.0 ] ] ] } },
{ "type": "Feature", "properties": { "Name": "Pacific:Nazca", "Description": "<html xmlns:fo=\"http://www.w3.org/1999/XSL/Format\" xmlns:msxsl=\"urn:schemas-microsoft-com:xslt\">\n<head>\n<META http-equiv=\"Content-Type\" content=\"text/html\">\n<meta http-equiv=\"content-type\" content=\"text/html; charset=UTF-8\">\n</head>\n<body style=\"margin:0px 0px 0px 0px;overflow:auto;background:#FFFFFF;\">\n<table style=\"font-family:Arial,Verdana,Times;font-size:12px;text-align:left;width:100%;border-collapse:collapse;padding:3px 3px 3px 3px\">\n<tr style=\"text-align:center;font-weight:bold;background:#9CBCE2\">\n<td>Pacific:Nazca</td>\n</tr>\n<tr>\n<td>\n<table style=\"font-family:Arial,Verdana,Times;font-size:12px;text-align:left;width:100%;border-spacing:0px; padding:3px 3px 3px 3px\">\n<tr>\n<td>NAME</td>\n<td>Pacific:Nazca</td>\n</tr>\n<tr bgcolor=\"#D4E4F3\">\n<td>LABEL</td>\n<td>Transform Boundary</td>\n</tr>\n</table>\n</td>\n</tr>\n</table>\n</body>\n</html>", "LABEL": "Transform Boundary" }, "geometry": { "type": "MultiLineString", "coordinates": [ [ [ -111.191001892423301, -13.39599990826912, 0.0 ], [ -111.007003784497002, -13.41100025195999, 0.0 ] ] ] } },
{ "type": "Feature", "properties": { "Name": "Pacific:Nazca", "Description": "<html xmlns:fo=\"http://www.w3.org/1999/XSL/Format\" xmlns:msxsl=\"urn:schemas-microsoft-com:xslt\">\n<head>\n<META http-equiv=\"Content-Type\" content=\"text/html\">\n<meta http-equiv=\"content-type\" content=\"text/html; charset=UTF-8\">\n</head>\n<body style=\"margin:0px 0px 0px 0px;overflow:auto;background:#FFFFFF;\">\n<table style=\"font-family:Arial,Verdana,Times;font-size:12px;text-align:left;width:100%;border-collapse:collapse;padding:3px 3px 3px 3px\">\n<tr style=\"text-align:center;font-weight:bold;background:#9CBCE2\">\n<td>Pacific:Nazca</td>\n</tr>\n<tr>\n<td>\n<table style=\"font-family:Arial,Verdana,Times;font-size:12px;text-align:left;width:100%;border-spacing:0px; padding:3px 3px 3px 3px\">\n<tr>\n<td>NAME</td>\n<td>Pacific:Nazca</td>\n</tr>\n<tr bgcolor=\"#D4E4F3\">\n<td>LABEL</td>\n<td>Transform Boundary</td>\n</tr>\n</table>\n</td>\n</tr>\n</table>\n</body>\n</html>", "LABEL": "Transform Boundary" }, "geometry": { "type": "MultiLineString", "coordinates": [ [ [ -112.426002502213706, -13.385999679141831, 0.0 ], [ -111.846000671094103, -13.46500015303457, 0.0 ], [ -111.265998839974401, -13.54100036627386, 0.0 ] ] ] } },
{ "type": "Feature", "properties": { "Name": "African:Australian", "Description": "<html xmlns:fo=\"http://www.w3.org/1999/XSL/Format\" xmlns:msxsl=\"urn:schemas-microsoft-com:xslt\">\n<head>\n<META http-equiv=\"Content-Type\" content=\"text/html\">\n<meta http-equiv=\"content-type\" content=\"text/html; charset=UTF-8\">\n</head>\n<body style=\"margin:0px 0px 0px 0px;overflow:auto;background:#FFFFFF;\">\n<table style=\"font-family:Arial,Verdana,Times;font-size:12px;text-align:left;width:100%;border-collapse:collapse;padding:3px 3px 3px 3px\">\n<tr style=\"text-align:center;font-weight:bold;background:#9CBCE2\">\n<td>African:Australian</td>\n</tr>\n<tr>\n<td>\n<table style=\"font-family:Arial,Verdana,Times;font-size:12px;text-align:left;width:100%;border-spacing:0px; padding:3px 3px 3px 3px\">\n<tr>\n<td>NAME</td>\n<td>African:Australian</td>\n</tr>\n<tr bgcolor=\"#D4E4F3\">\n<td>LABEL</td>\n<td>Transform Boundary</td>\n</tr>\n</table>\n</td>\n</tr>\n</table>\n</body>\n</html>", "LABEL": "Transform Boundary" }, "geometry": { "type": "MultiLineString", "coordinates": [ [ [ 65.928001404241456, -13.979000091680859, 0.0 ], [ 66.209999084290359, -13.777000427028041, 0.0 ] ] ] } },
{ "type": "Feature", "properties": { "Name": "African:South American", "Description": "<html xmlns:fo=\"http://www.w3.org/1999/XSL/Format\" xmlns:msxsl=\"urn:schemas-microsoft-com:xslt\">\n<head>\n<META http-equiv=\"Content-Type\" content=\"text/html\">\n<meta http-equiv=\"content-type\" content=\"text/html; charset=UTF-8\">\n</head>\n<body style=\"margin:0px 0px 0px 0px;overflow:auto;background:#FFFFFF;\">\n<table style=\"font-family:Arial,Verdana,Times;font-size:12px;text-align:left;width:100%;border-collapse:collapse;padding:3px 3px 3px 3px\">\n<tr style=\"text-align:center;font-weight:bold;background:#9CBCE2\">\n<td>African:South American</td>\n</tr>\n<tr>\n<td>\n<table style=\"font-family:Arial,Verdana,Times;font-size:12px;text-align:left;width:100%;border-spacing:0px; padding:3px 3px 3px 3px\">\n<tr>\n<td>NAME</td>\n<td>African:South American</td>\n</tr>\n<tr bgcolor=\"#D4E4F3\">\n<td>LABEL</td>\n<td>Transform Boundary</td>\n</tr>\n</table>\n</td>\n</tr>\n</table>\n</body>\n</html>", "LABEL": "Transform Boundary" }, "geometry": { "type": "MultiLineString", "coordinates": [ [ [ -13.642999648914611, -14.034999847564849, 0.0 ], [ -14.47799968753549, -14.20800018306193, 0.0 ] ] ] } },
{ "type": "Feature", "properties": { "Name": "Pacific:Australian", "Description": "<html xmlns:fo=\"http://www.w3.org/1999/XSL/Format\" xmlns:msxsl=\"urn:schemas-microsoft-com:xslt\">\n<head>\n<META http-equiv=\"Content-Type\" content=\"text/html\">\n<meta http-equiv=\"content-type\" content=\"text/html; charset=UTF-8\">\n</head>\n<body style=\"margin:0px 0px 0px 0px;overflow:auto;background:#FFFFFF;\">\n<table style=\"font-family:Arial,Verdana,Times;font-size:12px;text-align:left;width:100%;border-collapse:collapse;padding:3px 3px 3px 3px\">\n<tr style=\"text-align:center;font-weight:bold;background:#9CBCE2\">\n<td>Pacific:Australian</td>\n</tr>\n<tr>\n<td>\n<table style=\"font-family:Arial,Verdana,Times;font-size:12px;text-align:left;width:100%;border-spacing:0px; padding:3px 3px 3px 3px\">\n<tr>\n<td>NAME</td>\n<td>Pacific:Australian</td>\n</tr>\n<tr bgcolor=\"#D4E4F3\">\n<td>LABEL</td>\n<td>Transform Boundary</td>\n</tr>\n</table>\n</td>\n</tr>\n</table>\n</body>\n</html>", "LABEL": "Transform Boundary" }, "geometry": { "type": "MultiLineString", "coordinates": [ [ [ -173.835998535603892, -14.53400039670089, 0.0 ], [ -174.082992553863306, -14.378999710468239, 0.0 ], [ -174.753997802656386, -14.33399963357618, 0.0 ] ] ] } },
{ "type": "Feature", "properties": { "Name": "Pacific:Australian", "Description": "<html xmlns:fo=\"http://www.w3.org/1999/XSL/Format\" xmlns:msxsl=\"urn:schemas-microsoft-com:xslt\">\n<head>\n<META http-equiv=\"Content-Type\" content=\"text/html\">\n<meta http-equiv=\"content-type\" content=\"text/html; charset=UTF-8\">\n</head>\n<body style=\"margin:0px 0px 0px 0px;overflow:auto;background:#FFFFFF;\">\n<table style=\"font-family:Arial,Verdana,Times;font-size:12px;text-align:left;width:100%;border-collapse:collapse;padding:3px 3px 3px 3px\">\n<tr style=\"text-align:center;font-weight:bold;background:#9CBCE2\">\n<td>Pacific:Australian</td>\n</tr>\n<tr>\n<td>\n<table style=\"font-family:Arial,Verdana,Times;font-size:12px;text-align:left;width:100%;border-spacing:0px; padding:3px 3px 3px 3px\">\n<tr>\n<td>NAME</td>\n<td>Pacific:Australian</td>\n</tr>\n<tr bgcolor=\"#D4E4F3\">\n<td>LABEL</td>\n<td>Transform Boundary</td>\n</tr>\n</table>\n</td>\n</tr>\n</table>\n</body>\n</html>", "LABEL": "Transform Boundary" }, "geometry": { "type": "MultiLineString", "coordinates": [ [ [ -173.40699768109809, -14.58399963397591, 0.0 ], [ -173.835998535603892, -14.53400039670089, 0.0 ] ] ] } },
{ "type": "Feature", "properties": { "Name": "Pacific:Nazca", "Description": "<html xmlns:fo=\"http://www.w3.org/1999/XSL/Format\" xmlns:msxsl=\"urn:schemas-microsoft-com:xslt\">\n<head>\n<META http-equiv=\"Content-Type\" content=\"text/html\">\n<meta http-equiv=\"content-type\" content=\"text/html; charset=UTF-8\">\n</head>\n<body style=\"margin:0px 0px 0px 0px;overflow:auto;background:#FFFFFF;\">\n<table style=\"font-family:Arial,Verdana,Times;font-size:12px;text-align:left;width:100%;border-collapse:collapse;padding:3px 3px 3px 3px\">\n<tr style=\"text-align:center;font-weight:bold;background:#9CBCE2\">\n<td>Pacific:Nazca</td>\n</tr>\n<tr>\n<td>\n<table style=\"font-family:Arial,Verdana,Times;font-size:12px;text-align:left;width:100%;border-spacing:0px; padding:3px 3px 3px 3px\">\n<tr>\n<td>NAME</td>\n<td>Pacific:Nazca</td>\n</tr>\n<tr bgcolor=\"#D4E4F3\">\n<td>LABEL</td>\n<td>Transform Boundary</td>\n</tr>\n</table>\n</td>\n</tr>\n</table>\n</body>\n</html>", "LABEL": "Transform Boundary" }, "geometry": { "type": "MultiLineString", "coordinates": [ [ [ -112.765998840573999, -14.70400047334312, 0.0 ], [ -112.612998962432101, -14.71800041208928, 0.0 ] ] ] } },
{ "type": "Feature", "properties": { "Name": "African:South American", "Description": "<html xmlns:fo=\"http://www.w3.org/1999/XSL/Format\" xmlns:msxsl=\"urn:schemas-microsoft-com:xslt\">\n<head>\n<META http-equiv=\"Content-Type\" content=\"text/html\">\n<meta http-equiv=\"content-type\" content=\"text/html; charset=UTF-8\">\n</head>\n<body style=\"margin:0px 0px 0px 0px;overflow:auto;background:#FFFFFF;\">\n<table style=\"font-family:Arial,Verdana,Times;font-size:12px;text-align:left;width:100%;border-collapse:collapse;padding:3px 3px 3px 3px\">\n<tr style=\"text-align:center;font-weight:bold;background:#9CBCE2\">\n<td>African:South American</td>\n</tr>\n<tr>\n<td>\n<table style=\"font-family:Arial,Verdana,Times;font-size:12px;text-align:left;width:100%;border-spacing:0px; padding:3px 3px 3px 3px\">\n<tr>\n<td>NAME</td>\n<td>African:South American</td>\n</tr>\n<tr bgcolor=\"#D4E4F3\">\n<td>LABEL</td>\n<td>Transform Boundary</td>\n</tr>\n</table>\n</td>\n</tr>\n</table>\n</body>\n</html>", "LABEL": "Transform Boundary" }, "geometry": { "type": "MultiLineString", "coordinates": [ [ [ -13.38399982433236, -15.687999725406939, 0.0 ], [ -13.22599983252621, -15.663000106769459, 0.0 ] ] ] } },
{ "type": "Feature", "properties": { "Name": "African:Australian", "Description": "<html xmlns:fo=\"http://www.w3.org/1999/XSL/Format\" xmlns:msxsl=\"urn:schemas-microsoft-com:xslt\">\n<head>\n<META http-equiv=\"Content-Type\" content=\"text/html\">\n<meta http-equiv=\"content-type\" content=\"text/html; charset=UTF-8\">\n</head>\n<body style=\"margin:0px 0px 0px 0px;overflow:auto;background:#FFFFFF;\">\n<table style=\"font-family:Arial,Verdana,Times;font-size:12px;text-align:left;width:100%;border-collapse:collapse;padding:3px 3px 3px 3px\">\n<tr style=\"text-align:center;font-weight:bold;background:#9CBCE2\">\n<td>African:Australian</td>\n</tr>\n<tr>\n<td>\n<table style=\"font-family:Arial,Verdana,Times;font-size:12px;text-align:left;width:100%;border-spacing:0px; padding:3px 3px 3px 3px\">\n<tr>\n<td>NAME</td>\n<td>African:Australian</td>\n</tr>\n<tr bgcolor=\"#D4E4F3\">\n<td>LABEL</td>\n<td>Transform Boundary</td>\n</tr>\n</table>\n</td>\n</tr>\n</table>\n</body>\n</html>", "LABEL": "Transform Boundary" }, "geometry": { "type": "MultiLineString", "coordinates": [ [ [ 67.032997131512445, -16.138999938796079, 0.0 ], [ 67.383003234511705, -15.9420003887069, 0.0 ] ] ] } },
{ "type": "Feature", "properties": { "Name": "Pacific:Nazca", "Description": "<html xmlns:fo=\"http://www.w3.org/1999/XSL/Format\" xmlns:msxsl=\"urn:schemas-microsoft-com:xslt\">\n<head>\n<META http-equiv=\"Content-Type\" content=\"text/html\">\n<meta http-equiv=\"content-type\" content=\"text/html; charset=UTF-8\">\n</head>\n<body style=\"margin:0px 0px 0px 0px;overflow:auto;background:#FFFFFF;\">\n<table style=\"font-family:Arial,Verdana,Times;font-size:12px;text-align:left;width:100%;border-collapse:collapse;padding:3px 3px 3px 3px\">\n<tr style=\"text-align:center;font-weight:bold;background:#9CBCE2\">\n<td>Pacific:Nazca</td>\n</tr>\n<tr>\n<td>\n<table style=\"font-family:Arial,Verdana,Times;font-size:12px;text-align:left;width:100%;border-spacing:0px; padding:3px 3px 3px 3px\">\n<tr>\n<td>NAME</td>\n<td>Pacific:Nazca</td>\n</tr>\n<tr bgcolor=\"#D4E4F3\">\n<td>LABEL</td>\n<td>Transform Boundary</td>\n</tr>\n</table>\n</td>\n</tr>\n</table>\n</body>\n</html>", "LABEL": "Transform Boundary" }, "geometry": { "type": "MultiLineString", "coordinates": [ [ [ -112.972999573071803, -16.361000060804152, 0.0 ], [ -113.066001892273505, -16.350999832576179, 0.0 ] ] ] } },
{ "type": "Feature", "properties": { "Name": "African:South American", "Description": "<html xmlns:fo=\"http://www.w3.org/1999/XSL/Format\" xmlns:msxsl=\"urn:schemas-microsoft-com:xslt\">\n<head>\n<META http-equiv=\"Content-Type\" content=\"text/html\">\n<meta http-equiv=\"content-type\" content=\"text/html; charset=UTF-8\">\n</head>\n<body style=\"margin:0px 0px 0px 0px;overflow:auto;background:#FFFFFF;\">\n<table style=\"font-family:Arial,Verdana,Times;font-size:12px;text-align:left;width:100%;border-collapse:collapse;padding:3px 3px 3px 3px\">\n<tr style=\"text-align:center;font-weight:bold;background:#9CBCE2\">\n<td>African:South American</td>\n</tr>\n<tr>\n<td>\n<table style=\"font-family:Arial,Verdana,Times;font-size:12px;text-align:left;width:100%;border-spacing:0px; padding:3px 3px 3px 3px\">\n<tr>\n<td>NAME</td>\n<td>African:South American</td>\n</tr>\n<tr bgcolor=\"#D4E4F3\">\n<td>LABEL</td>\n<td>Transform Boundary</td>\n</tr>\n</table>\n</td>\n</tr>\n</table>\n</body>\n</html>", "LABEL": "Transform Boundary" }, "geometry": { "type": "MultiLineString", "coordinates": [ [ [ -14.30200004556559, -16.43300056442445, 0.0 ], [ -13.77000045765493, -16.322999954184471, 0.0 ], [ -13.23900032050835, -16.211999893180462, 0.0 ] ] ] } },
{ "type": "Feature", "properties": { "Name": "Pacific:Nazca", "Description": "<html xmlns:fo=\"http://www.w3.org/1999/XSL/Format\" xmlns:msxsl=\"urn:schemas-microsoft-com:xslt\">\n<head>\n<META http-equiv=\"Content-Type\" content=\"text/html\">\n<meta http-equiv=\"content-type\" content=\"text/html; charset=UTF-8\">\n</head>\n<body style=\"margin:0px 0px 0px 0px;overflow:auto;background:#FFFFFF;\">\n<table style=\"font-family:Arial,Verdana,Times;font-size:12px;text-align:left;width:100%;border-collapse:collapse;padding:3px 3px 3px 3px\">\n<tr style=\"text-align:center;font-weight:bold;background:#9CBCE2\">\n<td>Pacific:Nazca</td>\n</tr>\n<tr>\n<td>\n<table style=\"font-family:Arial,Verdana,Times;font-size:12px;text-align:left;width:100%;border-spacing:0px; padding:3px 3px 3px 3px\">\n<tr>\n<td>NAME</td>\n<td>Pacific:Nazca</td>\n</tr>\n<tr bgcolor=\"#D4E4F3\">\n<td>LABEL</td>\n<td>Transform Boundary</td>\n</tr>\n</table>\n</td>\n</tr>\n</table>\n</body>\n</html>", "LABEL": "Transform Boundary" }, "geometry": { "type": "MultiLineString", "coordinates": [ [ [ -113.041000366173904, -16.683000564824169, 0.0 ], [ -113.165000915160107, -16.67000007594271, 0.0 ] ] ] } },
{ "type": "Feature", "properties": { "Name": "African:South American", "Description": "<html xmlns:fo=\"http://www.w3.org/1999/XSL/Format\" xmlns:msxsl=\"urn:schemas-microsoft-com:xslt\">\n<head>\n<META http-equiv=\"Content-Type\" content=\"text/html\">\n<meta http-equiv=\"content-type\" content=\"text/html; charset=UTF-8\">\n</head>\n<body style=\"margin:0px 0px 0px 0px;overflow:auto;background:#FFFFFF;\">\n<table style=\"font-family:Arial,Verdana,Times;font-size:12px;text-align:left;width:100%;border-collapse:collapse;padding:3px 3px 3px 3px\">\n<tr style=\"text-align:center;font-weight:bold;background:#9CBCE2\">\n<td>African:South American</td>\n</tr>\n<tr>\n<td>\n<table style=\"font-family:Arial,Verdana,Times;font-size:12px;text-align:left;width:100%;border-spacing:0px; padding:3px 3px 3px 3px\">\n<tr>\n<td>NAME</td>\n<td>African:South American</td>\n</tr>\n<tr bgcolor=\"#D4E4F3\">\n<td>LABEL</td>\n<td>Transform Boundary</td>\n</tr>\n</table>\n</td>\n</tr>\n</table>\n</body>\n</html>", "LABEL": "Transform Boundary" }, "geometry": { "type": "MultiLineString", "coordinates": [ [ [ -14.369000434622309, -16.777000427327842, 0.0 ], [ -14.23799991626311, -16.763999939345702, 0.0 ] ] ] } },
{ "type": "Feature", "properties": { "Name": "Pacific:Nazca", "Description": "<html xmlns:fo=\"http://www.w3.org/1999/XSL/Format\" xmlns:msxsl=\"urn:schemas-microsoft-com:xslt\">\n<head>\n<META http-equiv=\"Content-Type\" content=\"text/html\">\n<meta http-equiv=\"content-type\" content=\"text/html; charset=UTF-8\">\n</head>\n<body style=\"margin:0px 0px 0px 0px;overflow:auto;background:#FFFFFF;\">\n<table style=\"font-family:Arial,Verdana,Times;font-size:12px;text-align:left;width:100%;border-collapse:collapse;padding:3px 3px 3px 3px\">\n<tr style=\"text-align:center;font-weight:bold;background:#9CBCE2\">\n<td>Pacific:Nazca</td>\n</tr>\n<tr>\n<td>\n<table style=\"font-family:Arial,Verdana,Times;font-size:12px;text-align:left;width:100%;border-spacing:0px; padding:3px 3px 3px 3px\">\n<tr>\n<td>NAME</td>\n<td>Pacific:Nazca</td>\n</tr>\n<tr bgcolor=\"#D4E4F3\">\n<td>LABEL</td>\n<td>Transform Boundary</td>\n</tr>\n</table>\n</td>\n</tr>\n</table>\n</body>\n</html>", "LABEL": "Transform Boundary" }, "geometry": { "type": "MultiLineString", "coordinates": [ [ [ -113.116996765388393, -17.065000534347121, 0.0 ], [ -113.240997314374496, -17.052000045465661, 0.0 ] ] ] } },
{ "type": "Feature", "properties": { "Name": "Pacific:Nazca", "Description": "<html xmlns:fo=\"http://www.w3.org/1999/XSL/Format\" xmlns:msxsl=\"urn:schemas-microsoft-com:xslt\">\n<head>\n<META http-equiv=\"Content-Type\" content=\"text/html\">\n<meta http-equiv=\"content-type\" content=\"text/html; charset=UTF-8\">\n</head>\n<body style=\"margin:0px 0px 0px 0px;overflow:auto;background:#FFFFFF;\">\n<table style=\"font-family:Arial,Verdana,Times;font-size:12px;text-align:left;width:100%;border-collapse:collapse;padding:3px 3px 3px 3px\">\n<tr style=\"text-align:center;font-weight:bold;background:#9CBCE2\">\n<td>Pacific:Nazca</td>\n</tr>\n<tr>\n<td>\n<table style=\"font-family:Arial,Verdana,Times;font-size:12px;text-align:left;width:100%;border-spacing:0px; padding:3px 3px 3px 3px\">\n<tr>\n<td>NAME</td>\n<td>Pacific:Nazca</td>\n</tr>\n<tr bgcolor=\"#D4E4F3\">\n<td>LABEL</td>\n<td>Transform Boundary</td>\n</tr>\n</table>\n</td>\n</tr>\n</table>\n</body>\n</html>", "LABEL": "Transform Boundary" }, "geometry": { "type": "MultiLineString", "coordinates": [ [ [ -113.174003600985401, -17.53800010661956, 0.0 ], [ -113.329002380655297, -17.520999908119219, 0.0 ] ] ] } },
{ "type": "Feature", "properties": { "Name": "African:South American", "Description": "<html xmlns:fo=\"http://www.w3.org/1999/XSL/Format\" xmlns:msxsl=\"urn:schemas-microsoft-com:xslt\">\n<head>\n<META http-equiv=\"Content-Type\" content=\"text/html\">\n<meta http-equiv=\"content-type\" content=\"text/html; charset=UTF-8\">\n</head>\n<body style=\"margin:0px 0px 0px 0px;overflow:auto;background:#FFFFFF;\">\n<table style=\"font-family:Arial,Verdana,Times;font-size:12px;text-align:left;width:100%;border-collapse:collapse;padding:3px 3px 3px 3px\">\n<tr style=\"text-align:center;font-weight:bold;background:#9CBCE2\">\n<td>African:South American</td>\n</tr>\n<tr>\n<td>\n<table style=\"font-family:Arial,Verdana,Times;font-size:12px;text-align:left;width:100%;border-spacing:0px; padding:3px 3px 3px 3px\">\n<tr>\n<td>NAME</td>\n<td>African:South American</td>\n</tr>\n<tr bgcolor=\"#D4E4F3\">\n<td>LABEL</td>\n<td>Transform Boundary</td>\n</tr>\n</table>\n</td>\n</tr>\n</table>\n</body>\n</html>", "LABEL": "Transform Boundary" }, "geometry": { "type": "MultiLineString", "coordinates": [ [ [ -12.96000003857085, -17.79000091511011, 0.0 ], [ -13.519000053209821, -17.892999649414261, 0.0 ], [ -14.079000472793551, -17.9950008395171, 0.0 ] ] ] } },
{ "type": "Feature", "properties": { "Name": "Pacific:Nazca", "Description": "<html xmlns:fo=\"http://www.w3.org/1999/XSL/Format\" xmlns:msxsl=\"urn:schemas-microsoft-com:xslt\">\n<head>\n<META http-equiv=\"Content-Type\" content=\"text/html\">\n<meta http-equiv=\"content-type\" content=\"text/html; charset=UTF-8\">\n</head>\n<body style=\"margin:0px 0px 0px 0px;overflow:auto;background:#FFFFFF;\">\n<table style=\"font-family:Arial,Verdana,Times;font-size:12px;text-align:left;width:100%;border-collapse:collapse;padding:3px 3px 3px 3px\">\n<tr style=\"text-align:center;font-weight:bold;background:#9CBCE2\">\n<td>Pacific:Nazca</td>\n</tr>\n<tr>\n<td>\n<table style=\"font-family:Arial,Verdana,Times;font-size:12px;text-align:left;width:100%;border-spacing:0px; padding:3px 3px 3px 3px\">\n<tr>\n<td>NAME</td>\n<td>Pacific:Nazca</td>\n</tr>\n<tr bgcolor=\"#D4E4F3\">\n<td>LABEL</td>\n<td>Transform Boundary</td>\n</tr>\n</table>\n</td>\n</tr>\n</table>\n</body>\n</html>", "LABEL": "Transform Boundary" }, "geometry": { "type": "MultiLineString", "coordinates": [ [ [ -113.263999938946, -18.007999420037152, 0.0 ], [ -113.388000487932104, -17.993999481290981, 0.0 ] ] ] } },
{ "type": "Feature", "properties": { "Name": "African:Australian", "Description": "<html xmlns:fo=\"http://www.w3.org/1999/XSL/Format\" xmlns:msxsl=\"urn:schemas-microsoft-com:xslt\">\n<head>\n<META http-equiv=\"Content-Type\" content=\"text/html\">\n<meta http-equiv=\"content-type\" content=\"text/html; charset=UTF-8\">\n</head>\n<body style=\"margin:0px 0px 0px 0px;overflow:auto;background:#FFFFFF;\">\n<table style=\"font-family:Arial,Verdana,Times;font-size:12px;text-align:left;width:100%;border-collapse:collapse;padding:3px 3px 3px 3px\">\n<tr style=\"text-align:center;font-weight:bold;background:#9CBCE2\">\n<td>African:Australian</td>\n</tr>\n<tr>\n<td>\n<table style=\"font-family:Arial,Verdana,Times;font-size:12px;text-align:left;width:100%;border-spacing:0px; padding:3px 3px 3px 3px\">\n<tr>\n<td>NAME</td>\n<td>African:Australian</td>\n</tr>\n<tr bgcolor=\"#D4E4F3\">\n<td>LABEL</td>\n<td>Transform Boundary</td>\n</tr>\n</table>\n</td>\n</tr>\n</table>\n</body>\n</html>", "LABEL": "Transform Boundary" }, "geometry": { "type": "MultiLineString", "coordinates": [ [ [ 65.007003783997504, -18.058000564774201, 0.0 ], [ 65.541999816738212, -17.783000945737001, 0.0 ], [ 66.142997741952286, -17.450000762724979, 0.0 ], [ 66.708000182662374, -17.090000152984601, 0.0 ], [ 67.410003662139331, -16.65900039695072, 0.0 ] ] ] } },
{ "type": "Feature", "properties": { "Name": "Pacific:Nazca", "Description": "<html xmlns:fo=\"http://www.w3.org/1999/XSL/Format\" xmlns:msxsl=\"urn:schemas-microsoft-com:xslt\">\n<head>\n<META http-equiv=\"Content-Type\" content=\"text/html\">\n<meta http-equiv=\"content-type\" content=\"text/html; charset=UTF-8\">\n</head>\n<body style=\"margin:0px 0px 0px 0px;overflow:auto;background:#FFFFFF;\">\n<table style=\"font-family:Arial,Verdana,Times;font-size:12px;text-align:left;width:100%;border-collapse:collapse;padding:3px 3px 3px 3px\">\n<tr style=\"text-align:center;font-weight:bold;background:#9CBCE2\">\n<td>Pacific:Nazca</td>\n</tr>\n<tr>\n<td>\n<table style=\"font-family:Arial,Verdana,Times;font-size:12px;text-align:left;width:100%;border-spacing:0px; padding:3px 3px 3px 3px\">\n<tr>\n<td>NAME</td>\n<td>Pacific:Nazca</td>\n</tr>\n<tr bgcolor=\"#D4E4F3\">\n<td>LABEL</td>\n<td>Transform Boundary</td>\n</tr>\n</table>\n</td>\n</tr>\n</table>\n</body>\n</html>", "LABEL": "Transform Boundary" }, "geometry": { "type": "MultiLineString", "coordinates": [ [ [ -113.363998413496006, -18.777000426928112, 0.0 ], [ -113.519996643030595, -18.75799942033694, 0.0 ] ] ] } },
{ "type": "Feature", "properties": { "Name": "African:South American", "Description": "<html xmlns:fo=\"http://www.w3.org/1999/XSL/Format\" xmlns:msxsl=\"urn:schemas-microsoft-com:xslt\">\n<head>\n<META http-equiv=\"Content-Type\" content=\"text/html\">\n<meta http-equiv=\"content-type\" content=\"text/html; charset=UTF-8\">\n</head>\n<body style=\"margin:0px 0px 0px 0px;overflow:auto;background:#FFFFFF;\">\n<table style=\"font-family:Arial,Verdana,Times;font-size:12px;text-align:left;width:100%;border-collapse:collapse;padding:3px 3px 3px 3px\">\n<tr style=\"text-align:center;font-weight:bold;background:#9CBCE2\">\n<td>African:South American</td>\n</tr>\n<tr>\n<td>\n<table style=\"font-family:Arial,Verdana,Times;font-size:12px;text-align:left;width:100%;border-spacing:0px; padding:3px 3px 3px 3px\">\n<tr>\n<td>NAME</td>\n<td>African:South American</td>\n</tr>\n<tr bgcolor=\"#D4E4F3\">\n<td>LABEL</td>\n<td>Transform Boundary</td>\n</tr>\n</table>\n</td>\n</tr>\n</table>\n</body>\n</html>", "LABEL": "Transform Boundary" }, "geometry": { "type": "MultiLineString", "coordinates": [ [ [ -12.477000236271859, -18.746999740445631, 0.0 ], [ -12.758999824682119, -18.784999847065251, 0.0 ] ] ] } },
{ "type": "Feature", "properties": { "Name": "Pacific:Nazca", "Description": "<html xmlns:fo=\"http://www.w3.org/1999/XSL/Format\" xmlns:msxsl=\"urn:schemas-microsoft-com:xslt\">\n<head>\n<META http-equiv=\"Content-Type\" content=\"text/html\">\n<meta http-equiv=\"content-type\" content=\"text/html; charset=UTF-8\">\n</head>\n<body style=\"margin:0px 0px 0px 0px;overflow:auto;background:#FFFFFF;\">\n<table style=\"font-family:Arial,Verdana,Times;font-size:12px;text-align:left;width:100%;border-collapse:collapse;padding:3px 3px 3px 3px\">\n<tr style=\"text-align:center;font-weight:bold;background:#9CBCE2\">\n<td>Pacific:Nazca</td>\n</tr>\n<tr>\n<td>\n<table style=\"font-family:Arial,Verdana,Times;font-size:12px;text-align:left;width:100%;border-spacing:0px; padding:3px 3px 3px 3px\">\n<tr>\n<td>NAME</td>\n<td>Pacific:Nazca</td>\n</tr>\n<tr bgcolor=\"#D4E4F3\">\n<td>LABEL</td>\n<td>Transform Boundary</td>\n</tr>\n</table>\n</td>\n</tr>\n</table>\n</body>\n</html>", "LABEL": "Transform Boundary" }, "geometry": { "type": "MultiLineString", "coordinates": [ [ [ -113.498001099071402, -19.30100059470163, 0.0 ], [ -113.623001098821703, -19.28499984696532, 0.0 ] ] ] } },
{ "type": "Feature", "properties": { "Name": "African:South American", "Description": "<html xmlns:fo=\"http://www.w3.org/1999/XSL/Format\" xmlns:msxsl=\"urn:schemas-microsoft-com:xslt\">\n<head>\n<META http-equiv=\"Content-Type\" content=\"text/html\">\n<meta http-equiv=\"content-type\" content=\"text/html; charset=UTF-8\">\n</head>\n<body style=\"margin:0px 0px 0px 0px;overflow:auto;background:#FFFFFF;\">\n<table style=\"font-family:Arial,Verdana,Times;font-size:12px;text-align:left;width:100%;border-collapse:collapse;padding:3px 3px 3px 3px\">\n<tr style=\"text-align:center;font-weight:bold;background:#9CBCE2\">\n<td>African:South American</td>\n</tr>\n<tr>\n<td>\n<table style=\"font-family:Arial,Verdana,Times;font-size:12px;text-align:left;width:100%;border-spacing:0px; padding:3px 3px 3px 3px\">\n<tr>\n<td>NAME</td>\n<td>African:South American</td>\n</tr>\n<tr bgcolor=\"#D4E4F3\">\n<td>LABEL</td>\n<td>Transform Boundary</td>\n</tr>\n</table>\n</td>\n</tr>\n</table>\n</body>\n</html>", "LABEL": "Transform Boundary" }, "geometry": { "type": "MultiLineString", "coordinates": [ [ [ -11.94499969507984, -19.825000763374479, 0.0 ], [ -12.262999534400929, -19.934999466152419, 0.0 ] ] ] } },
{ "type": "Feature", "properties": { "Name": "African:Australian", "Description": "<html xmlns:fo=\"http://www.w3.org/1999/XSL/Format\" xmlns:msxsl=\"urn:schemas-microsoft-com:xslt\">\n<head>\n<META http-equiv=\"Content-Type\" content=\"text/html\">\n<meta http-equiv=\"content-type\" content=\"text/html; charset=UTF-8\">\n</head>\n<body style=\"margin:0px 0px 0px 0px;overflow:auto;background:#FFFFFF;\">\n<table style=\"font-family:Arial,Verdana,Times;font-size:12px;text-align:left;width:100%;border-collapse:collapse;padding:3px 3px 3px 3px\">\n<tr style=\"text-align:center;font-weight:bold;background:#9CBCE2\">\n<td>African:Australian</td>\n</tr>\n<tr>\n<td>\n<table style=\"font-family:Arial,Verdana,Times;font-size:12px;text-align:left;width:100%;border-spacing:0px; padding:3px 3px 3px 3px\">\n<tr>\n<td>NAME</td>\n<td>African:Australian</td>\n</tr>\n<tr bgcolor=\"#D4E4F3\">\n<td>LABEL</td>\n<td>Transform Boundary</td>\n</tr>\n</table>\n</td>\n</tr>\n</table>\n</body>\n</html>", "LABEL": "Transform Boundary" }, "geometry": { "type": "MultiLineString", "coordinates": [ [ [ 66.750999450564223, -19.870000839367211, 0.0 ], [ 66.428001404141526, -20.077999115166961, 0.0 ] ] ] } },
{ "type": "Feature", "properties": { "Name": "African:Australian", "Description": "<html xmlns:fo=\"http://www.w3.org/1999/XSL/Format\" xmlns:msxsl=\"urn:schemas-microsoft-com:xslt\">\n<head>\n<META http-equiv=\"Content-Type\" content=\"text/html\">\n<meta http-equiv=\"content-type\" content=\"text/html; charset=UTF-8\">\n</head>\n<body style=\"margin:0px 0px 0px 0px;overflow:auto;background:#FFFFFF;\">\n<table style=\"font-family:Arial,Verdana,Times;font-size:12px;text-align:left;width:100%;border-collapse:collapse;padding:3px 3px 3px 3px\">\n<tr style=\"text-align:center;font-weight:bold;background:#9CBCE2\">\n<td>African:Australian</td>\n</tr>\n<tr>\n<td>\n<table style=\"font-family:Arial,Verdana,Times;font-size:12px;text-align:left;width:100%;border-spacing:0px; padding:3px 3px 3px 3px\">\n<tr>\n<td>NAME</td>\n<td>African:Australian</td>\n</tr>\n<tr bgcolor=\"#D4E4F3\">\n<td>LABEL</td>\n<td>Transform Boundary</td>\n</tr>\n</table>\n</td>\n</tr>\n</table>\n</body>\n</html>", "LABEL": "Transform Boundary" }, "geometry": { "type": "MultiLineString", "coordinates": [ [ [ 67.309997558640475, -20.072999953884729, 0.0 ], [ 67.040000915809685, -20.218000411889481, 0.0 ] ] ] } },
{ "type": "Feature", "properties": { "Name": "African:South American", "Description": "<html xmlns:fo=\"http://www.w3.org/1999/XSL/Format\" xmlns:msxsl=\"urn:schemas-microsoft-com:xslt\">\n<head>\n<META http-equiv=\"Content-Type\" content=\"text/html\">\n<meta http-equiv=\"content-type\" content=\"text/html; charset=UTF-8\">\n</head>\n<body style=\"margin:0px 0px 0px 0px;overflow:auto;background:#FFFFFF;\">\n<table style=\"font-family:Arial,Verdana,Times;font-size:12px;text-align:left;width:100%;border-collapse:collapse;padding:3px 3px 3px 3px\">\n<tr style=\"text-align:center;font-weight:bold;background:#9CBCE2\">\n<td>African:South American</td>\n</tr>\n<tr>\n<td>\n<table style=\"font-family:Arial,Verdana,Times;font-size:12px;text-align:left;width:100%;border-spacing:0px; padding:3px 3px 3px 3px\">\n<tr>\n<td>NAME</td>\n<td>African:South American</td>\n</tr>\n<tr bgcolor=\"#D4E4F3\">\n<td>LABEL</td>\n<td>Transform Boundary</td>\n</tr>\n</table>\n</td>\n</tr>\n</table>\n</body>\n</html>", "LABEL": "Transform Boundary" }, "geometry": { "type": "MultiLineString", "coordinates": [ [ [ -11.970999717762711, -20.298999786410949, 0.0 ], [ -11.85200023662156, -20.27799987829172, 0.0 ] ] ] } },
{ "type": "Feature", "properties": { "Name": "African:Australian", "Description": "<html xmlns:fo=\"http://www.w3.org/1999/XSL/Format\" xmlns:msxsl=\"urn:schemas-microsoft-com:xslt\">\n<head>\n<META http-equiv=\"Content-Type\" content=\"text/html\">\n<meta http-equiv=\"content-type\" content=\"text/html; charset=UTF-8\">\n</head>\n<body style=\"margin:0px 0px 0px 0px;overflow:auto;background:#FFFFFF;\">\n<table style=\"font-family:Arial,Verdana,Times;font-size:12px;text-align:left;width:100%;border-collapse:collapse;padding:3px 3px 3px 3px\">\n<tr style=\"text-align:center;font-weight:bold;background:#9CBCE2\">\n<td>African:Australian</td>\n</tr>\n<tr>\n<td>\n<table style=\"font-family:Arial,Verdana,Times;font-size:12px;text-align:left;width:100%;border-spacing:0px; padding:3px 3px 3px 3px\">\n<tr>\n<td>NAME</td>\n<td>African:Australian</td>\n</tr>\n<tr bgcolor=\"#D4E4F3\">\n<td>LABEL</td>\n<td>Transform Boundary</td>\n</tr>\n</table>\n</td>\n</tr>\n</table>\n</body>\n</html>", "LABEL": "Transform Boundary" }, "geometry": { "type": "MultiLineString", "coordinates": [ [ [ 67.767997741402723, -20.28000068638255, 0.0 ], [ 67.593002319301661, -20.368999481041161, 0.0 ] ] ] } },
{ "type": "Feature", "properties": { "Name": "African:Australian", "Description": "<html xmlns:fo=\"http://www.w3.org/1999/XSL/Format\" xmlns:msxsl=\"urn:schemas-microsoft-com:xslt\">\n<head>\n<META http-equiv=\"Content-Type\" content=\"text/html\">\n<meta http-equiv=\"content-type\" content=\"text/html; charset=UTF-8\">\n</head>\n<body style=\"margin:0px 0px 0px 0px;overflow:auto;background:#FFFFFF;\">\n<table style=\"font-family:Arial,Verdana,Times;font-size:12px;text-align:left;width:100%;border-collapse:collapse;padding:3px 3px 3px 3px\">\n<tr style=\"text-align:center;font-weight:bold;background:#9CBCE2\">\n<td>African:Australian</td>\n</tr>\n<tr>\n<td>\n<table style=\"font-family:Arial,Verdana,Times;font-size:12px;text-align:left;width:100%;border-spacing:0px; padding:3px 3px 3px 3px\">\n<tr>\n<td>NAME</td>\n<td>African:Australian</td>\n</tr>\n<tr bgcolor=\"#D4E4F3\">\n<td>LABEL</td>\n<td>Transform Boundary</td>\n</tr>\n</table>\n</td>\n</tr>\n</table>\n</body>\n</html>", "LABEL": "Transform Boundary" }, "geometry": { "type": "MultiLineString", "coordinates": [ [ [ 68.212997436182775, -20.29100036627386, 0.0 ], [ 67.897003174057318, -20.46899986305317, 0.0 ] ] ] } },
{ "type": "Feature", "properties": { "Name": "African:Australian", "Description": "<html xmlns:fo=\"http://www.w3.org/1999/XSL/Format\" xmlns:msxsl=\"urn:schemas-microsoft-com:xslt\">\n<head>\n<META http-equiv=\"Content-Type\" content=\"text/html\">\n<meta http-equiv=\"content-type\" content=\"text/html; charset=UTF-8\">\n</head>\n<body style=\"margin:0px 0px 0px 0px;overflow:auto;background:#FFFFFF;\">\n<table style=\"font-family:Arial,Verdana,Times;font-size:12px;text-align:left;width:100%;border-collapse:collapse;padding:3px 3px 3px 3px\">\n<tr style=\"text-align:center;font-weight:bold;background:#9CBCE2\">\n<td>African:Australian</td>\n</tr>\n<tr>\n<td>\n<table style=\"font-family:Arial,Verdana,Times;font-size:12px;text-align:left;width:100%;border-spacing:0px; padding:3px 3px 3px 3px\">\n<tr>\n<td>NAME</td>\n<td>African:Australian</td>\n</tr>\n<tr bgcolor=\"#D4E4F3\">\n<td>LABEL</td>\n<td>Transform Boundary</td>\n</tr>\n</table>\n</td>\n</tr>\n</table>\n</body>\n</html>", "LABEL": "Transform Boundary" }, "geometry": { "type": "MultiLineString", "coordinates": [ [ [ 68.277000427128087, -20.878000259304489, 0.0 ], [ 68.55899810807631, -20.711999893180462, 0.0 ] ] ] } },
{ "type": "Feature", "properties": { "Name": "African:South American", "Description": "<html xmlns:fo=\"http://www.w3.org/1999/XSL/Format\" xmlns:msxsl=\"urn:schemas-microsoft-com:xslt\">\n<head>\n<META http-equiv=\"Content-Type\" content=\"text/html\">\n<meta http-equiv=\"content-type\" content=\"text/html; charset=UTF-8\">\n</head>\n<body style=\"margin:0px 0px 0px 0px;overflow:auto;background:#FFFFFF;\">\n<table style=\"font-family:Arial,Verdana,Times;font-size:12px;text-align:left;width:100%;border-collapse:collapse;padding:3px 3px 3px 3px\">\n<tr style=\"text-align:center;font-weight:bold;background:#9CBCE2\">\n<td>African:South American</td>\n</tr>\n<tr>\n<td>\n<table style=\"font-family:Arial,Verdana,Times;font-size:12px;text-align:left;width:100%;border-spacing:0px; padding:3px 3px 3px 3px\">\n<tr>\n<td>NAME</td>\n<td>African:South American</td>\n</tr>\n<tr bgcolor=\"#D4E4F3\">\n<td>LABEL</td>\n<td>Transform Boundary</td>\n</tr>\n</table>\n</td>\n</tr>\n</table>\n</body>\n</html>", "LABEL": "Transform Boundary" }, "geometry": { "type": "MultiLineString", "coordinates": [ [ [ -12.00699996957292, -21.20899963422568, 0.0 ], [ -11.76299953450086, -21.176000595451061, 0.0 ] ] ] } },
{ "type": "Feature", "properties": { "Name": "African:South American", "Description": "<html xmlns:fo=\"http://www.w3.org/1999/XSL/Format\" xmlns:msxsl=\"urn:schemas-microsoft-com:xslt\">\n<head>\n<META http-equiv=\"Content-Type\" content=\"text/html\">\n<meta http-equiv=\"content-type\" content=\"text/html; charset=UTF-8\">\n</head>\n<body style=\"margin:0px 0px 0px 0px;overflow:auto;background:#FFFFFF;\">\n<table style=\"font-family:Arial,Verdana,Times;font-size:12px;text-align:left;width:100%;border-collapse:collapse;padding:3px 3px 3px 3px\">\n<tr style=\"text-align:center;font-weight:bold;background:#9CBCE2\">\n<td>African:South American</td>\n</tr>\n<tr>\n<td>\n<table style=\"font-family:Arial,Verdana,Times;font-size:12px;text-align:left;width:100%;border-spacing:0px; padding:3px 3px 3px 3px\">\n<tr>\n<td>NAME</td>\n<td>African:South American</td>\n</tr>\n<tr bgcolor=\"#D4E4F3\">\n<td>LABEL</td>\n<td>Transform Boundary</td>\n</tr>\n</table>\n</td>\n</tr>\n</table>\n</body>\n</html>", "LABEL": "Transform Boundary" }, "geometry": { "type": "MultiLineString", "coordinates": [ [ [ -11.935999869997939, -21.75200080859042, 0.0 ], [ -11.84899997686739, -21.735000610090029, 0.0 ] ] ] } },
{ "type": "Feature", "properties": { "Name": "African:South American", "Description": "<html xmlns:fo=\"http://www.w3.org/1999/XSL/Format\" xmlns:msxsl=\"urn:schemas-microsoft-com:xslt\">\n<head>\n<META http-equiv=\"Content-Type\" content=\"text/html\">\n<meta http-equiv=\"content-type\" content=\"text/html; charset=UTF-8\">\n</head>\n<body style=\"margin:0px 0px 0px 0px;overflow:auto;background:#FFFFFF;\">\n<table style=\"font-family:Arial,Verdana,Times;font-size:12px;text-align:left;width:100%;border-collapse:collapse;padding:3px 3px 3px 3px\">\n<tr style=\"text-align:center;font-weight:bold;background:#9CBCE2\">\n<td>African:South American</td>\n</tr>\n<tr>\n<td>\n<table style=\"font-family:Arial,Verdana,Times;font-size:12px;text-align:left;width:100%;border-spacing:0px; padding:3px 3px 3px 3px\">\n<tr>\n<td>NAME</td>\n<td>African:South American</td>\n</tr>\n<tr bgcolor=\"#D4E4F3\">\n<td>LABEL</td>\n<td>Transform Boundary</td>\n</tr>\n</table>\n</td>\n</tr>\n</table>\n</body>\n</html>", "LABEL": "Transform Boundary" }, "geometry": { "type": "MultiLineString", "coordinates": [ [ [ -12.90999984711522, -22.378999709768721, 0.0 ], [ -12.364000320458389, -22.267000198000691, 0.0 ], [ -11.81900024456559, -22.152999878141831, 0.0 ] ] ] } },
{ "type": "Feature", "properties": { "Name": "African:Australian", "Description": "<html xmlns:fo=\"http://www.w3.org/1999/XSL/Format\" xmlns:msxsl=\"urn:schemas-microsoft-com:xslt\">\n<head>\n<META http-equiv=\"Content-Type\" content=\"text/html\">\n<meta http-equiv=\"content-type\" content=\"text/html; charset=UTF-8\">\n</head>\n<body style=\"margin:0px 0px 0px 0px;overflow:auto;background:#FFFFFF;\">\n<table style=\"font-family:Arial,Verdana,Times;font-size:12px;text-align:left;width:100%;border-collapse:collapse;padding:3px 3px 3px 3px\">\n<tr style=\"text-align:center;font-weight:bold;background:#9CBCE2\">\n<td>African:Australian</td>\n</tr>\n<tr>\n<td>\n<table style=\"font-family:Arial,Verdana,Times;font-size:12px;text-align:left;width:100%;border-spacing:0px; padding:3px 3px 3px 3px\">\n<tr>\n<td>NAME</td>\n<td>African:Australian</td>\n</tr>\n<tr bgcolor=\"#D4E4F3\">\n<td>LABEL</td>\n<td>Transform Boundary</td>\n</tr>\n</table>\n</td>\n</tr>\n</table>\n</body>\n</html>", "LABEL": "Transform Boundary" }, "geometry": { "type": "MultiLineString", "coordinates": [ [ [ 68.796997070358543, -22.38699912990586, 0.0 ], [ 69.20200347937714, -22.08799934389458, 0.0 ] ] ] } },
{ "type": "Feature", "properties": { "Name": "African:South American", "Description": "<html xmlns:fo=\"http://www.w3.org/1999/XSL/Format\" xmlns:msxsl=\"urn:schemas-microsoft-com:xslt\">\n<head>\n<META http-equiv=\"Content-Type\" content=\"text/html\">\n<meta http-equiv=\"content-type\" content=\"text/html; charset=UTF-8\">\n</head>\n<body style=\"margin:0px 0px 0px 0px;overflow:auto;background:#FFFFFF;\">\n<table style=\"font-family:Arial,Verdana,Times;font-size:12px;text-align:left;width:100%;border-collapse:collapse;padding:3px 3px 3px 3px\">\n<tr style=\"text-align:center;font-weight:bold;background:#9CBCE2\">\n<td>African:South American</td>\n</tr>\n<tr>\n<td>\n<table style=\"font-family:Arial,Verdana,Times;font-size:12px;text-align:left;width:100%;border-spacing:0px; padding:3px 3px 3px 3px\">\n<tr>\n<td>NAME</td>\n<td>African:South American</td>\n</tr>\n<tr bgcolor=\"#D4E4F3\">\n<td>LABEL</td>\n<td>Transform Boundary</td>\n</tr>\n</table>\n</td>\n</tr>\n</table>\n</body>\n</html>", "LABEL": "Transform Boundary" }, "geometry": { "type": "MultiLineString", "coordinates": [ [ [ -13.829000473293149, -22.829000473293149, 0.0 ], [ -13.34000015238507, -22.72999954204516, 0.0 ], [ -12.850999832376321, -22.629999160932471, 0.0 ] ] ] } },
{ "type": "Feature", "properties": { "Name": "Pacific:Nazca", "Description": "<html xmlns:fo=\"http://www.w3.org/1999/XSL/Format\" xmlns:msxsl=\"urn:schemas-microsoft-com:xslt\">\n<head>\n<META http-equiv=\"Content-Type\" content=\"text/html\">\n<meta http-equiv=\"content-type\" content=\"text/html; charset=UTF-8\">\n</head>\n<body style=\"margin:0px 0px 0px 0px;overflow:auto;background:#FFFFFF;\">\n<table style=\"font-family:Arial,Verdana,Times;font-size:12px;text-align:left;width:100%;border-collapse:collapse;padding:3px 3px 3px 3px\">\n<tr style=\"text-align:center;font-weight:bold;background:#9CBCE2\">\n<td>Pacific:Nazca</td>\n</tr>\n<tr>\n<td>\n<table style=\"font-family:Arial,Verdana,Times;font-size:12px;text-align:left;width:100%;border-spacing:0px; padding:3px 3px 3px 3px\">\n<tr>\n<td>NAME</td>\n<td>Pacific:Nazca</td>\n</tr>\n<tr bgcolor=\"#D4E4F3\">\n<td>LABEL</td>\n<td>Transform Boundary</td>\n</tr>\n</table>\n</td>\n</tr>\n</table>\n</body>\n</html>", "LABEL": "Transform Boundary" }, "geometry": { "type": "MultiLineString", "coordinates": [ [ [ -114.8749999996502, -23.040000915409848, 0.0 ], [ -114.567001342737697, -23.024000167673542, 0.0 ] ] ] } },
{ "type": "Feature", "properties": { "Name": "Pacific:Nazca", "Description": "<html xmlns:fo=\"http://www.w3.org/1999/XSL/Format\" xmlns:msxsl=\"urn:schemas-microsoft-com:xslt\">\n<head>\n<META http-equiv=\"Content-Type\" content=\"text/html\">\n<meta http-equiv=\"content-type\" content=\"text/html; charset=UTF-8\">\n</head>\n<body style=\"margin:0px 0px 0px 0px;overflow:auto;background:#FFFFFF;\">\n<table style=\"font-family:Arial,Verdana,Times;font-size:12px;text-align:left;width:100%;border-collapse:collapse;padding:3px 3px 3px 3px\">\n<tr style=\"text-align:center;font-weight:bold;background:#9CBCE2\">\n<td>Pacific:Nazca</td>\n</tr>\n<tr>\n<td>\n<table style=\"font-family:Arial,Verdana,Times;font-size:12px;text-align:left;width:100%;border-spacing:0px; padding:3px 3px 3px 3px\">\n<tr>\n<td>NAME</td>\n<td>Pacific:Nazca</td>\n</tr>\n<tr bgcolor=\"#D4E4F3\">\n<td>LABEL</td>\n<td>Transform Boundary</td>\n</tr>\n</table>\n</td>\n</tr>\n</table>\n</body>\n</html>", "LABEL": "Transform Boundary" }, "geometry": { "type": "MultiLineString", "coordinates": [ [ [ -115.182998657462093, -23.236999511318349, 0.0 ], [ -114.961997986218094, -23.179000854805569, 0.0 ] ] ] } },
{ "type": "Feature", "properties": { "Name": "Pacific:Nazca", "Description": "<html xmlns:fo=\"http://www.w3.org/1999/XSL/Format\" xmlns:msxsl=\"urn:schemas-microsoft-com:xslt\">\n<head>\n<META http-equiv=\"Content-Type\" content=\"text/html\">\n<meta http-equiv=\"content-type\" content=\"text/html; charset=UTF-8\">\n</head>\n<body style=\"margin:0px 0px 0px 0px;overflow:auto;background:#FFFFFF;\">\n<table style=\"font-family:Arial,Verdana,Times;font-size:12px;text-align:left;width:100%;border-collapse:collapse;padding:3px 3px 3px 3px\">\n<tr style=\"text-align:center;font-weight:bold;background:#9CBCE2\">\n<td>Pacific:Nazca</td>\n</tr>\n<tr>\n<td>\n<table style=\"font-family:Arial,Verdana,Times;font-size:12px;text-align:left;width:100%;border-spacing:0px; padding:3px 3px 3px 3px\">\n<tr>\n<td>NAME</td>\n<td>Pacific:Nazca</td>\n</tr>\n<tr bgcolor=\"#D4E4F3\">\n<td>LABEL</td>\n<td>Transform Boundary</td>\n</tr>\n</table>\n</td>\n</tr>\n</table>\n</body>\n</html>", "LABEL": "Transform Boundary" }, "geometry": { "type": "MultiLineString", "coordinates": [ [ [ -115.598999023086407, -23.468000411689619, 0.0 ], [ -115.253997802856304, -23.396999358833281, 0.0 ] ] ] } },
{ "type": "Feature", "properties": { "Name": "African:South American", "Description": "<html xmlns:fo=\"http://www.w3.org/1999/XSL/Format\" xmlns:msxsl=\"urn:schemas-microsoft-com:xslt\">\n<head>\n<META http-equiv=\"Content-Type\" content=\"text/html\">\n<meta http-equiv=\"content-type\" content=\"text/html; charset=UTF-8\">\n</head>\n<body style=\"margin:0px 0px 0px 0px;overflow:auto;background:#FFFFFF;\">\n<table style=\"font-family:Arial,Verdana,Times;font-size:12px;text-align:left;width:100%;border-collapse:collapse;padding:3px 3px 3px 3px\">\n<tr style=\"text-align:center;font-weight:bold;background:#9CBCE2\">\n<td>African:South American</td>\n</tr>\n<tr>\n<td>\n<table style=\"font-family:Arial,Verdana,Times;font-size:12px;text-align:left;width:100%;border-spacing:0px; padding:3px 3px 3px 3px\">\n<tr>\n<td>NAME</td>\n<td>African:South American</td>\n</tr>\n<tr bgcolor=\"#D4E4F3\">\n<td>LABEL</td>\n<td>Transform Boundary</td>\n</tr>\n</table>\n</td>\n</tr>\n</table>\n</body>\n</html>", "LABEL": "Transform Boundary" }, "geometry": { "type": "MultiLineString", "coordinates": [ [ [ -13.56999969453023, -23.513999939345702, 0.0 ], [ -13.663999557933209, -23.544000625828179, 0.0 ] ] ] } },
{ "type": "Feature", "properties": { "Name": "African:Australian", "Description": "<html xmlns:fo=\"http://www.w3.org/1999/XSL/Format\" xmlns:msxsl=\"urn:schemas-microsoft-com:xslt\">\n<head>\n<META http-equiv=\"Content-Type\" content=\"text/html\">\n<meta http-equiv=\"content-type\" content=\"text/html; charset=UTF-8\">\n</head>\n<body style=\"margin:0px 0px 0px 0px;overflow:auto;background:#FFFFFF;\">\n<table style=\"font-family:Arial,Verdana,Times;font-size:12px;text-align:left;width:100%;border-collapse:collapse;padding:3px 3px 3px 3px\">\n<tr style=\"text-align:center;font-weight:bold;background:#9CBCE2\">\n<td>African:Australian</td>\n</tr>\n<tr>\n<td>\n<table style=\"font-family:Arial,Verdana,Times;font-size:12px;text-align:left;width:100%;border-spacing:0px; padding:3px 3px 3px 3px\">\n<tr>\n<td>NAME</td>\n<td>African:Australian</td>\n</tr>\n<tr bgcolor=\"#D4E4F3\">\n<td>LABEL</td>\n<td>Transform Boundary</td>\n</tr>\n</table>\n</td>\n</tr>\n</table>\n</body>\n</html>", "LABEL": "Transform Boundary" }, "geometry": { "type": "MultiLineString", "coordinates": [ [ [ 69.402000427577718, -24.04000091521004, 0.0 ], [ 69.849998473750645, -23.70899963372608, 0.0 ] ] ] } },
{ "type": "Feature", "properties": { "Name": "Nazca", "Description": "<html xmlns:fo=\"http://www.w3.org/1999/XSL/Format\" xmlns:msxsl=\"urn:schemas-microsoft-com:xslt\">\n<head>\n<META http-equiv=\"Content-Type\" content=\"text/html\">\n<meta http-equiv=\"content-type\" content=\"text/html; charset=UTF-8\">\n</head>\n<body style=\"margin:0px 0px 0px 0px;overflow:auto;background:#FFFFFF;\">\n<table style=\"font-family:Arial,Verdana,Times;font-size:12px;text-align:left;width:100%;border-collapse:collapse;padding:3px 3px 3px 3px\">\n<tr style=\"text-align:center;font-weight:bold;background:#9CBCE2\">\n<td>Nazca</td>\n</tr>\n<tr>\n<td>\n<table style=\"font-family:Arial,Verdana,Times;font-size:12px;text-align:left;width:100%;border-spacing:0px; padding:3px 3px 3px 3px\">\n<tr>\n<td>NAME</td>\n<td>Nazca</td>\n</tr>\n<tr bgcolor=\"#D4E4F3\">\n<td>LABEL</td>\n<td>Transform Boundary</td>\n</tr>\n</table>\n</td>\n</tr>\n</table>\n</body>\n</html>", "LABEL": "Transform Boundary" }, "geometry": { "type": "MultiLineString", "coordinates": [ [ [ -111.712997436282706, -24.031999587610809, 0.0 ], [ -112.097999573021895, -24.110000610739579, 0.0 ] ] ] } },
{ "type": "Feature", "properties": { "Name": "Pacific:Nazca", "Description": "<html xmlns:fo=\"http://www.w3.org/1999/XSL/Format\" xmlns:msxsl=\"urn:schemas-microsoft-com:xslt\">\n<head>\n<META http-equiv=\"Content-Type\" content=\"text/html\">\n<meta http-equiv=\"content-type\" content=\"text/html; charset=UTF-8\">\n</head>\n<body style=\"margin:0px 0px 0px 0px;overflow:auto;background:#FFFFFF;\">\n<table style=\"font-family:Arial,Verdana,Times;font-size:12px;text-align:left;width:100%;border-collapse:collapse;padding:3px 3px 3px 3px\">\n<tr style=\"text-align:center;font-weight:bold;background:#9CBCE2\">\n<td>Pacific:Nazca</td>\n</tr>\n<tr>\n<td>\n<table style=\"font-family:Arial,Verdana,Times;font-size:12px;text-align:left;width:100%;border-spacing:0px; padding:3px 3px 3px 3px\">\n<tr>\n<td>NAME</td>\n<td>Pacific:Nazca</td>\n</tr>\n<tr bgcolor=\"#D4E4F3\">\n<td>LABEL</td>\n<td>Transform Boundary</td>\n</tr>\n</table>\n</td>\n</tr>\n</table>\n</body>\n</html>", "LABEL": "Transform Boundary" }, "geometry": { "type": "MultiLineString", "coordinates": [ [ [ -115.912002563667301, -24.2420005798628, 0.0 ], [ -115.4820022583975, -24.104999541995198, 0.0 ] ] ] } },
{ "type": "Feature", "properties": { "Name": "Pacific:Nazca", "Description": "<html xmlns:fo=\"http://www.w3.org/1999/XSL/Format\" xmlns:msxsl=\"urn:schemas-microsoft-com:xslt\">\n<head>\n<META http-equiv=\"Content-Type\" content=\"text/html\">\n<meta http-equiv=\"content-type\" content=\"text/html; charset=UTF-8\">\n</head>\n<body style=\"margin:0px 0px 0px 0px;overflow:auto;background:#FFFFFF;\">\n<table style=\"font-family:Arial,Verdana,Times;font-size:12px;text-align:left;width:100%;border-collapse:collapse;padding:3px 3px 3px 3px\">\n<tr style=\"text-align:center;font-weight:bold;background:#9CBCE2\">\n<td>Pacific:Nazca</td>\n</tr>\n<tr>\n<td>\n<table style=\"font-family:Arial,Verdana,Times;font-size:12px;text-align:left;width:100%;border-spacing:0px; padding:3px 3px 3px 3px\">\n<tr>\n<td>NAME</td>\n<td>Pacific:Nazca</td>\n</tr>\n<tr bgcolor=\"#D4E4F3\">\n<td>LABEL</td>\n<td>Transform Boundary</td>\n</tr>\n</table>\n</td>\n</tr>\n</table>\n</body>\n</html>", "LABEL": "Transform Boundary" }, "geometry": { "type": "MultiLineString", "coordinates": [ [ [ -116.183998108026202, -24.458000183261792, 0.0 ], [ -115.968002319551402, -24.382999419887259, 0.0 ] ] ] } },
{ "type": "Feature", "properties": { "Name": "African:South American", "Description": "<html xmlns:fo=\"http://www.w3.org/1999/XSL/Format\" xmlns:msxsl=\"urn:schemas-microsoft-com:xslt\">\n<head>\n<META http-equiv=\"Content-Type\" content=\"text/html\">\n<meta http-equiv=\"content-type\" content=\"text/html; charset=UTF-8\">\n</head>\n<body style=\"margin:0px 0px 0px 0px;overflow:auto;background:#FFFFFF;\">\n<table style=\"font-family:Arial,Verdana,Times;font-size:12px;text-align:left;width:100%;border-collapse:collapse;padding:3px 3px 3px 3px\">\n<tr style=\"text-align:center;font-weight:bold;background:#9CBCE2\">\n<td>African:South American</td>\n</tr>\n<tr>\n<td>\n<table style=\"font-family:Arial,Verdana,Times;font-size:12px;text-align:left;width:100%;border-spacing:0px; padding:3px 3px 3px 3px\">\n<tr>\n<td>NAME</td>\n<td>African:South American</td>\n</tr>\n<tr bgcolor=\"#D4E4F3\">\n<td>LABEL</td>\n<td>Transform Boundary</td>\n</tr>\n</table>\n</td>\n</tr>\n</table>\n</body>\n</html>", "LABEL": "Transform Boundary" }, "geometry": { "type": "MultiLineString", "coordinates": [ [ [ -13.81099987074737, -24.886999130305579, 0.0 ], [ -13.279999732701469, -24.777000427527639, 0.0 ] ] ] } },
{ "type": "Feature", "properties": { "Name": "African:Australian", "Description": "<html xmlns:fo=\"http://www.w3.org/1999/XSL/Format\" xmlns:msxsl=\"urn:schemas-microsoft-com:xslt\">\n<head>\n<META http-equiv=\"Content-Type\" content=\"text/html\">\n<meta http-equiv=\"content-type\" content=\"text/html; charset=UTF-8\">\n</head>\n<body style=\"margin:0px 0px 0px 0px;overflow:auto;background:#FFFFFF;\">\n<table style=\"font-family:Arial,Verdana,Times;font-size:12px;text-align:left;width:100%;border-collapse:collapse;padding:3px 3px 3px 3px\">\n<tr style=\"text-align:center;font-weight:bold;background:#9CBCE2\">\n<td>African:Australian</td>\n</tr>\n<tr>\n<td>\n<table style=\"font-family:Arial,Verdana,Times;font-size:12px;text-align:left;width:100%;border-spacing:0px; padding:3px 3px 3px 3px\">\n<tr>\n<td>NAME</td>\n<td>African:Australian</td>\n</tr>\n<tr bgcolor=\"#D4E4F3\">\n<td>LABEL</td>\n<td>Transform Boundary</td>\n</tr>\n</table>\n</td>\n</tr>\n</table>\n</body>\n</html>", "LABEL": "Transform Boundary" }, "geometry": { "type": "MultiLineString", "coordinates": [ [ [ 69.592002869037231, -24.969999312917938, 0.0 ], [ 69.939002990795473, -24.67799949627971, 0.0 ] ] ] } },
{ "type": "Feature", "properties": { "Name": "Nazca", "Description": "<html xmlns:fo=\"http://www.w3.org/1999/XSL/Format\" xmlns:msxsl=\"urn:schemas-microsoft-com:xslt\">\n<head>\n<META http-equiv=\"Content-Type\" content=\"text/html\">\n<meta http-equiv=\"content-type\" content=\"text/html; charset=UTF-8\">\n</head>\n<body style=\"margin:0px 0px 0px 0px;overflow:auto;background:#FFFFFF;\">\n<table style=\"font-family:Arial,Verdana,Times;font-size:12px;text-align:left;width:100%;border-collapse:collapse;padding:3px 3px 3px 3px\">\n<tr style=\"text-align:center;font-weight:bold;background:#9CBCE2\">\n<td>Nazca</td>\n</tr>\n<tr>\n<td>\n<table style=\"font-family:Arial,Verdana,Times;font-size:12px;text-align:left;width:100%;border-spacing:0px; padding:3px 3px 3px 3px\">\n<tr>\n<td>NAME</td>\n<td>Nazca</td>\n</tr>\n<tr bgcolor=\"#D4E4F3\">\n<td>LABEL</td>\n<td>Transform Boundary</td>\n</tr>\n</table>\n</td>\n</tr>\n</table>\n</body>\n</html>", "LABEL": "Transform Boundary" }, "geometry": { "type": "MultiLineString", "coordinates": [ [ [ -111.977996826192594, -25.027000427028039, 0.0 ], [ -112.453002929841304, -25.059000015038642, 0.0 ] ] ] } },
{ "type": "Feature", "properties": { "Name": "Pacific:Nazca", "Description": "<html xmlns:fo=\"http://www.w3.org/1999/XSL/Format\" xmlns:msxsl=\"urn:schemas-microsoft-com:xslt\">\n<head>\n<META http-equiv=\"Content-Type\" content=\"text/html\">\n<meta http-equiv=\"content-type\" content=\"text/html; charset=UTF-8\">\n</head>\n<body style=\"margin:0px 0px 0px 0px;overflow:auto;background:#FFFFFF;\">\n<table style=\"font-family:Arial,Verdana,Times;font-size:12px;text-align:left;width:100%;border-collapse:collapse;padding:3px 3px 3px 3px\">\n<tr style=\"text-align:center;font-weight:bold;background:#9CBCE2\">\n<td>Pacific:Nazca</td>\n</tr>\n<tr>\n<td>\n<table style=\"font-family:Arial,Verdana,Times;font-size:12px;text-align:left;width:100%;border-spacing:0px; padding:3px 3px 3px 3px\">\n<tr>\n<td>NAME</td>\n<td>Pacific:Nazca</td>\n</tr>\n<tr bgcolor=\"#D4E4F3\">\n<td>LABEL</td>\n<td>Transform Boundary</td>\n</tr>\n</table>\n</td>\n</tr>\n</table>\n</body>\n</html>", "LABEL": "Transform Boundary" }, "geometry": { "type": "MultiLineString", "coordinates": [ [ [ -116.489997863410593, -25.172000885032791, 0.0 ], [ -116.098999023885796, -24.847000122157851, 0.0 ] ] ] } },
{ "type": "Feature", "properties": { "Name": "African:Australian", "Description": "<html xmlns:fo=\"http://www.w3.org/1999/XSL/Format\" xmlns:msxsl=\"urn:schemas-microsoft-com:xslt\">\n<head>\n<META http-equiv=\"Content-Type\" content=\"text/html\">\n<meta http-equiv=\"content-type\" content=\"text/html; charset=UTF-8\">\n</head>\n<body style=\"margin:0px 0px 0px 0px;overflow:auto;background:#FFFFFF;\">\n<table style=\"font-family:Arial,Verdana,Times;font-size:12px;text-align:left;width:100%;border-collapse:collapse;padding:3px 3px 3px 3px\">\n<tr style=\"text-align:center;font-weight:bold;background:#9CBCE2\">\n<td>African:Australian</td>\n</tr>\n<tr>\n<td>\n<table style=\"font-family:Arial,Verdana,Times;font-size:12px;text-align:left;width:100%;border-spacing:0px; padding:3px 3px 3px 3px\">\n<tr>\n<td>NAME</td>\n<td>African:Australian</td>\n</tr>\n<tr bgcolor=\"#D4E4F3\">\n<td>LABEL</td>\n<td>Transform Boundary</td>\n</tr>\n</table>\n</td>\n</tr>\n</table>\n</body>\n</html>", "LABEL": "Transform Boundary" }, "geometry": { "type": "MultiLineString", "coordinates": [ [ [ 69.959999084889887, -25.650999069351538, 0.0 ], [ 70.08999633756099, -25.48299980169946, 0.0 ] ] ] } },
{ "type": "Feature", "properties": { "Name": "African:South American", "Description": "<html xmlns:fo=\"http://www.w3.org/1999/XSL/Format\" xmlns:msxsl=\"urn:schemas-microsoft-com:xslt\">\n<head>\n<META http-equiv=\"Content-Type\" content=\"text/html\">\n<meta http-equiv=\"content-type\" content=\"text/html; charset=UTF-8\">\n</head>\n<body style=\"margin:0px 0px 0px 0px;overflow:auto;background:#FFFFFF;\">\n<table style=\"font-family:Arial,Verdana,Times;font-size:12px;text-align:left;width:100%;border-collapse:collapse;padding:3px 3px 3px 3px\">\n<tr style=\"text-align:center;font-weight:bold;background:#9CBCE2\">\n<td>African:South American</td>\n</tr>\n<tr>\n<td>\n<table style=\"font-family:Arial,Verdana,Times;font-size:12px;text-align:left;width:100%;border-spacing:0px; padding:3px 3px 3px 3px\">\n<tr>\n<td>NAME</td>\n<td>African:South American</td>\n</tr>\n<tr bgcolor=\"#D4E4F3\">\n<td>LABEL</td>\n<td>Transform Boundary</td>\n</tr>\n</table>\n</td>\n</tr>\n</table>\n</body>\n</html>", "LABEL": "Transform Boundary" }, "geometry": { "type": "MultiLineString", "coordinates": [ [ [ -14.04899978631107, -25.73800086994413, 0.0 ], [ -13.66300010716918, -25.6480007170594, 0.0 ] ] ] } },
{ "type": "Feature", "properties": { "Name": "African:Antarctic", "Description": "<html xmlns:fo=\"http://www.w3.org/1999/XSL/Format\" xmlns:msxsl=\"urn:schemas-microsoft-com:xslt\">\n<head>\n<META http-equiv=\"Content-Type\" content=\"text/html\">\n<meta http-equiv=\"content-type\" content=\"text/html; charset=UTF-8\">\n</head>\n<body style=\"margin:0px 0px 0px 0px;overflow:auto;background:#FFFFFF;\">\n<table style=\"font-family:Arial,Verdana,Times;font-size:12px;text-align:left;width:100%;border-collapse:collapse;padding:3px 3px 3px 3px\">\n<tr style=\"text-align:center;font-weight:bold;background:#9CBCE2\">\n<td>African:Antarctic</td>\n</tr>\n<tr>\n<td>\n<table style=\"font-family:Arial,Verdana,Times;font-size:12px;text-align:left;width:100%;border-spacing:0px; padding:3px 3px 3px 3px\">\n<tr>\n<td>NAME</td>\n<td>African:Antarctic</td>\n</tr>\n<tr bgcolor=\"#D4E4F3\">\n<td>LABEL</td>\n<td>Transform Boundary</td>\n</tr>\n</table>\n</td>\n</tr>\n</table>\n</body>\n</html>", "LABEL": "Transform Boundary" }, "geometry": { "type": "MultiLineString", "coordinates": [ [ [ 69.489997864010263, -25.676000595451061, 0.0 ], [ 69.459999084090498, -25.78199958771074, 0.0 ] ] ] } },
{ "type": "Feature", "properties": { "Name": "Nazca", "Description": "<html xmlns:fo=\"http://www.w3.org/1999/XSL/Format\" xmlns:msxsl=\"urn:schemas-microsoft-com:xslt\">\n<head>\n<META http-equiv=\"Content-Type\" content=\"text/html\">\n<meta http-equiv=\"content-type\" content=\"text/html; charset=UTF-8\">\n</head>\n<body style=\"margin:0px 0px 0px 0px;overflow:auto;background:#FFFFFF;\">\n<table style=\"font-family:Arial,Verdana,Times;font-size:12px;text-align:left;width:100%;border-collapse:collapse;padding:3px 3px 3px 3px\">\n<tr style=\"text-align:center;font-weight:bold;background:#9CBCE2\">\n<td>Nazca</td>\n</tr>\n<tr>\n<td>\n<table style=\"font-family:Arial,Verdana,Times;font-size:12px;text-align:left;width:100%;border-spacing:0px; padding:3px 3px 3px 3px\">\n<tr>\n<td>NAME</td>\n<td>Nazca</td>\n</tr>\n<tr bgcolor=\"#D4E4F3\">\n<td>LABEL</td>\n<td>Transform Boundary</td>\n</tr>\n</table>\n</td>\n</tr>\n</table>\n</body>\n</html>", "LABEL": "Transform Boundary" }, "geometry": { "type": "MultiLineString", "coordinates": [ [ [ -112.455001831369401, -25.785999298229001, 0.0 ], [ -112.541000366273906, -25.78700065645506, 0.0 ] ] ] } },
{ "type": "Feature", "properties": { "Name": "Nazca", "Description": "<html xmlns:fo=\"http://www.w3.org/1999/XSL/Format\" xmlns:msxsl=\"urn:schemas-microsoft-com:xslt\">\n<head>\n<META http-equiv=\"Content-Type\" content=\"text/html\">\n<meta http-equiv=\"content-type\" content=\"text/html; charset=UTF-8\">\n</head>\n<body style=\"margin:0px 0px 0px 0px;overflow:auto;background:#FFFFFF;\">\n<table style=\"font-family:Arial,Verdana,Times;font-size:12px;text-align:left;width:100%;border-collapse:collapse;padding:3px 3px 3px 3px\">\n<tr style=\"text-align:center;font-weight:bold;background:#9CBCE2\">\n<td>Nazca</td>\n</tr>\n<tr>\n<td>\n<table style=\"font-family:Arial,Verdana,Times;font-size:12px;text-align:left;width:100%;border-spacing:0px; padding:3px 3px 3px 3px\">\n<tr>\n<td>NAME</td>\n<td>Nazca</td>\n</tr>\n<tr bgcolor=\"#D4E4F3\">\n<td>LABEL</td>\n<td>Transform Boundary</td>\n</tr>\n</table>\n</td>\n</tr>\n</table>\n</body>\n</html>", "LABEL": "Transform Boundary" }, "geometry": { "type": "MultiLineString", "coordinates": [ [ [ -112.5500030520992, -25.926000594951461, 0.0 ], [ -112.620002746729398, -25.9340000150886, 0.0 ] ] ] } },
{ "type": "Feature", "properties": { "Name": "African:Antarctic", "Description": "<html xmlns:fo=\"http://www.w3.org/1999/XSL/Format\" xmlns:msxsl=\"urn:schemas-microsoft-com:xslt\">\n<head>\n<META http-equiv=\"Content-Type\" content=\"text/html\">\n<meta http-equiv=\"content-type\" content=\"text/html; charset=UTF-8\">\n</head>\n<body style=\"margin:0px 0px 0px 0px;overflow:auto;background:#FFFFFF;\">\n<table style=\"font-family:Arial,Verdana,Times;font-size:12px;text-align:left;width:100%;border-collapse:collapse;padding:3px 3px 3px 3px\">\n<tr style=\"text-align:center;font-weight:bold;background:#9CBCE2\">\n<td>African:Antarctic</td>\n</tr>\n<tr>\n<td>\n<table style=\"font-family:Arial,Verdana,Times;font-size:12px;text-align:left;width:100%;border-spacing:0px; padding:3px 3px 3px 3px\">\n<tr>\n<td>NAME</td>\n<td>African:Antarctic</td>\n</tr>\n<tr bgcolor=\"#D4E4F3\">\n<td>LABEL</td>\n<td>Transform Boundary</td>\n</tr>\n</table>\n</td>\n</tr>\n</table>\n</body>\n</html>", "LABEL": "Transform Boundary" }, "geometry": { "type": "MultiLineString", "coordinates": [ [ [ 69.138000488431828, -25.78400039670089, 0.0 ], [ 69.150001525649941, -25.993000030726819, 0.0 ] ] ] } },
{ "type": "Feature", "properties": { "Name": "Australian:Antarctic", "Description": "<html xmlns:fo=\"http://www.w3.org/1999/XSL/Format\" xmlns:msxsl=\"urn:schemas-microsoft-com:xslt\">\n<head>\n<META http-equiv=\"Content-Type\" content=\"text/html\">\n<meta http-equiv=\"content-type\" content=\"text/html; charset=UTF-8\">\n</head>\n<body style=\"margin:0px 0px 0px 0px;overflow:auto;background:#FFFFFF;\">\n<table style=\"font-family:Arial,Verdana,Times;font-size:12px;text-align:left;width:100%;border-collapse:collapse;padding:3px 3px 3px 3px\">\n<tr style=\"text-align:center;font-weight:bold;background:#9CBCE2\">\n<td>Australian:Antarctic</td>\n</tr>\n<tr>\n<td>\n<table style=\"font-family:Arial,Verdana,Times;font-size:12px;text-align:left;width:100%;border-spacing:0px; padding:3px 3px 3px 3px\">\n<tr>\n<td>NAME</td>\n<td>Australian:Antarctic</td>\n</tr>\n<tr bgcolor=\"#D4E4F3\">\n<td>LABEL</td>\n<td>Transform Boundary</td>\n</tr>\n</table>\n</td>\n</tr>\n</table>\n</body>\n</html>", "LABEL": "Transform Boundary" }, "geometry": { "type": "MultiLineString", "coordinates": [ [ [ 70.66500091575972, -25.91200065620529, 0.0 ], [ 70.408996581826841, -26.0599994656028, 0.0 ] ] ] } },
{ "type": "Feature", "properties": { "Name": "African:Antarctic", "Description": "<html xmlns:fo=\"http://www.w3.org/1999/XSL/Format\" xmlns:msxsl=\"urn:schemas-microsoft-com:xslt\">\n<head>\n<META http-equiv=\"Content-Type\" content=\"text/html\">\n<meta http-equiv=\"content-type\" content=\"text/html; charset=UTF-8\">\n</head>\n<body style=\"margin:0px 0px 0px 0px;overflow:auto;background:#FFFFFF;\">\n<table style=\"font-family:Arial,Verdana,Times;font-size:12px;text-align:left;width:100%;border-collapse:collapse;padding:3px 3px 3px 3px\">\n<tr style=\"text-align:center;font-weight:bold;background:#9CBCE2\">\n<td>African:Antarctic</td>\n</tr>\n<tr>\n<td>\n<table style=\"font-family:Arial,Verdana,Times;font-size:12px;text-align:left;width:100%;border-spacing:0px; padding:3px 3px 3px 3px\">\n<tr>\n<td>NAME</td>\n<td>African:Antarctic</td>\n</tr>\n<tr bgcolor=\"#D4E4F3\">\n<td>LABEL</td>\n<td>Transform Boundary</td>\n</tr>\n</table>\n</td>\n</tr>\n</table>\n</body>\n</html>", "LABEL": "Transform Boundary" }, "geometry": { "type": "MultiLineString", "coordinates": [ [ [ 68.829002380755298, -26.009000778463129, 0.0 ], [ 68.819999694930061, -26.141000747586361, 0.0 ] ] ] } },
{ "type": "Feature", "properties": { "Name": "Australian:Antarctic", "Description": "<html xmlns:fo=\"http://www.w3.org/1999/XSL/Format\" xmlns:msxsl=\"urn:schemas-microsoft-com:xslt\">\n<head>\n<META http-equiv=\"Content-Type\" content=\"text/html\">\n<meta http-equiv=\"content-type\" content=\"text/html; charset=UTF-8\">\n</head>\n<body style=\"margin:0px 0px 0px 0px;overflow:auto;background:#FFFFFF;\">\n<table style=\"font-family:Arial,Verdana,Times;font-size:12px;text-align:left;width:100%;border-collapse:collapse;padding:3px 3px 3px 3px\">\n<tr style=\"text-align:center;font-weight:bold;background:#9CBCE2\">\n<td>Australian:Antarctic</td>\n</tr>\n<tr>\n<td>\n<table style=\"font-family:Arial,Verdana,Times;font-size:12px;text-align:left;width:100%;border-spacing:0px; padding:3px 3px 3px 3px\">\n<tr>\n<td>NAME</td>\n<td>Australian:Antarctic</td>\n</tr>\n<tr bgcolor=\"#D4E4F3\">\n<td>LABEL</td>\n<td>Transform Boundary</td>\n</tr>\n</table>\n</td>\n</tr>\n</table>\n</body>\n</html>", "LABEL": "Transform Boundary" }, "geometry": { "type": "MultiLineString", "coordinates": [ [ [ 71.135002136639343, -26.08300018271223, 0.0 ], [ 70.994003295715572, -26.18700027434312, 0.0 ] ] ] } },
{ "type": "Feature", "properties": { "Name": "African:Antarctic", "Description": "<html xmlns:fo=\"http://www.w3.org/1999/XSL/Format\" xmlns:msxsl=\"urn:schemas-microsoft-com:xslt\">\n<head>\n<META http-equiv=\"Content-Type\" content=\"text/html\">\n<meta http-equiv=\"content-type\" content=\"text/html; charset=UTF-8\">\n</head>\n<body style=\"margin:0px 0px 0px 0px;overflow:auto;background:#FFFFFF;\">\n<table style=\"font-family:Arial,Verdana,Times;font-size:12px;text-align:left;width:100%;border-collapse:collapse;padding:3px 3px 3px 3px\">\n<tr style=\"text-align:center;font-weight:bold;background:#9CBCE2\">\n<td>African:Antarctic</td>\n</tr>\n<tr>\n<td>\n<table style=\"font-family:Arial,Verdana,Times;font-size:12px;text-align:left;width:100%;border-spacing:0px; padding:3px 3px 3px 3px\">\n<tr>\n<td>NAME</td>\n<td>African:Antarctic</td>\n</tr>\n<tr bgcolor=\"#D4E4F3\">\n<td>LABEL</td>\n<td>Transform Boundary</td>\n</tr>\n</table>\n</td>\n</tr>\n</table>\n</body>\n</html>", "LABEL": "Transform Boundary" }, "geometry": { "type": "MultiLineString", "coordinates": [ [ [ 68.597999572921992, -26.121000290231169, 0.0 ], [ 68.622001648257537, -26.26300048848174, 0.0 ] ] ] } },
{ "type": "Feature", "properties": { "Name": "Australian:Antarctic", "Description": "<html xmlns:fo=\"http://www.w3.org/1999/XSL/Format\" xmlns:msxsl=\"urn:schemas-microsoft-com:xslt\">\n<head>\n<META http-equiv=\"Content-Type\" content=\"text/html\">\n<meta http-equiv=\"content-type\" content=\"text/html; charset=UTF-8\">\n</head>\n<body style=\"margin:0px 0px 0px 0px;overflow:auto;background:#FFFFFF;\">\n<table style=\"font-family:Arial,Verdana,Times;font-size:12px;text-align:left;width:100%;border-collapse:collapse;padding:3px 3px 3px 3px\">\n<tr style=\"text-align:center;font-weight:bold;background:#9CBCE2\">\n<td>Australian:Antarctic</td>\n</tr>\n<tr>\n<td>\n<table style=\"font-family:Arial,Verdana,Times;font-size:12px;text-align:left;width:100%;border-spacing:0px; padding:3px 3px 3px 3px\">\n<tr>\n<td>NAME</td>\n<td>Australian:Antarctic</td>\n</tr>\n<tr bgcolor=\"#D4E4F3\">\n<td>LABEL</td>\n<td>Transform Boundary</td>\n</tr>\n</table>\n</td>\n</tr>\n</table>\n</body>\n</html>", "LABEL": "Transform Boundary" }, "geometry": { "type": "MultiLineString", "coordinates": [ [ [ 71.717002868387738, -26.38599967924176, 0.0 ], [ 71.580001831419452, -26.45400047324318, 0.0 ] ] ] } },
{ "type": "Feature", "properties": { "Name": "African:Antarctic", "Description": "<html xmlns:fo=\"http://www.w3.org/1999/XSL/Format\" xmlns:msxsl=\"urn:schemas-microsoft-com:xslt\">\n<head>\n<META http-equiv=\"Content-Type\" content=\"text/html\">\n<meta http-equiv=\"content-type\" content=\"text/html; charset=UTF-8\">\n</head>\n<body style=\"margin:0px 0px 0px 0px;overflow:auto;background:#FFFFFF;\">\n<table style=\"font-family:Arial,Verdana,Times;font-size:12px;text-align:left;width:100%;border-collapse:collapse;padding:3px 3px 3px 3px\">\n<tr style=\"text-align:center;font-weight:bold;background:#9CBCE2\">\n<td>African:Antarctic</td>\n</tr>\n<tr>\n<td>\n<table style=\"font-family:Arial,Verdana,Times;font-size:12px;text-align:left;width:100%;border-spacing:0px; padding:3px 3px 3px 3px\">\n<tr>\n<td>NAME</td>\n<td>African:Antarctic</td>\n</tr>\n<tr bgcolor=\"#D4E4F3\">\n<td>LABEL</td>\n<td>Transform Boundary</td>\n</tr>\n</table>\n</td>\n</tr>\n</table>\n</body>\n</html>", "LABEL": "Transform Boundary" }, "geometry": { "type": "MultiLineString", "coordinates": [ [ [ 67.97899627695665, -26.291000365974071, 0.0 ], [ 67.961997985918345, -26.583000183511619, 0.0 ] ] ] } },
{ "type": "Feature", "properties": { "Name": "African:South American", "Description": "<html xmlns:fo=\"http://www.w3.org/1999/XSL/Format\" xmlns:msxsl=\"urn:schemas-microsoft-com:xslt\">\n<head>\n<META http-equiv=\"Content-Type\" content=\"text/html\">\n<meta http-equiv=\"content-type\" content=\"text/html; charset=UTF-8\">\n</head>\n<body style=\"margin:0px 0px 0px 0px;overflow:auto;background:#FFFFFF;\">\n<table style=\"font-family:Arial,Verdana,Times;font-size:12px;text-align:left;width:100%;border-collapse:collapse;padding:3px 3px 3px 3px\">\n<tr style=\"text-align:center;font-weight:bold;background:#9CBCE2\">\n<td>African:South American</td>\n</tr>\n<tr>\n<td>\n<table style=\"font-family:Arial,Verdana,Times;font-size:12px;text-align:left;width:100%;border-spacing:0px; padding:3px 3px 3px 3px\">\n<tr>\n<td>NAME</td>\n<td>African:South American</td>\n</tr>\n<tr bgcolor=\"#D4E4F3\">\n<td>LABEL</td>\n<td>Transform Boundary</td>\n</tr>\n</table>\n</td>\n</tr>\n</table>\n</body>\n</html>", "LABEL": "Transform Boundary" }, "geometry": { "type": "MultiLineString", "coordinates": [ [ [ -13.68999958061613, -26.563999176021131, 0.0 ], [ -13.81599998441169, -26.586000442366469, 0.0 ] ] ] } },
{ "type": "Feature", "properties": { "Name": "Australian:Antarctic", "Description": "<html xmlns:fo=\"http://www.w3.org/1999/XSL/Format\" xmlns:msxsl=\"urn:schemas-microsoft-com:xslt\">\n<head>\n<META http-equiv=\"Content-Type\" content=\"text/html\">\n<meta http-equiv=\"content-type\" content=\"text/html; charset=UTF-8\">\n</head>\n<body style=\"margin:0px 0px 0px 0px;overflow:auto;background:#FFFFFF;\">\n<table style=\"font-family:Arial,Verdana,Times;font-size:12px;text-align:left;width:100%;border-collapse:collapse;padding:3px 3px 3px 3px\">\n<tr style=\"text-align:center;font-weight:bold;background:#9CBCE2\">\n<td>Australian:Antarctic</td>\n</tr>\n<tr>\n<td>\n<table style=\"font-family:Arial,Verdana,Times;font-size:12px;text-align:left;width:100%;border-spacing:0px; padding:3px 3px 3px 3px\">\n<tr>\n<td>NAME</td>\n<td>Australian:Antarctic</td>\n</tr>\n<tr bgcolor=\"#D4E4F3\">\n<td>LABEL</td>\n<td>Transform Boundary</td>\n</tr>\n</table>\n</td>\n</tr>\n</table>\n</body>\n</html>", "LABEL": "Transform Boundary" }, "geometry": { "type": "MultiLineString", "coordinates": [ [ [ 72.008003235161254, -26.71800041238907, 0.0 ], [ 72.066001891674034, -26.656000136996681, 0.0 ] ] ] } },
{ "type": "Feature", "properties": { "Name": "Nazca", "Description": "<html xmlns:fo=\"http://www.w3.org/1999/XSL/Format\" xmlns:msxsl=\"urn:schemas-microsoft-com:xslt\">\n<head>\n<META http-equiv=\"Content-Type\" content=\"text/html\">\n<meta http-equiv=\"content-type\" content=\"text/html; charset=UTF-8\">\n</head>\n<body style=\"margin:0px 0px 0px 0px;overflow:auto;background:#FFFFFF;\">\n<table style=\"font-family:Arial,Verdana,Times;font-size:12px;text-align:left;width:100%;border-collapse:collapse;padding:3px 3px 3px 3px\">\n<tr style=\"text-align:center;font-weight:bold;background:#9CBCE2\">\n<td>Nazca</td>\n</tr>\n<tr>\n<td>\n<table style=\"font-family:Arial,Verdana,Times;font-size:12px;text-align:left;width:100%;border-spacing:0px; padding:3px 3px 3px 3px\">\n<tr>\n<td>NAME</td>\n<td>Nazca</td>\n</tr>\n<tr bgcolor=\"#D4E4F3\">\n<td>LABEL</td>\n<td>Transform Boundary</td>\n</tr>\n</table>\n</td>\n</tr>\n</table>\n</body>\n</html>", "LABEL": "Transform Boundary" }, "geometry": { "type": "MultiLineString", "coordinates": [ [ [ -112.683998107826397, -26.80100059500143, 0.0 ], [ -112.946998596208203, -26.724000930998098, 0.0 ] ] ] } },
{ "type": "Feature", "properties": { "Name": "Pacific:Nazca", "Description": "<html xmlns:fo=\"http://www.w3.org/1999/XSL/Format\" xmlns:msxsl=\"urn:schemas-microsoft-com:xslt\">\n<head>\n<META http-equiv=\"Content-Type\" content=\"text/html\">\n<meta http-equiv=\"content-type\" content=\"text/html; charset=UTF-8\">\n</head>\n<body style=\"margin:0px 0px 0px 0px;overflow:auto;background:#FFFFFF;\">\n<table style=\"font-family:Arial,Verdana,Times;font-size:12px;text-align:left;width:100%;border-collapse:collapse;padding:3px 3px 3px 3px\">\n<tr style=\"text-align:center;font-weight:bold;background:#9CBCE2\">\n<td>Pacific:Nazca</td>\n</tr>\n<tr>\n<td>\n<table style=\"font-family:Arial,Verdana,Times;font-size:12px;text-align:left;width:100%;border-spacing:0px; padding:3px 3px 3px 3px\">\n<tr>\n<td>NAME</td>\n<td>Pacific:Nazca</td>\n</tr>\n<tr bgcolor=\"#D4E4F3\">\n<td>LABEL</td>\n<td>Transform Boundary</td>\n</tr>\n</table>\n</td>\n</tr>\n</table>\n</body>\n</html>", "LABEL": "Transform Boundary" }, "geometry": { "type": "MultiLineString", "coordinates": [ [ [ -112.975997924464593, -26.829999923257791, 0.0 ], [ -113.608001709311395, -26.809000015138569, 0.0 ], [ -113.944000243716204, -26.79000091511011, 0.0 ] ] ] } },
{ "type": "Feature", "properties": { "Name": "African:Antarctic", "Description": "<html xmlns:fo=\"http://www.w3.org/1999/XSL/Format\" xmlns:msxsl=\"urn:schemas-microsoft-com:xslt\">\n<head>\n<META http-equiv=\"Content-Type\" content=\"text/html\">\n<meta http-equiv=\"content-type\" content=\"text/html; charset=UTF-8\">\n</head>\n<body style=\"margin:0px 0px 0px 0px;overflow:auto;background:#FFFFFF;\">\n<table style=\"font-family:Arial,Verdana,Times;font-size:12px;text-align:left;width:100%;border-collapse:collapse;padding:3px 3px 3px 3px\">\n<tr style=\"text-align:center;font-weight:bold;background:#9CBCE2\">\n<td>African:Antarctic</td>\n</tr>\n<tr>\n<td>\n<table style=\"font-family:Arial,Verdana,Times;font-size:12px;text-align:left;width:100%;border-spacing:0px; padding:3px 3px 3px 3px\">\n<tr>\n<td>NAME</td>\n<td>African:Antarctic</td>\n</tr>\n<tr bgcolor=\"#D4E4F3\">\n<td>LABEL</td>\n<td>Transform Boundary</td>\n</tr>\n</table>\n</td>\n</tr>\n</table>\n</body>\n</html>", "LABEL": "Transform Boundary" }, "geometry": { "type": "MultiLineString", "coordinates": [ [ [ 67.432998656862594, -26.572000503620298, 0.0 ], [ 67.424003600885555, -26.870000838867551, 0.0 ] ] ] } },
{ "type": "Feature", "properties": { "Name": "African:Antarctic", "Description": "<html xmlns:fo=\"http://www.w3.org/1999/XSL/Format\" xmlns:msxsl=\"urn:schemas-microsoft-com:xslt\">\n<head>\n<META http-equiv=\"Content-Type\" content=\"text/html\">\n<meta http-equiv=\"content-type\" content=\"text/html; charset=UTF-8\">\n</head>\n<body style=\"margin:0px 0px 0px 0px;overflow:auto;background:#FFFFFF;\">\n<table style=\"font-family:Arial,Verdana,Times;font-size:12px;text-align:left;width:100%;border-collapse:collapse;padding:3px 3px 3px 3px\">\n<tr style=\"text-align:center;font-weight:bold;background:#9CBCE2\">\n<td>African:Antarctic</td>\n</tr>\n<tr>\n<td>\n<table style=\"font-family:Arial,Verdana,Times;font-size:12px;text-align:left;width:100%;border-spacing:0px; padding:3px 3px 3px 3px\">\n<tr>\n<td>NAME</td>\n<td>African:Antarctic</td>\n</tr>\n<tr bgcolor=\"#D4E4F3\">\n<td>LABEL</td>\n<td>Transform Boundary</td>\n</tr>\n</table>\n</td>\n</tr>\n</table>\n</body>\n</html>", "LABEL": "Transform Boundary" }, "geometry": { "type": "MultiLineString", "coordinates": [ [ [ 67.155998229734564, -26.8670005800127, 0.0 ], [ 67.128997803006257, -27.268999099428871, 0.0 ] ] ] } },
{ "type": "Feature", "properties": { "Name": "African:Antarctic", "Description": "<html xmlns:fo=\"http://www.w3.org/1999/XSL/Format\" xmlns:msxsl=\"urn:schemas-microsoft-com:xslt\">\n<head>\n<META http-equiv=\"Content-Type\" content=\"text/html\">\n<meta http-equiv=\"content-type\" content=\"text/html; charset=UTF-8\">\n</head>\n<body style=\"margin:0px 0px 0px 0px;overflow:auto;background:#FFFFFF;\">\n<table style=\"font-family:Arial,Verdana,Times;font-size:12px;text-align:left;width:100%;border-collapse:collapse;padding:3px 3px 3px 3px\">\n<tr style=\"text-align:center;font-weight:bold;background:#9CBCE2\">\n<td>African:Antarctic</td>\n</tr>\n<tr>\n<td>\n<table style=\"font-family:Arial,Verdana,Times;font-size:12px;text-align:left;width:100%;border-spacing:0px; padding:3px 3px 3px 3px\">\n<tr>\n<td>NAME</td>\n<td>African:Antarctic</td>\n</tr>\n<tr bgcolor=\"#D4E4F3\">\n<td>LABEL</td>\n<td>Transform Boundary</td>\n</tr>\n</table>\n</td>\n</tr>\n</table>\n</body>\n</html>", "LABEL": "Transform Boundary" }, "geometry": { "type": "MultiLineString", "coordinates": [ [ [ 66.373001099021565, -27.28100013754624, 0.0 ], [ 66.359001159376078, -27.513999938546309, 0.0 ] ] ] } },
{ "type": "Feature", "properties": { "Name": "Australian:Antarctic", "Description": "<html xmlns:fo=\"http://www.w3.org/1999/XSL/Format\" xmlns:msxsl=\"urn:schemas-microsoft-com:xslt\">\n<head>\n<META http-equiv=\"Content-Type\" content=\"text/html\">\n<meta http-equiv=\"content-type\" content=\"text/html; charset=UTF-8\">\n</head>\n<body style=\"margin:0px 0px 0px 0px;overflow:auto;background:#FFFFFF;\">\n<table style=\"font-family:Arial,Verdana,Times;font-size:12px;text-align:left;width:100%;border-collapse:collapse;padding:3px 3px 3px 3px\">\n<tr style=\"text-align:center;font-weight:bold;background:#9CBCE2\">\n<td>Australian:Antarctic</td>\n</tr>\n<tr>\n<td>\n<table style=\"font-family:Arial,Verdana,Times;font-size:12px;text-align:left;width:100%;border-spacing:0px; padding:3px 3px 3px 3px\">\n<tr>\n<td>NAME</td>\n<td>Australian:Antarctic</td>\n</tr>\n<tr bgcolor=\"#D4E4F3\">\n<td>LABEL</td>\n<td>Transform Boundary</td>\n</tr>\n</table>\n</td>\n</tr>\n</table>\n</body>\n</html>", "LABEL": "Transform Boundary" }, "geometry": { "type": "MultiLineString", "coordinates": [ [ [ 73.123001099021565, -27.445999145444151, 0.0 ], [ 72.919998168680593, -27.572999954184471, 0.0 ] ] ] } },
{ "type": "Feature", "properties": { "Name": "Pacific:Nazca", "Description": "<html xmlns:fo=\"http://www.w3.org/1999/XSL/Format\" xmlns:msxsl=\"urn:schemas-microsoft-com:xslt\">\n<head>\n<META http-equiv=\"Content-Type\" content=\"text/html\">\n<meta http-equiv=\"content-type\" content=\"text/html; charset=UTF-8\">\n</head>\n<body style=\"margin:0px 0px 0px 0px;overflow:auto;background:#FFFFFF;\">\n<table style=\"font-family:Arial,Verdana,Times;font-size:12px;text-align:left;width:100%;border-collapse:collapse;padding:3px 3px 3px 3px\">\n<tr style=\"text-align:center;font-weight:bold;background:#9CBCE2\">\n<td>Pacific:Nazca</td>\n</tr>\n<tr>\n<td>\n<table style=\"font-family:Arial,Verdana,Times;font-size:12px;text-align:left;width:100%;border-spacing:0px; padding:3px 3px 3px 3px\">\n<tr>\n<td>NAME</td>\n<td>Pacific:Nazca</td>\n</tr>\n<tr bgcolor=\"#D4E4F3\">\n<td>LABEL</td>\n<td>Transform Boundary</td>\n</tr>\n</table>\n</td>\n</tr>\n</table>\n</body>\n</html>", "LABEL": "Transform Boundary" }, "geometry": { "type": "MultiLineString", "coordinates": [ [ [ -113.000999450564194, -27.60700035118521, 0.0 ], [ -113.133003234611607, -27.576999664702729, 0.0 ] ] ] } },
{ "type": "Feature", "properties": { "Name": "Australian:Antarctic", "Description": "<html xmlns:fo=\"http://www.w3.org/1999/XSL/Format\" xmlns:msxsl=\"urn:schemas-microsoft-com:xslt\">\n<head>\n<META http-equiv=\"Content-Type\" content=\"text/html\">\n<meta http-equiv=\"content-type\" content=\"text/html; charset=UTF-8\">\n</head>\n<body style=\"margin:0px 0px 0px 0px;overflow:auto;background:#FFFFFF;\">\n<table style=\"font-family:Arial,Verdana,Times;font-size:12px;text-align:left;width:100%;border-collapse:collapse;padding:3px 3px 3px 3px\">\n<tr style=\"text-align:center;font-weight:bold;background:#9CBCE2\">\n<td>Australian:Antarctic</td>\n</tr>\n<tr>\n<td>\n<table style=\"font-family:Arial,Verdana,Times;font-size:12px;text-align:left;width:100%;border-spacing:0px; padding:3px 3px 3px 3px\">\n<tr>\n<td>NAME</td>\n<td>Australian:Antarctic</td>\n</tr>\n<tr bgcolor=\"#D4E4F3\">\n<td>LABEL</td>\n<td>Transform Boundary</td>\n</tr>\n</table>\n</td>\n</tr>\n</table>\n</body>\n</html>", "LABEL": "Transform Boundary" }, "geometry": { "type": "MultiLineString", "coordinates": [ [ [ 73.533996581876806, -27.56999969443029, 0.0 ], [ 73.399002075385511, -27.655000686932109, 0.0 ] ] ] } },
{ "type": "Feature", "properties": { "Name": "African:Antarctic", "Description": "<html xmlns:fo=\"http://www.w3.org/1999/XSL/Format\" xmlns:msxsl=\"urn:schemas-microsoft-com:xslt\">\n<head>\n<META http-equiv=\"Content-Type\" content=\"text/html\">\n<meta http-equiv=\"content-type\" content=\"text/html; charset=UTF-8\">\n</head>\n<body style=\"margin:0px 0px 0px 0px;overflow:auto;background:#FFFFFF;\">\n<table style=\"font-family:Arial,Verdana,Times;font-size:12px;text-align:left;width:100%;border-collapse:collapse;padding:3px 3px 3px 3px\">\n<tr style=\"text-align:center;font-weight:bold;background:#9CBCE2\">\n<td>African:Antarctic</td>\n</tr>\n<tr>\n<td>\n<table style=\"font-family:Arial,Verdana,Times;font-size:12px;text-align:left;width:100%;border-spacing:0px; padding:3px 3px 3px 3px\">\n<tr>\n<td>NAME</td>\n<td>African:Antarctic</td>\n</tr>\n<tr bgcolor=\"#D4E4F3\">\n<td>LABEL</td>\n<td>Transform Boundary</td>\n</tr>\n</table>\n</td>\n</tr>\n</table>\n</body>\n</html>", "LABEL": "Transform Boundary" }, "geometry": { "type": "MultiLineString", "coordinates": [ [ [ 65.347999573121854, -27.513999938546309, 0.0 ], [ 65.332000732847575, -27.812000274692881, 0.0 ] ] ] } },
{ "type": "Feature", "properties": { "Name": "African:Antarctic", "Description": "<html xmlns:fo=\"http://www.w3.org/1999/XSL/Format\" xmlns:msxsl=\"urn:schemas-microsoft-com:xslt\">\n<head>\n<META http-equiv=\"Content-Type\" content=\"text/html\">\n<meta http-equiv=\"content-type\" content=\"text/html; charset=UTF-8\">\n</head>\n<body style=\"margin:0px 0px 0px 0px;overflow:auto;background:#FFFFFF;\">\n<table style=\"font-family:Arial,Verdana,Times;font-size:12px;text-align:left;width:100%;border-collapse:collapse;padding:3px 3px 3px 3px\">\n<tr style=\"text-align:center;font-weight:bold;background:#9CBCE2\">\n<td>African:Antarctic</td>\n</tr>\n<tr>\n<td>\n<table style=\"font-family:Arial,Verdana,Times;font-size:12px;text-align:left;width:100%;border-spacing:0px; padding:3px 3px 3px 3px\">\n<tr>\n<td>NAME</td>\n<td>African:Antarctic</td>\n</tr>\n<tr bgcolor=\"#D4E4F3\">\n<td>LABEL</td>\n<td>Transform Boundary</td>\n</tr>\n</table>\n</td>\n</tr>\n</table>\n</body>\n</html>", "LABEL": "Transform Boundary" }, "geometry": { "type": "MultiLineString", "coordinates": [ [ [ 63.604000091630951, -27.83099937472133, 0.0 ], [ 63.620998382669264, -28.038999557083859, 0.0 ] ] ] } },
{ "type": "Feature", "properties": { "Name": "African:Antarctic", "Description": "<html xmlns:fo=\"http://www.w3.org/1999/XSL/Format\" xmlns:msxsl=\"urn:schemas-microsoft-com:xslt\">\n<head>\n<META http-equiv=\"Content-Type\" content=\"text/html\">\n<meta http-equiv=\"content-type\" content=\"text/html; charset=UTF-8\">\n</head>\n<body style=\"margin:0px 0px 0px 0px;overflow:auto;background:#FFFFFF;\">\n<table style=\"font-family:Arial,Verdana,Times;font-size:12px;text-align:left;width:100%;border-collapse:collapse;padding:3px 3px 3px 3px\">\n<tr style=\"text-align:center;font-weight:bold;background:#9CBCE2\">\n<td>African:Antarctic</td>\n</tr>\n<tr>\n<td>\n<table style=\"font-family:Arial,Verdana,Times;font-size:12px;text-align:left;width:100%;border-spacing:0px; padding:3px 3px 3px 3px\">\n<tr>\n<td>NAME</td>\n<td>African:Antarctic</td>\n</tr>\n<tr bgcolor=\"#D4E4F3\">\n<td>LABEL</td>\n<td>Transform Boundary</td>\n</tr>\n</table>\n</td>\n</tr>\n</table>\n</body>\n</html>", "LABEL": "Transform Boundary" }, "geometry": { "type": "MultiLineString", "coordinates": [ [ [ 63.194000243716353, -28.02099990871875, 0.0 ], [ 63.210998534754651, -28.163999557733352, 0.0 ] ] ] } },
{ "type": "Feature", "properties": { "Name": "African:South American", "Description": "<html xmlns:fo=\"http://www.w3.org/1999/XSL/Format\" xmlns:msxsl=\"urn:schemas-microsoft-com:xslt\">\n<head>\n<META http-equiv=\"Content-Type\" content=\"text/html\">\n<meta http-equiv=\"content-type\" content=\"text/html; charset=UTF-8\">\n</head>\n<body style=\"margin:0px 0px 0px 0px;overflow:auto;background:#FFFFFF;\">\n<table style=\"font-family:Arial,Verdana,Times;font-size:12px;text-align:left;width:100%;border-collapse:collapse;padding:3px 3px 3px 3px\">\n<tr style=\"text-align:center;font-weight:bold;background:#9CBCE2\">\n<td>African:South American</td>\n</tr>\n<tr>\n<td>\n<table style=\"font-family:Arial,Verdana,Times;font-size:12px;text-align:left;width:100%;border-spacing:0px; padding:3px 3px 3px 3px\">\n<tr>\n<td>NAME</td>\n<td>African:South American</td>\n</tr>\n<tr bgcolor=\"#D4E4F3\">\n<td>LABEL</td>\n<td>Transform Boundary</td>\n</tr>\n</table>\n</td>\n</tr>\n</table>\n</body>\n</html>", "LABEL": "Transform Boundary" }, "geometry": { "type": "MultiLineString", "coordinates": [ [ [ -12.746000289981341, -28.212999344244281, 0.0 ], [ -13.27200031256433, -28.32099914549411, 0.0 ] ] ] } },
{ "type": "Feature", "properties": { "Name": "Pacific:Nazca", "Description": "<html xmlns:fo=\"http://www.w3.org/1999/XSL/Format\" xmlns:msxsl=\"urn:schemas-microsoft-com:xslt\">\n<head>\n<META http-equiv=\"Content-Type\" content=\"text/html\">\n<meta http-equiv=\"content-type\" content=\"text/html; charset=UTF-8\">\n</head>\n<body style=\"margin:0px 0px 0px 0px;overflow:auto;background:#FFFFFF;\">\n<table style=\"font-family:Arial,Verdana,Times;font-size:12px;text-align:left;width:100%;border-collapse:collapse;padding:3px 3px 3px 3px\">\n<tr style=\"text-align:center;font-weight:bold;background:#9CBCE2\">\n<td>Pacific:Nazca</td>\n</tr>\n<tr>\n<td>\n<table style=\"font-family:Arial,Verdana,Times;font-size:12px;text-align:left;width:100%;border-spacing:0px; padding:3px 3px 3px 3px\">\n<tr>\n<td>NAME</td>\n<td>Pacific:Nazca</td>\n</tr>\n<tr bgcolor=\"#D4E4F3\">\n<td>LABEL</td>\n<td>Transform Boundary</td>\n</tr>\n</table>\n</td>\n</tr>\n</table>\n</body>\n</html>", "LABEL": "Transform Boundary" }, "geometry": { "type": "MultiLineString", "coordinates": [ [ [ -113.010002136389502, -28.38299941998719, 0.0 ], [ -112.933998108226106, -28.378999710368308, 0.0 ] ] ] } },
{ "type": "Feature", "properties": { "Name": "African:Antarctic", "Description": "<html xmlns:fo=\"http://www.w3.org/1999/XSL/Format\" xmlns:msxsl=\"urn:schemas-microsoft-com:xslt\">\n<head>\n<META http-equiv=\"Content-Type\" content=\"text/html\">\n<meta http-equiv=\"content-type\" content=\"text/html; charset=UTF-8\">\n</head>\n<body style=\"margin:0px 0px 0px 0px;overflow:auto;background:#FFFFFF;\">\n<table style=\"font-family:Arial,Verdana,Times;font-size:12px;text-align:left;width:100%;border-collapse:collapse;padding:3px 3px 3px 3px\">\n<tr style=\"text-align:center;font-weight:bold;background:#9CBCE2\">\n<td>African:Antarctic</td>\n</tr>\n<tr>\n<td>\n<table style=\"font-family:Arial,Verdana,Times;font-size:12px;text-align:left;width:100%;border-spacing:0px; padding:3px 3px 3px 3px\">\n<tr>\n<td>NAME</td>\n<td>African:Antarctic</td>\n</tr>\n<tr bgcolor=\"#D4E4F3\">\n<td>LABEL</td>\n<td>Transform Boundary</td>\n</tr>\n</table>\n</td>\n</tr>\n</table>\n</body>\n</html>", "LABEL": "Transform Boundary" }, "geometry": { "type": "MultiLineString", "coordinates": [ [ [ 62.702999114717443, -28.152999877842039, 0.0 ], [ 62.745998382619291, -28.458000183361719, 0.0 ] ] ] } },
{ "type": "Feature", "properties": { "Name": "Australian:Antarctic", "Description": "<html xmlns:fo=\"http://www.w3.org/1999/XSL/Format\" xmlns:msxsl=\"urn:schemas-microsoft-com:xslt\">\n<head>\n<META http-equiv=\"Content-Type\" content=\"text/html\">\n<meta http-equiv=\"content-type\" content=\"text/html; charset=UTF-8\">\n</head>\n<body style=\"margin:0px 0px 0px 0px;overflow:auto;background:#FFFFFF;\">\n<table style=\"font-family:Arial,Verdana,Times;font-size:12px;text-align:left;width:100%;border-collapse:collapse;padding:3px 3px 3px 3px\">\n<tr style=\"text-align:center;font-weight:bold;background:#9CBCE2\">\n<td>Australian:Antarctic</td>\n</tr>\n<tr>\n<td>\n<table style=\"font-family:Arial,Verdana,Times;font-size:12px;text-align:left;width:100%;border-spacing:0px; padding:3px 3px 3px 3px\">\n<tr>\n<td>NAME</td>\n<td>Australian:Antarctic</td>\n</tr>\n<tr bgcolor=\"#D4E4F3\">\n<td>LABEL</td>\n<td>Transform Boundary</td>\n</tr>\n</table>\n</td>\n</tr>\n</table>\n</body>\n</html>", "LABEL": "Transform Boundary" }, "geometry": { "type": "MultiLineString", "coordinates": [ [ [ 74.192001342687888, -28.541000365974071, 0.0 ], [ 74.405998229634633, -28.316999434975909, 0.0 ] ] ] } },
{ "type": "Feature", "properties": { "Name": "African:Antarctic", "Description": "<html xmlns:fo=\"http://www.w3.org/1999/XSL/Format\" xmlns:msxsl=\"urn:schemas-microsoft-com:xslt\">\n<head>\n<META http-equiv=\"Content-Type\" content=\"text/html\">\n<meta http-equiv=\"content-type\" content=\"text/html; charset=UTF-8\">\n</head>\n<body style=\"margin:0px 0px 0px 0px;overflow:auto;background:#FFFFFF;\">\n<table style=\"font-family:Arial,Verdana,Times;font-size:12px;text-align:left;width:100%;border-collapse:collapse;padding:3px 3px 3px 3px\">\n<tr style=\"text-align:center;font-weight:bold;background:#9CBCE2\">\n<td>African:Antarctic</td>\n</tr>\n<tr>\n<td>\n<table style=\"font-family:Arial,Verdana,Times;font-size:12px;text-align:left;width:100%;border-spacing:0px; padding:3px 3px 3px 3px\">\n<tr>\n<td>NAME</td>\n<td>African:Antarctic</td>\n</tr>\n<tr bgcolor=\"#D4E4F3\">\n<td>LABEL</td>\n<td>Transform Boundary</td>\n</tr>\n</table>\n</td>\n</tr>\n</table>\n</body>\n</html>", "LABEL": "Transform Boundary" }, "geometry": { "type": "MultiLineString", "coordinates": [ [ [ 62.134998321715223, -28.489999771372311, 0.0 ], [ 62.161998748443523, -28.811000823728989, 0.0 ] ] ] } },
{ "type": "Feature", "properties": { "Name": "African:Antarctic", "Description": "<html xmlns:fo=\"http://www.w3.org/1999/XSL/Format\" xmlns:msxsl=\"urn:schemas-microsoft-com:xslt\">\n<head>\n<META http-equiv=\"Content-Type\" content=\"text/html\">\n<meta http-equiv=\"content-type\" content=\"text/html; charset=UTF-8\">\n</head>\n<body style=\"margin:0px 0px 0px 0px;overflow:auto;background:#FFFFFF;\">\n<table style=\"font-family:Arial,Verdana,Times;font-size:12px;text-align:left;width:100%;border-collapse:collapse;padding:3px 3px 3px 3px\">\n<tr style=\"text-align:center;font-weight:bold;background:#9CBCE2\">\n<td>African:Antarctic</td>\n</tr>\n<tr>\n<td>\n<table style=\"font-family:Arial,Verdana,Times;font-size:12px;text-align:left;width:100%;border-spacing:0px; padding:3px 3px 3px 3px\">\n<tr>\n<td>NAME</td>\n<td>African:Antarctic</td>\n</tr>\n<tr bgcolor=\"#D4E4F3\">\n<td>LABEL</td>\n<td>Transform Boundary</td>\n</tr>\n</table>\n</td>\n</tr>\n</table>\n</body>\n</html>", "LABEL": "Transform Boundary" }, "geometry": { "type": "MultiLineString", "coordinates": [ [ [ 61.51800155622692, -28.77700042762757, 0.0 ], [ 61.532001494973088, -28.920000076642172, 0.0 ] ] ] } },
{ "type": "Feature", "properties": { "Name": "African:South American", "Description": "<html xmlns:fo=\"http://www.w3.org/1999/XSL/Format\" xmlns:msxsl=\"urn:schemas-microsoft-com:xslt\">\n<head>\n<META http-equiv=\"Content-Type\" content=\"text/html\">\n<meta http-equiv=\"content-type\" content=\"text/html; charset=UTF-8\">\n</head>\n<body style=\"margin:0px 0px 0px 0px;overflow:auto;background:#FFFFFF;\">\n<table style=\"font-family:Arial,Verdana,Times;font-size:12px;text-align:left;width:100%;border-collapse:collapse;padding:3px 3px 3px 3px\">\n<tr style=\"text-align:center;font-weight:bold;background:#9CBCE2\">\n<td>African:South American</td>\n</tr>\n<tr>\n<td>\n<table style=\"font-family:Arial,Verdana,Times;font-size:12px;text-align:left;width:100%;border-spacing:0px; padding:3px 3px 3px 3px\">\n<tr>\n<td>NAME</td>\n<td>African:South American</td>\n</tr>\n<tr bgcolor=\"#D4E4F3\">\n<td>LABEL</td>\n<td>Transform Boundary</td>\n</tr>\n</table>\n</td>\n</tr>\n</table>\n</body>\n</html>", "LABEL": "Transform Boundary" }, "geometry": { "type": "MultiLineString", "coordinates": [ [ [ -13.989999770672849, -29.2509994506641, 0.0 ], [ -13.262000084336361, -29.097999572522209, 0.0 ], [ -12.532999992155849, -28.940999984761451, 0.0 ] ] ] } },
{ "type": "Feature", "properties": { "Name": "Pacific:Nazca", "Description": "<html xmlns:fo=\"http://www.w3.org/1999/XSL/Format\" xmlns:msxsl=\"urn:schemas-microsoft-com:xslt\">\n<head>\n<META http-equiv=\"Content-Type\" content=\"text/html\">\n<meta http-equiv=\"content-type\" content=\"text/html; charset=UTF-8\">\n</head>\n<body style=\"margin:0px 0px 0px 0px;overflow:auto;background:#FFFFFF;\">\n<table style=\"font-family:Arial,Verdana,Times;font-size:12px;text-align:left;width:100%;border-collapse:collapse;padding:3px 3px 3px 3px\">\n<tr style=\"text-align:center;font-weight:bold;background:#9CBCE2\">\n<td>Pacific:Nazca</td>\n</tr>\n<tr>\n<td>\n<table style=\"font-family:Arial,Verdana,Times;font-size:12px;text-align:left;width:100%;border-spacing:0px; padding:3px 3px 3px 3px\">\n<tr>\n<td>NAME</td>\n<td>Pacific:Nazca</td>\n</tr>\n<tr bgcolor=\"#D4E4F3\">\n<td>LABEL</td>\n<td>Transform Boundary</td>\n</tr>\n</table>\n</td>\n</tr>\n</table>\n</body>\n</html>", "LABEL": "Transform Boundary" }, "geometry": { "type": "MultiLineString", "coordinates": [ [ [ -111.805999755484294, -29.26600074763633, 0.0 ], [ -112.366996765088601, -29.159999847015289, 0.0 ], [ -112.956001282033498, -29.009000777863552, 0.0 ] ] ] } },
{ "type": "Feature", "properties": { "Name": "Australian:Antarctic", "Description": "<html xmlns:fo=\"http://www.w3.org/1999/XSL/Format\" xmlns:msxsl=\"urn:schemas-microsoft-com:xslt\">\n<head>\n<META http-equiv=\"Content-Type\" content=\"text/html\">\n<meta http-equiv=\"content-type\" content=\"text/html; charset=UTF-8\">\n</head>\n<body style=\"margin:0px 0px 0px 0px;overflow:auto;background:#FFFFFF;\">\n<table style=\"font-family:Arial,Verdana,Times;font-size:12px;text-align:left;width:100%;border-collapse:collapse;padding:3px 3px 3px 3px\">\n<tr style=\"text-align:center;font-weight:bold;background:#9CBCE2\">\n<td>Australian:Antarctic</td>\n</tr>\n<tr>\n<td>\n<table style=\"font-family:Arial,Verdana,Times;font-size:12px;text-align:left;width:100%;border-spacing:0px; padding:3px 3px 3px 3px\">\n<tr>\n<td>NAME</td>\n<td>Australian:Antarctic</td>\n</tr>\n<tr bgcolor=\"#D4E4F3\">\n<td>LABEL</td>\n<td>Transform Boundary</td>\n</tr>\n</table>\n</td>\n</tr>\n</table>\n</body>\n</html>", "LABEL": "Transform Boundary" }, "geometry": { "type": "MultiLineString", "coordinates": [ [ [ 74.938003539931458, -29.32799911466736, 0.0 ], [ 74.994003295815503, -29.26399993864618, 0.0 ] ] ] } },
{ "type": "Feature", "properties": { "Name": "African:South American", "Description": "<html xmlns:fo=\"http://www.w3.org/1999/XSL/Format\" xmlns:msxsl=\"urn:schemas-microsoft-com:xslt\">\n<head>\n<META http-equiv=\"Content-Type\" content=\"text/html\">\n<meta http-equiv=\"content-type\" content=\"text/html; charset=UTF-8\">\n</head>\n<body style=\"margin:0px 0px 0px 0px;overflow:auto;background:#FFFFFF;\">\n<table style=\"font-family:Arial,Verdana,Times;font-size:12px;text-align:left;width:100%;border-collapse:collapse;padding:3px 3px 3px 3px\">\n<tr style=\"text-align:center;font-weight:bold;background:#9CBCE2\">\n<td>African:South American</td>\n</tr>\n<tr>\n<td>\n<table style=\"font-family:Arial,Verdana,Times;font-size:12px;text-align:left;width:100%;border-spacing:0px; padding:3px 3px 3px 3px\">\n<tr>\n<td>NAME</td>\n<td>African:South American</td>\n</tr>\n<tr bgcolor=\"#D4E4F3\">\n<td>LABEL</td>\n<td>Transform Boundary</td>\n</tr>\n</table>\n</td>\n</tr>\n</table>\n</body>\n</html>", "LABEL": "Transform Boundary" }, "geometry": { "type": "MultiLineString", "coordinates": [ [ [ -13.715999603299, -29.827999114567429, 0.0 ], [ -13.819999694929949, -29.850999832576179, 0.0 ] ] ] } },
{ "type": "Feature", "properties": { "Name": "African:Antarctic", "Description": "<html xmlns:fo=\"http://www.w3.org/1999/XSL/Format\" xmlns:msxsl=\"urn:schemas-microsoft-com:xslt\">\n<head>\n<META http-equiv=\"Content-Type\" content=\"text/html\">\n<meta http-equiv=\"content-type\" content=\"text/html; charset=UTF-8\">\n</head>\n<body style=\"margin:0px 0px 0px 0px;overflow:auto;background:#FFFFFF;\">\n<table style=\"font-family:Arial,Verdana,Times;font-size:12px;text-align:left;width:100%;border-collapse:collapse;padding:3px 3px 3px 3px\">\n<tr style=\"text-align:center;font-weight:bold;background:#9CBCE2\">\n<td>African:Antarctic</td>\n</tr>\n<tr>\n<td>\n<table style=\"font-family:Arial,Verdana,Times;font-size:12px;text-align:left;width:100%;border-spacing:0px; padding:3px 3px 3px 3px\">\n<tr>\n<td>NAME</td>\n<td>African:Antarctic</td>\n</tr>\n<tr bgcolor=\"#D4E4F3\">\n<td>LABEL</td>\n<td>Transform Boundary</td>\n</tr>\n</table>\n</td>\n</tr>\n</table>\n</body>\n</html>", "LABEL": "Transform Boundary" }, "geometry": { "type": "MultiLineString", "coordinates": [ [ [ 60.810001373064949, -28.930999755634161, 0.0 ], [ 60.785999297729461, -29.465000152534969, 0.0 ], [ 60.7620010373181, -29.999000549435781, 0.0 ] ] ] } },
{ "type": "Feature", "properties": { "Name": "Australian:Antarctic", "Description": "<html xmlns:fo=\"http://www.w3.org/1999/XSL/Format\" xmlns:msxsl=\"urn:schemas-microsoft-com:xslt\">\n<head>\n<META http-equiv=\"Content-Type\" content=\"text/html\">\n<meta http-equiv=\"content-type\" content=\"text/html; charset=UTF-8\">\n</head>\n<body style=\"margin:0px 0px 0px 0px;overflow:auto;background:#FFFFFF;\">\n<table style=\"font-family:Arial,Verdana,Times;font-size:12px;text-align:left;width:100%;border-collapse:collapse;padding:3px 3px 3px 3px\">\n<tr style=\"text-align:center;font-weight:bold;background:#9CBCE2\">\n<td>Australian:Antarctic</td>\n</tr>\n<tr>\n<td>\n<table style=\"font-family:Arial,Verdana,Times;font-size:12px;text-align:left;width:100%;border-spacing:0px; padding:3px 3px 3px 3px\">\n<tr>\n<td>NAME</td>\n<td>Australian:Antarctic</td>\n</tr>\n<tr bgcolor=\"#D4E4F3\">\n<td>LABEL</td>\n<td>Transform Boundary</td>\n</tr>\n</table>\n</td>\n</tr>\n</table>\n</body>\n</html>", "LABEL": "Transform Boundary" }, "geometry": { "type": "MultiLineString", "coordinates": [ [ [ 75.363998413196271, -30.006000518808829, 0.0 ], [ 75.554000854655783, -29.839000701920838, 0.0 ] ] ] } },
{ "type": "Feature", "properties": { "Name": "Australian:Antarctic", "Description": "<html xmlns:fo=\"http://www.w3.org/1999/XSL/Format\" xmlns:msxsl=\"urn:schemas-microsoft-com:xslt\">\n<head>\n<META http-equiv=\"Content-Type\" content=\"text/html\">\n<meta http-equiv=\"content-type\" content=\"text/html; charset=UTF-8\">\n</head>\n<body style=\"margin:0px 0px 0px 0px;overflow:auto;background:#FFFFFF;\">\n<table style=\"font-family:Arial,Verdana,Times;font-size:12px;text-align:left;width:100%;border-collapse:collapse;padding:3px 3px 3px 3px\">\n<tr style=\"text-align:center;font-weight:bold;background:#9CBCE2\">\n<td>Australian:Antarctic</td>\n</tr>\n<tr>\n<td>\n<table style=\"font-family:Arial,Verdana,Times;font-size:12px;text-align:left;width:100%;border-spacing:0px; padding:3px 3px 3px 3px\">\n<tr>\n<td>NAME</td>\n<td>Australian:Antarctic</td>\n</tr>\n<tr bgcolor=\"#D4E4F3\">\n<td>LABEL</td>\n<td>Transform Boundary</td>\n</tr>\n</table>\n</td>\n</tr>\n</table>\n</body>\n</html>", "LABEL": "Transform Boundary" }, "geometry": { "type": "MultiLineString", "coordinates": [ [ [ 75.392997741452689, -30.239999771472242, 0.0 ], [ 75.514999389810043, -30.118000030576919, 0.0 ] ] ] } },
{ "type": "Feature", "properties": { "Name": "African:Antarctic", "Description": "<html xmlns:fo=\"http://www.w3.org/1999/XSL/Format\" xmlns:msxsl=\"urn:schemas-microsoft-com:xslt\">\n<head>\n<META http-equiv=\"Content-Type\" content=\"text/html\">\n<meta http-equiv=\"content-type\" content=\"text/html; charset=UTF-8\">\n</head>\n<body style=\"margin:0px 0px 0px 0px;overflow:auto;background:#FFFFFF;\">\n<table style=\"font-family:Arial,Verdana,Times;font-size:12px;text-align:left;width:100%;border-collapse:collapse;padding:3px 3px 3px 3px\">\n<tr style=\"text-align:center;font-weight:bold;background:#9CBCE2\">\n<td>African:Antarctic</td>\n</tr>\n<tr>\n<td>\n<table style=\"font-family:Arial,Verdana,Times;font-size:12px;text-align:left;width:100%;border-spacing:0px; padding:3px 3px 3px 3px\">\n<tr>\n<td>NAME</td>\n<td>African:Antarctic</td>\n</tr>\n<tr bgcolor=\"#D4E4F3\">\n<td>LABEL</td>\n<td>Transform Boundary</td>\n</tr>\n</table>\n</td>\n</tr>\n</table>\n</body>\n</html>", "LABEL": "Transform Boundary" }, "geometry": { "type": "MultiLineString", "coordinates": [ [ [ 60.747001647807849, -30.013999938945972, 0.0 ], [ 60.763000488082128, -30.531000137346439, 0.0 ] ] ] } },
{ "type": "Feature", "properties": { "Name": "Australian:Antarctic", "Description": "<html xmlns:fo=\"http://www.w3.org/1999/XSL/Format\" xmlns:msxsl=\"urn:schemas-microsoft-com:xslt\">\n<head>\n<META http-equiv=\"Content-Type\" content=\"text/html\">\n<meta http-equiv=\"content-type\" content=\"text/html; charset=UTF-8\">\n</head>\n<body style=\"margin:0px 0px 0px 0px;overflow:auto;background:#FFFFFF;\">\n<table style=\"font-family:Arial,Verdana,Times;font-size:12px;text-align:left;width:100%;border-collapse:collapse;padding:3px 3px 3px 3px\">\n<tr style=\"text-align:center;font-weight:bold;background:#9CBCE2\">\n<td>Australian:Antarctic</td>\n</tr>\n<tr>\n<td>\n<table style=\"font-family:Arial,Verdana,Times;font-size:12px;text-align:left;width:100%;border-spacing:0px; padding:3px 3px 3px 3px\">\n<tr>\n<td>NAME</td>\n<td>Australian:Antarctic</td>\n</tr>\n<tr bgcolor=\"#D4E4F3\">\n<td>LABEL</td>\n<td>Transform Boundary</td>\n</tr>\n</table>\n</td>\n</tr>\n</table>\n</body>\n</html>", "LABEL": "Transform Boundary" }, "geometry": { "type": "MultiLineString", "coordinates": [ [ [ 76.148002624521553, -30.969999313517459, 0.0 ], [ 76.204002380405598, -30.906000137496282, 0.0 ] ] ] } },
{ "type": "Feature", "properties": { "Name": "African:Antarctic", "Description": "<html xmlns:fo=\"http://www.w3.org/1999/XSL/Format\" xmlns:msxsl=\"urn:schemas-microsoft-com:xslt\">\n<head>\n<META http-equiv=\"Content-Type\" content=\"text/html\">\n<meta http-equiv=\"content-type\" content=\"text/html; charset=UTF-8\">\n</head>\n<body style=\"margin:0px 0px 0px 0px;overflow:auto;background:#FFFFFF;\">\n<table style=\"font-family:Arial,Verdana,Times;font-size:12px;text-align:left;width:100%;border-collapse:collapse;padding:3px 3px 3px 3px\">\n<tr style=\"text-align:center;font-weight:bold;background:#9CBCE2\">\n<td>African:Antarctic</td>\n</tr>\n<tr>\n<td>\n<table style=\"font-family:Arial,Verdana,Times;font-size:12px;text-align:left;width:100%;border-spacing:0px; padding:3px 3px 3px 3px\">\n<tr>\n<td>NAME</td>\n<td>African:Antarctic</td>\n</tr>\n<tr bgcolor=\"#D4E4F3\">\n<td>LABEL</td>\n<td>Transform Boundary</td>\n</tr>\n</table>\n</td>\n</tr>\n</table>\n</body>\n</html>", "LABEL": "Transform Boundary" }, "geometry": { "type": "MultiLineString", "coordinates": [ [ [ 59.18799972500733, -30.566999434975909, 0.0 ], [ 59.166999816888108, -31.04999923727496, 0.0 ] ] ] } },
{ "type": "Feature", "properties": { "Name": "African:South American", "Description": "<html xmlns:fo=\"http://www.w3.org/1999/XSL/Format\" xmlns:msxsl=\"urn:schemas-microsoft-com:xslt\">\n<head>\n<META http-equiv=\"Content-Type\" content=\"text/html\">\n<meta http-equiv=\"content-type\" content=\"text/html; charset=UTF-8\">\n</head>\n<body style=\"margin:0px 0px 0px 0px;overflow:auto;background:#FFFFFF;\">\n<table style=\"font-family:Arial,Verdana,Times;font-size:12px;text-align:left;width:100%;border-collapse:collapse;padding:3px 3px 3px 3px\">\n<tr style=\"text-align:center;font-weight:bold;background:#9CBCE2\">\n<td>African:South American</td>\n</tr>\n<tr>\n<td>\n<table style=\"font-family:Arial,Verdana,Times;font-size:12px;text-align:left;width:100%;border-spacing:0px; padding:3px 3px 3px 3px\">\n<tr>\n<td>NAME</td>\n<td>African:South American</td>\n</tr>\n<tr bgcolor=\"#D4E4F3\">\n<td>LABEL</td>\n<td>Transform Boundary</td>\n</tr>\n</table>\n</td>\n</tr>\n</table>\n</body>\n</html>", "LABEL": "Transform Boundary" }, "geometry": { "type": "MultiLineString", "coordinates": [ [ [ -13.498999595854629, -31.179000854106111, 0.0 ], [ -13.366999625832021, -31.156999587760708, 0.0 ] ] ] } },
{ "type": "Feature", "properties": { "Name": "Pacific:Nazca", "Description": "<html xmlns:fo=\"http://www.w3.org/1999/XSL/Format\" xmlns:msxsl=\"urn:schemas-microsoft-com:xslt\">\n<head>\n<META http-equiv=\"Content-Type\" content=\"text/html\">\n<meta http-equiv=\"content-type\" content=\"text/html; charset=UTF-8\">\n</head>\n<body style=\"margin:0px 0px 0px 0px;overflow:auto;background:#FFFFFF;\">\n<table style=\"font-family:Arial,Verdana,Times;font-size:12px;text-align:left;width:100%;border-collapse:collapse;padding:3px 3px 3px 3px\">\n<tr style=\"text-align:center;font-weight:bold;background:#9CBCE2\">\n<td>Pacific:Nazca</td>\n</tr>\n<tr>\n<td>\n<table style=\"font-family:Arial,Verdana,Times;font-size:12px;text-align:left;width:100%;border-spacing:0px; padding:3px 3px 3px 3px\">\n<tr>\n<td>NAME</td>\n<td>Pacific:Nazca</td>\n</tr>\n<tr bgcolor=\"#D4E4F3\">\n<td>LABEL</td>\n<td>Transform Boundary</td>\n</tr>\n</table>\n</td>\n</tr>\n</table>\n</body>\n</html>", "LABEL": "Transform Boundary" }, "geometry": { "type": "MultiLineString", "coordinates": [ [ [ -111.963996887446299, -31.38999938966003, 0.0 ], [ -111.977996826192594, -31.385999679141829, 0.0 ] ] ] } },
{ "type": "Feature", "properties": { "Name": "African:Antarctic", "Description": "<html xmlns:fo=\"http://www.w3.org/1999/XSL/Format\" xmlns:msxsl=\"urn:schemas-microsoft-com:xslt\">\n<head>\n<META http-equiv=\"Content-Type\" content=\"text/html\">\n<meta http-equiv=\"content-type\" content=\"text/html; charset=UTF-8\">\n</head>\n<body style=\"margin:0px 0px 0px 0px;overflow:auto;background:#FFFFFF;\">\n<table style=\"font-family:Arial,Verdana,Times;font-size:12px;text-align:left;width:100%;border-collapse:collapse;padding:3px 3px 3px 3px\">\n<tr style=\"text-align:center;font-weight:bold;background:#9CBCE2\">\n<td>African:Antarctic</td>\n</tr>\n<tr>\n<td>\n<table style=\"font-family:Arial,Verdana,Times;font-size:12px;text-align:left;width:100%;border-spacing:0px; padding:3px 3px 3px 3px\">\n<tr>\n<td>NAME</td>\n<td>African:Antarctic</td>\n</tr>\n<tr bgcolor=\"#D4E4F3\">\n<td>LABEL</td>\n<td>Transform Boundary</td>\n</tr>\n</table>\n</td>\n</tr>\n</table>\n</body>\n</html>", "LABEL": "Transform Boundary" }, "geometry": { "type": "MultiLineString", "coordinates": [ [ [ 58.529998779120433, -31.055000305119961, 0.0 ], [ 58.456001281434062, -31.69099998466152, 0.0 ] ] ] } },
{ "type": "Feature", "properties": { "Name": "Australian:Antarctic", "Description": "<html xmlns:fo=\"http://www.w3.org/1999/XSL/Format\" xmlns:msxsl=\"urn:schemas-microsoft-com:xslt\">\n<head>\n<META http-equiv=\"Content-Type\" content=\"text/html\">\n<meta http-equiv=\"content-type\" content=\"text/html; charset=UTF-8\">\n</head>\n<body style=\"margin:0px 0px 0px 0px;overflow:auto;background:#FFFFFF;\">\n<table style=\"font-family:Arial,Verdana,Times;font-size:12px;text-align:left;width:100%;border-collapse:collapse;padding:3px 3px 3px 3px\">\n<tr style=\"text-align:center;font-weight:bold;background:#9CBCE2\">\n<td>Australian:Antarctic</td>\n</tr>\n<tr>\n<td>\n<table style=\"font-family:Arial,Verdana,Times;font-size:12px;text-align:left;width:100%;border-spacing:0px; padding:3px 3px 3px 3px\">\n<tr>\n<td>NAME</td>\n<td>Australian:Antarctic</td>\n</tr>\n<tr bgcolor=\"#D4E4F3\">\n<td>LABEL</td>\n<td>Transform Boundary</td>\n</tr>\n</table>\n</td>\n</tr>\n</table>\n</body>\n</html>", "LABEL": "Transform Boundary" }, "geometry": { "type": "MultiLineString", "coordinates": [ [ [ 76.394996642780882, -31.71899986305317, 0.0 ], [ 76.689002990795473, -31.46500015303457, 0.0 ] ] ] } },
{ "type": "Feature", "properties": { "Name": "African:South American", "Description": "<html xmlns:fo=\"http://www.w3.org/1999/XSL/Format\" xmlns:msxsl=\"urn:schemas-microsoft-com:xslt\">\n<head>\n<META http-equiv=\"Content-Type\" content=\"text/html\">\n<meta http-equiv=\"content-type\" content=\"text/html; charset=UTF-8\">\n</head>\n<body style=\"margin:0px 0px 0px 0px;overflow:auto;background:#FFFFFF;\">\n<table style=\"font-family:Arial,Verdana,Times;font-size:12px;text-align:left;width:100%;border-collapse:collapse;padding:3px 3px 3px 3px\">\n<tr style=\"text-align:center;font-weight:bold;background:#9CBCE2\">\n<td>African:South American</td>\n</tr>\n<tr>\n<td>\n<table style=\"font-family:Arial,Verdana,Times;font-size:12px;text-align:left;width:100%;border-spacing:0px; padding:3px 3px 3px 3px\">\n<tr>\n<td>NAME</td>\n<td>African:South American</td>\n</tr>\n<tr bgcolor=\"#D4E4F3\">\n<td>LABEL</td>\n<td>Transform Boundary</td>\n</tr>\n</table>\n</td>\n</tr>\n</table>\n</body>\n</html>", "LABEL": "Transform Boundary" }, "geometry": { "type": "MultiLineString", "coordinates": [ [ [ -14.522999763528221, -32.40000152604955, 0.0 ], [ -13.883000373468411, -32.275001526299377, 0.0 ], [ -13.24499988583602, -32.143001556276772, 0.0 ] ] ] } },
{ "type": "Feature", "properties": { "Name": "African:Antarctic", "Description": "<html xmlns:fo=\"http://www.w3.org/1999/XSL/Format\" xmlns:msxsl=\"urn:schemas-microsoft-com:xslt\">\n<head>\n<META http-equiv=\"Content-Type\" content=\"text/html\">\n<meta http-equiv=\"content-type\" content=\"text/html; charset=UTF-8\">\n</head>\n<body style=\"margin:0px 0px 0px 0px;overflow:auto;background:#FFFFFF;\">\n<table style=\"font-family:Arial,Verdana,Times;font-size:12px;text-align:left;width:100%;border-collapse:collapse;padding:3px 3px 3px 3px\">\n<tr style=\"text-align:center;font-weight:bold;background:#9CBCE2\">\n<td>African:Antarctic</td>\n</tr>\n<tr>\n<td>\n<table style=\"font-family:Arial,Verdana,Times;font-size:12px;text-align:left;width:100%;border-spacing:0px; padding:3px 3px 3px 3px\">\n<tr>\n<td>NAME</td>\n<td>African:Antarctic</td>\n</tr>\n<tr bgcolor=\"#D4E4F3\">\n<td>LABEL</td>\n<td>Transform Boundary</td>\n</tr>\n</table>\n</td>\n</tr>\n</table>\n</body>\n</html>", "LABEL": "Transform Boundary" }, "geometry": { "type": "MultiLineString", "coordinates": [ [ [ 57.152999877642287, -31.770999908419011, 0.0 ], [ 57.122001647857822, -32.303001403791711, 0.0 ], [ 57.090999603149207, -32.83499908424028, 0.0 ], [ 57.061000824128769, -33.5540008547556, 0.0 ] ] ] } },
{ "type": "Feature", "properties": { "Name": "African:South American", "Description": "<html xmlns:fo=\"http://www.w3.org/1999/XSL/Format\" xmlns:msxsl=\"urn:schemas-microsoft-com:xslt\">\n<head>\n<META http-equiv=\"Content-Type\" content=\"text/html\">\n<meta http-equiv=\"content-type\" content=\"text/html; charset=UTF-8\">\n</head>\n<body style=\"margin:0px 0px 0px 0px;overflow:auto;background:#FFFFFF;\">\n<table style=\"font-family:Arial,Verdana,Times;font-size:12px;text-align:left;width:100%;border-collapse:collapse;padding:3px 3px 3px 3px\">\n<tr style=\"text-align:center;font-weight:bold;background:#9CBCE2\">\n<td>African:South American</td>\n</tr>\n<tr>\n<td>\n<table style=\"font-family:Arial,Verdana,Times;font-size:12px;text-align:left;width:100%;border-spacing:0px; padding:3px 3px 3px 3px\">\n<tr>\n<td>NAME</td>\n<td>African:South American</td>\n</tr>\n<tr bgcolor=\"#D4E4F3\">\n<td>LABEL</td>\n<td>Transform Boundary</td>\n</tr>\n</table>\n</td>\n</tr>\n</table>\n</body>\n</html>", "LABEL": "Transform Boundary" }, "geometry": { "type": "MultiLineString", "coordinates": [ [ [ -14.70199966435297, -33.569000244265787, 0.0 ], [ -14.366999626531481, -33.499000549635639, 0.0 ] ] ] } },
{ "type": "Feature", "properties": { "Name": "Australian:Antarctic", "Description": "<html xmlns:fo=\"http://www.w3.org/1999/XSL/Format\" xmlns:msxsl=\"urn:schemas-microsoft-com:xslt\">\n<head>\n<META http-equiv=\"Content-Type\" content=\"text/html\">\n<meta http-equiv=\"content-type\" content=\"text/html; charset=UTF-8\">\n</head>\n<body style=\"margin:0px 0px 0px 0px;overflow:auto;background:#FFFFFF;\">\n<table style=\"font-family:Arial,Verdana,Times;font-size:12px;text-align:left;width:100%;border-collapse:collapse;padding:3px 3px 3px 3px\">\n<tr style=\"text-align:center;font-weight:bold;background:#9CBCE2\">\n<td>Australian:Antarctic</td>\n</tr>\n<tr>\n<td>\n<table style=\"font-family:Arial,Verdana,Times;font-size:12px;text-align:left;width:100%;border-spacing:0px; padding:3px 3px 3px 3px\">\n<tr>\n<td>NAME</td>\n<td>Australian:Antarctic</td>\n</tr>\n<tr bgcolor=\"#D4E4F3\">\n<td>LABEL</td>\n<td>Transform Boundary</td>\n</tr>\n</table>\n</td>\n</tr>\n</table>\n</body>\n</html>", "LABEL": "Transform Boundary" }, "geometry": { "type": "MultiLineString", "coordinates": [ [ [ 77.351997375578492, -33.838001251256692, 0.0 ], [ 78.085998535604006, -33.194000244115962, 0.0 ] ] ] } },
{ "type": "Feature", "properties": { "Name": "African:Antarctic", "Description": "<html xmlns:fo=\"http://www.w3.org/1999/XSL/Format\" xmlns:msxsl=\"urn:schemas-microsoft-com:xslt\">\n<head>\n<META http-equiv=\"Content-Type\" content=\"text/html\">\n<meta http-equiv=\"content-type\" content=\"text/html; charset=UTF-8\">\n</head>\n<body style=\"margin:0px 0px 0px 0px;overflow:auto;background:#FFFFFF;\">\n<table style=\"font-family:Arial,Verdana,Times;font-size:12px;text-align:left;width:100%;border-collapse:collapse;padding:3px 3px 3px 3px\">\n<tr style=\"text-align:center;font-weight:bold;background:#9CBCE2\">\n<td>African:Antarctic</td>\n</tr>\n<tr>\n<td>\n<table style=\"font-family:Arial,Verdana,Times;font-size:12px;text-align:left;width:100%;border-spacing:0px; padding:3px 3px 3px 3px\">\n<tr>\n<td>NAME</td>\n<td>African:Antarctic</td>\n</tr>\n<tr bgcolor=\"#D4E4F3\">\n<td>LABEL</td>\n<td>Transform Boundary</td>\n</tr>\n</table>\n</td>\n</tr>\n</table>\n</body>\n</html>", "LABEL": "Transform Boundary" }, "geometry": { "type": "MultiLineString", "coordinates": [ [ [ 55.737998962082493, -33.652999877642173, 0.0 ], [ 55.699001312160867, -34.235000610289887, 0.0 ] ] ] } },
{ "type": "Feature", "properties": { "Name": "African:South American", "Description": "<html xmlns:fo=\"http://www.w3.org/1999/XSL/Format\" xmlns:msxsl=\"urn:schemas-microsoft-com:xslt\">\n<head>\n<META http-equiv=\"Content-Type\" content=\"text/html\">\n<meta http-equiv=\"content-type\" content=\"text/html; charset=UTF-8\">\n</head>\n<body style=\"margin:0px 0px 0px 0px;overflow:auto;background:#FFFFFF;\">\n<table style=\"font-family:Arial,Verdana,Times;font-size:12px;text-align:left;width:100%;border-collapse:collapse;padding:3px 3px 3px 3px\">\n<tr style=\"text-align:center;font-weight:bold;background:#9CBCE2\">\n<td>African:South American</td>\n</tr>\n<tr>\n<td>\n<table style=\"font-family:Arial,Verdana,Times;font-size:12px;text-align:left;width:100%;border-spacing:0px; padding:3px 3px 3px 3px\">\n<tr>\n<td>NAME</td>\n<td>African:South American</td>\n</tr>\n<tr bgcolor=\"#D4E4F3\">\n<td>LABEL</td>\n<td>Transform Boundary</td>\n</tr>\n</table>\n</td>\n</tr>\n</table>\n</body>\n</html>", "LABEL": "Transform Boundary" }, "geometry": { "type": "MultiLineString", "coordinates": [ [ [ -15.2740001678734, -34.237998962582033, 0.0 ], [ -14.51500034339108, -34.042999267302321, 0.0 ] ] ] } },
{ "type": "Feature", "properties": { "Name": "African:Antarctic", "Description": "<html xmlns:fo=\"http://www.w3.org/1999/XSL/Format\" xmlns:msxsl=\"urn:schemas-microsoft-com:xslt\">\n<head>\n<META http-equiv=\"Content-Type\" content=\"text/html\">\n<meta http-equiv=\"content-type\" content=\"text/html; charset=UTF-8\">\n</head>\n<body style=\"margin:0px 0px 0px 0px;overflow:auto;background:#FFFFFF;\">\n<table style=\"font-family:Arial,Verdana,Times;font-size:12px;text-align:left;width:100%;border-collapse:collapse;padding:3px 3px 3px 3px\">\n<tr style=\"text-align:center;font-weight:bold;background:#9CBCE2\">\n<td>African:Antarctic</td>\n</tr>\n<tr>\n<td>\n<table style=\"font-family:Arial,Verdana,Times;font-size:12px;text-align:left;width:100%;border-spacing:0px; padding:3px 3px 3px 3px\">\n<tr>\n<td>NAME</td>\n<td>African:Antarctic</td>\n</tr>\n<tr bgcolor=\"#D4E4F3\">\n<td>LABEL</td>\n<td>Transform Boundary</td>\n</tr>\n</table>\n</td>\n</tr>\n</table>\n</body>\n</html>", "LABEL": "Transform Boundary" }, "geometry": { "type": "MultiLineString", "coordinates": [ [ [ 55.300998687439517, -34.286998749092959, 0.0 ], [ 55.275001525500052, -34.56100082392885, 0.0 ] ] ] } },
{ "type": "Feature", "properties": { "Name": "Antarctic:Nazca", "Description": "<html xmlns:fo=\"http://www.w3.org/1999/XSL/Format\" xmlns:msxsl=\"urn:schemas-microsoft-com:xslt\">\n<head>\n<META http-equiv=\"Content-Type\" content=\"text/html\">\n<meta http-equiv=\"content-type\" content=\"text/html; charset=UTF-8\">\n</head>\n<body style=\"margin:0px 0px 0px 0px;overflow:auto;background:#FFFFFF;\">\n<table style=\"font-family:Arial,Verdana,Times;font-size:12px;text-align:left;width:100%;border-collapse:collapse;padding:3px 3px 3px 3px\">\n<tr style=\"text-align:center;font-weight:bold;background:#9CBCE2\">\n<td>Antarctic:Nazca</td>\n</tr>\n<tr>\n<td>\n<table style=\"font-family:Arial,Verdana,Times;font-size:12px;text-align:left;width:100%;border-spacing:0px; padding:3px 3px 3px 3px\">\n<tr>\n<td>NAME</td>\n<td>Antarctic:Nazca</td>\n</tr>\n<tr bgcolor=\"#D4E4F3\">\n<td>LABEL</td>\n<td>Transform Boundary</td>\n</tr>\n</table>\n</td>\n</tr>\n</table>\n</body>\n</html>", "LABEL": "Transform Boundary" }, "geometry": { "type": "MultiLineString", "coordinates": [ [ [ -109.259002685925196, -34.544998168730437, 0.0 ], [ -109.691001891823802, -34.609001159675763, 0.0 ] ] ] } },
{ "type": "Feature", "properties": { "Name": "African:South American", "Description": "<html xmlns:fo=\"http://www.w3.org/1999/XSL/Format\" xmlns:msxsl=\"urn:schemas-microsoft-com:xslt\">\n<head>\n<META http-equiv=\"Content-Type\" content=\"text/html\">\n<meta http-equiv=\"content-type\" content=\"text/html; charset=UTF-8\">\n</head>\n<body style=\"margin:0px 0px 0px 0px;overflow:auto;background:#FFFFFF;\">\n<table style=\"font-family:Arial,Verdana,Times;font-size:12px;text-align:left;width:100%;border-collapse:collapse;padding:3px 3px 3px 3px\">\n<tr style=\"text-align:center;font-weight:bold;background:#9CBCE2\">\n<td>African:South American</td>\n</tr>\n<tr>\n<td>\n<table style=\"font-family:Arial,Verdana,Times;font-size:12px;text-align:left;width:100%;border-spacing:0px; padding:3px 3px 3px 3px\">\n<tr>\n<td>NAME</td>\n<td>African:South American</td>\n</tr>\n<tr bgcolor=\"#D4E4F3\">\n<td>LABEL</td>\n<td>Transform Boundary</td>\n</tr>\n</table>\n</td>\n</tr>\n</table>\n</body>\n</html>", "LABEL": "Transform Boundary" }, "geometry": { "type": "MultiLineString", "coordinates": [ [ [ -15.265999794454901, -34.770000457954723, 0.0 ], [ -15.08300018311189, -34.689998626735189, 0.0 ] ] ] } },
{ "type": "Feature", "properties": { "Name": "Australian:Antarctic", "Description": "<html xmlns:fo=\"http://www.w3.org/1999/XSL/Format\" xmlns:msxsl=\"urn:schemas-microsoft-com:xslt\">\n<head>\n<META http-equiv=\"Content-Type\" content=\"text/html\">\n<meta http-equiv=\"content-type\" content=\"text/html; charset=UTF-8\">\n</head>\n<body style=\"margin:0px 0px 0px 0px;overflow:auto;background:#FFFFFF;\">\n<table style=\"font-family:Arial,Verdana,Times;font-size:12px;text-align:left;width:100%;border-collapse:collapse;padding:3px 3px 3px 3px\">\n<tr style=\"text-align:center;font-weight:bold;background:#9CBCE2\">\n<td>Australian:Antarctic</td>\n</tr>\n<tr>\n<td>\n<table style=\"font-family:Arial,Verdana,Times;font-size:12px;text-align:left;width:100%;border-spacing:0px; padding:3px 3px 3px 3px\">\n<tr>\n<td>NAME</td>\n<td>Australian:Antarctic</td>\n</tr>\n<tr bgcolor=\"#D4E4F3\">\n<td>LABEL</td>\n<td>Transform Boundary</td>\n</tr>\n</table>\n</td>\n</tr>\n</table>\n</body>\n</html>", "LABEL": "Transform Boundary" }, "geometry": { "type": "MultiLineString", "coordinates": [ [ [ 78.442001343187485, -34.841999054112989, 0.0 ], [ 78.487998962482209, -34.806999206348223, 0.0 ] ] ] } },
{ "type": "Feature", "properties": { "Name": "African:Antarctic", "Description": "<html xmlns:fo=\"http://www.w3.org/1999/XSL/Format\" xmlns:msxsl=\"urn:schemas-microsoft-com:xslt\">\n<head>\n<META http-equiv=\"Content-Type\" content=\"text/html\">\n<meta http-equiv=\"content-type\" content=\"text/html; charset=UTF-8\">\n</head>\n<body style=\"margin:0px 0px 0px 0px;overflow:auto;background:#FFFFFF;\">\n<table style=\"font-family:Arial,Verdana,Times;font-size:12px;text-align:left;width:100%;border-collapse:collapse;padding:3px 3px 3px 3px\">\n<tr style=\"text-align:center;font-weight:bold;background:#9CBCE2\">\n<td>African:Antarctic</td>\n</tr>\n<tr>\n<td>\n<table style=\"font-family:Arial,Verdana,Times;font-size:12px;text-align:left;width:100%;border-spacing:0px; padding:3px 3px 3px 3px\">\n<tr>\n<td>NAME</td>\n<td>African:Antarctic</td>\n</tr>\n<tr bgcolor=\"#D4E4F3\">\n<td>LABEL</td>\n<td>Transform Boundary</td>\n</tr>\n</table>\n</td>\n</tr>\n</table>\n</body>\n</html>", "LABEL": "Transform Boundary" }, "geometry": { "type": "MultiLineString", "coordinates": [ [ [ 54.255001068344647, -34.541999817337683, 0.0 ], [ 54.215999603498972, -35.301998138403349, 0.0 ] ] ] } },
{ "type": "Feature", "properties": { "Name": "African:South American", "Description": "<html xmlns:fo=\"http://www.w3.org/1999/XSL/Format\" xmlns:msxsl=\"urn:schemas-microsoft-com:xslt\">\n<head>\n<META http-equiv=\"Content-Type\" content=\"text/html\">\n<meta http-equiv=\"content-type\" content=\"text/html; charset=UTF-8\">\n</head>\n<body style=\"margin:0px 0px 0px 0px;overflow:auto;background:#FFFFFF;\">\n<table style=\"font-family:Arial,Verdana,Times;font-size:12px;text-align:left;width:100%;border-collapse:collapse;padding:3px 3px 3px 3px\">\n<tr style=\"text-align:center;font-weight:bold;background:#9CBCE2\">\n<td>African:South American</td>\n</tr>\n<tr>\n<td>\n<table style=\"font-family:Arial,Verdana,Times;font-size:12px;text-align:left;width:100%;border-spacing:0px; padding:3px 3px 3px 3px\">\n<tr>\n<td>NAME</td>\n<td>African:South American</td>\n</tr>\n<tr bgcolor=\"#D4E4F3\">\n<td>LABEL</td>\n<td>Transform Boundary</td>\n</tr>\n</table>\n</td>\n</tr>\n</table>\n</body>\n</html>", "LABEL": "Transform Boundary" }, "geometry": { "type": "MultiLineString", "coordinates": [ [ [ -17.702999115416791, -35.662998199807021, 0.0 ], [ -16.96199989348025, -35.499000549235923, 0.0 ], [ -16.027000427028039, -35.342998504777142, 0.0 ], [ -15.10000038161229, -35.181999206498119, 0.0 ] ] ] } },
{ "type": "Feature", "properties": { "Name": "Australian:Antarctic", "Description": "<html xmlns:fo=\"http://www.w3.org/1999/XSL/Format\" xmlns:msxsl=\"urn:schemas-microsoft-com:xslt\">\n<head>\n<META http-equiv=\"Content-Type\" content=\"text/html\">\n<meta http-equiv=\"content-type\" content=\"text/html; charset=UTF-8\">\n</head>\n<body style=\"margin:0px 0px 0px 0px;overflow:auto;background:#FFFFFF;\">\n<table style=\"font-family:Arial,Verdana,Times;font-size:12px;text-align:left;width:100%;border-collapse:collapse;padding:3px 3px 3px 3px\">\n<tr style=\"text-align:center;font-weight:bold;background:#9CBCE2\">\n<td>Australian:Antarctic</td>\n</tr>\n<tr>\n<td>\n<table style=\"font-family:Arial,Verdana,Times;font-size:12px;text-align:left;width:100%;border-spacing:0px; padding:3px 3px 3px 3px\">\n<tr>\n<td>NAME</td>\n<td>Australian:Antarctic</td>\n</tr>\n<tr bgcolor=\"#D4E4F3\">\n<td>LABEL</td>\n<td>Transform Boundary</td>\n</tr>\n</table>\n</td>\n</tr>\n</table>\n</body>\n</html>", "LABEL": "Transform Boundary" }, "geometry": { "type": "MultiLineString", "coordinates": [ [ [ 78.200996398764858, -35.682998657162273, 0.0 ], [ 78.803001403691894, -35.160999298378897, 0.0 ] ] ] } },
{ "type": "Feature", "properties": { "Name": "Pacific:Antarctic", "Description": "<html xmlns:fo=\"http://www.w3.org/1999/XSL/Format\" xmlns:msxsl=\"urn:schemas-microsoft-com:xslt\">\n<head>\n<META http-equiv=\"Content-Type\" content=\"text/html\">\n<meta http-equiv=\"content-type\" content=\"text/html; charset=UTF-8\">\n</head>\n<body style=\"margin:0px 0px 0px 0px;overflow:auto;background:#FFFFFF;\">\n<table style=\"font-family:Arial,Verdana,Times;font-size:12px;text-align:left;width:100%;border-collapse:collapse;padding:3px 3px 3px 3px\">\n<tr style=\"text-align:center;font-weight:bold;background:#9CBCE2\">\n<td>Pacific:Antarctic</td>\n</tr>\n<tr>\n<td>\n<table style=\"font-family:Arial,Verdana,Times;font-size:12px;text-align:left;width:100%;border-spacing:0px; padding:3px 3px 3px 3px\">\n<tr>\n<td>NAME</td>\n<td>Pacific:Antarctic</td>\n</tr>\n<tr bgcolor=\"#D4E4F3\">\n<td>LABEL</td>\n<td>Transform Boundary</td>\n</tr>\n</table>\n</td>\n</tr>\n</table>\n</body>\n</html>", "LABEL": "Transform Boundary" }, "geometry": { "type": "MultiLineString", "coordinates": [ [ [ -110.894996642880798, -35.797000885382488, 0.0 ], [ -110.579002380755199, -35.83000183071988, 0.0 ] ] ] } },
{ "type": "Feature", "properties": { "Name": "African:Antarctic", "Description": "<html xmlns:fo=\"http://www.w3.org/1999/XSL/Format\" xmlns:msxsl=\"urn:schemas-microsoft-com:xslt\">\n<head>\n<META http-equiv=\"Content-Type\" content=\"text/html\">\n<meta http-equiv=\"content-type\" content=\"text/html; charset=UTF-8\">\n</head>\n<body style=\"margin:0px 0px 0px 0px;overflow:auto;background:#FFFFFF;\">\n<table style=\"font-family:Arial,Verdana,Times;font-size:12px;text-align:left;width:100%;border-collapse:collapse;padding:3px 3px 3px 3px\">\n<tr style=\"text-align:center;font-weight:bold;background:#9CBCE2\">\n<td>African:Antarctic</td>\n</tr>\n<tr>\n<td>\n<table style=\"font-family:Arial,Verdana,Times;font-size:12px;text-align:left;width:100%;border-spacing:0px; padding:3px 3px 3px 3px\">\n<tr>\n<td>NAME</td>\n<td>African:Antarctic</td>\n</tr>\n<tr bgcolor=\"#D4E4F3\">\n<td>LABEL</td>\n<td>Transform Boundary</td>\n</tr>\n</table>\n</td>\n</tr>\n</table>\n</body>\n</html>", "LABEL": "Transform Boundary" }, "geometry": { "type": "MultiLineString", "coordinates": [ [ [ 53.47100067104418, -35.516998291038249, 0.0 ], [ 53.46599960319918, -36.140998839924457, 0.0 ] ] ] } },
{ "type": "Feature", "properties": { "Name": "Antarctic:Nazca", "Description": "<html xmlns:fo=\"http://www.w3.org/1999/XSL/Format\" xmlns:msxsl=\"urn:schemas-microsoft-com:xslt\">\n<head>\n<META http-equiv=\"Content-Type\" content=\"text/html\">\n<meta http-equiv=\"content-type\" content=\"text/html; charset=UTF-8\">\n</head>\n<body style=\"margin:0px 0px 0px 0px;overflow:auto;background:#FFFFFF;\">\n<table style=\"font-family:Arial,Verdana,Times;font-size:12px;text-align:left;width:100%;border-collapse:collapse;padding:3px 3px 3px 3px\">\n<tr style=\"text-align:center;font-weight:bold;background:#9CBCE2\">\n<td>Antarctic:Nazca</td>\n</tr>\n<tr>\n<td>\n<table style=\"font-family:Arial,Verdana,Times;font-size:12px;text-align:left;width:100%;border-spacing:0px; padding:3px 3px 3px 3px\">\n<tr>\n<td>NAME</td>\n<td>Antarctic:Nazca</td>\n</tr>\n<tr bgcolor=\"#D4E4F3\">\n<td>LABEL</td>\n<td>Transform Boundary</td>\n</tr>\n</table>\n</td>\n</tr>\n</table>\n</body>\n</html>", "LABEL": "Transform Boundary" }, "geometry": { "type": "MultiLineString", "coordinates": [ [ [ -108.796997070258598, -35.131999969223159, 0.0 ], [ -108.070999145294294, -35.240001678834354, 0.0 ], [ -107.343002319701299, -35.345001220330012, 0.0 ], [ -106.6660003663238, -35.394001006840938, 0.0 ], [ -105.987998962182303, -35.438999176270897, 0.0 ], [ -105.390998840024395, -35.523998260411361, 0.0 ], [ -104.792999268001793, -35.604999542394921, 0.0 ], [ -103.998001098271999, -35.694000244515621, 0.0 ], [ -103.202003478677597, -35.777999877892, 0.0 ], [ -102.565002441809199, -35.85400009113124, 0.0 ], [ -101.926002502513398, -35.926998138053591, 0.0 ], [ -101.286003112453599, -35.997001647607931, 0.0 ], [ -100.644996642680894, -36.062999725157169, 0.0 ], [ -99.531997680348638, -36.132999419787332, 0.0 ], [ -98.416999816488328, -36.193000793651663, 0.0 ], [ -97.402000427177938, -36.293998718066348, 0.0 ] ] ] } },
{ "type": "Feature", "properties": { "Name": "Pacific:Antarctic", "Description": "<html xmlns:fo=\"http://www.w3.org/1999/XSL/Format\" xmlns:msxsl=\"urn:schemas-microsoft-com:xslt\">\n<head>\n<META http-equiv=\"Content-Type\" content=\"text/html\">\n<meta http-equiv=\"content-type\" content=\"text/html; charset=UTF-8\">\n</head>\n<body style=\"margin:0px 0px 0px 0px;overflow:auto;background:#FFFFFF;\">\n<table style=\"font-family:Arial,Verdana,Times;font-size:12px;text-align:left;width:100%;border-collapse:collapse;padding:3px 3px 3px 3px\">\n<tr style=\"text-align:center;font-weight:bold;background:#9CBCE2\">\n<td>Pacific:Antarctic</td>\n</tr>\n<tr>\n<td>\n<table style=\"font-family:Arial,Verdana,Times;font-size:12px;text-align:left;width:100%;border-spacing:0px; padding:3px 3px 3px 3px\">\n<tr>\n<td>NAME</td>\n<td>Pacific:Antarctic</td>\n</tr>\n<tr bgcolor=\"#D4E4F3\">\n<td>LABEL</td>\n<td>Transform Boundary</td>\n</tr>\n</table>\n</td>\n</tr>\n</table>\n</body>\n</html>", "LABEL": "Transform Boundary" }, "geometry": { "type": "MultiLineString", "coordinates": [ [ [ -110.738998413346096, -36.358001709011603, 0.0 ], [ -110.471000671143997, -36.409999847814667, 0.0 ] ] ] } },
{ "type": "Feature", "properties": { "Name": "African:South American", "Description": "<html xmlns:fo=\"http://www.w3.org/1999/XSL/Format\" xmlns:msxsl=\"urn:schemas-microsoft-com:xslt\">\n<head>\n<META http-equiv=\"Content-Type\" content=\"text/html\">\n<meta http-equiv=\"content-type\" content=\"text/html; charset=UTF-8\">\n</head>\n<body style=\"margin:0px 0px 0px 0px;overflow:auto;background:#FFFFFF;\">\n<table style=\"font-family:Arial,Verdana,Times;font-size:12px;text-align:left;width:100%;border-collapse:collapse;padding:3px 3px 3px 3px\">\n<tr style=\"text-align:center;font-weight:bold;background:#9CBCE2\">\n<td>African:South American</td>\n</tr>\n<tr>\n<td>\n<table style=\"font-family:Arial,Verdana,Times;font-size:12px;text-align:left;width:100%;border-spacing:0px; padding:3px 3px 3px 3px\">\n<tr>\n<td>NAME</td>\n<td>African:South American</td>\n</tr>\n<tr bgcolor=\"#D4E4F3\">\n<td>LABEL</td>\n<td>Transform Boundary</td>\n</tr>\n</table>\n</td>\n</tr>\n</table>\n</body>\n</html>", "LABEL": "Transform Boundary" }, "geometry": { "type": "MultiLineString", "coordinates": [ [ [ -17.44000053449702, -36.562000274293162, 0.0 ], [ -17.08499908424028, -36.472000122307747, 0.0 ] ] ] } },
{ "type": "Feature", "properties": { "Name": "Antarctic:Nazca", "Description": "<html xmlns:fo=\"http://www.w3.org/1999/XSL/Format\" xmlns:msxsl=\"urn:schemas-microsoft-com:xslt\">\n<head>\n<META http-equiv=\"Content-Type\" content=\"text/html\">\n<meta http-equiv=\"content-type\" content=\"text/html; charset=UTF-8\">\n</head>\n<body style=\"margin:0px 0px 0px 0px;overflow:auto;background:#FFFFFF;\">\n<table style=\"font-family:Arial,Verdana,Times;font-size:12px;text-align:left;width:100%;border-collapse:collapse;padding:3px 3px 3px 3px\">\n<tr style=\"text-align:center;font-weight:bold;background:#9CBCE2\">\n<td>Antarctic:Nazca</td>\n</tr>\n<tr>\n<td>\n<table style=\"font-family:Arial,Verdana,Times;font-size:12px;text-align:left;width:100%;border-spacing:0px; padding:3px 3px 3px 3px\">\n<tr>\n<td>NAME</td>\n<td>Antarctic:Nazca</td>\n</tr>\n<tr bgcolor=\"#D4E4F3\">\n<td>LABEL</td>\n<td>Transform Boundary</td>\n</tr>\n</table>\n</td>\n</tr>\n</table>\n</body>\n</html>", "LABEL": "Transform Boundary" }, "geometry": { "type": "MultiLineString", "coordinates": [ [ [ -97.413002014531287, -36.870998382868997, 0.0 ], [ -96.551002502463461, -36.921001434168829, 0.0 ], [ -95.689002990395636, -36.965000152834762, 0.0 ], [ -94.910003661839482, -36.985000610189957, 0.0 ], [ -94.129997253570366, -37.000999450464242, 0.0 ] ] ] } },
{ "type": "Feature", "properties": { "Name": "African:Antarctic", "Description": "<html xmlns:fo=\"http://www.w3.org/1999/XSL/Format\" xmlns:msxsl=\"urn:schemas-microsoft-com:xslt\">\n<head>\n<META http-equiv=\"Content-Type\" content=\"text/html\">\n<meta http-equiv=\"content-type\" content=\"text/html; charset=UTF-8\">\n</head>\n<body style=\"margin:0px 0px 0px 0px;overflow:auto;background:#FFFFFF;\">\n<table style=\"font-family:Arial,Verdana,Times;font-size:12px;text-align:left;width:100%;border-collapse:collapse;padding:3px 3px 3px 3px\">\n<tr style=\"text-align:center;font-weight:bold;background:#9CBCE2\">\n<td>African:Antarctic</td>\n</tr>\n<tr>\n<td>\n<table style=\"font-family:Arial,Verdana,Times;font-size:12px;text-align:left;width:100%;border-spacing:0px; padding:3px 3px 3px 3px\">\n<tr>\n<td>NAME</td>\n<td>African:Antarctic</td>\n</tr>\n<tr bgcolor=\"#D4E4F3\">\n<td>LABEL</td>\n<td>Transform Boundary</td>\n</tr>\n</table>\n</td>\n</tr>\n</table>\n</body>\n</html>", "LABEL": "Transform Boundary" }, "geometry": { "type": "MultiLineString", "coordinates": [ [ [ 52.338001251356729, -36.161998748943063, 0.0 ], [ 52.311000823729103, -36.797000885182683, 0.0 ], [ 52.283000946236712, -37.431999206498119, 0.0 ] ] ] } },
{ "type": "Feature", "properties": { "Name": "African:South American", "Description": "<html xmlns:fo=\"http://www.w3.org/1999/XSL/Format\" xmlns:msxsl=\"urn:schemas-microsoft-com:xslt\">\n<head>\n<META http-equiv=\"Content-Type\" content=\"text/html\">\n<meta http-equiv=\"content-type\" content=\"text/html; charset=UTF-8\">\n</head>\n<body style=\"margin:0px 0px 0px 0px;overflow:auto;background:#FFFFFF;\">\n<table style=\"font-family:Arial,Verdana,Times;font-size:12px;text-align:left;width:100%;border-collapse:collapse;padding:3px 3px 3px 3px\">\n<tr style=\"text-align:center;font-weight:bold;background:#9CBCE2\">\n<td>African:South American</td>\n</tr>\n<tr>\n<td>\n<table style=\"font-family:Arial,Verdana,Times;font-size:12px;text-align:left;width:100%;border-spacing:0px; padding:3px 3px 3px 3px\">\n<tr>\n<td>NAME</td>\n<td>African:South American</td>\n</tr>\n<tr bgcolor=\"#D4E4F3\">\n<td>LABEL</td>\n<td>Transform Boundary</td>\n</tr>\n</table>\n</td>\n</tr>\n</table>\n</body>\n</html>", "LABEL": "Transform Boundary" }, "geometry": { "type": "MultiLineString", "coordinates": [ [ [ -17.533000946236658, -37.472000122107893, 0.0 ], [ -17.232999801999199, -37.37400054908602, 0.0 ] ] ] } },
{ "type": "Feature", "properties": { "Name": "Australian:Antarctic", "Description": "<html xmlns:fo=\"http://www.w3.org/1999/XSL/Format\" xmlns:msxsl=\"urn:schemas-microsoft-com:xslt\">\n<head>\n<META http-equiv=\"Content-Type\" content=\"text/html\">\n<meta http-equiv=\"content-type\" content=\"text/html; charset=UTF-8\">\n</head>\n<body style=\"margin:0px 0px 0px 0px;overflow:auto;background:#FFFFFF;\">\n<table style=\"font-family:Arial,Verdana,Times;font-size:12px;text-align:left;width:100%;border-collapse:collapse;padding:3px 3px 3px 3px\">\n<tr style=\"text-align:center;font-weight:bold;background:#9CBCE2\">\n<td>Australian:Antarctic</td>\n</tr>\n<tr>\n<td>\n<table style=\"font-family:Arial,Verdana,Times;font-size:12px;text-align:left;width:100%;border-spacing:0px; padding:3px 3px 3px 3px\">\n<tr>\n<td>NAME</td>\n<td>Australian:Antarctic</td>\n</tr>\n<tr bgcolor=\"#D4E4F3\">\n<td>LABEL</td>\n<td>Transform Boundary</td>\n</tr>\n</table>\n</td>\n</tr>\n</table>\n</body>\n</html>", "LABEL": "Transform Boundary" }, "geometry": { "type": "MultiLineString", "coordinates": [ [ [ 78.021003722843602, -37.483001708561972, 0.0 ], [ 78.606002807783398, -36.998001099071423, 0.0 ], [ 79.183998107526691, -36.511001587153487, 0.0 ] ] ] } },
{ "type": "Feature", "properties": { "Name": "African:Antarctic", "Description": "<html xmlns:fo=\"http://www.w3.org/1999/XSL/Format\" xmlns:msxsl=\"urn:schemas-microsoft-com:xslt\">\n<head>\n<META http-equiv=\"Content-Type\" content=\"text/html\">\n<meta http-equiv=\"content-type\" content=\"text/html; charset=UTF-8\">\n</head>\n<body style=\"margin:0px 0px 0px 0px;overflow:auto;background:#FFFFFF;\">\n<table style=\"font-family:Arial,Verdana,Times;font-size:12px;text-align:left;width:100%;border-collapse:collapse;padding:3px 3px 3px 3px\">\n<tr style=\"text-align:center;font-weight:bold;background:#9CBCE2\">\n<td>African:Antarctic</td>\n</tr>\n<tr>\n<td>\n<table style=\"font-family:Arial,Verdana,Times;font-size:12px;text-align:left;width:100%;border-spacing:0px; padding:3px 3px 3px 3px\">\n<tr>\n<td>NAME</td>\n<td>African:Antarctic</td>\n</tr>\n<tr bgcolor=\"#D4E4F3\">\n<td>LABEL</td>\n<td>Transform Boundary</td>\n</tr>\n</table>\n</td>\n</tr>\n</table>\n</body>\n</html>", "LABEL": "Transform Boundary" }, "geometry": { "type": "MultiLineString", "coordinates": [ [ [ 50.826999664303123, -37.451000213988657, 0.0 ], [ 50.823001861246951, -37.58000183081981, 0.0 ] ] ] } },
{ "type": "Feature", "properties": { "Name": "African:Antarctic", "Description": "<html xmlns:fo=\"http://www.w3.org/1999/XSL/Format\" xmlns:msxsl=\"urn:schemas-microsoft-com:xslt\">\n<head>\n<META http-equiv=\"Content-Type\" content=\"text/html\">\n<meta http-equiv=\"content-type\" content=\"text/html; charset=UTF-8\">\n</head>\n<body style=\"margin:0px 0px 0px 0px;overflow:auto;background:#FFFFFF;\">\n<table style=\"font-family:Arial,Verdana,Times;font-size:12px;text-align:left;width:100%;border-collapse:collapse;padding:3px 3px 3px 3px\">\n<tr style=\"text-align:center;font-weight:bold;background:#9CBCE2\">\n<td>African:Antarctic</td>\n</tr>\n<tr>\n<td>\n<table style=\"font-family:Arial,Verdana,Times;font-size:12px;text-align:left;width:100%;border-spacing:0px; padding:3px 3px 3px 3px\">\n<tr>\n<td>NAME</td>\n<td>African:Antarctic</td>\n</tr>\n<tr bgcolor=\"#D4E4F3\">\n<td>LABEL</td>\n<td>Transform Boundary</td>\n</tr>\n</table>\n</td>\n</tr>\n</table>\n</body>\n</html>", "LABEL": "Transform Boundary" }, "geometry": { "type": "MultiLineString", "coordinates": [ [ [ 49.962001800842472, -37.597000121858123, 0.0 ], [ 49.944999694880103, -37.79000091560971, 0.0 ] ] ] } },
{ "type": "Feature", "properties": { "Name": "African:Antarctic", "Description": "<html xmlns:fo=\"http://www.w3.org/1999/XSL/Format\" xmlns:msxsl=\"urn:schemas-microsoft-com:xslt\">\n<head>\n<META http-equiv=\"Content-Type\" content=\"text/html\">\n<meta http-equiv=\"content-type\" content=\"text/html; charset=UTF-8\">\n</head>\n<body style=\"margin:0px 0px 0px 0px;overflow:auto;background:#FFFFFF;\">\n<table style=\"font-family:Arial,Verdana,Times;font-size:12px;text-align:left;width:100%;border-collapse:collapse;padding:3px 3px 3px 3px\">\n<tr style=\"text-align:center;font-weight:bold;background:#9CBCE2\">\n<td>African:Antarctic</td>\n</tr>\n<tr>\n<td>\n<table style=\"font-family:Arial,Verdana,Times;font-size:12px;text-align:left;width:100%;border-spacing:0px; padding:3px 3px 3px 3px\">\n<tr>\n<td>NAME</td>\n<td>African:Antarctic</td>\n</tr>\n<tr bgcolor=\"#D4E4F3\">\n<td>LABEL</td>\n<td>Transform Boundary</td>\n</tr>\n</table>\n</td>\n</tr>\n</table>\n</body>\n</html>", "LABEL": "Transform Boundary" }, "geometry": { "type": "MultiLineString", "coordinates": [ [ [ 49.036998748593419, -37.791999817137821, 0.0 ], [ 49.03400039630128, -38.000000000399673, 0.0 ] ] ] } },
{ "type": "Feature", "properties": { "Name": "Australian:Antarctic", "Description": "<html xmlns:fo=\"http://www.w3.org/1999/XSL/Format\" xmlns:msxsl=\"urn:schemas-microsoft-com:xslt\">\n<head>\n<META http-equiv=\"Content-Type\" content=\"text/html\">\n<meta http-equiv=\"content-type\" content=\"text/html; charset=UTF-8\">\n</head>\n<body style=\"margin:0px 0px 0px 0px;overflow:auto;background:#FFFFFF;\">\n<table style=\"font-family:Arial,Verdana,Times;font-size:12px;text-align:left;width:100%;border-collapse:collapse;padding:3px 3px 3px 3px\">\n<tr style=\"text-align:center;font-weight:bold;background:#9CBCE2\">\n<td>Australian:Antarctic</td>\n</tr>\n<tr>\n<td>\n<table style=\"font-family:Arial,Verdana,Times;font-size:12px;text-align:left;width:100%;border-spacing:0px; padding:3px 3px 3px 3px\">\n<tr>\n<td>NAME</td>\n<td>Australian:Antarctic</td>\n</tr>\n<tr bgcolor=\"#D4E4F3\">\n<td>LABEL</td>\n<td>Transform Boundary</td>\n</tr>\n</table>\n</td>\n</tr>\n</table>\n</body>\n</html>", "LABEL": "Transform Boundary" }, "geometry": { "type": "MultiLineString", "coordinates": [ [ [ 78.181999206198441, -38.393001556376703, 0.0 ], [ 78.706001281434055, -38.000999450264374, 0.0 ] ] ] } },
{ "type": "Feature", "properties": { "Name": "African:South American", "Description": "<html xmlns:fo=\"http://www.w3.org/1999/XSL/Format\" xmlns:msxsl=\"urn:schemas-microsoft-com:xslt\">\n<head>\n<META http-equiv=\"Content-Type\" content=\"text/html\">\n<meta http-equiv=\"content-type\" content=\"text/html; charset=UTF-8\">\n</head>\n<body style=\"margin:0px 0px 0px 0px;overflow:auto;background:#FFFFFF;\">\n<table style=\"font-family:Arial,Verdana,Times;font-size:12px;text-align:left;width:100%;border-collapse:collapse;padding:3px 3px 3px 3px\">\n<tr style=\"text-align:center;font-weight:bold;background:#9CBCE2\">\n<td>African:South American</td>\n</tr>\n<tr>\n<td>\n<table style=\"font-family:Arial,Verdana,Times;font-size:12px;text-align:left;width:100%;border-spacing:0px; padding:3px 3px 3px 3px\">\n<tr>\n<td>NAME</td>\n<td>African:South American</td>\n</tr>\n<tr bgcolor=\"#D4E4F3\">\n<td>LABEL</td>\n<td>Transform Boundary</td>\n</tr>\n</table>\n</td>\n</tr>\n</table>\n</body>\n</html>", "LABEL": "Transform Boundary" }, "geometry": { "type": "MultiLineString", "coordinates": [ [ [ -16.798999786211141, -38.401000976513792, 0.0 ], [ -17.05100059470163, -38.446998595808509, 0.0 ] ] ] } },
{ "type": "Feature", "properties": { "Name": "Antarctic:Nazca", "Description": "<html xmlns:fo=\"http://www.w3.org/1999/XSL/Format\" xmlns:msxsl=\"urn:schemas-microsoft-com:xslt\">\n<head>\n<META http-equiv=\"Content-Type\" content=\"text/html\">\n<meta http-equiv=\"content-type\" content=\"text/html; charset=UTF-8\">\n</head>\n<body style=\"margin:0px 0px 0px 0px;overflow:auto;background:#FFFFFF;\">\n<table style=\"font-family:Arial,Verdana,Times;font-size:12px;text-align:left;width:100%;border-collapse:collapse;padding:3px 3px 3px 3px\">\n<tr style=\"text-align:center;font-weight:bold;background:#9CBCE2\">\n<td>Antarctic:Nazca</td>\n</tr>\n<tr>\n<td>\n<table style=\"font-family:Arial,Verdana,Times;font-size:12px;text-align:left;width:100%;border-spacing:0px; padding:3px 3px 3px 3px\">\n<tr>\n<td>NAME</td>\n<td>Antarctic:Nazca</td>\n</tr>\n<tr bgcolor=\"#D4E4F3\">\n<td>LABEL</td>\n<td>Transform Boundary</td>\n</tr>\n</table>\n</td>\n</tr>\n</table>\n</body>\n</html>", "LABEL": "Transform Boundary" }, "geometry": { "type": "MultiLineString", "coordinates": [ [ [ -93.996002196943778, -38.481998443573282, 0.0 ], [ -93.07499694865021, -38.429000854905503, 0.0 ] ] ] } },
{ "type": "Feature", "properties": { "Name": "African:Antarctic", "Description": "<html xmlns:fo=\"http://www.w3.org/1999/XSL/Format\" xmlns:msxsl=\"urn:schemas-microsoft-com:xslt\">\n<head>\n<META http-equiv=\"Content-Type\" content=\"text/html\">\n<meta http-equiv=\"content-type\" content=\"text/html; charset=UTF-8\">\n</head>\n<body style=\"margin:0px 0px 0px 0px;overflow:auto;background:#FFFFFF;\">\n<table style=\"font-family:Arial,Verdana,Times;font-size:12px;text-align:left;width:100%;border-collapse:collapse;padding:3px 3px 3px 3px\">\n<tr style=\"text-align:center;font-weight:bold;background:#9CBCE2\">\n<td>African:Antarctic</td>\n</tr>\n<tr>\n<td>\n<table style=\"font-family:Arial,Verdana,Times;font-size:12px;text-align:left;width:100%;border-spacing:0px; padding:3px 3px 3px 3px\">\n<tr>\n<td>NAME</td>\n<td>African:Antarctic</td>\n</tr>\n<tr bgcolor=\"#D4E4F3\">\n<td>LABEL</td>\n<td>Transform Boundary</td>\n</tr>\n</table>\n</td>\n</tr>\n</table>\n</body>\n</html>", "LABEL": "Transform Boundary" }, "geometry": { "type": "MultiLineString", "coordinates": [ [ [ 48.016998291438028, -38.478000640517109, 0.0 ], [ 48.022998810047113, -38.651000976913508, 0.0 ] ] ] } },
{ "type": "Feature", "properties": { "Name": "Antarctic:Nazca", "Description": "<html xmlns:fo=\"http://www.w3.org/1999/XSL/Format\" xmlns:msxsl=\"urn:schemas-microsoft-com:xslt\">\n<head>\n<META http-equiv=\"Content-Type\" content=\"text/html\">\n<meta http-equiv=\"content-type\" content=\"text/html; charset=UTF-8\">\n</head>\n<body style=\"margin:0px 0px 0px 0px;overflow:auto;background:#FFFFFF;\">\n<table style=\"font-family:Arial,Verdana,Times;font-size:12px;text-align:left;width:100%;border-collapse:collapse;padding:3px 3px 3px 3px\">\n<tr style=\"text-align:center;font-weight:bold;background:#9CBCE2\">\n<td>Antarctic:Nazca</td>\n</tr>\n<tr>\n<td>\n<table style=\"font-family:Arial,Verdana,Times;font-size:12px;text-align:left;width:100%;border-spacing:0px; padding:3px 3px 3px 3px\">\n<tr>\n<td>NAME</td>\n<td>Antarctic:Nazca</td>\n</tr>\n<tr bgcolor=\"#D4E4F3\">\n<td>LABEL</td>\n<td>Transform Boundary</td>\n</tr>\n</table>\n</td>\n</tr>\n</table>\n</body>\n</html>", "LABEL": "Transform Boundary" }, "geometry": { "type": "MultiLineString", "coordinates": [ [ [ -93.022003174007239, -38.96699905396315, 0.0 ], [ -92.339996337860669, -38.91799926745216, 0.0 ], [ -91.657997131562354, -38.866001129548472, 0.0 ] ] ] } },
{ "type": "Feature", "properties": { "Name": "Pacific:Antarctic", "Description": "<html xmlns:fo=\"http://www.w3.org/1999/XSL/Format\" xmlns:msxsl=\"urn:schemas-microsoft-com:xslt\">\n<head>\n<META http-equiv=\"Content-Type\" content=\"text/html\">\n<meta http-equiv=\"content-type\" content=\"text/html; charset=UTF-8\">\n</head>\n<body style=\"margin:0px 0px 0px 0px;overflow:auto;background:#FFFFFF;\">\n<table style=\"font-family:Arial,Verdana,Times;font-size:12px;text-align:left;width:100%;border-collapse:collapse;padding:3px 3px 3px 3px\">\n<tr style=\"text-align:center;font-weight:bold;background:#9CBCE2\">\n<td>Pacific:Antarctic</td>\n</tr>\n<tr>\n<td>\n<table style=\"font-family:Arial,Verdana,Times;font-size:12px;text-align:left;width:100%;border-spacing:0px; padding:3px 3px 3px 3px\">\n<tr>\n<td>NAME</td>\n<td>Pacific:Antarctic</td>\n</tr>\n<tr bgcolor=\"#D4E4F3\">\n<td>LABEL</td>\n<td>Transform Boundary</td>\n</tr>\n</table>\n</td>\n</tr>\n</table>\n</body>\n</html>", "LABEL": "Transform Boundary" }, "geometry": { "type": "MultiLineString", "coordinates": [ [ [ -111.269996643030595, -38.979000091181213, 0.0 ], [ -110.390998839924507, -38.986000061453637, 0.0 ] ] ] } },
{ "type": "Feature", "properties": { "Name": "Australian:Antarctic", "Description": "<html xmlns:fo=\"http://www.w3.org/1999/XSL/Format\" xmlns:msxsl=\"urn:schemas-microsoft-com:xslt\">\n<head>\n<META http-equiv=\"Content-Type\" content=\"text/html\">\n<meta http-equiv=\"content-type\" content=\"text/html; charset=UTF-8\">\n</head>\n<body style=\"margin:0px 0px 0px 0px;overflow:auto;background:#FFFFFF;\">\n<table style=\"font-family:Arial,Verdana,Times;font-size:12px;text-align:left;width:100%;border-collapse:collapse;padding:3px 3px 3px 3px\">\n<tr style=\"text-align:center;font-weight:bold;background:#9CBCE2\">\n<td>Australian:Antarctic</td>\n</tr>\n<tr>\n<td>\n<table style=\"font-family:Arial,Verdana,Times;font-size:12px;text-align:left;width:100%;border-spacing:0px; padding:3px 3px 3px 3px\">\n<tr>\n<td>NAME</td>\n<td>Australian:Antarctic</td>\n</tr>\n<tr bgcolor=\"#D4E4F3\">\n<td>LABEL</td>\n<td>Transform Boundary</td>\n</tr>\n</table>\n</td>\n</tr>\n</table>\n</body>\n</html>", "LABEL": "Transform Boundary" }, "geometry": { "type": "MultiLineString", "coordinates": [ [ [ 78.072998046722546, -39.005001068044812, 0.0 ], [ 78.528999328856003, -38.659000397050647, 0.0 ] ] ] } },
{ "type": "Feature", "properties": { "Name": "Australian:Antarctic", "Description": "<html xmlns:fo=\"http://www.w3.org/1999/XSL/Format\" xmlns:msxsl=\"urn:schemas-microsoft-com:xslt\">\n<head>\n<META http-equiv=\"Content-Type\" content=\"text/html\">\n<meta http-equiv=\"content-type\" content=\"text/html; charset=UTF-8\">\n</head>\n<body style=\"margin:0px 0px 0px 0px;overflow:auto;background:#FFFFFF;\">\n<table style=\"font-family:Arial,Verdana,Times;font-size:12px;text-align:left;width:100%;border-collapse:collapse;padding:3px 3px 3px 3px\">\n<tr style=\"text-align:center;font-weight:bold;background:#9CBCE2\">\n<td>Australian:Antarctic</td>\n</tr>\n<tr>\n<td>\n<table style=\"font-family:Arial,Verdana,Times;font-size:12px;text-align:left;width:100%;border-spacing:0px; padding:3px 3px 3px 3px\">\n<tr>\n<td>NAME</td>\n<td>Australian:Antarctic</td>\n</tr>\n<tr bgcolor=\"#D4E4F3\">\n<td>LABEL</td>\n<td>Transform Boundary</td>\n</tr>\n</table>\n</td>\n</tr>\n</table>\n</body>\n</html>", "LABEL": "Transform Boundary" }, "geometry": { "type": "MultiLineString", "coordinates": [ [ [ 78.001998901328307, -39.539001464945613, 0.0 ], [ 78.384002685775386, -39.262001037817583, 0.0 ] ] ] } },
{ "type": "Feature", "properties": { "Name": "African:South American", "Description": "<html xmlns:fo=\"http://www.w3.org/1999/XSL/Format\" xmlns:msxsl=\"urn:schemas-microsoft-com:xslt\">\n<head>\n<META http-equiv=\"Content-Type\" content=\"text/html\">\n<meta http-equiv=\"content-type\" content=\"text/html; charset=UTF-8\">\n</head>\n<body style=\"margin:0px 0px 0px 0px;overflow:auto;background:#FFFFFF;\">\n<table style=\"font-family:Arial,Verdana,Times;font-size:12px;text-align:left;width:100%;border-collapse:collapse;padding:3px 3px 3px 3px\">\n<tr style=\"text-align:center;font-weight:bold;background:#9CBCE2\">\n<td>African:South American</td>\n</tr>\n<tr>\n<td>\n<table style=\"font-family:Arial,Verdana,Times;font-size:12px;text-align:left;width:100%;border-spacing:0px; padding:3px 3px 3px 3px\">\n<tr>\n<td>NAME</td>\n<td>African:South American</td>\n</tr>\n<tr bgcolor=\"#D4E4F3\">\n<td>LABEL</td>\n<td>Transform Boundary</td>\n</tr>\n</table>\n</td>\n</tr>\n</table>\n</body>\n</html>", "LABEL": "Transform Boundary" }, "geometry": { "type": "MultiLineString", "coordinates": [ [ [ -16.415000915160078, -39.790000915210037, 0.0 ], [ -15.92199993135171, -39.680999755734092, 0.0 ] ] ] } },
{ "type": "Feature", "properties": { "Name": "African:Antarctic", "Description": "<html xmlns:fo=\"http://www.w3.org/1999/XSL/Format\" xmlns:msxsl=\"urn:schemas-microsoft-com:xslt\">\n<head>\n<META http-equiv=\"Content-Type\" content=\"text/html\">\n<meta http-equiv=\"content-type\" content=\"text/html; charset=UTF-8\">\n</head>\n<body style=\"margin:0px 0px 0px 0px;overflow:auto;background:#FFFFFF;\">\n<table style=\"font-family:Arial,Verdana,Times;font-size:12px;text-align:left;width:100%;border-collapse:collapse;padding:3px 3px 3px 3px\">\n<tr style=\"text-align:center;font-weight:bold;background:#9CBCE2\">\n<td>African:Antarctic</td>\n</tr>\n<tr>\n<td>\n<table style=\"font-family:Arial,Verdana,Times;font-size:12px;text-align:left;width:100%;border-spacing:0px; padding:3px 3px 3px 3px\">\n<tr>\n<td>NAME</td>\n<td>African:Antarctic</td>\n</tr>\n<tr bgcolor=\"#D4E4F3\">\n<td>LABEL</td>\n<td>Transform Boundary</td>\n</tr>\n</table>\n</td>\n</tr>\n</table>\n</body>\n</html>", "LABEL": "Transform Boundary" }, "geometry": { "type": "MultiLineString", "coordinates": [ [ [ 46.243999480791452, -38.869998931705311, 0.0 ], [ 46.159999847415072, -39.493999481490853, 0.0 ], [ 46.074001312510632, -40.118999481141088, 0.0 ] ] ] } },
{ "type": "Feature", "properties": { "Name": "Australian:Antarctic", "Description": "<html xmlns:fo=\"http://www.w3.org/1999/XSL/Format\" xmlns:msxsl=\"urn:schemas-microsoft-com:xslt\">\n<head>\n<META http-equiv=\"Content-Type\" content=\"text/html\">\n<meta http-equiv=\"content-type\" content=\"text/html; charset=UTF-8\">\n</head>\n<body style=\"margin:0px 0px 0px 0px;overflow:auto;background:#FFFFFF;\">\n<table style=\"font-family:Arial,Verdana,Times;font-size:12px;text-align:left;width:100%;border-collapse:collapse;padding:3px 3px 3px 3px\">\n<tr style=\"text-align:center;font-weight:bold;background:#9CBCE2\">\n<td>Australian:Antarctic</td>\n</tr>\n<tr>\n<td>\n<table style=\"font-family:Arial,Verdana,Times;font-size:12px;text-align:left;width:100%;border-spacing:0px; padding:3px 3px 3px 3px\">\n<tr>\n<td>NAME</td>\n<td>Australian:Antarctic</td>\n</tr>\n<tr bgcolor=\"#D4E4F3\">\n<td>LABEL</td>\n<td>Transform Boundary</td>\n</tr>\n</table>\n</td>\n</tr>\n</table>\n</body>\n</html>", "LABEL": "Transform Boundary" }, "geometry": { "type": "MultiLineString", "coordinates": [ [ [ 77.824996947850934, -40.326000213638913, 0.0 ], [ 78.425003052149179, -39.904998779270223, 0.0 ] ] ] } },
{ "type": "Feature", "properties": { "Name": "African:South American", "Description": "<html xmlns:fo=\"http://www.w3.org/1999/XSL/Format\" xmlns:msxsl=\"urn:schemas-microsoft-com:xslt\">\n<head>\n<META http-equiv=\"Content-Type\" content=\"text/html\">\n<meta http-equiv=\"content-type\" content=\"text/html; charset=UTF-8\">\n</head>\n<body style=\"margin:0px 0px 0px 0px;overflow:auto;background:#FFFFFF;\">\n<table style=\"font-family:Arial,Verdana,Times;font-size:12px;text-align:left;width:100%;border-collapse:collapse;padding:3px 3px 3px 3px\">\n<tr style=\"text-align:center;font-weight:bold;background:#9CBCE2\">\n<td>African:South American</td>\n</tr>\n<tr>\n<td>\n<table style=\"font-family:Arial,Verdana,Times;font-size:12px;text-align:left;width:100%;border-spacing:0px; padding:3px 3px 3px 3px\">\n<tr>\n<td>NAME</td>\n<td>African:South American</td>\n</tr>\n<tr bgcolor=\"#D4E4F3\">\n<td>LABEL</td>\n<td>Transform Boundary</td>\n</tr>\n</table>\n</td>\n</tr>\n</table>\n</body>\n</html>", "LABEL": "Transform Boundary" }, "geometry": { "type": "MultiLineString", "coordinates": [ [ [ -16.867000580212562, -40.366001129248673, 0.0 ], [ -16.46999931371732, -40.272998810047, 0.0 ] ] ] } },
{ "type": "Feature", "properties": { "Name": "African:Antarctic", "Description": "<html xmlns:fo=\"http://www.w3.org/1999/XSL/Format\" xmlns:msxsl=\"urn:schemas-microsoft-com:xslt\">\n<head>\n<META http-equiv=\"Content-Type\" content=\"text/html\">\n<meta http-equiv=\"content-type\" content=\"text/html; charset=UTF-8\">\n</head>\n<body style=\"margin:0px 0px 0px 0px;overflow:auto;background:#FFFFFF;\">\n<table style=\"font-family:Arial,Verdana,Times;font-size:12px;text-align:left;width:100%;border-collapse:collapse;padding:3px 3px 3px 3px\">\n<tr style=\"text-align:center;font-weight:bold;background:#9CBCE2\">\n<td>African:Antarctic</td>\n</tr>\n<tr>\n<td>\n<table style=\"font-family:Arial,Verdana,Times;font-size:12px;text-align:left;width:100%;border-spacing:0px; padding:3px 3px 3px 3px\">\n<tr>\n<td>NAME</td>\n<td>African:Antarctic</td>\n</tr>\n<tr bgcolor=\"#D4E4F3\">\n<td>LABEL</td>\n<td>Transform Boundary</td>\n</tr>\n</table>\n</td>\n</tr>\n</table>\n</body>\n</html>", "LABEL": "Transform Boundary" }, "geometry": { "type": "MultiLineString", "coordinates": [ [ [ 45.332000732347979, -40.109001159475902, 0.0 ], [ 45.30300140409156, -40.366001129248673, 0.0 ] ] ] } },
{ "type": "Feature", "properties": { "Name": "African:Antarctic", "Description": "<html xmlns:fo=\"http://www.w3.org/1999/XSL/Format\" xmlns:msxsl=\"urn:schemas-microsoft-com:xslt\">\n<head>\n<META http-equiv=\"Content-Type\" content=\"text/html\">\n<meta http-equiv=\"content-type\" content=\"text/html; charset=UTF-8\">\n</head>\n<body style=\"margin:0px 0px 0px 0px;overflow:auto;background:#FFFFFF;\">\n<table style=\"font-family:Arial,Verdana,Times;font-size:12px;text-align:left;width:100%;border-collapse:collapse;padding:3px 3px 3px 3px\">\n<tr style=\"text-align:center;font-weight:bold;background:#9CBCE2\">\n<td>African:Antarctic</td>\n</tr>\n<tr>\n<td>\n<table style=\"font-family:Arial,Verdana,Times;font-size:12px;text-align:left;width:100%;border-spacing:0px; padding:3px 3px 3px 3px\">\n<tr>\n<td>NAME</td>\n<td>African:Antarctic</td>\n</tr>\n<tr bgcolor=\"#D4E4F3\">\n<td>LABEL</td>\n<td>Transform Boundary</td>\n</tr>\n</table>\n</td>\n</tr>\n</table>\n</body>\n</html>", "LABEL": "Transform Boundary" }, "geometry": { "type": "MultiLineString", "coordinates": [ [ [ 44.715999603598902, -40.368999481540811, 0.0 ], [ 44.686000823679137, -40.691001892123552, 0.0 ] ] ] } },
{ "type": "Feature", "properties": { "Name": "African:Antarctic", "Description": "<html xmlns:fo=\"http://www.w3.org/1999/XSL/Format\" xmlns:msxsl=\"urn:schemas-microsoft-com:xslt\">\n<head>\n<META http-equiv=\"Content-Type\" content=\"text/html\">\n<meta http-equiv=\"content-type\" content=\"text/html; charset=UTF-8\">\n</head>\n<body style=\"margin:0px 0px 0px 0px;overflow:auto;background:#FFFFFF;\">\n<table style=\"font-family:Arial,Verdana,Times;font-size:12px;text-align:left;width:100%;border-collapse:collapse;padding:3px 3px 3px 3px\">\n<tr style=\"text-align:center;font-weight:bold;background:#9CBCE2\">\n<td>African:Antarctic</td>\n</tr>\n<tr>\n<td>\n<table style=\"font-family:Arial,Verdana,Times;font-size:12px;text-align:left;width:100%;border-spacing:0px; padding:3px 3px 3px 3px\">\n<tr>\n<td>NAME</td>\n<td>African:Antarctic</td>\n</tr>\n<tr bgcolor=\"#D4E4F3\">\n<td>LABEL</td>\n<td>Transform Boundary</td>\n</tr>\n</table>\n</td>\n</tr>\n</table>\n</body>\n</html>", "LABEL": "Transform Boundary" }, "geometry": { "type": "MultiLineString", "coordinates": [ [ [ 44.022998809947183, -40.671001434768357, 0.0 ], [ 44.008998871201022, -40.915000915659682, 0.0 ] ] ] } },
{ "type": "Feature", "properties": { "Name": "Antarctic:Nazca", "Description": "<html xmlns:fo=\"http://www.w3.org/1999/XSL/Format\" xmlns:msxsl=\"urn:schemas-microsoft-com:xslt\">\n<head>\n<META http-equiv=\"Content-Type\" content=\"text/html\">\n<meta http-equiv=\"content-type\" content=\"text/html; charset=UTF-8\">\n</head>\n<body style=\"margin:0px 0px 0px 0px;overflow:auto;background:#FFFFFF;\">\n<table style=\"font-family:Arial,Verdana,Times;font-size:12px;text-align:left;width:100%;border-collapse:collapse;padding:3px 3px 3px 3px\">\n<tr style=\"text-align:center;font-weight:bold;background:#9CBCE2\">\n<td>Antarctic:Nazca</td>\n</tr>\n<tr>\n<td>\n<table style=\"font-family:Arial,Verdana,Times;font-size:12px;text-align:left;width:100%;border-spacing:0px; padding:3px 3px 3px 3px\">\n<tr>\n<td>NAME</td>\n<td>Antarctic:Nazca</td>\n</tr>\n<tr bgcolor=\"#D4E4F3\">\n<td>LABEL</td>\n<td>Transform Boundary</td>\n</tr>\n</table>\n</td>\n</tr>\n</table>\n</body>\n</html>", "LABEL": "Transform Boundary" }, "geometry": { "type": "MultiLineString", "coordinates": [ [ [ -91.390998840124325, -41.103000640667013, 0.0 ], [ -90.738998412846456, -41.082000732547733, 0.0 ], [ -90.087997436332557, -41.057998657212238, 0.0 ] ] ] } },
{ "type": "Feature", "properties": { "Name": "Antarctic:Nazca", "Description": "<html xmlns:fo=\"http://www.w3.org/1999/XSL/Format\" xmlns:msxsl=\"urn:schemas-microsoft-com:xslt\">\n<head>\n<META http-equiv=\"Content-Type\" content=\"text/html\">\n<meta http-equiv=\"content-type\" content=\"text/html; charset=UTF-8\">\n</head>\n<body style=\"margin:0px 0px 0px 0px;overflow:auto;background:#FFFFFF;\">\n<table style=\"font-family:Arial,Verdana,Times;font-size:12px;text-align:left;width:100%;border-collapse:collapse;padding:3px 3px 3px 3px\">\n<tr style=\"text-align:center;font-weight:bold;background:#9CBCE2\">\n<td>Antarctic:Nazca</td>\n</tr>\n<tr>\n<td>\n<table style=\"font-family:Arial,Verdana,Times;font-size:12px;text-align:left;width:100%;border-spacing:0px; padding:3px 3px 3px 3px\">\n<tr>\n<td>NAME</td>\n<td>Antarctic:Nazca</td>\n</tr>\n<tr bgcolor=\"#D4E4F3\">\n<td>LABEL</td>\n<td>Transform Boundary</td>\n</tr>\n</table>\n</td>\n</tr>\n</table>\n</body>\n</html>", "LABEL": "Transform Boundary" }, "geometry": { "type": "MultiLineString", "coordinates": [ [ [ -90.054000854256003, -41.43199920659805, 0.0 ], [ -89.249999999600277, -41.377998352242123, 0.0 ], [ -88.446998596607898, -41.31900024406599, 0.0 ], [ -87.416999816887994, -41.272998809847138, 0.0 ] ] ] } },
{ "type": "Feature", "properties": { "Name": "Antarctic:Nazca", "Description": "<html xmlns:fo=\"http://www.w3.org/1999/XSL/Format\" xmlns:msxsl=\"urn:schemas-microsoft-com:xslt\">\n<head>\n<META http-equiv=\"Content-Type\" content=\"text/html\">\n<meta http-equiv=\"content-type\" content=\"text/html; charset=UTF-8\">\n</head>\n<body style=\"margin:0px 0px 0px 0px;overflow:auto;background:#FFFFFF;\">\n<table style=\"font-family:Arial,Verdana,Times;font-size:12px;text-align:left;width:100%;border-collapse:collapse;padding:3px 3px 3px 3px\">\n<tr style=\"text-align:center;font-weight:bold;background:#9CBCE2\">\n<td>Antarctic:Nazca</td>\n</tr>\n<tr>\n<td>\n<table style=\"font-family:Arial,Verdana,Times;font-size:12px;text-align:left;width:100%;border-spacing:0px; padding:3px 3px 3px 3px\">\n<tr>\n<td>NAME</td>\n<td>Antarctic:Nazca</td>\n</tr>\n<tr bgcolor=\"#D4E4F3\">\n<td>LABEL</td>\n<td>Transform Boundary</td>\n</tr>\n</table>\n</td>\n</tr>\n</table>\n</body>\n</html>", "LABEL": "Transform Boundary" }, "geometry": { "type": "MultiLineString", "coordinates": [ [ [ -87.335998534904434, -41.52099990871875, 0.0 ], [ -86.239997863610483, -41.393001556676438, 0.0 ], [ -85.148002624321634, -41.252998352491943, 0.0 ], [ -84.486999512117734, -41.191001892023678, 0.0 ], [ -83.827003478727534, -41.124999999550312, 0.0 ] ] ] } },
{ "type": "Feature", "properties": { "Name": "Australian:Antarctic", "Description": "<html xmlns:fo=\"http://www.w3.org/1999/XSL/Format\" xmlns:msxsl=\"urn:schemas-microsoft-com:xslt\">\n<head>\n<META http-equiv=\"Content-Type\" content=\"text/html\">\n<meta http-equiv=\"content-type\" content=\"text/html; charset=UTF-8\">\n</head>\n<body style=\"margin:0px 0px 0px 0px;overflow:auto;background:#FFFFFF;\">\n<table style=\"font-family:Arial,Verdana,Times;font-size:12px;text-align:left;width:100%;border-collapse:collapse;padding:3px 3px 3px 3px\">\n<tr style=\"text-align:center;font-weight:bold;background:#9CBCE2\">\n<td>Australian:Antarctic</td>\n</tr>\n<tr>\n<td>\n<table style=\"font-family:Arial,Verdana,Times;font-size:12px;text-align:left;width:100%;border-spacing:0px; padding:3px 3px 3px 3px\">\n<tr>\n<td>NAME</td>\n<td>Australian:Antarctic</td>\n</tr>\n<tr bgcolor=\"#D4E4F3\">\n<td>LABEL</td>\n<td>Transform Boundary</td>\n</tr>\n</table>\n</td>\n</tr>\n</table>\n</body>\n</html>", "LABEL": "Transform Boundary" }, "geometry": { "type": "MultiLineString", "coordinates": [ [ [ 80.931999206098567, -41.130001068294632, 0.0 ], [ 80.463996887646317, -41.512001037817583, 0.0 ], [ 79.989997863710471, -41.891998290888353, 0.0 ] ] ] } },
{ "type": "Feature", "properties": { "Name": "Australian:Antarctic", "Description": "<html xmlns:fo=\"http://www.w3.org/1999/XSL/Format\" xmlns:msxsl=\"urn:schemas-microsoft-com:xslt\">\n<head>\n<META http-equiv=\"Content-Type\" content=\"text/html\">\n<meta http-equiv=\"content-type\" content=\"text/html; charset=UTF-8\">\n</head>\n<body style=\"margin:0px 0px 0px 0px;overflow:auto;background:#FFFFFF;\">\n<table style=\"font-family:Arial,Verdana,Times;font-size:12px;text-align:left;width:100%;border-collapse:collapse;padding:3px 3px 3px 3px\">\n<tr style=\"text-align:center;font-weight:bold;background:#9CBCE2\">\n<td>Australian:Antarctic</td>\n</tr>\n<tr>\n<td>\n<table style=\"font-family:Arial,Verdana,Times;font-size:12px;text-align:left;width:100%;border-spacing:0px; padding:3px 3px 3px 3px\">\n<tr>\n<td>NAME</td>\n<td>Australian:Antarctic</td>\n</tr>\n<tr bgcolor=\"#D4E4F3\">\n<td>LABEL</td>\n<td>Transform Boundary</td>\n</tr>\n</table>\n</td>\n</tr>\n</table>\n</body>\n</html>", "LABEL": "Transform Boundary" }, "geometry": { "type": "MultiLineString", "coordinates": [ [ [ 88.487998962282347, -41.686000824078747, 0.0 ], [ 88.059997558540545, -41.997001648207458, 0.0 ] ] ] } },
{ "type": "Feature", "properties": { "Name": "Pacific:Antarctic", "Description": "<html xmlns:fo=\"http://www.w3.org/1999/XSL/Format\" xmlns:msxsl=\"urn:schemas-microsoft-com:xslt\">\n<head>\n<META http-equiv=\"Content-Type\" content=\"text/html\">\n<meta http-equiv=\"content-type\" content=\"text/html; charset=UTF-8\">\n</head>\n<body style=\"margin:0px 0px 0px 0px;overflow:auto;background:#FFFFFF;\">\n<table style=\"font-family:Arial,Verdana,Times;font-size:12px;text-align:left;width:100%;border-collapse:collapse;padding:3px 3px 3px 3px\">\n<tr style=\"text-align:center;font-weight:bold;background:#9CBCE2\">\n<td>Pacific:Antarctic</td>\n</tr>\n<tr>\n<td>\n<table style=\"font-family:Arial,Verdana,Times;font-size:12px;text-align:left;width:100%;border-spacing:0px; padding:3px 3px 3px 3px\">\n<tr>\n<td>NAME</td>\n<td>Pacific:Antarctic</td>\n</tr>\n<tr bgcolor=\"#D4E4F3\">\n<td>LABEL</td>\n<td>Transform Boundary</td>\n</tr>\n</table>\n</td>\n</tr>\n</table>\n</body>\n</html>", "LABEL": "Transform Boundary" }, "geometry": { "type": "MultiLineString", "coordinates": [ [ [ -110.954002380005804, -42.249000549235923, 0.0 ], [ -111.348999023486101, -42.200000762724983, 0.0 ] ] ] } },
{ "type": "Feature", "properties": { "Name": "African:Antarctic", "Description": "<html xmlns:fo=\"http://www.w3.org/1999/XSL/Format\" xmlns:msxsl=\"urn:schemas-microsoft-com:xslt\">\n<head>\n<META http-equiv=\"Content-Type\" content=\"text/html\">\n<meta http-equiv=\"content-type\" content=\"text/html; charset=UTF-8\">\n</head>\n<body style=\"margin:0px 0px 0px 0px;overflow:auto;background:#FFFFFF;\">\n<table style=\"font-family:Arial,Verdana,Times;font-size:12px;text-align:left;width:100%;border-collapse:collapse;padding:3px 3px 3px 3px\">\n<tr style=\"text-align:center;font-weight:bold;background:#9CBCE2\">\n<td>African:Antarctic</td>\n</tr>\n<tr>\n<td>\n<table style=\"font-family:Arial,Verdana,Times;font-size:12px;text-align:left;width:100%;border-spacing:0px; padding:3px 3px 3px 3px\">\n<tr>\n<td>NAME</td>\n<td>African:Antarctic</td>\n</tr>\n<tr bgcolor=\"#D4E4F3\">\n<td>LABEL</td>\n<td>Transform Boundary</td>\n</tr>\n</table>\n</td>\n</tr>\n</table>\n</body>\n</html>", "LABEL": "Transform Boundary" }, "geometry": { "type": "MultiLineString", "coordinates": [ [ [ 42.873001098322113, -40.849998473950393, 0.0 ], [ 42.773998260511348, -41.319999694830017, 0.0 ], [ 42.673999785961428, -41.790000915709641, 0.0 ], [ 42.571998595858588, -42.259998321665194, 0.0 ], [ 42.469001769915792, -42.729999542544817, 0.0 ] ] ] } },
{ "type": "Feature", "properties": { "Name": "Australian:Antarctic", "Description": "<html xmlns:fo=\"http://www.w3.org/1999/XSL/Format\" xmlns:msxsl=\"urn:schemas-microsoft-com:xslt\">\n<head>\n<META http-equiv=\"Content-Type\" content=\"text/html\">\n<meta http-equiv=\"content-type\" content=\"text/html; charset=UTF-8\">\n</head>\n<body style=\"margin:0px 0px 0px 0px;overflow:auto;background:#FFFFFF;\">\n<table style=\"font-family:Arial,Verdana,Times;font-size:12px;text-align:left;width:100%;border-collapse:collapse;padding:3px 3px 3px 3px\">\n<tr style=\"text-align:center;font-weight:bold;background:#9CBCE2\">\n<td>Australian:Antarctic</td>\n</tr>\n<tr>\n<td>\n<table style=\"font-family:Arial,Verdana,Times;font-size:12px;text-align:left;width:100%;border-spacing:0px; padding:3px 3px 3px 3px\">\n<tr>\n<td>NAME</td>\n<td>Australian:Antarctic</td>\n</tr>\n<tr bgcolor=\"#D4E4F3\">\n<td>LABEL</td>\n<td>Transform Boundary</td>\n</tr>\n</table>\n</td>\n</tr>\n</table>\n</body>\n</html>", "LABEL": "Transform Boundary" }, "geometry": { "type": "MultiLineString", "coordinates": [ [ [ 85.859001159975605, -40.833999633676122, 0.0 ], [ 85.466003418023377, -41.180000305569592, 0.0 ], [ 85.06999969483013, -41.525001525799723, 0.0 ], [ 84.668998717816635, -41.868000030476992, 0.0 ], [ 84.263000487882266, -42.209999084390176, 0.0 ], [ 83.852996825942796, -42.550998687539327, 0.0 ], [ 83.439002990795473, -42.889999390059756, 0.0 ] ] ] } },
{ "type": "Feature", "properties": { "Name": "Antarctic:Nazca", "Description": "<html xmlns:fo=\"http://www.w3.org/1999/XSL/Format\" xmlns:msxsl=\"urn:schemas-microsoft-com:xslt\">\n<head>\n<META http-equiv=\"Content-Type\" content=\"text/html\">\n<meta http-equiv=\"content-type\" content=\"text/html; charset=UTF-8\">\n</head>\n<body style=\"margin:0px 0px 0px 0px;overflow:auto;background:#FFFFFF;\">\n<table style=\"font-family:Arial,Verdana,Times;font-size:12px;text-align:left;width:100%;border-collapse:collapse;padding:3px 3px 3px 3px\">\n<tr style=\"text-align:center;font-weight:bold;background:#9CBCE2\">\n<td>Antarctic:Nazca</td>\n</tr>\n<tr>\n<td>\n<table style=\"font-family:Arial,Verdana,Times;font-size:12px;text-align:left;width:100%;border-spacing:0px; padding:3px 3px 3px 3px\">\n<tr>\n<td>NAME</td>\n<td>Antarctic:Nazca</td>\n</tr>\n<tr bgcolor=\"#D4E4F3\">\n<td>LABEL</td>\n<td>Transform Boundary</td>\n</tr>\n</table>\n</td>\n</tr>\n</table>\n</body>\n</html>", "LABEL": "Transform Boundary" }, "geometry": { "type": "MultiLineString", "coordinates": [ [ [ -83.447998046572536, -42.980998992809248, 0.0 ], [ -82.509002685425571, -42.861000060904018, 0.0 ] ] ] } },
{ "type": "Feature", "properties": { "Name": "African:Antarctic", "Description": "<html xmlns:fo=\"http://www.w3.org/1999/XSL/Format\" xmlns:msxsl=\"urn:schemas-microsoft-com:xslt\">\n<head>\n<META http-equiv=\"Content-Type\" content=\"text/html\">\n<meta http-equiv=\"content-type\" content=\"text/html; charset=UTF-8\">\n</head>\n<body style=\"margin:0px 0px 0px 0px;overflow:auto;background:#FFFFFF;\">\n<table style=\"font-family:Arial,Verdana,Times;font-size:12px;text-align:left;width:100%;border-collapse:collapse;padding:3px 3px 3px 3px\">\n<tr style=\"text-align:center;font-weight:bold;background:#9CBCE2\">\n<td>African:Antarctic</td>\n</tr>\n<tr>\n<td>\n<table style=\"font-family:Arial,Verdana,Times;font-size:12px;text-align:left;width:100%;border-spacing:0px; padding:3px 3px 3px 3px\">\n<tr>\n<td>NAME</td>\n<td>African:Antarctic</td>\n</tr>\n<tr bgcolor=\"#D4E4F3\">\n<td>LABEL</td>\n<td>Transform Boundary</td>\n</tr>\n</table>\n</td>\n</tr>\n</table>\n</body>\n</html>", "LABEL": "Transform Boundary" }, "geometry": { "type": "MultiLineString", "coordinates": [ [ [ 41.812000274792922, -42.654998779170292, 0.0 ], [ 41.686000824278672, -43.117000579912769, 0.0 ], [ 41.557998657312233, -43.578998565731183, 0.0 ] ] ] } },
{ "type": "Feature", "properties": { "Name": "Pacific:Australian", "Description": "<html xmlns:fo=\"http://www.w3.org/1999/XSL/Format\" xmlns:msxsl=\"urn:schemas-microsoft-com:xslt\">\n<head>\n<META http-equiv=\"Content-Type\" content=\"text/html\">\n<meta http-equiv=\"content-type\" content=\"text/html; charset=UTF-8\">\n</head>\n<body style=\"margin:0px 0px 0px 0px;overflow:auto;background:#FFFFFF;\">\n<table style=\"font-family:Arial,Verdana,Times;font-size:12px;text-align:left;width:100%;border-collapse:collapse;padding:3px 3px 3px 3px\">\n<tr style=\"text-align:center;font-weight:bold;background:#9CBCE2\">\n<td>Pacific:Australian</td>\n</tr>\n<tr>\n<td>\n<table style=\"font-family:Arial,Verdana,Times;font-size:12px;text-align:left;width:100%;border-spacing:0px; padding:3px 3px 3px 3px\">\n<tr>\n<td>NAME</td>\n<td>Pacific:Australian</td>\n</tr>\n<tr bgcolor=\"#D4E4F3\">\n<td>LABEL</td>\n<td>Transform Boundary</td>\n</tr>\n</table>\n</td>\n</tr>\n</table>\n</body>\n</html>", "LABEL": "Transform Boundary" }, "geometry": { "type": "MultiLineString", "coordinates": [ [ [ 174.575225668829603, -42.17447226628201, 0.0 ], [ 173.033066026276202, -42.355629602024457, 0.0 ], [ 171.551307609658608, -42.64506315284217, 0.0 ], [ 170.869094192942697, -42.93228586340183, 0.0 ], [ 169.453839632593002, -43.695388401353632, 0.0 ], [ 168.175279381937997, -44.385976894917746, 0.0 ], [ 166.988099883802704, -45.184726615340992, 0.0 ] ] ] } },
{ "type": "Feature", "properties": { "Name": "African:Antarctic", "Description": "<html xmlns:fo=\"http://www.w3.org/1999/XSL/Format\" xmlns:msxsl=\"urn:schemas-microsoft-com:xslt\">\n<head>\n<META http-equiv=\"Content-Type\" content=\"text/html\">\n<meta http-equiv=\"content-type\" content=\"text/html; charset=UTF-8\">\n</head>\n<body style=\"margin:0px 0px 0px 0px;overflow:auto;background:#FFFFFF;\">\n<table style=\"font-family:Arial,Verdana,Times;font-size:12px;text-align:left;width:100%;border-collapse:collapse;padding:3px 3px 3px 3px\">\n<tr style=\"text-align:center;font-weight:bold;background:#9CBCE2\">\n<td>African:Antarctic</td>\n</tr>\n<tr>\n<td>\n<table style=\"font-family:Arial,Verdana,Times;font-size:12px;text-align:left;width:100%;border-spacing:0px; padding:3px 3px 3px 3px\">\n<tr>\n<td>NAME</td>\n<td>African:Antarctic</td>\n</tr>\n<tr bgcolor=\"#D4E4F3\">\n<td>LABEL</td>\n<td>Transform Boundary</td>\n</tr>\n</table>\n</td>\n</tr>\n</table>\n</body>\n</html>", "LABEL": "Transform Boundary" }, "geometry": { "type": "MultiLineString", "coordinates": [ [ [ 39.458999633925998, -43.285999298328932, 0.0 ], [ 39.266998290938432, -43.72600173928879, 0.0 ], [ 39.073001861346881, -44.165000915459807, 0.0 ] ] ] } },
{ "type": "Feature", "properties": { "Name": "African:Antarctic", "Description": "<html xmlns:fo=\"http://www.w3.org/1999/XSL/Format\" xmlns:msxsl=\"urn:schemas-microsoft-com:xslt\">\n<head>\n<META http-equiv=\"Content-Type\" content=\"text/html\">\n<meta http-equiv=\"content-type\" content=\"text/html; charset=UTF-8\">\n</head>\n<body style=\"margin:0px 0px 0px 0px;overflow:auto;background:#FFFFFF;\">\n<table style=\"font-family:Arial,Verdana,Times;font-size:12px;text-align:left;width:100%;border-collapse:collapse;padding:3px 3px 3px 3px\">\n<tr style=\"text-align:center;font-weight:bold;background:#9CBCE2\">\n<td>African:Antarctic</td>\n</tr>\n<tr>\n<td>\n<table style=\"font-family:Arial,Verdana,Times;font-size:12px;text-align:left;width:100%;border-spacing:0px; padding:3px 3px 3px 3px\">\n<tr>\n<td>NAME</td>\n<td>African:Antarctic</td>\n</tr>\n<tr bgcolor=\"#D4E4F3\">\n<td>LABEL</td>\n<td>Transform Boundary</td>\n</tr>\n</table>\n</td>\n</tr>\n</table>\n</body>\n</html>", "LABEL": "Transform Boundary" }, "geometry": { "type": "MultiLineString", "coordinates": [ [ [ 38.33800125145666, -44.055000305219892, 0.0 ], [ 38.194000244215943, -44.40100097621405, 0.0 ], [ 38.083000183211936, -44.618999481141088, 0.0 ] ] ] } },
{ "type": "Feature", "properties": { "Name": "Australian:Antarctic", "Description": "<html xmlns:fo=\"http://www.w3.org/1999/XSL/Format\" xmlns:msxsl=\"urn:schemas-microsoft-com:xslt\">\n<head>\n<META http-equiv=\"Content-Type\" content=\"text/html\">\n<meta http-equiv=\"content-type\" content=\"text/html; charset=UTF-8\">\n</head>\n<body style=\"margin:0px 0px 0px 0px;overflow:auto;background:#FFFFFF;\">\n<table style=\"font-family:Arial,Verdana,Times;font-size:12px;text-align:left;width:100%;border-collapse:collapse;padding:3px 3px 3px 3px\">\n<tr style=\"text-align:center;font-weight:bold;background:#9CBCE2\">\n<td>Australian:Antarctic</td>\n</tr>\n<tr>\n<td>\n<table style=\"font-family:Arial,Verdana,Times;font-size:12px;text-align:left;width:100%;border-spacing:0px; padding:3px 3px 3px 3px\">\n<tr>\n<td>NAME</td>\n<td>Australian:Antarctic</td>\n</tr>\n<tr bgcolor=\"#D4E4F3\">\n<td>LABEL</td>\n<td>Transform Boundary</td>\n</tr>\n</table>\n</td>\n</tr>\n</table>\n</body>\n</html>", "LABEL": "Transform Boundary" }, "geometry": { "type": "MultiLineString", "coordinates": [ [ [ 94.926002502313679, -44.805000305519627, 0.0 ], [ 95.040000915609824, -44.618999481141088, 0.0 ] ] ] } },
{ "type": "Feature", "properties": { "Name": "Antarctic:Nazca", "Description": "<html xmlns:fo=\"http://www.w3.org/1999/XSL/Format\" xmlns:msxsl=\"urn:schemas-microsoft-com:xslt\">\n<head>\n<META http-equiv=\"Content-Type\" content=\"text/html\">\n<meta http-equiv=\"content-type\" content=\"text/html; charset=UTF-8\">\n</head>\n<body style=\"margin:0px 0px 0px 0px;overflow:auto;background:#FFFFFF;\">\n<table style=\"font-family:Arial,Verdana,Times;font-size:12px;text-align:left;width:100%;border-collapse:collapse;padding:3px 3px 3px 3px\">\n<tr style=\"text-align:center;font-weight:bold;background:#9CBCE2\">\n<td>Antarctic:Nazca</td>\n</tr>\n<tr>\n<td>\n<table style=\"font-family:Arial,Verdana,Times;font-size:12px;text-align:left;width:100%;border-spacing:0px; padding:3px 3px 3px 3px\">\n<tr>\n<td>NAME</td>\n<td>Antarctic:Nazca</td>\n</tr>\n<tr bgcolor=\"#D4E4F3\">\n<td>LABEL</td>\n<td>Transform Boundary</td>\n</tr>\n</table>\n</td>\n</tr>\n</table>\n</body>\n</html>", "LABEL": "Transform Boundary" }, "geometry": { "type": "MultiLineString", "coordinates": [ [ [ -81.934997558890188, -44.964000702270539, 0.0 ], [ -81.106002807983145, -44.875999450913874, 0.0 ], [ -80.280998230284069, -44.782001494972967, 0.0 ], [ -79.585998535104295, -44.666000366123967, 0.0 ], [ -78.892997741452575, -44.544998168530583, 0.0 ], [ -78.206001281334011, -44.410999297879243, 0.0 ] ] ] } },
{ "type": "Feature", "properties": { "Name": "African:South American", "Description": "<html xmlns:fo=\"http://www.w3.org/1999/XSL/Format\" xmlns:msxsl=\"urn:schemas-microsoft-com:xslt\">\n<head>\n<META http-equiv=\"Content-Type\" content=\"text/html\">\n<meta http-equiv=\"content-type\" content=\"text/html; charset=UTF-8\">\n</head>\n<body style=\"margin:0px 0px 0px 0px;overflow:auto;background:#FFFFFF;\">\n<table style=\"font-family:Arial,Verdana,Times;font-size:12px;text-align:left;width:100%;border-collapse:collapse;padding:3px 3px 3px 3px\">\n<tr style=\"text-align:center;font-weight:bold;background:#9CBCE2\">\n<td>African:South American</td>\n</tr>\n<tr>\n<td>\n<table style=\"font-family:Arial,Verdana,Times;font-size:12px;text-align:left;width:100%;border-spacing:0px; padding:3px 3px 3px 3px\">\n<tr>\n<td>NAME</td>\n<td>African:South American</td>\n</tr>\n<tr bgcolor=\"#D4E4F3\">\n<td>LABEL</td>\n<td>Transform Boundary</td>\n</tr>\n</table>\n</td>\n</tr>\n</table>\n</body>\n</html>", "LABEL": "Transform Boundary" }, "geometry": { "type": "MultiLineString", "coordinates": [ [ [ -14.894000053159861, -45.370998382968942, 0.0 ], [ -15.593999862903329, -45.476001739388721, 0.0 ] ] ] } },
{ "type": "Feature", "properties": { "Name": "Antarctic:Nazca", "Description": "<html xmlns:fo=\"http://www.w3.org/1999/XSL/Format\" xmlns:msxsl=\"urn:schemas-microsoft-com:xslt\">\n<head>\n<META http-equiv=\"Content-Type\" content=\"text/html\">\n<meta http-equiv=\"content-type\" content=\"text/html; charset=UTF-8\">\n</head>\n<body style=\"margin:0px 0px 0px 0px;overflow:auto;background:#FFFFFF;\">\n<table style=\"font-family:Arial,Verdana,Times;font-size:12px;text-align:left;width:100%;border-collapse:collapse;padding:3px 3px 3px 3px\">\n<tr style=\"text-align:center;font-weight:bold;background:#9CBCE2\">\n<td>Antarctic:Nazca</td>\n</tr>\n<tr>\n<td>\n<table style=\"font-family:Arial,Verdana,Times;font-size:12px;text-align:left;width:100%;border-spacing:0px; padding:3px 3px 3px 3px\">\n<tr>\n<td>NAME</td>\n<td>Antarctic:Nazca</td>\n</tr>\n<tr bgcolor=\"#D4E4F3\">\n<td>LABEL</td>\n<td>Transform Boundary</td>\n</tr>\n</table>\n</td>\n</tr>\n</table>\n</body>\n</html>", "LABEL": "Transform Boundary" }, "geometry": { "type": "MultiLineString", "coordinates": [ [ [ -77.661003112903302, -45.761001586653833, 0.0 ], [ -76.67500305184933, -45.643001556276772, 0.0 ], [ -76.0059967036849, -45.659000396550987, 0.0 ] ] ] } },
{ "type": "Feature", "properties": { "Name": "Pacific:Antarctic", "Description": "<html xmlns:fo=\"http://www.w3.org/1999/XSL/Format\" xmlns:msxsl=\"urn:schemas-microsoft-com:xslt\">\n<head>\n<META http-equiv=\"Content-Type\" content=\"text/html\">\n<meta http-equiv=\"content-type\" content=\"text/html; charset=UTF-8\">\n</head>\n<body style=\"margin:0px 0px 0px 0px;overflow:auto;background:#FFFFFF;\">\n<table style=\"font-family:Arial,Verdana,Times;font-size:12px;text-align:left;width:100%;border-collapse:collapse;padding:3px 3px 3px 3px\">\n<tr style=\"text-align:center;font-weight:bold;background:#9CBCE2\">\n<td>Pacific:Antarctic</td>\n</tr>\n<tr>\n<td>\n<table style=\"font-family:Arial,Verdana,Times;font-size:12px;text-align:left;width:100%;border-spacing:0px; padding:3px 3px 3px 3px\">\n<tr>\n<td>NAME</td>\n<td>Pacific:Antarctic</td>\n</tr>\n<tr bgcolor=\"#D4E4F3\">\n<td>LABEL</td>\n<td>Transform Boundary</td>\n</tr>\n</table>\n</td>\n</tr>\n</table>\n</body>\n</html>", "LABEL": "Transform Boundary" }, "geometry": { "type": "MultiLineString", "coordinates": [ [ [ -112.675003051849302, -45.833000182812157, 0.0 ], [ -112.426002502213706, -45.854000091830763, 0.0 ] ] ] } },
{ "type": "Feature", "properties": { "Name": "African:South American", "Description": "<html xmlns:fo=\"http://www.w3.org/1999/XSL/Format\" xmlns:msxsl=\"urn:schemas-microsoft-com:xslt\">\n<head>\n<META http-equiv=\"Content-Type\" content=\"text/html\">\n<meta http-equiv=\"content-type\" content=\"text/html; charset=UTF-8\">\n</head>\n<body style=\"margin:0px 0px 0px 0px;overflow:auto;background:#FFFFFF;\">\n<table style=\"font-family:Arial,Verdana,Times;font-size:12px;text-align:left;width:100%;border-collapse:collapse;padding:3px 3px 3px 3px\">\n<tr style=\"text-align:center;font-weight:bold;background:#9CBCE2\">\n<td>African:South American</td>\n</tr>\n<tr>\n<td>\n<table style=\"font-family:Arial,Verdana,Times;font-size:12px;text-align:left;width:100%;border-spacing:0px; padding:3px 3px 3px 3px\">\n<tr>\n<td>NAME</td>\n<td>African:South American</td>\n</tr>\n<tr bgcolor=\"#D4E4F3\">\n<td>LABEL</td>\n<td>Transform Boundary</td>\n</tr>\n</table>\n</td>\n</tr>\n</table>\n</body>\n</html>", "LABEL": "Transform Boundary" }, "geometry": { "type": "MultiLineString", "coordinates": [ [ [ -13.810000419983339, -45.797000885182683, 0.0 ], [ -14.71500015233511, -45.897998809597368, 0.0 ] ] ] } },
{ "type": "Feature", "properties": { "Name": "African:Antarctic", "Description": "<html xmlns:fo=\"http://www.w3.org/1999/XSL/Format\" xmlns:msxsl=\"urn:schemas-microsoft-com:xslt\">\n<head>\n<META http-equiv=\"Content-Type\" content=\"text/html\">\n<meta http-equiv=\"content-type\" content=\"text/html; charset=UTF-8\">\n</head>\n<body style=\"margin:0px 0px 0px 0px;overflow:auto;background:#FFFFFF;\">\n<table style=\"font-family:Arial,Verdana,Times;font-size:12px;text-align:left;width:100%;border-collapse:collapse;padding:3px 3px 3px 3px\">\n<tr style=\"text-align:center;font-weight:bold;background:#9CBCE2\">\n<td>African:Antarctic</td>\n</tr>\n<tr>\n<td>\n<table style=\"font-family:Arial,Verdana,Times;font-size:12px;text-align:left;width:100%;border-spacing:0px; padding:3px 3px 3px 3px\">\n<tr>\n<td>NAME</td>\n<td>African:Antarctic</td>\n</tr>\n<tr bgcolor=\"#D4E4F3\">\n<td>LABEL</td>\n<td>Transform Boundary</td>\n</tr>\n</table>\n</td>\n</tr>\n</table>\n</body>\n</html>", "LABEL": "Transform Boundary" }, "geometry": { "type": "MultiLineString", "coordinates": [ [ [ 35.013999939046023, -45.105998993059018, 0.0 ], [ 34.868000030277237, -45.46599960369872, 0.0 ], [ 34.703998565681331, -45.97100067144379, 0.0 ] ] ] } },
{ "type": "Feature", "properties": { "Name": "Australian:Antarctic", "Description": "<html xmlns:fo=\"http://www.w3.org/1999/XSL/Format\" xmlns:msxsl=\"urn:schemas-microsoft-com:xslt\">\n<head>\n<META http-equiv=\"Content-Type\" content=\"text/html\">\n<meta http-equiv=\"content-type\" content=\"text/html; charset=UTF-8\">\n</head>\n<body style=\"margin:0px 0px 0px 0px;overflow:auto;background:#FFFFFF;\">\n<table style=\"font-family:Arial,Verdana,Times;font-size:12px;text-align:left;width:100%;border-collapse:collapse;padding:3px 3px 3px 3px\">\n<tr style=\"text-align:center;font-weight:bold;background:#9CBCE2\">\n<td>Australian:Antarctic</td>\n</tr>\n<tr>\n<td>\n<table style=\"font-family:Arial,Verdana,Times;font-size:12px;text-align:left;width:100%;border-spacing:0px; padding:3px 3px 3px 3px\">\n<tr>\n<td>NAME</td>\n<td>Australian:Antarctic</td>\n</tr>\n<tr bgcolor=\"#D4E4F3\">\n<td>LABEL</td>\n<td>Transform Boundary</td>\n</tr>\n</table>\n</td>\n</tr>\n</table>\n</body>\n</html>", "LABEL": "Transform Boundary" }, "geometry": { "type": "MultiLineString", "coordinates": [ [ [ 95.842002868737438, -46.520000457854792, 0.0 ], [ 96.274002075535407, -45.995998382619227, 0.0 ], [ 96.697998047272108, -45.47100067154372, 0.0 ] ] ] } },
{ "type": "Feature", "properties": { "Name": "African:Antarctic", "Description": "<html xmlns:fo=\"http://www.w3.org/1999/XSL/Format\" xmlns:msxsl=\"urn:schemas-microsoft-com:xslt\">\n<head>\n<META http-equiv=\"Content-Type\" content=\"text/html\">\n<meta http-equiv=\"content-type\" content=\"text/html; charset=UTF-8\">\n</head>\n<body style=\"margin:0px 0px 0px 0px;overflow:auto;background:#FFFFFF;\">\n<table style=\"font-family:Arial,Verdana,Times;font-size:12px;text-align:left;width:100%;border-collapse:collapse;padding:3px 3px 3px 3px\">\n<tr style=\"text-align:center;font-weight:bold;background:#9CBCE2\">\n<td>African:Antarctic</td>\n</tr>\n<tr>\n<td>\n<table style=\"font-family:Arial,Verdana,Times;font-size:12px;text-align:left;width:100%;border-spacing:0px; padding:3px 3px 3px 3px\">\n<tr>\n<td>NAME</td>\n<td>African:Antarctic</td>\n</tr>\n<tr bgcolor=\"#D4E4F3\">\n<td>LABEL</td>\n<td>Transform Boundary</td>\n</tr>\n</table>\n</td>\n</tr>\n</table>\n</body>\n</html>", "LABEL": "Transform Boundary" }, "geometry": { "type": "MultiLineString", "coordinates": [ [ [ 33.540000915310031, -46.346000671593693, 0.0 ], [ 33.359001159675813, -46.805999755883988, 0.0 ], [ 33.173999786061302, -47.263999938646243, 0.0 ] ] ] } },
{ "type": "Feature", "properties": { "Name": "African:South American", "Description": "<html xmlns:fo=\"http://www.w3.org/1999/XSL/Format\" xmlns:msxsl=\"urn:schemas-microsoft-com:xslt\">\n<head>\n<META http-equiv=\"Content-Type\" content=\"text/html\">\n<meta http-equiv=\"content-type\" content=\"text/html; charset=UTF-8\">\n</head>\n<body style=\"margin:0px 0px 0px 0px;overflow:auto;background:#FFFFFF;\">\n<table style=\"font-family:Arial,Verdana,Times;font-size:12px;text-align:left;width:100%;border-collapse:collapse;padding:3px 3px 3px 3px\">\n<tr style=\"text-align:center;font-weight:bold;background:#9CBCE2\">\n<td>African:South American</td>\n</tr>\n<tr>\n<td>\n<table style=\"font-family:Arial,Verdana,Times;font-size:12px;text-align:left;width:100%;border-spacing:0px; padding:3px 3px 3px 3px\">\n<tr>\n<td>NAME</td>\n<td>African:South American</td>\n</tr>\n<tr bgcolor=\"#D4E4F3\">\n<td>LABEL</td>\n<td>Transform Boundary</td>\n</tr>\n</table>\n</td>\n</tr>\n</table>\n</body>\n</html>", "LABEL": "Transform Boundary" }, "geometry": { "type": "MultiLineString", "coordinates": [ [ [ -10.482999801999201, -47.125999450913874, 0.0 ], [ -11.18900012945238, -47.244998932055012, 0.0 ], [ -11.897999763378319, -47.361000060904018, 0.0 ], [ -12.6099996570585, -47.471000671143997, 0.0 ], [ -13.324999809593461, -47.577999115067087, 0.0 ] ] ] } },
{ "type": "Feature", "properties": { "Name": "Australian:Antarctic", "Description": "<html xmlns:fo=\"http://www.w3.org/1999/XSL/Format\" xmlns:msxsl=\"urn:schemas-microsoft-com:xslt\">\n<head>\n<META http-equiv=\"Content-Type\" content=\"text/html\">\n<meta http-equiv=\"content-type\" content=\"text/html; charset=UTF-8\">\n</head>\n<body style=\"margin:0px 0px 0px 0px;overflow:auto;background:#FFFFFF;\">\n<table style=\"font-family:Arial,Verdana,Times;font-size:12px;text-align:left;width:100%;border-collapse:collapse;padding:3px 3px 3px 3px\">\n<tr style=\"text-align:center;font-weight:bold;background:#9CBCE2\">\n<td>Australian:Antarctic</td>\n</tr>\n<tr>\n<td>\n<table style=\"font-family:Arial,Verdana,Times;font-size:12px;text-align:left;width:100%;border-spacing:0px; padding:3px 3px 3px 3px\">\n<tr>\n<td>NAME</td>\n<td>Australian:Antarctic</td>\n</tr>\n<tr bgcolor=\"#D4E4F3\">\n<td>LABEL</td>\n<td>Transform Boundary</td>\n</tr>\n</table>\n</td>\n</tr>\n</table>\n</body>\n</html>", "LABEL": "Transform Boundary" }, "geometry": { "type": "MultiLineString", "coordinates": [ [ [ 100.202003478577794, -47.265998840174291, 0.0 ], [ 99.624000548986203, -47.978000641316498, 0.0 ] ] ] } },
{ "type": "Feature", "properties": { "Name": "African:Antarctic", "Description": "<html xmlns:fo=\"http://www.w3.org/1999/XSL/Format\" xmlns:msxsl=\"urn:schemas-microsoft-com:xslt\">\n<head>\n<META http-equiv=\"Content-Type\" content=\"text/html\">\n<meta http-equiv=\"content-type\" content=\"text/html; charset=UTF-8\">\n</head>\n<body style=\"margin:0px 0px 0px 0px;overflow:auto;background:#FFFFFF;\">\n<table style=\"font-family:Arial,Verdana,Times;font-size:12px;text-align:left;width:100%;border-collapse:collapse;padding:3px 3px 3px 3px\">\n<tr style=\"text-align:center;font-weight:bold;background:#9CBCE2\">\n<td>African:Antarctic</td>\n</tr>\n<tr>\n<td>\n<table style=\"font-family:Arial,Verdana,Times;font-size:12px;text-align:left;width:100%;border-spacing:0px; padding:3px 3px 3px 3px\">\n<tr>\n<td>NAME</td>\n<td>African:Antarctic</td>\n</tr>\n<tr bgcolor=\"#D4E4F3\">\n<td>LABEL</td>\n<td>Transform Boundary</td>\n</tr>\n</table>\n</td>\n</tr>\n</table>\n</body>\n</html>", "LABEL": "Transform Boundary" }, "geometry": { "type": "MultiLineString", "coordinates": [ [ [ 30.70499992380746, -49.011001587353348, 0.0 ], [ 31.007999420337061, -48.587001800692519, 0.0 ], [ 31.30599975558431, -48.162998199107562, 0.0 ], [ 31.587999343994571, -47.681999206697981, 0.0 ], [ 31.864999771122601, -47.201000213389079, 0.0 ] ] ] } },
{ "type": "Feature", "properties": { "Name": "Australian:Antarctic", "Description": "<html xmlns:fo=\"http://www.w3.org/1999/XSL/Format\" xmlns:msxsl=\"urn:schemas-microsoft-com:xslt\">\n<head>\n<META http-equiv=\"Content-Type\" content=\"text/html\">\n<meta http-equiv=\"content-type\" content=\"text/html; charset=UTF-8\">\n</head>\n<body style=\"margin:0px 0px 0px 0px;overflow:auto;background:#FFFFFF;\">\n<table style=\"font-family:Arial,Verdana,Times;font-size:12px;text-align:left;width:100%;border-collapse:collapse;padding:3px 3px 3px 3px\">\n<tr style=\"text-align:center;font-weight:bold;background:#9CBCE2\">\n<td>Australian:Antarctic</td>\n</tr>\n<tr>\n<td>\n<table style=\"font-family:Arial,Verdana,Times;font-size:12px;text-align:left;width:100%;border-spacing:0px; padding:3px 3px 3px 3px\">\n<tr>\n<td>NAME</td>\n<td>Australian:Antarctic</td>\n</tr>\n<tr bgcolor=\"#D4E4F3\">\n<td>LABEL</td>\n<td>Transform Boundary</td>\n</tr>\n</table>\n</td>\n</tr>\n</table>\n</body>\n</html>", "LABEL": "Transform Boundary" }, "geometry": { "type": "MultiLineString", "coordinates": [ [ [ 106.498252892856797, -48.84753089993103, 0.0 ], [ 106.313686298284097, -49.088362647518132, 0.0 ] ] ] } },
{ "type": "Feature", "properties": { "Name": "African:South American", "Description": "<html xmlns:fo=\"http://www.w3.org/1999/XSL/Format\" xmlns:msxsl=\"urn:schemas-microsoft-com:xslt\">\n<head>\n<META http-equiv=\"Content-Type\" content=\"text/html\">\n<meta http-equiv=\"content-type\" content=\"text/html; charset=UTF-8\">\n</head>\n<body style=\"margin:0px 0px 0px 0px;overflow:auto;background:#FFFFFF;\">\n<table style=\"font-family:Arial,Verdana,Times;font-size:12px;text-align:left;width:100%;border-collapse:collapse;padding:3px 3px 3px 3px\">\n<tr style=\"text-align:center;font-weight:bold;background:#9CBCE2\">\n<td>African:South American</td>\n</tr>\n<tr>\n<td>\n<table style=\"font-family:Arial,Verdana,Times;font-size:12px;text-align:left;width:100%;border-spacing:0px; padding:3px 3px 3px 3px\">\n<tr>\n<td>NAME</td>\n<td>African:South American</td>\n</tr>\n<tr bgcolor=\"#D4E4F3\">\n<td>LABEL</td>\n<td>Transform Boundary</td>\n</tr>\n</table>\n</td>\n</tr>\n</table>\n</body>\n</html>", "LABEL": "Transform Boundary" }, "geometry": { "type": "MultiLineString", "coordinates": [ [ [ -8.138999938596214, -48.96099853515426, 0.0 ], [ -8.921999930951984, -49.090999603648747, 0.0 ], [ -9.710000037871396, -49.215999603398927, 0.0 ] ] ] } },
{ "type": "Feature", "properties": { "Name": "Australian:Antarctic", "Description": "<html xmlns:fo=\"http://www.w3.org/1999/XSL/Format\" xmlns:msxsl=\"urn:schemas-microsoft-com:xslt\">\n<head>\n<META http-equiv=\"Content-Type\" content=\"text/html\">\n<meta http-equiv=\"content-type\" content=\"text/html; charset=UTF-8\">\n</head>\n<body style=\"margin:0px 0px 0px 0px;overflow:auto;background:#FFFFFF;\">\n<table style=\"font-family:Arial,Verdana,Times;font-size:12px;text-align:left;width:100%;border-collapse:collapse;padding:3px 3px 3px 3px\">\n<tr style=\"text-align:center;font-weight:bold;background:#9CBCE2\">\n<td>Australian:Antarctic</td>\n</tr>\n<tr>\n<td>\n<table style=\"font-family:Arial,Verdana,Times;font-size:12px;text-align:left;width:100%;border-spacing:0px; padding:3px 3px 3px 3px\">\n<tr>\n<td>NAME</td>\n<td>Australian:Antarctic</td>\n</tr>\n<tr bgcolor=\"#D4E4F3\">\n<td>LABEL</td>\n<td>Transform Boundary</td>\n</tr>\n</table>\n</td>\n</tr>\n</table>\n</body>\n</html>", "LABEL": "Transform Boundary" }, "geometry": { "type": "MultiLineString", "coordinates": [ [ [ 108.239997863910304, -49.258998870401513, 0.0 ], [ 108.285003662289199, -49.181999206398189, 0.0 ] ] ] } },
{ "type": "Feature", "properties": { "Name": "African:South American", "Description": "<html xmlns:fo=\"http://www.w3.org/1999/XSL/Format\" xmlns:msxsl=\"urn:schemas-microsoft-com:xslt\">\n<head>\n<META http-equiv=\"Content-Type\" content=\"text/html\">\n<meta http-equiv=\"content-type\" content=\"text/html; charset=UTF-8\">\n</head>\n<body style=\"margin:0px 0px 0px 0px;overflow:auto;background:#FFFFFF;\">\n<table style=\"font-family:Arial,Verdana,Times;font-size:12px;text-align:left;width:100%;border-collapse:collapse;padding:3px 3px 3px 3px\">\n<tr style=\"text-align:center;font-weight:bold;background:#9CBCE2\">\n<td>African:South American</td>\n</tr>\n<tr>\n<td>\n<table style=\"font-family:Arial,Verdana,Times;font-size:12px;text-align:left;width:100%;border-spacing:0px; padding:3px 3px 3px 3px\">\n<tr>\n<td>NAME</td>\n<td>African:South American</td>\n</tr>\n<tr bgcolor=\"#D4E4F3\">\n<td>LABEL</td>\n<td>Transform Boundary</td>\n</tr>\n</table>\n</td>\n</tr>\n</table>\n</body>\n</html>", "LABEL": "Transform Boundary" }, "geometry": { "type": "MultiLineString", "coordinates": [ [ [ -7.960999966075519, -49.270000457754861, 0.0 ], [ -8.022000313163858, -49.283000945737001, 0.0 ] ] ] } },
{ "type": "Feature", "properties": { "Name": "Australian:Antarctic", "Description": "<html xmlns:fo=\"http://www.w3.org/1999/XSL/Format\" xmlns:msxsl=\"urn:schemas-microsoft-com:xslt\">\n<head>\n<META http-equiv=\"Content-Type\" content=\"text/html\">\n<meta http-equiv=\"content-type\" content=\"text/html; charset=UTF-8\">\n</head>\n<body style=\"margin:0px 0px 0px 0px;overflow:auto;background:#FFFFFF;\">\n<table style=\"font-family:Arial,Verdana,Times;font-size:12px;text-align:left;width:100%;border-collapse:collapse;padding:3px 3px 3px 3px\">\n<tr style=\"text-align:center;font-weight:bold;background:#9CBCE2\">\n<td>Australian:Antarctic</td>\n</tr>\n<tr>\n<td>\n<table style=\"font-family:Arial,Verdana,Times;font-size:12px;text-align:left;width:100%;border-spacing:0px; padding:3px 3px 3px 3px\">\n<tr>\n<td>NAME</td>\n<td>Australian:Antarctic</td>\n</tr>\n<tr bgcolor=\"#D4E4F3\">\n<td>LABEL</td>\n<td>Transform Boundary</td>\n</tr>\n</table>\n</td>\n</tr>\n</table>\n</body>\n</html>", "LABEL": "Transform Boundary" }, "geometry": { "type": "MultiLineString", "coordinates": [ [ [ 123.771003723143394, -49.122001648357347, 0.0 ], [ 123.328002929891298, -49.584999084040483, 0.0 ] ] ] } },
{ "type": "Feature", "properties": { "Name": "Australian:Antarctic", "Description": "<html xmlns:fo=\"http://www.w3.org/1999/XSL/Format\" xmlns:msxsl=\"urn:schemas-microsoft-com:xslt\">\n<head>\n<META http-equiv=\"Content-Type\" content=\"text/html\">\n<meta http-equiv=\"content-type\" content=\"text/html; charset=UTF-8\">\n</head>\n<body style=\"margin:0px 0px 0px 0px;overflow:auto;background:#FFFFFF;\">\n<table style=\"font-family:Arial,Verdana,Times;font-size:12px;text-align:left;width:100%;border-collapse:collapse;padding:3px 3px 3px 3px\">\n<tr style=\"text-align:center;font-weight:bold;background:#9CBCE2\">\n<td>Australian:Antarctic</td>\n</tr>\n<tr>\n<td>\n<table style=\"font-family:Arial,Verdana,Times;font-size:12px;text-align:left;width:100%;border-spacing:0px; padding:3px 3px 3px 3px\">\n<tr>\n<td>NAME</td>\n<td>Australian:Antarctic</td>\n</tr>\n<tr bgcolor=\"#D4E4F3\">\n<td>LABEL</td>\n<td>Transform Boundary</td>\n</tr>\n</table>\n</td>\n</tr>\n</table>\n</body>\n</html>", "LABEL": "Transform Boundary" }, "geometry": { "type": "MultiLineString", "coordinates": [ [ [ 121.436996459918802, -49.619998931805242, 0.0 ], [ 121.633987333348799, -49.050814409757152, 0.0 ] ] ] } },
{ "type": "Feature", "properties": { "Name": "Australian:Antarctic", "Description": "<html xmlns:fo=\"http://www.w3.org/1999/XSL/Format\" xmlns:msxsl=\"urn:schemas-microsoft-com:xslt\">\n<head>\n<META http-equiv=\"Content-Type\" content=\"text/html\">\n<meta http-equiv=\"content-type\" content=\"text/html; charset=UTF-8\">\n</head>\n<body style=\"margin:0px 0px 0px 0px;overflow:auto;background:#FFFFFF;\">\n<table style=\"font-family:Arial,Verdana,Times;font-size:12px;text-align:left;width:100%;border-collapse:collapse;padding:3px 3px 3px 3px\">\n<tr style=\"text-align:center;font-weight:bold;background:#9CBCE2\">\n<td>Australian:Antarctic</td>\n</tr>\n<tr>\n<td>\n<table style=\"font-family:Arial,Verdana,Times;font-size:12px;text-align:left;width:100%;border-spacing:0px; padding:3px 3px 3px 3px\">\n<tr>\n<td>NAME</td>\n<td>Australian:Antarctic</td>\n</tr>\n<tr bgcolor=\"#D4E4F3\">\n<td>LABEL</td>\n<td>Transform Boundary</td>\n</tr>\n</table>\n</td>\n</tr>\n</table>\n</body>\n</html>", "LABEL": "Transform Boundary" }, "geometry": { "type": "MultiLineString", "coordinates": [ [ [ 126.361759234101399, -48.641613853196702, 0.0 ], [ 126.2719178520273, -48.961191535061232, 0.0 ], [ 126.073997497786294, -49.401000976114119, 0.0 ], [ 125.896003723393207, -49.716999054063081, 0.0 ] ] ] } },
{ "type": "Feature", "properties": { "Name": "Pacific:Antarctic", "Description": "<html xmlns:fo=\"http://www.w3.org/1999/XSL/Format\" xmlns:msxsl=\"urn:schemas-microsoft-com:xslt\">\n<head>\n<META http-equiv=\"Content-Type\" content=\"text/html\">\n<meta http-equiv=\"content-type\" content=\"text/html; charset=UTF-8\">\n</head>\n<body style=\"margin:0px 0px 0px 0px;overflow:auto;background:#FFFFFF;\">\n<table style=\"font-family:Arial,Verdana,Times;font-size:12px;text-align:left;width:100%;border-collapse:collapse;padding:3px 3px 3px 3px\">\n<tr style=\"text-align:center;font-weight:bold;background:#9CBCE2\">\n<td>Pacific:Antarctic</td>\n</tr>\n<tr>\n<td>\n<table style=\"font-family:Arial,Verdana,Times;font-size:12px;text-align:left;width:100%;border-spacing:0px; padding:3px 3px 3px 3px\">\n<tr>\n<td>NAME</td>\n<td>Pacific:Antarctic</td>\n</tr>\n<tr bgcolor=\"#D4E4F3\">\n<td>LABEL</td>\n<td>Transform Boundary</td>\n</tr>\n</table>\n</td>\n</tr>\n</table>\n</body>\n</html>", "LABEL": "Transform Boundary" }, "geometry": { "type": "MultiLineString", "coordinates": [ [ [ -113.874999999850104, -49.848999023186309, 0.0 ], [ -114.555999756283697, -49.721000671143997, 0.0 ], [ -115.233001708761805, -49.589000702020712, 0.0 ], [ -116.388000488231896, -49.368000030776777, 0.0 ] ] ] } },
{ "type": "Feature", "properties": { "Name": "Australian:Antarctic", "Description": "<html xmlns:fo=\"http://www.w3.org/1999/XSL/Format\" xmlns:msxsl=\"urn:schemas-microsoft-com:xslt\">\n<head>\n<META http-equiv=\"Content-Type\" content=\"text/html\">\n<meta http-equiv=\"content-type\" content=\"text/html; charset=UTF-8\">\n</head>\n<body style=\"margin:0px 0px 0px 0px;overflow:auto;background:#FFFFFF;\">\n<table style=\"font-family:Arial,Verdana,Times;font-size:12px;text-align:left;width:100%;border-collapse:collapse;padding:3px 3px 3px 3px\">\n<tr style=\"text-align:center;font-weight:bold;background:#9CBCE2\">\n<td>Australian:Antarctic</td>\n</tr>\n<tr>\n<td>\n<table style=\"font-family:Arial,Verdana,Times;font-size:12px;text-align:left;width:100%;border-spacing:0px; padding:3px 3px 3px 3px\">\n<tr>\n<td>NAME</td>\n<td>Australian:Antarctic</td>\n</tr>\n<tr bgcolor=\"#D4E4F3\">\n<td>LABEL</td>\n<td>Transform Boundary</td>\n</tr>\n</table>\n</td>\n</tr>\n</table>\n</body>\n</html>", "LABEL": "Transform Boundary" }, "geometry": { "type": "MultiLineString", "coordinates": [ [ [ 116.255996704384401, -49.540000915509779, 0.0 ], [ 115.987998962182502, -49.852001190402582, 0.0 ] ] ] } },
{ "type": "Feature", "properties": { "Name": "Australian:Antarctic", "Description": "<html xmlns:fo=\"http://www.w3.org/1999/XSL/Format\" xmlns:msxsl=\"urn:schemas-microsoft-com:xslt\">\n<head>\n<META http-equiv=\"Content-Type\" content=\"text/html\">\n<meta http-equiv=\"content-type\" content=\"text/html; charset=UTF-8\">\n</head>\n<body style=\"margin:0px 0px 0px 0px;overflow:auto;background:#FFFFFF;\">\n<table style=\"font-family:Arial,Verdana,Times;font-size:12px;text-align:left;width:100%;border-collapse:collapse;padding:3px 3px 3px 3px\">\n<tr style=\"text-align:center;font-weight:bold;background:#9CBCE2\">\n<td>Australian:Antarctic</td>\n</tr>\n<tr>\n<td>\n<table style=\"font-family:Arial,Verdana,Times;font-size:12px;text-align:left;width:100%;border-spacing:0px; padding:3px 3px 3px 3px\">\n<tr>\n<td>NAME</td>\n<td>Australian:Antarctic</td>\n</tr>\n<tr bgcolor=\"#D4E4F3\">\n<td>LABEL</td>\n<td>Transform Boundary</td>\n</tr>\n</table>\n</td>\n</tr>\n</table>\n</body>\n</html>", "LABEL": "Transform Boundary" }, "geometry": { "type": "MultiLineString", "coordinates": [ [ [ 127.142997741452604, -49.976001739388721, 0.0 ], [ 127.195999145943901, -49.643001556376703, 0.0 ], [ 127.356450245382604, -49.21951772156558, 0.0 ], [ 127.477371486005396, -48.810359110284651, 0.0 ] ] ] } },
{ "type": "Feature", "properties": { "Name": "Australian:Antarctic", "Description": "<html xmlns:fo=\"http://www.w3.org/1999/XSL/Format\" xmlns:msxsl=\"urn:schemas-microsoft-com:xslt\">\n<head>\n<META http-equiv=\"Content-Type\" content=\"text/html\">\n<meta http-equiv=\"content-type\" content=\"text/html; charset=UTF-8\">\n</head>\n<body style=\"margin:0px 0px 0px 0px;overflow:auto;background:#FFFFFF;\">\n<table style=\"font-family:Arial,Verdana,Times;font-size:12px;text-align:left;width:100%;border-collapse:collapse;padding:3px 3px 3px 3px\">\n<tr style=\"text-align:center;font-weight:bold;background:#9CBCE2\">\n<td>Australian:Antarctic</td>\n</tr>\n<tr>\n<td>\n<table style=\"font-family:Arial,Verdana,Times;font-size:12px;text-align:left;width:100%;border-spacing:0px; padding:3px 3px 3px 3px\">\n<tr>\n<td>NAME</td>\n<td>Australian:Antarctic</td>\n</tr>\n<tr bgcolor=\"#D4E4F3\">\n<td>LABEL</td>\n<td>Transform Boundary</td>\n</tr>\n</table>\n</td>\n</tr>\n</table>\n</body>\n</html>", "LABEL": "Transform Boundary" }, "geometry": { "type": "MultiLineString", "coordinates": [ [ [ 120.842002868237799, -48.889999389759957, 0.0 ], [ 120.515998840574099, -49.52399826031143, 0.0 ], [ 120.273002624471602, -50.035999298328932, 0.0 ] ] ] } },
{ "type": "Feature", "properties": { "Name": "African:South American", "Description": "<html xmlns:fo=\"http://www.w3.org/1999/XSL/Format\" xmlns:msxsl=\"urn:schemas-microsoft-com:xslt\">\n<head>\n<META http-equiv=\"Content-Type\" content=\"text/html\">\n<meta http-equiv=\"content-type\" content=\"text/html; charset=UTF-8\">\n</head>\n<body style=\"margin:0px 0px 0px 0px;overflow:auto;background:#FFFFFF;\">\n<table style=\"font-family:Arial,Verdana,Times;font-size:12px;text-align:left;width:100%;border-collapse:collapse;padding:3px 3px 3px 3px\">\n<tr style=\"text-align:center;font-weight:bold;background:#9CBCE2\">\n<td>African:South American</td>\n</tr>\n<tr>\n<td>\n<table style=\"font-family:Arial,Verdana,Times;font-size:12px;text-align:left;width:100%;border-spacing:0px; padding:3px 3px 3px 3px\">\n<tr>\n<td>NAME</td>\n<td>African:South American</td>\n</tr>\n<tr bgcolor=\"#D4E4F3\">\n<td>LABEL</td>\n<td>Transform Boundary</td>\n</tr>\n</table>\n</td>\n</tr>\n</table>\n</body>\n</html>", "LABEL": "Transform Boundary" }, "geometry": { "type": "MultiLineString", "coordinates": [ [ [ -7.433000087783796, -50.000999450564173, 0.0 ], [ -7.638000011291467, -50.058998107976272, 0.0 ] ] ] } },
{ "type": "Feature", "properties": { "Name": "Pacific:Australian", "Description": "<html xmlns:fo=\"http://www.w3.org/1999/XSL/Format\" xmlns:msxsl=\"urn:schemas-microsoft-com:xslt\">\n<head>\n<META http-equiv=\"Content-Type\" content=\"text/html\">\n<meta http-equiv=\"content-type\" content=\"text/html; charset=UTF-8\">\n</head>\n<body style=\"margin:0px 0px 0px 0px;overflow:auto;background:#FFFFFF;\">\n<table style=\"font-family:Arial,Verdana,Times;font-size:12px;text-align:left;width:100%;border-collapse:collapse;padding:3px 3px 3px 3px\">\n<tr style=\"text-align:center;font-weight:bold;background:#9CBCE2\">\n<td>Pacific:Australian</td>\n</tr>\n<tr>\n<td>\n<table style=\"font-family:Arial,Verdana,Times;font-size:12px;text-align:left;width:100%;border-spacing:0px; padding:3px 3px 3px 3px\">\n<tr>\n<td>NAME</td>\n<td>Pacific:Australian</td>\n</tr>\n<tr bgcolor=\"#D4E4F3\">\n<td>LABEL</td>\n<td>Transform Boundary</td>\n</tr>\n</table>\n</td>\n</tr>\n</table>\n</body>\n</html>", "LABEL": "Transform Boundary" }, "geometry": { "type": "MultiLineString", "coordinates": [ [ [ 163.046997069958906, -50.272998809847138, 0.0 ], [ 163.235000610789598, -50.07899856533146, 0.0 ] ] ] } },
{ "type": "Feature", "properties": { "Name": "Australian:Antarctic", "Description": "<html xmlns:fo=\"http://www.w3.org/1999/XSL/Format\" xmlns:msxsl=\"urn:schemas-microsoft-com:xslt\">\n<head>\n<META http-equiv=\"Content-Type\" content=\"text/html\">\n<meta http-equiv=\"content-type\" content=\"text/html; charset=UTF-8\">\n</head>\n<body style=\"margin:0px 0px 0px 0px;overflow:auto;background:#FFFFFF;\">\n<table style=\"font-family:Arial,Verdana,Times;font-size:12px;text-align:left;width:100%;border-collapse:collapse;padding:3px 3px 3px 3px\">\n<tr style=\"text-align:center;font-weight:bold;background:#9CBCE2\">\n<td>Australian:Antarctic</td>\n</tr>\n<tr>\n<td>\n<table style=\"font-family:Arial,Verdana,Times;font-size:12px;text-align:left;width:100%;border-spacing:0px; padding:3px 3px 3px 3px\">\n<tr>\n<td>NAME</td>\n<td>Australian:Antarctic</td>\n</tr>\n<tr bgcolor=\"#D4E4F3\">\n<td>LABEL</td>\n<td>Transform Boundary</td>\n</tr>\n</table>\n</td>\n</tr>\n</table>\n</body>\n</html>", "LABEL": "Transform Boundary" }, "geometry": { "type": "MultiLineString", "coordinates": [ [ [ 114.361999511967994, -49.877998352342047, 0.0 ], [ 114.024002075135698, -50.388000487932118, 0.0 ] ] ] } },
{ "type": "Feature", "properties": { "Name": "Australian:Antarctic", "Description": "<html xmlns:fo=\"http://www.w3.org/1999/XSL/Format\" xmlns:msxsl=\"urn:schemas-microsoft-com:xslt\">\n<head>\n<META http-equiv=\"Content-Type\" content=\"text/html\">\n<meta http-equiv=\"content-type\" content=\"text/html; charset=UTF-8\">\n</head>\n<body style=\"margin:0px 0px 0px 0px;overflow:auto;background:#FFFFFF;\">\n<table style=\"font-family:Arial,Verdana,Times;font-size:12px;text-align:left;width:100%;border-collapse:collapse;padding:3px 3px 3px 3px\">\n<tr style=\"text-align:center;font-weight:bold;background:#9CBCE2\">\n<td>Australian:Antarctic</td>\n</tr>\n<tr>\n<td>\n<table style=\"font-family:Arial,Verdana,Times;font-size:12px;text-align:left;width:100%;border-spacing:0px; padding:3px 3px 3px 3px\">\n<tr>\n<td>NAME</td>\n<td>Australian:Antarctic</td>\n</tr>\n<tr bgcolor=\"#D4E4F3\">\n<td>LABEL</td>\n<td>Transform Boundary</td>\n</tr>\n</table>\n</td>\n</tr>\n</table>\n</body>\n</html>", "LABEL": "Transform Boundary" }, "geometry": { "type": "MultiLineString", "coordinates": [ [ [ 131.514999389410406, -50.222000121808151, 0.0 ], [ 131.255996704084708, -50.604000091331102, 0.0 ] ] ] } },
{ "type": "Feature", "properties": { "Name": "African:South American", "Description": "<html xmlns:fo=\"http://www.w3.org/1999/XSL/Format\" xmlns:msxsl=\"urn:schemas-microsoft-com:xslt\">\n<head>\n<META http-equiv=\"Content-Type\" content=\"text/html\">\n<meta http-equiv=\"content-type\" content=\"text/html; charset=UTF-8\">\n</head>\n<body style=\"margin:0px 0px 0px 0px;overflow:auto;background:#FFFFFF;\">\n<table style=\"font-family:Arial,Verdana,Times;font-size:12px;text-align:left;width:100%;border-collapse:collapse;padding:3px 3px 3px 3px\">\n<tr style=\"text-align:center;font-weight:bold;background:#9CBCE2\">\n<td>African:South American</td>\n</tr>\n<tr>\n<td>\n<table style=\"font-family:Arial,Verdana,Times;font-size:12px;text-align:left;width:100%;border-spacing:0px; padding:3px 3px 3px 3px\">\n<tr>\n<td>NAME</td>\n<td>African:South American</td>\n</tr>\n<tr bgcolor=\"#D4E4F3\">\n<td>LABEL</td>\n<td>Transform Boundary</td>\n</tr>\n</table>\n</td>\n</tr>\n</table>\n</body>\n</html>", "LABEL": "Transform Boundary" }, "geometry": { "type": "MultiLineString", "coordinates": [ [ [ -5.169000149037629, -50.215999603199073, 0.0 ], [ -6.159999847115216, -50.416999817087863, 0.0 ], [ -7.15899991951062, -50.61000060994013, 0.0 ] ] ] } },
{ "type": "Feature", "properties": { "Name": "Australian:Antarctic", "Description": "<html xmlns:fo=\"http://www.w3.org/1999/XSL/Format\" xmlns:msxsl=\"urn:schemas-microsoft-com:xslt\">\n<head>\n<META http-equiv=\"Content-Type\" content=\"text/html\">\n<meta http-equiv=\"content-type\" content=\"text/html; charset=UTF-8\">\n</head>\n<body style=\"margin:0px 0px 0px 0px;overflow:auto;background:#FFFFFF;\">\n<table style=\"font-family:Arial,Verdana,Times;font-size:12px;text-align:left;width:100%;border-collapse:collapse;padding:3px 3px 3px 3px\">\n<tr style=\"text-align:center;font-weight:bold;background:#9CBCE2\">\n<td>Australian:Antarctic</td>\n</tr>\n<tr>\n<td>\n<table style=\"font-family:Arial,Verdana,Times;font-size:12px;text-align:left;width:100%;border-spacing:0px; padding:3px 3px 3px 3px\">\n<tr>\n<td>NAME</td>\n<td>Australian:Antarctic</td>\n</tr>\n<tr bgcolor=\"#D4E4F3\">\n<td>LABEL</td>\n<td>Transform Boundary</td>\n</tr>\n</table>\n</td>\n</tr>\n</table>\n</body>\n</html>", "LABEL": "Transform Boundary" }, "geometry": { "type": "MultiLineString", "coordinates": [ [ [ 139.81300353978159, -51.838001251256692, 0.0 ], [ 139.733001708562, -51.173999786760703, 0.0 ], [ 139.645004272129512, -50.278999328456223, 0.0 ] ] ] } },
{ "type": "Feature", "properties": { "Name": "African:South American", "Description": "<html xmlns:fo=\"http://www.w3.org/1999/XSL/Format\" xmlns:msxsl=\"urn:schemas-microsoft-com:xslt\">\n<head>\n<META http-equiv=\"Content-Type\" content=\"text/html\">\n<meta http-equiv=\"content-type\" content=\"text/html; charset=UTF-8\">\n</head>\n<body style=\"margin:0px 0px 0px 0px;overflow:auto;background:#FFFFFF;\">\n<table style=\"font-family:Arial,Verdana,Times;font-size:12px;text-align:left;width:100%;border-collapse:collapse;padding:3px 3px 3px 3px\">\n<tr style=\"text-align:center;font-weight:bold;background:#9CBCE2\">\n<td>African:South American</td>\n</tr>\n<tr>\n<td>\n<table style=\"font-family:Arial,Verdana,Times;font-size:12px;text-align:left;width:100%;border-spacing:0px; padding:3px 3px 3px 3px\">\n<tr>\n<td>NAME</td>\n<td>African:South American</td>\n</tr>\n<tr bgcolor=\"#D4E4F3\">\n<td>LABEL</td>\n<td>Transform Boundary</td>\n</tr>\n</table>\n</td>\n</tr>\n</table>\n</body>\n</html>", "LABEL": "Transform Boundary" }, "geometry": { "type": "MultiLineString", "coordinates": [ [ [ -3.956000089732299, -51.979000091281137, 0.0 ], [ -4.237999916462911, -52.048999786810668, 0.0 ] ] ] } },
{ "type": "Feature", "properties": { "Name": "African:Antarctic", "Description": "<html xmlns:fo=\"http://www.w3.org/1999/XSL/Format\" xmlns:msxsl=\"urn:schemas-microsoft-com:xslt\">\n<head>\n<META http-equiv=\"Content-Type\" content=\"text/html\">\n<meta http-equiv=\"content-type\" content=\"text/html; charset=UTF-8\">\n</head>\n<body style=\"margin:0px 0px 0px 0px;overflow:auto;background:#FFFFFF;\">\n<table style=\"font-family:Arial,Verdana,Times;font-size:12px;text-align:left;width:100%;border-collapse:collapse;padding:3px 3px 3px 3px\">\n<tr style=\"text-align:center;font-weight:bold;background:#9CBCE2\">\n<td>African:Antarctic</td>\n</tr>\n<tr>\n<td>\n<table style=\"font-family:Arial,Verdana,Times;font-size:12px;text-align:left;width:100%;border-spacing:0px; padding:3px 3px 3px 3px\">\n<tr>\n<td>NAME</td>\n<td>African:Antarctic</td>\n</tr>\n<tr bgcolor=\"#D4E4F3\">\n<td>LABEL</td>\n<td>Transform Boundary</td>\n</tr>\n</table>\n</td>\n</tr>\n</table>\n</body>\n</html>", "LABEL": "Transform Boundary" }, "geometry": { "type": "MultiLineString", "coordinates": [ [ [ 15.82199954953961, -51.78699874919289, 0.0 ], [ 15.42800045026064, -52.083999633676122, 0.0 ], [ 15.112000465748959, -52.306999206448147, 0.0 ] ] ] } },
{ "type": "Feature", "properties": { "Name": "African:Antarctic", "Description": "<html xmlns:fo=\"http://www.w3.org/1999/XSL/Format\" xmlns:msxsl=\"urn:schemas-microsoft-com:xslt\">\n<head>\n<META http-equiv=\"Content-Type\" content=\"text/html\">\n<meta http-equiv=\"content-type\" content=\"text/html; charset=UTF-8\">\n</head>\n<body style=\"margin:0px 0px 0px 0px;overflow:auto;background:#FFFFFF;\">\n<table style=\"font-family:Arial,Verdana,Times;font-size:12px;text-align:left;width:100%;border-collapse:collapse;padding:3px 3px 3px 3px\">\n<tr style=\"text-align:center;font-weight:bold;background:#9CBCE2\">\n<td>African:Antarctic</td>\n</tr>\n<tr>\n<td>\n<table style=\"font-family:Arial,Verdana,Times;font-size:12px;text-align:left;width:100%;border-spacing:0px; padding:3px 3px 3px 3px\">\n<tr>\n<td>NAME</td>\n<td>African:Antarctic</td>\n</tr>\n<tr bgcolor=\"#D4E4F3\">\n<td>LABEL</td>\n<td>Transform Boundary</td>\n</tr>\n</table>\n</td>\n</tr>\n</table>\n</body>\n</html>", "LABEL": "Transform Boundary" }, "geometry": { "type": "MultiLineString", "coordinates": [ [ [ 14.463000297325889, -51.997001648007597, 0.0 ], [ 13.78800010711927, -52.477001190552471, 0.0 ] ] ] } },
{ "type": "Feature", "properties": { "Name": "African:Antarctic", "Description": "<html xmlns:fo=\"http://www.w3.org/1999/XSL/Format\" xmlns:msxsl=\"urn:schemas-microsoft-com:xslt\">\n<head>\n<META http-equiv=\"Content-Type\" content=\"text/html\">\n<meta http-equiv=\"content-type\" content=\"text/html; charset=UTF-8\">\n</head>\n<body style=\"margin:0px 0px 0px 0px;overflow:auto;background:#FFFFFF;\">\n<table style=\"font-family:Arial,Verdana,Times;font-size:12px;text-align:left;width:100%;border-collapse:collapse;padding:3px 3px 3px 3px\">\n<tr style=\"text-align:center;font-weight:bold;background:#9CBCE2\">\n<td>African:Antarctic</td>\n</tr>\n<tr>\n<td>\n<table style=\"font-family:Arial,Verdana,Times;font-size:12px;text-align:left;width:100%;border-spacing:0px; padding:3px 3px 3px 3px\">\n<tr>\n<td>NAME</td>\n<td>African:Antarctic</td>\n</tr>\n<tr bgcolor=\"#D4E4F3\">\n<td>LABEL</td>\n<td>Transform Boundary</td>\n</tr>\n</table>\n</td>\n</tr>\n</table>\n</body>\n</html>", "LABEL": "Transform Boundary" }, "geometry": { "type": "MultiLineString", "coordinates": [ [ [ 18.71199989288078, -52.553001403791711, 0.0 ], [ 18.53700065585565, -52.734001159425929, 0.0 ] ] ] } },
{ "type": "Feature", "properties": { "Name": "African:Antarctic", "Description": "<html xmlns:fo=\"http://www.w3.org/1999/XSL/Format\" xmlns:msxsl=\"urn:schemas-microsoft-com:xslt\">\n<head>\n<META http-equiv=\"Content-Type\" content=\"text/html\">\n<meta http-equiv=\"content-type\" content=\"text/html; charset=UTF-8\">\n</head>\n<body style=\"margin:0px 0px 0px 0px;overflow:auto;background:#FFFFFF;\">\n<table style=\"font-family:Arial,Verdana,Times;font-size:12px;text-align:left;width:100%;border-collapse:collapse;padding:3px 3px 3px 3px\">\n<tr style=\"text-align:center;font-weight:bold;background:#9CBCE2\">\n<td>African:Antarctic</td>\n</tr>\n<tr>\n<td>\n<table style=\"font-family:Arial,Verdana,Times;font-size:12px;text-align:left;width:100%;border-spacing:0px; padding:3px 3px 3px 3px\">\n<tr>\n<td>NAME</td>\n<td>African:Antarctic</td>\n</tr>\n<tr bgcolor=\"#D4E4F3\">\n<td>LABEL</td>\n<td>Transform Boundary</td>\n</tr>\n</table>\n</td>\n</tr>\n</table>\n</body>\n</html>", "LABEL": "Transform Boundary" }, "geometry": { "type": "MultiLineString", "coordinates": [ [ [ 28.111000060904129, -52.903999328606062, 0.0 ], [ 28.312000274792918, -52.540000915809571, 0.0 ], [ 28.40299987754236, -52.277000427427772, 0.0 ], [ 28.60499954219517, -51.771999358783319, 0.0 ], [ 28.96899986245376, -51.137001037467883, 0.0 ], [ 29.343000411839569, -50.506999969073263, 0.0 ], [ 29.71199989338044, -49.932998657462008, 0.0 ], [ 30.006000519008811, -49.611000060904018, 0.0 ], [ 30.361999511668159, -49.2150001526349, 0.0 ] ] ] } },
{ "type": "Feature", "properties": { "Name": "Pacific:Antarctic", "Description": "<html xmlns:fo=\"http://www.w3.org/1999/XSL/Format\" xmlns:msxsl=\"urn:schemas-microsoft-com:xslt\">\n<head>\n<META http-equiv=\"Content-Type\" content=\"text/html\">\n<meta http-equiv=\"content-type\" content=\"text/html; charset=UTF-8\">\n</head>\n<body style=\"margin:0px 0px 0px 0px;overflow:auto;background:#FFFFFF;\">\n<table style=\"font-family:Arial,Verdana,Times;font-size:12px;text-align:left;width:100%;border-collapse:collapse;padding:3px 3px 3px 3px\">\n<tr style=\"text-align:center;font-weight:bold;background:#9CBCE2\">\n<td>Pacific:Antarctic</td>\n</tr>\n<tr>\n<td>\n<table style=\"font-family:Arial,Verdana,Times;font-size:12px;text-align:left;width:100%;border-spacing:0px; padding:3px 3px 3px 3px\">\n<tr>\n<td>NAME</td>\n<td>Pacific:Antarctic</td>\n</tr>\n<tr bgcolor=\"#D4E4F3\">\n<td>LABEL</td>\n<td>Transform Boundary</td>\n</tr>\n</table>\n</td>\n</tr>\n</table>\n</body>\n</html>", "LABEL": "Transform Boundary" }, "geometry": { "type": "MultiLineString", "coordinates": [ [ [ -118.976997375828205, -52.896999359233007, 0.0 ], [ -117.661003113003204, -53.12400054908602, 0.0 ] ] ] } },
{ "type": "Feature", "properties": { "Name": "African:Antarctic", "Description": "<html xmlns:fo=\"http://www.w3.org/1999/XSL/Format\" xmlns:msxsl=\"urn:schemas-microsoft-com:xslt\">\n<head>\n<META http-equiv=\"Content-Type\" content=\"text/html\">\n<meta http-equiv=\"content-type\" content=\"text/html; charset=UTF-8\">\n</head>\n<body style=\"margin:0px 0px 0px 0px;overflow:auto;background:#FFFFFF;\">\n<table style=\"font-family:Arial,Verdana,Times;font-size:12px;text-align:left;width:100%;border-collapse:collapse;padding:3px 3px 3px 3px\">\n<tr style=\"text-align:center;font-weight:bold;background:#9CBCE2\">\n<td>African:Antarctic</td>\n</tr>\n<tr>\n<td>\n<table style=\"font-family:Arial,Verdana,Times;font-size:12px;text-align:left;width:100%;border-spacing:0px; padding:3px 3px 3px 3px\">\n<tr>\n<td>NAME</td>\n<td>African:Antarctic</td>\n</tr>\n<tr bgcolor=\"#D4E4F3\">\n<td>LABEL</td>\n<td>Transform Boundary</td>\n</tr>\n</table>\n</td>\n</tr>\n</table>\n</body>\n</html>", "LABEL": "Transform Boundary" }, "geometry": { "type": "MultiLineString", "coordinates": [ [ [ 23.020999908119339, -53.20000076322458, 0.0 ], [ 23.075000763374589, -53.09799957312174, 0.0 ] ] ] } },
{ "type": "Feature", "properties": { "Name": "African:Antarctic", "Description": "<html xmlns:fo=\"http://www.w3.org/1999/XSL/Format\" xmlns:msxsl=\"urn:schemas-microsoft-com:xslt\">\n<head>\n<META http-equiv=\"Content-Type\" content=\"text/html\">\n<meta http-equiv=\"content-type\" content=\"text/html; charset=UTF-8\">\n</head>\n<body style=\"margin:0px 0px 0px 0px;overflow:auto;background:#FFFFFF;\">\n<table style=\"font-family:Arial,Verdana,Times;font-size:12px;text-align:left;width:100%;border-collapse:collapse;padding:3px 3px 3px 3px\">\n<tr style=\"text-align:center;font-weight:bold;background:#9CBCE2\">\n<td>African:Antarctic</td>\n</tr>\n<tr>\n<td>\n<table style=\"font-family:Arial,Verdana,Times;font-size:12px;text-align:left;width:100%;border-spacing:0px; padding:3px 3px 3px 3px\">\n<tr>\n<td>NAME</td>\n<td>African:Antarctic</td>\n</tr>\n<tr bgcolor=\"#D4E4F3\">\n<td>LABEL</td>\n<td>Transform Boundary</td>\n</tr>\n</table>\n</td>\n</tr>\n</table>\n</body>\n</html>", "LABEL": "Transform Boundary" }, "geometry": { "type": "MultiLineString", "coordinates": [ [ [ 12.89500045780494, -51.963001251006922, 0.0 ], [ 12.298999786411059, -52.375000000449631, 0.0 ], [ 11.708000182862181, -52.783000945936863, 0.0 ], [ 10.97500038106279, -53.332000732347872, 0.0 ] ] ] } },
{ "type": "Feature", "properties": { "Name": "African:Antarctic", "Description": "<html xmlns:fo=\"http://www.w3.org/1999/XSL/Format\" xmlns:msxsl=\"urn:schemas-microsoft-com:xslt\">\n<head>\n<META http-equiv=\"Content-Type\" content=\"text/html\">\n<meta http-equiv=\"content-type\" content=\"text/html; charset=UTF-8\">\n</head>\n<body style=\"margin:0px 0px 0px 0px;overflow:auto;background:#FFFFFF;\">\n<table style=\"font-family:Arial,Verdana,Times;font-size:12px;text-align:left;width:100%;border-collapse:collapse;padding:3px 3px 3px 3px\">\n<tr style=\"text-align:center;font-weight:bold;background:#9CBCE2\">\n<td>African:Antarctic</td>\n</tr>\n<tr>\n<td>\n<table style=\"font-family:Arial,Verdana,Times;font-size:12px;text-align:left;width:100%;border-spacing:0px; padding:3px 3px 3px 3px\">\n<tr>\n<td>NAME</td>\n<td>African:Antarctic</td>\n</tr>\n<tr bgcolor=\"#D4E4F3\">\n<td>LABEL</td>\n<td>Transform Boundary</td>\n</tr>\n</table>\n</td>\n</tr>\n</table>\n</body>\n</html>", "LABEL": "Transform Boundary" }, "geometry": { "type": "MultiLineString", "coordinates": [ [ [ 25.986999511418389, -53.582000732747588, 0.0 ], [ 26.180999755934071, -53.429000854605697, 0.0 ], [ 26.337999343694829, -53.064998626885092, 0.0 ], [ 26.513000488182058, -52.619998932104977, 0.0 ], [ 26.712999343844668, -52.37799835184245, 0.0 ] ] ] } },
{ "type": "Feature", "properties": { "Name": "Pacific:Australian", "Description": "<html xmlns:fo=\"http://www.w3.org/1999/XSL/Format\" xmlns:msxsl=\"urn:schemas-microsoft-com:xslt\">\n<head>\n<META http-equiv=\"Content-Type\" content=\"text/html\">\n<meta http-equiv=\"content-type\" content=\"text/html; charset=UTF-8\">\n</head>\n<body style=\"margin:0px 0px 0px 0px;overflow:auto;background:#FFFFFF;\">\n<table style=\"font-family:Arial,Verdana,Times;font-size:12px;text-align:left;width:100%;border-collapse:collapse;padding:3px 3px 3px 3px\">\n<tr style=\"text-align:center;font-weight:bold;background:#9CBCE2\">\n<td>Pacific:Australian</td>\n</tr>\n<tr>\n<td>\n<table style=\"font-family:Arial,Verdana,Times;font-size:12px;text-align:left;width:100%;border-spacing:0px; padding:3px 3px 3px 3px\">\n<tr>\n<td>NAME</td>\n<td>Pacific:Australian</td>\n</tr>\n<tr bgcolor=\"#D4E4F3\">\n<td>LABEL</td>\n<td>Transform Boundary</td>\n</tr>\n</table>\n</td>\n</tr>\n</table>\n</body>\n</html>", "LABEL": "Transform Boundary" }, "geometry": { "type": "MultiLineString", "coordinates": [ [ [ 159.317993164353112, -53.597999573021809, 0.0 ], [ 159.511993407969499, -53.345001220330012, 0.0 ], [ 159.731002807533599, -53.169998169280063, 0.0 ], [ 159.904998778870691, -52.991001129198708, 0.0 ], [ 160.091995239089101, -52.821998595858467, 0.0 ], [ 160.341995239488796, -52.633998870851137, 0.0 ], [ 160.535003662189297, -52.432998656962411, 0.0 ], [ 160.671005249292904, -52.29199981693796, 0.0 ], [ 160.761993408169388, -52.166000366423702, 0.0 ], [ 161.0260009762641, -51.923999786161183, 0.0 ], [ 161.162002563367707, -51.750999450664096, 0.0 ], [ 161.367996216152505, -51.541999816638167, 0.0 ], [ 161.542007446286703, -51.398998260161527, 0.0 ], [ 161.71600341762371, -51.192001342587837, 0.0 ], [ 161.824996948150698, -51.118000030876658, 0.0 ], [ 162.048995971686907, -50.962001800442692, 0.0 ], [ 162.272994995222888, -50.817001342437948, 0.0 ], [ 162.453002929941391, -50.667999267352293, 0.0 ], [ 162.593994141016907, -50.548999786211141, 0.0 ], [ 162.785003662189297, -50.443000793052143, 0.0 ], [ 162.962997436582611, -50.36899948134095, 0.0 ] ] ] } },
{ "type": "Feature", "properties": { "Name": "Pacific:Australian", "Description": "<html xmlns:fo=\"http://www.w3.org/1999/XSL/Format\" xmlns:msxsl=\"urn:schemas-microsoft-com:xslt\">\n<head>\n<META http-equiv=\"Content-Type\" content=\"text/html\">\n<meta http-equiv=\"content-type\" content=\"text/html; charset=UTF-8\">\n</head>\n<body style=\"margin:0px 0px 0px 0px;overflow:auto;background:#FFFFFF;\">\n<table style=\"font-family:Arial,Verdana,Times;font-size:12px;text-align:left;width:100%;border-collapse:collapse;padding:3px 3px 3px 3px\">\n<tr style=\"text-align:center;font-weight:bold;background:#9CBCE2\">\n<td>Pacific:Australian</td>\n</tr>\n<tr>\n<td>\n<table style=\"font-family:Arial,Verdana,Times;font-size:12px;text-align:left;width:100%;border-spacing:0px; padding:3px 3px 3px 3px\">\n<tr>\n<td>NAME</td>\n<td>Pacific:Australian</td>\n</tr>\n<tr bgcolor=\"#D4E4F3\">\n<td>LABEL</td>\n<td>Transform Boundary</td>\n</tr>\n</table>\n</td>\n</tr>\n</table>\n</body>\n</html>", "LABEL": "Transform Boundary" }, "geometry": { "type": "MultiLineString", "coordinates": [ [ [ 159.216003418123393, -53.618999481141088, 0.0 ], [ 159.317993164353112, -53.597999573021809, 0.0 ] ] ] } },
{ "type": "Feature", "properties": { "Name": "South America:Scotia", "Description": "<html xmlns:fo=\"http://www.w3.org/1999/XSL/Format\" xmlns:msxsl=\"urn:schemas-microsoft-com:xslt\">\n<head>\n<META http-equiv=\"Content-Type\" content=\"text/html\">\n<meta http-equiv=\"content-type\" content=\"text/html; charset=UTF-8\">\n</head>\n<body style=\"margin:0px 0px 0px 0px;overflow:auto;background:#FFFFFF;\">\n<table style=\"font-family:Arial,Verdana,Times;font-size:12px;text-align:left;width:100%;border-collapse:collapse;padding:3px 3px 3px 3px\">\n<tr style=\"text-align:center;font-weight:bold;background:#9CBCE2\">\n<td>South America:Scotia</td>\n</tr>\n<tr>\n<td>\n<table style=\"font-family:Arial,Verdana,Times;font-size:12px;text-align:left;width:100%;border-spacing:0px; padding:3px 3px 3px 3px\">\n<tr>\n<td>NAME</td>\n<td>South America:Scotia</td>\n</tr>\n<tr bgcolor=\"#D4E4F3\">\n<td>LABEL</td>\n<td>Transform Boundary</td>\n</tr>\n</table>\n</td>\n</tr>\n</table>\n</body>\n</html>", "LABEL": "Transform Boundary" }, "geometry": { "type": "MultiLineString", "coordinates": [ [ [ -56.45700073239783, -53.648998260161527, 0.0 ], [ -55.597000121858123, -53.529998779020389, 0.0 ], [ -54.741001129298638, -53.405998230034243, 0.0 ], [ -53.381999969622882, -53.208999634125753, 0.0 ], [ -52.175998688088953, -52.873001098821589, 0.0 ], [ -50.671001434568502, -52.709999084090441, 0.0 ], [ -49.162998199807021, -52.664001464795717, 0.0 ] ] ] } },
{ "type": "Feature", "properties": { "Name": "Pacific:Australian", "Description": "<html xmlns:fo=\"http://www.w3.org/1999/XSL/Format\" xmlns:msxsl=\"urn:schemas-microsoft-com:xslt\">\n<head>\n<META http-equiv=\"Content-Type\" content=\"text/html\">\n<meta http-equiv=\"content-type\" content=\"text/html; charset=UTF-8\">\n</head>\n<body style=\"margin:0px 0px 0px 0px;overflow:auto;background:#FFFFFF;\">\n<table style=\"font-family:Arial,Verdana,Times;font-size:12px;text-align:left;width:100%;border-collapse:collapse;padding:3px 3px 3px 3px\">\n<tr style=\"text-align:center;font-weight:bold;background:#9CBCE2\">\n<td>Pacific:Australian</td>\n</tr>\n<tr>\n<td>\n<table style=\"font-family:Arial,Verdana,Times;font-size:12px;text-align:left;width:100%;border-spacing:0px; padding:3px 3px 3px 3px\">\n<tr>\n<td>NAME</td>\n<td>Pacific:Australian</td>\n</tr>\n<tr bgcolor=\"#D4E4F3\">\n<td>LABEL</td>\n<td>Transform Boundary</td>\n</tr>\n</table>\n</td>\n</tr>\n</table>\n</body>\n</html>", "LABEL": "Transform Boundary" }, "geometry": { "type": "MultiLineString", "coordinates": [ [ [ 159.141998290588703, -53.812000274892739, 0.0 ], [ 159.216003418123393, -53.618999481141088, 0.0 ] ] ] } },
{ "type": "Feature", "properties": { "Name": "Australian:Antarctic", "Description": "<html xmlns:fo=\"http://www.w3.org/1999/XSL/Format\" xmlns:msxsl=\"urn:schemas-microsoft-com:xslt\">\n<head>\n<META http-equiv=\"Content-Type\" content=\"text/html\">\n<meta http-equiv=\"content-type\" content=\"text/html; charset=UTF-8\">\n</head>\n<body style=\"margin:0px 0px 0px 0px;overflow:auto;background:#FFFFFF;\">\n<table style=\"font-family:Arial,Verdana,Times;font-size:12px;text-align:left;width:100%;border-collapse:collapse;padding:3px 3px 3px 3px\">\n<tr style=\"text-align:center;font-weight:bold;background:#9CBCE2\">\n<td>Australian:Antarctic</td>\n</tr>\n<tr>\n<td>\n<table style=\"font-family:Arial,Verdana,Times;font-size:12px;text-align:left;width:100%;border-spacing:0px; padding:3px 3px 3px 3px\">\n<tr>\n<td>NAME</td>\n<td>Australian:Antarctic</td>\n</tr>\n<tr bgcolor=\"#D4E4F3\">\n<td>LABEL</td>\n<td>Transform Boundary</td>\n</tr>\n</table>\n</td>\n</tr>\n</table>\n</body>\n</html>", "LABEL": "Transform Boundary" }, "geometry": { "type": "MultiLineString", "coordinates": [ [ [ 140.65899658172691, -53.884998321815033, 0.0 ], [ 140.583999634175797, -53.504001617080917, 0.0 ], [ 140.477996826092806, -52.749999999700208, 0.0 ], [ 140.399993896401298, -52.273998260211499, 0.0 ], [ 140.322998047322102, -51.798000335646918, 0.0 ] ] ] } },
{ "type": "Feature", "properties": { "Name": "Pacific:Antarctic", "Description": "<html xmlns:fo=\"http://www.w3.org/1999/XSL/Format\" xmlns:msxsl=\"urn:schemas-microsoft-com:xslt\">\n<head>\n<META http-equiv=\"Content-Type\" content=\"text/html\">\n<meta http-equiv=\"content-type\" content=\"text/html; charset=UTF-8\">\n</head>\n<body style=\"margin:0px 0px 0px 0px;overflow:auto;background:#FFFFFF;\">\n<table style=\"font-family:Arial,Verdana,Times;font-size:12px;text-align:left;width:100%;border-collapse:collapse;padding:3px 3px 3px 3px\">\n<tr style=\"text-align:center;font-weight:bold;background:#9CBCE2\">\n<td>Pacific:Antarctic</td>\n</tr>\n<tr>\n<td>\n<table style=\"font-family:Arial,Verdana,Times;font-size:12px;text-align:left;width:100%;border-spacing:0px; padding:3px 3px 3px 3px\">\n<tr>\n<td>NAME</td>\n<td>Pacific:Antarctic</td>\n</tr>\n<tr bgcolor=\"#D4E4F3\">\n<td>LABEL</td>\n<td>Transform Boundary</td>\n</tr>\n</table>\n</td>\n</tr>\n</table>\n</body>\n</html>", "LABEL": "Transform Boundary" }, "geometry": { "type": "MultiLineString", "coordinates": [ [ [ -136.589996337560905, -53.907001495622467, 0.0 ], [ -137.522003174107198, -53.687999725007273, 0.0 ], [ -137.889999389959797, -53.568000793102101, 0.0 ] ] ] } },
{ "type": "Feature", "properties": { "Name": "South America:Scotia", "Description": "<html xmlns:fo=\"http://www.w3.org/1999/XSL/Format\" xmlns:msxsl=\"urn:schemas-microsoft-com:xslt\">\n<head>\n<META http-equiv=\"Content-Type\" content=\"text/html\">\n<meta http-equiv=\"content-type\" content=\"text/html; charset=UTF-8\">\n</head>\n<body style=\"margin:0px 0px 0px 0px;overflow:auto;background:#FFFFFF;\">\n<table style=\"font-family:Arial,Verdana,Times;font-size:12px;text-align:left;width:100%;border-collapse:collapse;padding:3px 3px 3px 3px\">\n<tr style=\"text-align:center;font-weight:bold;background:#9CBCE2\">\n<td>South America:Scotia</td>\n</tr>\n<tr>\n<td>\n<table style=\"font-family:Arial,Verdana,Times;font-size:12px;text-align:left;width:100%;border-spacing:0px; padding:3px 3px 3px 3px\">\n<tr>\n<td>NAME</td>\n<td>South America:Scotia</td>\n</tr>\n<tr bgcolor=\"#D4E4F3\">\n<td>LABEL</td>\n<td>Transform Boundary</td>\n</tr>\n</table>\n</td>\n</tr>\n</table>\n</body>\n</html>", "LABEL": "Transform Boundary" }, "geometry": { "type": "MultiLineString", "coordinates": [ [ [ -63.713001250906977, -54.018001556626473, 0.0 ], [ -62.820999145793913, -53.916999817287717, 0.0 ], [ -61.93299865686248, -53.810001373364628, 0.0 ], [ -60.532001494972967, -53.673999786261113, 0.0 ], [ -59.245998382219511, -53.597999573021809, 0.0 ], [ -57.749999999600277, -53.6259994505142, 0.0 ], [ -56.45700073239783, -53.648998260161527, 0.0 ] ] ] } },
{ "type": "Feature", "properties": { "Name": "South America:Scotia", "Description": "<html xmlns:fo=\"http://www.w3.org/1999/XSL/Format\" xmlns:msxsl=\"urn:schemas-microsoft-com:xslt\">\n<head>\n<META http-equiv=\"Content-Type\" content=\"text/html\">\n<meta http-equiv=\"content-type\" content=\"text/html; charset=UTF-8\">\n</head>\n<body style=\"margin:0px 0px 0px 0px;overflow:auto;background:#FFFFFF;\">\n<table style=\"font-family:Arial,Verdana,Times;font-size:12px;text-align:left;width:100%;border-collapse:collapse;padding:3px 3px 3px 3px\">\n<tr style=\"text-align:center;font-weight:bold;background:#9CBCE2\">\n<td>South America:Scotia</td>\n</tr>\n<tr>\n<td>\n<table style=\"font-family:Arial,Verdana,Times;font-size:12px;text-align:left;width:100%;border-spacing:0px; padding:3px 3px 3px 3px\">\n<tr>\n<td>NAME</td>\n<td>South America:Scotia</td>\n</tr>\n<tr bgcolor=\"#D4E4F3\">\n<td>LABEL</td>\n<td>Transform Boundary</td>\n</tr>\n</table>\n</td>\n</tr>\n</table>\n</body>\n</html>", "LABEL": "Transform Boundary" }, "geometry": { "type": "MultiLineString", "coordinates": [ [ [ -65.871002197393466, -54.318000793401843, 0.0 ], [ -64.788002014081655, -54.173000335397091, 0.0 ], [ -63.713001250906977, -54.018001556626473, 0.0 ] ] ] } },
{ "type": "Feature", "properties": { "Name": "African:South American", "Description": "<html xmlns:fo=\"http://www.w3.org/1999/XSL/Format\" xmlns:msxsl=\"urn:schemas-microsoft-com:xslt\">\n<head>\n<META http-equiv=\"Content-Type\" content=\"text/html\">\n<meta http-equiv=\"content-type\" content=\"text/html; charset=UTF-8\">\n</head>\n<body style=\"margin:0px 0px 0px 0px;overflow:auto;background:#FFFFFF;\">\n<table style=\"font-family:Arial,Verdana,Times;font-size:12px;text-align:left;width:100%;border-collapse:collapse;padding:3px 3px 3px 3px\">\n<tr style=\"text-align:center;font-weight:bold;background:#9CBCE2\">\n<td>African:South American</td>\n</tr>\n<tr>\n<td>\n<table style=\"font-family:Arial,Verdana,Times;font-size:12px;text-align:left;width:100%;border-spacing:0px; padding:3px 3px 3px 3px\">\n<tr>\n<td>NAME</td>\n<td>African:South American</td>\n</tr>\n<tr bgcolor=\"#D4E4F3\">\n<td>LABEL</td>\n<td>Transform Boundary</td>\n</tr>\n</table>\n</td>\n</tr>\n</table>\n</body>\n</html>", "LABEL": "Transform Boundary" }, "geometry": { "type": "MultiLineString", "coordinates": [ [ [ -1.381999969223159, -54.053001403491919, 0.0 ], [ -2.371999979115685, -54.326999664303003, 0.0 ] ] ] } },
{ "type": "Feature", "properties": { "Name": "African:Antarctic", "Description": "<html xmlns:fo=\"http://www.w3.org/1999/XSL/Format\" xmlns:msxsl=\"urn:schemas-microsoft-com:xslt\">\n<head>\n<META http-equiv=\"Content-Type\" content=\"text/html\">\n<meta http-equiv=\"content-type\" content=\"text/html; charset=UTF-8\">\n</head>\n<body style=\"margin:0px 0px 0px 0px;overflow:auto;background:#FFFFFF;\">\n<table style=\"font-family:Arial,Verdana,Times;font-size:12px;text-align:left;width:100%;border-collapse:collapse;padding:3px 3px 3px 3px\">\n<tr style=\"text-align:center;font-weight:bold;background:#9CBCE2\">\n<td>African:Antarctic</td>\n</tr>\n<tr>\n<td>\n<table style=\"font-family:Arial,Verdana,Times;font-size:12px;text-align:left;width:100%;border-spacing:0px; padding:3px 3px 3px 3px\">\n<tr>\n<td>NAME</td>\n<td>African:Antarctic</td>\n</tr>\n<tr bgcolor=\"#D4E4F3\">\n<td>LABEL</td>\n<td>Transform Boundary</td>\n</tr>\n</table>\n</td>\n</tr>\n</table>\n</body>\n</html>", "LABEL": "Transform Boundary" }, "geometry": { "type": "MultiLineString", "coordinates": [ [ [ 9.993000030527014, -52.791999816838029, 0.0 ], [ 9.42899990042514, -53.233001708561972, 0.0 ], [ 8.798999786211198, -53.667999267652021, 0.0 ], [ 8.288000106419815, -54.033000946136717, 0.0 ], [ 7.77199983632346, -54.395999908169188, 0.0 ] ] ] } },
{ "type": "Feature", "properties": { "Name": "Scotia:South American", "Description": "<html xmlns:fo=\"http://www.w3.org/1999/XSL/Format\" xmlns:msxsl=\"urn:schemas-microsoft-com:xslt\">\n<head>\n<META http-equiv=\"Content-Type\" content=\"text/html\">\n<meta http-equiv=\"content-type\" content=\"text/html; charset=UTF-8\">\n</head>\n<body style=\"margin:0px 0px 0px 0px;overflow:auto;background:#FFFFFF;\">\n<table style=\"font-family:Arial,Verdana,Times;font-size:12px;text-align:left;width:100%;border-collapse:collapse;padding:3px 3px 3px 3px\">\n<tr style=\"text-align:center;font-weight:bold;background:#9CBCE2\">\n<td>Scotia:South American</td>\n</tr>\n<tr>\n<td>\n<table style=\"font-family:Arial,Verdana,Times;font-size:12px;text-align:left;width:100%;border-spacing:0px; padding:3px 3px 3px 3px\">\n<tr>\n<td>NAME</td>\n<td>Scotia:South American</td>\n</tr>\n<tr bgcolor=\"#D4E4F3\">\n<td>LABEL</td>\n<td>Transform Boundary</td>\n</tr>\n</table>\n</td>\n</tr>\n</table>\n</body>\n</html>", "LABEL": "Transform Boundary" }, "geometry": { "type": "MultiLineString", "coordinates": [ [ [ -76.483001708861764, -52.068000793401843, 0.0 ], [ -75.742996216202357, -52.314998626585293, 0.0 ], [ -74.996002197143639, -52.55599975608385, 0.0 ], [ -74.03500366218924, -52.910999297979167, 0.0 ], [ -73.010002136289529, -53.312999725756697, 0.0 ], [ -72.082000732647657, -53.717998504927039, 0.0 ], [ -71.291000365974071, -53.923000335896752, 0.0 ], [ -70.513000488181945, -54.098999023685963, 0.0 ], [ -69.866996765488295, -54.230998992809248, 0.0 ], [ -68.988998413146192, -54.430000305169933, 0.0 ], [ -67.403999328406258, -54.394001006641084, 0.0 ], [ -65.871002197393466, -54.318000793401843, 0.0 ] ] ] } },
{ "type": "Feature", "properties": { "Name": "African:Antarctic", "Description": "<html xmlns:fo=\"http://www.w3.org/1999/XSL/Format\" xmlns:msxsl=\"urn:schemas-microsoft-com:xslt\">\n<head>\n<META http-equiv=\"Content-Type\" content=\"text/html\">\n<meta http-equiv=\"content-type\" content=\"text/html; charset=UTF-8\">\n</head>\n<body style=\"margin:0px 0px 0px 0px;overflow:auto;background:#FFFFFF;\">\n<table style=\"font-family:Arial,Verdana,Times;font-size:12px;text-align:left;width:100%;border-collapse:collapse;padding:3px 3px 3px 3px\">\n<tr style=\"text-align:center;font-weight:bold;background:#9CBCE2\">\n<td>African:Antarctic</td>\n</tr>\n<tr>\n<td>\n<table style=\"font-family:Arial,Verdana,Times;font-size:12px;text-align:left;width:100%;border-spacing:0px; padding:3px 3px 3px 3px\">\n<tr>\n<td>NAME</td>\n<td>African:Antarctic</td>\n</tr>\n<tr bgcolor=\"#D4E4F3\">\n<td>LABEL</td>\n<td>Transform Boundary</td>\n</tr>\n</table>\n</td>\n</tr>\n</table>\n</body>\n</html>", "LABEL": "Transform Boundary" }, "geometry": { "type": "MultiLineString", "coordinates": [ [ [ 4.827000141143628, -54.161998748943063, 0.0 ], [ 4.414999961778847, -54.430000305169933, 0.0 ] ] ] } },
{ "type": "Feature", "properties": { "Name": "African:Antarctic", "Description": "<html xmlns:fo=\"http://www.w3.org/1999/XSL/Format\" xmlns:msxsl=\"urn:schemas-microsoft-com:xslt\">\n<head>\n<META http-equiv=\"Content-Type\" content=\"text/html\">\n<meta http-equiv=\"content-type\" content=\"text/html; charset=UTF-8\">\n</head>\n<body style=\"margin:0px 0px 0px 0px;overflow:auto;background:#FFFFFF;\">\n<table style=\"font-family:Arial,Verdana,Times;font-size:12px;text-align:left;width:100%;border-collapse:collapse;padding:3px 3px 3px 3px\">\n<tr style=\"text-align:center;font-weight:bold;background:#9CBCE2\">\n<td>African:Antarctic</td>\n</tr>\n<tr>\n<td>\n<table style=\"font-family:Arial,Verdana,Times;font-size:12px;text-align:left;width:100%;border-spacing:0px; padding:3px 3px 3px 3px\">\n<tr>\n<td>NAME</td>\n<td>African:Antarctic</td>\n</tr>\n<tr bgcolor=\"#D4E4F3\">\n<td>LABEL</td>\n<td>Transform Boundary</td>\n</tr>\n</table>\n</td>\n</tr>\n</table>\n</body>\n</html>", "LABEL": "Transform Boundary" }, "geometry": { "type": "MultiLineString", "coordinates": [ [ [ 6.625000000349758, -53.813999176420793, 0.0 ], [ 6.184000015188587, -54.113998413196157, 0.0 ], [ 5.494999885336483, -54.542999267701987, 0.0 ] ] ] } },
{ "type": "Feature", "properties": { "Name": "Pacific:Australian", "Description": "<html xmlns:fo=\"http://www.w3.org/1999/XSL/Format\" xmlns:msxsl=\"urn:schemas-microsoft-com:xslt\">\n<head>\n<META http-equiv=\"Content-Type\" content=\"text/html\">\n<meta http-equiv=\"content-type\" content=\"text/html; charset=UTF-8\">\n</head>\n<body style=\"margin:0px 0px 0px 0px;overflow:auto;background:#FFFFFF;\">\n<table style=\"font-family:Arial,Verdana,Times;font-size:12px;text-align:left;width:100%;border-collapse:collapse;padding:3px 3px 3px 3px\">\n<tr style=\"text-align:center;font-weight:bold;background:#9CBCE2\">\n<td>Pacific:Australian</td>\n</tr>\n<tr>\n<td>\n<table style=\"font-family:Arial,Verdana,Times;font-size:12px;text-align:left;width:100%;border-spacing:0px; padding:3px 3px 3px 3px\">\n<tr>\n<td>NAME</td>\n<td>Pacific:Australian</td>\n</tr>\n<tr bgcolor=\"#D4E4F3\">\n<td>LABEL</td>\n<td>Transform Boundary</td>\n</tr>\n</table>\n</td>\n</tr>\n</table>\n</body>\n</html>", "LABEL": "Transform Boundary" }, "geometry": { "type": "MultiLineString", "coordinates": [ [ [ 158.612582124865213, -54.526433922887179, 0.0 ], [ 158.892080434264699, -54.203284459410213, 0.0 ], [ 159.141998290588703, -53.812000274892739, 0.0 ] ] ] } },
{ "type": "Feature", "properties": { "Name": "Pacific:Antarctic", "Description": "<html xmlns:fo=\"http://www.w3.org/1999/XSL/Format\" xmlns:msxsl=\"urn:schemas-microsoft-com:xslt\">\n<head>\n<META http-equiv=\"Content-Type\" content=\"text/html\">\n<meta http-equiv=\"content-type\" content=\"text/html; charset=UTF-8\">\n</head>\n<body style=\"margin:0px 0px 0px 0px;overflow:auto;background:#FFFFFF;\">\n<table style=\"font-family:Arial,Verdana,Times;font-size:12px;text-align:left;width:100%;border-collapse:collapse;padding:3px 3px 3px 3px\">\n<tr style=\"text-align:center;font-weight:bold;background:#9CBCE2\">\n<td>Pacific:Antarctic</td>\n</tr>\n<tr>\n<td>\n<table style=\"font-family:Arial,Verdana,Times;font-size:12px;text-align:left;width:100%;border-spacing:0px; padding:3px 3px 3px 3px\">\n<tr>\n<td>NAME</td>\n<td>Pacific:Antarctic</td>\n</tr>\n<tr bgcolor=\"#D4E4F3\">\n<td>LABEL</td>\n<td>Transform Boundary</td>\n</tr>\n</table>\n</td>\n</tr>\n</table>\n</body>\n</html>", "LABEL": "Transform Boundary" }, "geometry": { "type": "MultiLineString", "coordinates": [ [ [ -118.581001281583795, -54.81900024406599, 0.0 ], [ -119.684997558990105, -54.641998290588617, 0.0 ], [ -120.663002013931802, -54.409999847814667, 0.0 ] ] ] } },
{ "type": "Feature", "properties": { "Name": "African:Antarctic", "Description": "<html xmlns:fo=\"http://www.w3.org/1999/XSL/Format\" xmlns:msxsl=\"urn:schemas-microsoft-com:xslt\">\n<head>\n<META http-equiv=\"Content-Type\" content=\"text/html\">\n<meta http-equiv=\"content-type\" content=\"text/html; charset=UTF-8\">\n</head>\n<body style=\"margin:0px 0px 0px 0px;overflow:auto;background:#FFFFFF;\">\n<table style=\"font-family:Arial,Verdana,Times;font-size:12px;text-align:left;width:100%;border-collapse:collapse;padding:3px 3px 3px 3px\">\n<tr style=\"text-align:center;font-weight:bold;background:#9CBCE2\">\n<td>African:Antarctic</td>\n</tr>\n<tr>\n<td>\n<table style=\"font-family:Arial,Verdana,Times;font-size:12px;text-align:left;width:100%;border-spacing:0px; padding:3px 3px 3px 3px\">\n<tr>\n<td>NAME</td>\n<td>African:Antarctic</td>\n</tr>\n<tr bgcolor=\"#D4E4F3\">\n<td>LABEL</td>\n<td>Transform Boundary</td>\n</tr>\n</table>\n</td>\n</tr>\n</table>\n</body>\n</html>", "LABEL": "Transform Boundary" }, "geometry": { "type": "MultiLineString", "coordinates": [ [ [ 3.02500009567791, -53.651000976613723, 0.0 ], [ 2.359999895378905, -54.03699874919289, 0.0 ], [ 1.695000052110743, -54.398998260461333, 0.0 ], [ 0.964999974069599, -54.83200073204813, 0.0 ] ] ] } },
{ "type": "Feature", "properties": { "Name": "African:Antarctic", "Description": "<html xmlns:fo=\"http://www.w3.org/1999/XSL/Format\" xmlns:msxsl=\"urn:schemas-microsoft-com:xslt\">\n<head>\n<META http-equiv=\"Content-Type\" content=\"text/html\">\n<meta http-equiv=\"content-type\" content=\"text/html; charset=UTF-8\">\n</head>\n<body style=\"margin:0px 0px 0px 0px;overflow:auto;background:#FFFFFF;\">\n<table style=\"font-family:Arial,Verdana,Times;font-size:12px;text-align:left;width:100%;border-collapse:collapse;padding:3px 3px 3px 3px\">\n<tr style=\"text-align:center;font-weight:bold;background:#9CBCE2\">\n<td>African:Antarctic</td>\n</tr>\n<tr>\n<td>\n<table style=\"font-family:Arial,Verdana,Times;font-size:12px;text-align:left;width:100%;border-spacing:0px; padding:3px 3px 3px 3px\">\n<tr>\n<td>NAME</td>\n<td>African:Antarctic</td>\n</tr>\n<tr bgcolor=\"#D4E4F3\">\n<td>LABEL</td>\n<td>Transform Boundary</td>\n</tr>\n</table>\n</td>\n</tr>\n</table>\n</body>\n</html>", "LABEL": "Transform Boundary" }, "geometry": { "type": "MultiLineString", "coordinates": [ [ [ 0.442999988458723, -54.451000213289149, 0.0 ], [ -0.03900000064948, -54.676998138353383, 0.0 ], [ -0.437999993305027, -54.852001190302637, 0.0 ] ] ] } },
{ "type": "Feature", "properties": { "Name": "South America:Scotia", "Description": "<html xmlns:fo=\"http://www.w3.org/1999/XSL/Format\" xmlns:msxsl=\"urn:schemas-microsoft-com:xslt\">\n<head>\n<META http-equiv=\"Content-Type\" content=\"text/html\">\n<meta http-equiv=\"content-type\" content=\"text/html; charset=UTF-8\">\n</head>\n<body style=\"margin:0px 0px 0px 0px;overflow:auto;background:#FFFFFF;\">\n<table style=\"font-family:Arial,Verdana,Times;font-size:12px;text-align:left;width:100%;border-collapse:collapse;padding:3px 3px 3px 3px\">\n<tr style=\"text-align:center;font-weight:bold;background:#9CBCE2\">\n<td>South America:Scotia</td>\n</tr>\n<tr>\n<td>\n<table style=\"font-family:Arial,Verdana,Times;font-size:12px;text-align:left;width:100%;border-spacing:0px; padding:3px 3px 3px 3px\">\n<tr>\n<td>NAME</td>\n<td>South America:Scotia</td>\n</tr>\n<tr bgcolor=\"#D4E4F3\">\n<td>LABEL</td>\n<td>Transform Boundary</td>\n</tr>\n</table>\n</td>\n</tr>\n</table>\n</body>\n</html>", "LABEL": "Transform Boundary" }, "geometry": { "type": "MultiLineString", "coordinates": [ [ [ -29.489000320408419, -55.033000945936863, 0.0 ], [ -28.64699935913308, -55.005001068444528, 0.0 ] ] ] } },
{ "type": "Feature", "properties": { "Name": "South American:Antarctic", "Description": "<html xmlns:fo=\"http://www.w3.org/1999/XSL/Format\" xmlns:msxsl=\"urn:schemas-microsoft-com:xslt\">\n<head>\n<META http-equiv=\"Content-Type\" content=\"text/html\">\n<meta http-equiv=\"content-type\" content=\"text/html; charset=UTF-8\">\n</head>\n<body style=\"margin:0px 0px 0px 0px;overflow:auto;background:#FFFFFF;\">\n<table style=\"font-family:Arial,Verdana,Times;font-size:12px;text-align:left;width:100%;border-collapse:collapse;padding:3px 3px 3px 3px\">\n<tr style=\"text-align:center;font-weight:bold;background:#9CBCE2\">\n<td>South American:Antarctic</td>\n</tr>\n<tr>\n<td>\n<table style=\"font-family:Arial,Verdana,Times;font-size:12px;text-align:left;width:100%;border-spacing:0px; padding:3px 3px 3px 3px\">\n<tr>\n<td>NAME</td>\n<td>South American:Antarctic</td>\n</tr>\n<tr bgcolor=\"#D4E4F3\">\n<td>LABEL</td>\n<td>Transform Boundary</td>\n</tr>\n</table>\n</td>\n</tr>\n</table>\n</body>\n</html>", "LABEL": "Transform Boundary" }, "geometry": { "type": "MultiLineString", "coordinates": [ [ [ -1.60599994693996, -55.129001617430667, 0.0 ], [ -1.039000034623825, -55.019001007190703, 0.0 ] ] ] } },
{ "type": "Feature", "properties": { "Name": "Pacific:Australian", "Description": "<html xmlns:fo=\"http://www.w3.org/1999/XSL/Format\" xmlns:msxsl=\"urn:schemas-microsoft-com:xslt\">\n<head>\n<META http-equiv=\"Content-Type\" content=\"text/html\">\n<meta http-equiv=\"content-type\" content=\"text/html; charset=UTF-8\">\n</head>\n<body style=\"margin:0px 0px 0px 0px;overflow:auto;background:#FFFFFF;\">\n<table style=\"font-family:Arial,Verdana,Times;font-size:12px;text-align:left;width:100%;border-collapse:collapse;padding:3px 3px 3px 3px\">\n<tr style=\"text-align:center;font-weight:bold;background:#9CBCE2\">\n<td>Pacific:Australian</td>\n</tr>\n<tr>\n<td>\n<table style=\"font-family:Arial,Verdana,Times;font-size:12px;text-align:left;width:100%;border-spacing:0px; padding:3px 3px 3px 3px\">\n<tr>\n<td>NAME</td>\n<td>Pacific:Australian</td>\n</tr>\n<tr bgcolor=\"#D4E4F3\">\n<td>LABEL</td>\n<td>Transform Boundary</td>\n</tr>\n</table>\n</td>\n</tr>\n</table>\n</body>\n</html>", "LABEL": "Transform Boundary" }, "geometry": { "type": "MultiLineString", "coordinates": [ [ [ 158.081560634216004, -55.505270605953683, 0.0 ], [ 158.279200983638589, -55.184251838751322, 0.0 ], [ 158.419233997650991, -54.869266886657442, 0.0 ], [ 158.558609818588394, -54.555855588064901, 0.0 ] ] ] } },
{ "type": "Feature", "properties": { "Name": "Pacific:Antarctic", "Description": "<html xmlns:fo=\"http://www.w3.org/1999/XSL/Format\" xmlns:msxsl=\"urn:schemas-microsoft-com:xslt\">\n<head>\n<META http-equiv=\"Content-Type\" content=\"text/html\">\n<meta http-equiv=\"content-type\" content=\"text/html; charset=UTF-8\">\n</head>\n<body style=\"margin:0px 0px 0px 0px;overflow:auto;background:#FFFFFF;\">\n<table style=\"font-family:Arial,Verdana,Times;font-size:12px;text-align:left;width:100%;border-collapse:collapse;padding:3px 3px 3px 3px\">\n<tr style=\"text-align:center;font-weight:bold;background:#9CBCE2\">\n<td>Pacific:Antarctic</td>\n</tr>\n<tr>\n<td>\n<table style=\"font-family:Arial,Verdana,Times;font-size:12px;text-align:left;width:100%;border-spacing:0px; padding:3px 3px 3px 3px\">\n<tr>\n<td>NAME</td>\n<td>Pacific:Antarctic</td>\n</tr>\n<tr bgcolor=\"#D4E4F3\">\n<td>LABEL</td>\n<td>Transform Boundary</td>\n</tr>\n</table>\n</td>\n</tr>\n</table>\n</body>\n</html>", "LABEL": "Transform Boundary" }, "geometry": { "type": "MultiLineString", "coordinates": [ [ [ -127.2310028075335, -55.564998626385432, 0.0 ], [ -128.623992920337002, -55.320999145494113, 0.0 ], [ -129.345001220429907, -55.129001617430667, 0.0 ], [ -130.059005737125091, -54.930999755834023, 0.0 ], [ -131.374999999950006, -54.62300109892152, 0.0 ], [ -132.126007079962704, -54.431999206697981, 0.0 ], [ -132.869995116881114, -54.236999511418283, 0.0 ], [ -134.205001831069609, -53.887001037367952, 0.0 ], [ -135.307006835896686, -53.643001556476626, 0.0 ], [ -136.179992675621492, -53.395999908369049, 0.0 ] ] ] } },
{ "type": "Feature", "properties": { "Name": "South America:Scotia", "Description": "<html xmlns:fo=\"http://www.w3.org/1999/XSL/Format\" xmlns:msxsl=\"urn:schemas-microsoft-com:xslt\">\n<head>\n<META http-equiv=\"Content-Type\" content=\"text/html\">\n<meta http-equiv=\"content-type\" content=\"text/html; charset=UTF-8\">\n</head>\n<body style=\"margin:0px 0px 0px 0px;overflow:auto;background:#FFFFFF;\">\n<table style=\"font-family:Arial,Verdana,Times;font-size:12px;text-align:left;width:100%;border-collapse:collapse;padding:3px 3px 3px 3px\">\n<tr style=\"text-align:center;font-weight:bold;background:#9CBCE2\">\n<td>South America:Scotia</td>\n</tr>\n<tr>\n<td>\n<table style=\"font-family:Arial,Verdana,Times;font-size:12px;text-align:left;width:100%;border-spacing:0px; padding:3px 3px 3px 3px\">\n<tr>\n<td>NAME</td>\n<td>South America:Scotia</td>\n</tr>\n<tr bgcolor=\"#D4E4F3\">\n<td>LABEL</td>\n<td>Transform Boundary</td>\n</tr>\n</table>\n</td>\n</tr>\n</table>\n</body>\n</html>", "LABEL": "Transform Boundary" }, "geometry": { "type": "MultiLineString", "coordinates": [ [ [ -33.691001891723893, -55.604999541995198, 0.0 ], [ -33.057998657012376, -55.458000183361719, 0.0 ] ] ] } },
{ "type": "Feature", "properties": { "Name": "Pacific:Antarctic", "Description": "<html xmlns:fo=\"http://www.w3.org/1999/XSL/Format\" xmlns:msxsl=\"urn:schemas-microsoft-com:xslt\">\n<head>\n<META http-equiv=\"Content-Type\" content=\"text/html\">\n<meta http-equiv=\"content-type\" content=\"text/html; charset=UTF-8\">\n</head>\n<body style=\"margin:0px 0px 0px 0px;overflow:auto;background:#FFFFFF;\">\n<table style=\"font-family:Arial,Verdana,Times;font-size:12px;text-align:left;width:100%;border-collapse:collapse;padding:3px 3px 3px 3px\">\n<tr style=\"text-align:center;font-weight:bold;background:#9CBCE2\">\n<td>Pacific:Antarctic</td>\n</tr>\n<tr>\n<td>\n<table style=\"font-family:Arial,Verdana,Times;font-size:12px;text-align:left;width:100%;border-spacing:0px; padding:3px 3px 3px 3px\">\n<tr>\n<td>NAME</td>\n<td>Pacific:Antarctic</td>\n</tr>\n<tr bgcolor=\"#D4E4F3\">\n<td>LABEL</td>\n<td>Transform Boundary</td>\n</tr>\n</table>\n</td>\n</tr>\n</table>\n</body>\n</html>", "LABEL": "Transform Boundary" }, "geometry": { "type": "MultiLineString", "coordinates": [ [ [ -139.578002929591491, -55.615001678584584, 0.0 ], [ -139.190994262375312, -55.724998473900428, 0.0 ] ] ] } },
{ "type": "Feature", "properties": { "Name": "South American:Antarctic", "Description": "<html xmlns:fo=\"http://www.w3.org/1999/XSL/Format\" xmlns:msxsl=\"urn:schemas-microsoft-com:xslt\">\n<head>\n<META http-equiv=\"Content-Type\" content=\"text/html\">\n<meta http-equiv=\"content-type\" content=\"text/html; charset=UTF-8\">\n</head>\n<body style=\"margin:0px 0px 0px 0px;overflow:auto;background:#FFFFFF;\">\n<table style=\"font-family:Arial,Verdana,Times;font-size:12px;text-align:left;width:100%;border-collapse:collapse;padding:3px 3px 3px 3px\">\n<tr style=\"text-align:center;font-weight:bold;background:#9CBCE2\">\n<td>South American:Antarctic</td>\n</tr>\n<tr>\n<td>\n<table style=\"font-family:Arial,Verdana,Times;font-size:12px;text-align:left;width:100%;border-spacing:0px; padding:3px 3px 3px 3px\">\n<tr>\n<td>NAME</td>\n<td>South American:Antarctic</td>\n</tr>\n<tr bgcolor=\"#D4E4F3\">\n<td>LABEL</td>\n<td>Transform Boundary</td>\n</tr>\n</table>\n</td>\n</tr>\n</table>\n</body>\n</html>", "LABEL": "Transform Boundary" }, "geometry": { "type": "MultiLineString", "coordinates": [ [ [ -4.690999984661517, -55.806999206648022, 0.0 ], [ -4.056000232524639, -55.769001007490488, 0.0 ], [ -3.72000002897812, -55.74000167833475, 0.0 ], [ -2.895999908568854, -55.707000732098102, 0.0 ], [ -2.079999923257788, -55.657001495722398, 0.0 ], [ -1.613999962428295, -55.652999877742097, 0.0 ] ] ] } },
{ "type": "Feature", "properties": { "Name": "Pacific:Antarctic", "Description": "<html xmlns:fo=\"http://www.w3.org/1999/XSL/Format\" xmlns:msxsl=\"urn:schemas-microsoft-com:xslt\">\n<head>\n<META http-equiv=\"Content-Type\" content=\"text/html\">\n<meta http-equiv=\"content-type\" content=\"text/html; charset=UTF-8\">\n</head>\n<body style=\"margin:0px 0px 0px 0px;overflow:auto;background:#FFFFFF;\">\n<table style=\"font-family:Arial,Verdana,Times;font-size:12px;text-align:left;width:100%;border-collapse:collapse;padding:3px 3px 3px 3px\">\n<tr style=\"text-align:center;font-weight:bold;background:#9CBCE2\">\n<td>Pacific:Antarctic</td>\n</tr>\n<tr>\n<td>\n<table style=\"font-family:Arial,Verdana,Times;font-size:12px;text-align:left;width:100%;border-spacing:0px; padding:3px 3px 3px 3px\">\n<tr>\n<td>NAME</td>\n<td>Pacific:Antarctic</td>\n</tr>\n<tr bgcolor=\"#D4E4F3\">\n<td>LABEL</td>\n<td>Transform Boundary</td>\n</tr>\n</table>\n</td>\n</tr>\n</table>\n</body>\n</html>", "LABEL": "Transform Boundary" }, "geometry": { "type": "MultiLineString", "coordinates": [ [ [ -121.861999512067797, -56.026000976363953, 0.0 ], [ -122.654998779370203, -55.873001098222062, 0.0 ], [ -123.442001342987595, -55.715000152235177, 0.0 ], [ -124.2620010379175, -55.587001800192873, 0.0 ], [ -125.077003479027297, -55.453998565381433, 0.0 ], [ -126.196998595808495, -55.138000488331841, 0.0 ], [ -126.800003051499601, -55.063999175721342, 0.0 ] ] ] } },
{ "type": "Feature", "properties": { "Name": "South American:Antarctic", "Description": "<html xmlns:fo=\"http://www.w3.org/1999/XSL/Format\" xmlns:msxsl=\"urn:schemas-microsoft-com:xslt\">\n<head>\n<META http-equiv=\"Content-Type\" content=\"text/html\">\n<meta http-equiv=\"content-type\" content=\"text/html; charset=UTF-8\">\n</head>\n<body style=\"margin:0px 0px 0px 0px;overflow:auto;background:#FFFFFF;\">\n<table style=\"font-family:Arial,Verdana,Times;font-size:12px;text-align:left;width:100%;border-collapse:collapse;padding:3px 3px 3px 3px\">\n<tr style=\"text-align:center;font-weight:bold;background:#9CBCE2\">\n<td>South American:Antarctic</td>\n</tr>\n<tr>\n<td>\n<table style=\"font-family:Arial,Verdana,Times;font-size:12px;text-align:left;width:100%;border-spacing:0px; padding:3px 3px 3px 3px\">\n<tr>\n<td>NAME</td>\n<td>South American:Antarctic</td>\n</tr>\n<tr bgcolor=\"#D4E4F3\">\n<td>LABEL</td>\n<td>Transform Boundary</td>\n</tr>\n</table>\n</td>\n</tr>\n</table>\n</body>\n</html>", "LABEL": "Transform Boundary" }, "geometry": { "type": "MultiLineString", "coordinates": [ [ [ -6.057000160429027, -56.672000885032787, 0.0 ], [ -5.447999954334364, -56.62699890157802, 0.0 ], [ -4.692999839470986, -56.591999053813247, 0.0 ] ] ] } },
{ "type": "Feature", "properties": { "Name": "Pacific:Antarctic", "Description": "<html xmlns:fo=\"http://www.w3.org/1999/XSL/Format\" xmlns:msxsl=\"urn:schemas-microsoft-com:xslt\">\n<head>\n<META http-equiv=\"Content-Type\" content=\"text/html\">\n<meta http-equiv=\"content-type\" content=\"text/html; charset=UTF-8\">\n</head>\n<body style=\"margin:0px 0px 0px 0px;overflow:auto;background:#FFFFFF;\">\n<table style=\"font-family:Arial,Verdana,Times;font-size:12px;text-align:left;width:100%;border-collapse:collapse;padding:3px 3px 3px 3px\">\n<tr style=\"text-align:center;font-weight:bold;background:#9CBCE2\">\n<td>Pacific:Antarctic</td>\n</tr>\n<tr>\n<td>\n<table style=\"font-family:Arial,Verdana,Times;font-size:12px;text-align:left;width:100%;border-spacing:0px; padding:3px 3px 3px 3px\">\n<tr>\n<td>NAME</td>\n<td>Pacific:Antarctic</td>\n</tr>\n<tr bgcolor=\"#D4E4F3\">\n<td>LABEL</td>\n<td>Transform Boundary</td>\n</tr>\n</table>\n</td>\n</tr>\n</table>\n</body>\n</html>", "LABEL": "Transform Boundary" }, "geometry": { "type": "MultiLineString", "coordinates": [ [ [ -140.32499694865021, -57.053001403791711, 0.0 ], [ -141.210998535154289, -56.839000701920838, 0.0 ], [ -142.085998535204197, -56.618999481440881, 0.0 ], [ -143.32400512713491, -56.263000487882152, 0.0 ], [ -144.481994629048899, -55.909999847514882, 0.0 ], [ -144.856994629198709, -55.784000397000682, 0.0 ] ] ] } },
{ "type": "Feature", "properties": { "Name": "South American:Antarctic", "Description": "<html xmlns:fo=\"http://www.w3.org/1999/XSL/Format\" xmlns:msxsl=\"urn:schemas-microsoft-com:xslt\">\n<head>\n<META http-equiv=\"Content-Type\" content=\"text/html\">\n<meta http-equiv=\"content-type\" content=\"text/html; charset=UTF-8\">\n</head>\n<body style=\"margin:0px 0px 0px 0px;overflow:auto;background:#FFFFFF;\">\n<table style=\"font-family:Arial,Verdana,Times;font-size:12px;text-align:left;width:100%;border-collapse:collapse;padding:3px 3px 3px 3px\">\n<tr style=\"text-align:center;font-weight:bold;background:#9CBCE2\">\n<td>South American:Antarctic</td>\n</tr>\n<tr>\n<td>\n<table style=\"font-family:Arial,Verdana,Times;font-size:12px;text-align:left;width:100%;border-spacing:0px; padding:3px 3px 3px 3px\">\n<tr>\n<td>NAME</td>\n<td>South American:Antarctic</td>\n</tr>\n<tr bgcolor=\"#D4E4F3\">\n<td>LABEL</td>\n<td>Transform Boundary</td>\n</tr>\n</table>\n</td>\n</tr>\n</table>\n</body>\n</html>", "LABEL": "Transform Boundary" }, "geometry": { "type": "MultiLineString", "coordinates": [ [ [ -6.999000072895001, -57.318000793701628, 0.0 ], [ -6.538000107019286, -57.270000457954723, 0.0 ], [ -6.130000114813413, -57.240001678034957, 0.0 ] ] ] } },
{ "type": "Feature", "properties": { "Name": "Pacific:Australian", "Description": "<html xmlns:fo=\"http://www.w3.org/1999/XSL/Format\" xmlns:msxsl=\"urn:schemas-microsoft-com:xslt\">\n<head>\n<META http-equiv=\"Content-Type\" content=\"text/html\">\n<meta http-equiv=\"content-type\" content=\"text/html; charset=UTF-8\">\n</head>\n<body style=\"margin:0px 0px 0px 0px;overflow:auto;background:#FFFFFF;\">\n<table style=\"font-family:Arial,Verdana,Times;font-size:12px;text-align:left;width:100%;border-collapse:collapse;padding:3px 3px 3px 3px\">\n<tr style=\"text-align:center;font-weight:bold;background:#9CBCE2\">\n<td>Pacific:Australian</td>\n</tr>\n<tr>\n<td>\n<table style=\"font-family:Arial,Verdana,Times;font-size:12px;text-align:left;width:100%;border-spacing:0px; padding:3px 3px 3px 3px\">\n<tr>\n<td>NAME</td>\n<td>Pacific:Australian</td>\n</tr>\n<tr bgcolor=\"#D4E4F3\">\n<td>LABEL</td>\n<td>Transform Boundary</td>\n</tr>\n</table>\n</td>\n</tr>\n</table>\n</body>\n</html>", "LABEL": "Transform Boundary" }, "geometry": { "type": "MultiLineString", "coordinates": [ [ [ 157.236920065608587, -57.475900412174269, 0.0 ], [ 157.262585656502893, -57.231949269842907, 0.0 ], [ 157.326245629831988, -56.994084337122452, 0.0 ], [ 157.446978798832589, -56.727342052993322, 0.0 ], [ 157.568775409857409, -56.44060195911311, 0.0 ], [ 157.667135285465093, -56.313815814048553, 0.0 ], [ 157.778533527600302, -56.168055565611837, 0.0 ], [ 157.851928704346307, -56.025208336395572, 0.0 ], [ 157.958606583127306, -55.782428983710588, 0.0 ], [ 158.092317421611796, -55.525706374749348, 0.0 ] ] ] } },
{ "type": "Feature", "properties": { "Name": "Australian:Antarctic", "Description": "<html xmlns:fo=\"http://www.w3.org/1999/XSL/Format\" xmlns:msxsl=\"urn:schemas-microsoft-com:xslt\">\n<head>\n<META http-equiv=\"Content-Type\" content=\"text/html\">\n<meta http-equiv=\"content-type\" content=\"text/html; charset=UTF-8\">\n</head>\n<body style=\"margin:0px 0px 0px 0px;overflow:auto;background:#FFFFFF;\">\n<table style=\"font-family:Arial,Verdana,Times;font-size:12px;text-align:left;width:100%;border-collapse:collapse;padding:3px 3px 3px 3px\">\n<tr style=\"text-align:center;font-weight:bold;background:#9CBCE2\">\n<td>Australian:Antarctic</td>\n</tr>\n<tr>\n<td>\n<table style=\"font-family:Arial,Verdana,Times;font-size:12px;text-align:left;width:100%;border-spacing:0px; padding:3px 3px 3px 3px\">\n<tr>\n<td>NAME</td>\n<td>Australian:Antarctic</td>\n</tr>\n<tr bgcolor=\"#D4E4F3\">\n<td>LABEL</td>\n<td>Transform Boundary</td>\n</tr>\n</table>\n</td>\n</tr>\n</table>\n</body>\n</html>", "LABEL": "Transform Boundary" }, "geometry": { "type": "MultiLineString", "coordinates": [ [ [ 147.901992798229088, -57.56600189167392, 0.0 ], [ 147.720993041695607, -57.088001251556477, 0.0 ], [ 147.544998168830489, -56.610000610539707, 0.0 ], [ 147.373001099021593, -56.131999969522951, 0.0 ], [ 147.205993652285287, -55.653999328506188, 0.0 ], [ 147.042999267402394, -55.174999236725341, 0.0 ], [ 146.880996704334507, -54.694999695079836, 0.0 ] ] ] } },
{ "type": "Feature", "properties": { "Name": "Pacific:Antarctic", "Description": "<html xmlns:fo=\"http://www.w3.org/1999/XSL/Format\" xmlns:msxsl=\"urn:schemas-microsoft-com:xslt\">\n<head>\n<META http-equiv=\"Content-Type\" content=\"text/html\">\n<meta http-equiv=\"content-type\" content=\"text/html; charset=UTF-8\">\n</head>\n<body style=\"margin:0px 0px 0px 0px;overflow:auto;background:#FFFFFF;\">\n<table style=\"font-family:Arial,Verdana,Times;font-size:12px;text-align:left;width:100%;border-collapse:collapse;padding:3px 3px 3px 3px\">\n<tr style=\"text-align:center;font-weight:bold;background:#9CBCE2\">\n<td>Pacific:Antarctic</td>\n</tr>\n<tr>\n<td>\n<table style=\"font-family:Arial,Verdana,Times;font-size:12px;text-align:left;width:100%;border-spacing:0px; padding:3px 3px 3px 3px\">\n<tr>\n<td>NAME</td>\n<td>Pacific:Antarctic</td>\n</tr>\n<tr bgcolor=\"#D4E4F3\">\n<td>LABEL</td>\n<td>Transform Boundary</td>\n</tr>\n</table>\n</td>\n</tr>\n</table>\n</body>\n</html>", "LABEL": "Transform Boundary" }, "geometry": { "type": "MultiLineString", "coordinates": [ [ [ -147.167007446036791, -57.638000487832187, 0.0 ], [ -147.692001343087497, -57.555000305219892, 0.0 ] ] ] } },
{ "type": "Feature", "properties": { "Name": "South American:Antarctic", "Description": "<html xmlns:fo=\"http://www.w3.org/1999/XSL/Format\" xmlns:msxsl=\"urn:schemas-microsoft-com:xslt\">\n<head>\n<META http-equiv=\"Content-Type\" content=\"text/html\">\n<meta http-equiv=\"content-type\" content=\"text/html; charset=UTF-8\">\n</head>\n<body style=\"margin:0px 0px 0px 0px;overflow:auto;background:#FFFFFF;\">\n<table style=\"font-family:Arial,Verdana,Times;font-size:12px;text-align:left;width:100%;border-collapse:collapse;padding:3px 3px 3px 3px\">\n<tr style=\"text-align:center;font-weight:bold;background:#9CBCE2\">\n<td>South American:Antarctic</td>\n</tr>\n<tr>\n<td>\n<table style=\"font-family:Arial,Verdana,Times;font-size:12px;text-align:left;width:100%;border-spacing:0px; padding:3px 3px 3px 3px\">\n<tr>\n<td>NAME</td>\n<td>South American:Antarctic</td>\n</tr>\n<tr bgcolor=\"#D4E4F3\">\n<td>LABEL</td>\n<td>Transform Boundary</td>\n</tr>\n</table>\n</td>\n</tr>\n</table>\n</body>\n</html>", "LABEL": "Transform Boundary" }, "geometry": { "type": "MultiLineString", "coordinates": [ [ [ -15.97200012190808, -58.438999176171023, 0.0 ], [ -15.06900024436573, -58.38999938966009, 0.0 ], [ -13.954000473043321, -58.31700134273774, 0.0 ], [ -12.6490001677235, -58.2410011294985, 0.0 ], [ -11.18999958021641, -58.158000945986828, 0.0 ], [ -9.885000229077264, -58.090999603648747, 0.0 ], [ -8.607000351385068, -57.988998412646602, 0.0 ], [ -7.525000095477992, -57.91999816878041, 0.0 ], [ -7.00899982448226, -57.868999481640742, 0.0 ] ] ] } },
{ "type": "Feature", "properties": { "Name": "South American:Antarctic", "Description": "<html xmlns:fo=\"http://www.w3.org/1999/XSL/Format\" xmlns:msxsl=\"urn:schemas-microsoft-com:xslt\">\n<head>\n<META http-equiv=\"Content-Type\" content=\"text/html\">\n<meta http-equiv=\"content-type\" content=\"text/html; charset=UTF-8\">\n</head>\n<body style=\"margin:0px 0px 0px 0px;overflow:auto;background:#FFFFFF;\">\n<table style=\"font-family:Arial,Verdana,Times;font-size:12px;text-align:left;width:100%;border-collapse:collapse;padding:3px 3px 3px 3px\">\n<tr style=\"text-align:center;font-weight:bold;background:#9CBCE2\">\n<td>South American:Antarctic</td>\n</tr>\n<tr>\n<td>\n<table style=\"font-family:Arial,Verdana,Times;font-size:12px;text-align:left;width:100%;border-spacing:0px; padding:3px 3px 3px 3px\">\n<tr>\n<td>NAME</td>\n<td>South American:Antarctic</td>\n</tr>\n<tr bgcolor=\"#D4E4F3\">\n<td>LABEL</td>\n<td>Transform Boundary</td>\n</tr>\n</table>\n</td>\n</tr>\n</table>\n</body>\n</html>", "LABEL": "Transform Boundary" }, "geometry": { "type": "MultiLineString", "coordinates": [ [ [ -18.059999466302258, -59.152999877941973, 0.0 ], [ -17.666999816887991, -59.129001617530612, 0.0 ], [ -16.916999816588199, -59.097999572822012, 0.0 ], [ -16.409999847315081, -59.097999572822012, 0.0 ] ] ] } },
{ "type": "Feature", "properties": { "Name": "South American:Antarctic", "Description": "<html xmlns:fo=\"http://www.w3.org/1999/XSL/Format\" xmlns:msxsl=\"urn:schemas-microsoft-com:xslt\">\n<head>\n<META http-equiv=\"Content-Type\" content=\"text/html\">\n<meta http-equiv=\"content-type\" content=\"text/html; charset=UTF-8\">\n</head>\n<body style=\"margin:0px 0px 0px 0px;overflow:auto;background:#FFFFFF;\">\n<table style=\"font-family:Arial,Verdana,Times;font-size:12px;text-align:left;width:100%;border-collapse:collapse;padding:3px 3px 3px 3px\">\n<tr style=\"text-align:center;font-weight:bold;background:#9CBCE2\">\n<td>South American:Antarctic</td>\n</tr>\n<tr>\n<td>\n<table style=\"font-family:Arial,Verdana,Times;font-size:12px;text-align:left;width:100%;border-spacing:0px; padding:3px 3px 3px 3px\">\n<tr>\n<td>NAME</td>\n<td>South American:Antarctic</td>\n</tr>\n<tr bgcolor=\"#D4E4F3\">\n<td>LABEL</td>\n<td>Transform Boundary</td>\n</tr>\n</table>\n</td>\n</tr>\n</table>\n</body>\n</html>", "LABEL": "Transform Boundary" }, "geometry": { "type": "MultiLineString", "coordinates": [ [ [ -18.4330005649241, -59.541999816838029, 0.0 ], [ -18.122999191559419, -59.508998870601367, 0.0 ] ] ] } },
{ "type": "Feature", "properties": { "Name": "Australian:Antarctic", "Description": "<html xmlns:fo=\"http://www.w3.org/1999/XSL/Format\" xmlns:msxsl=\"urn:schemas-microsoft-com:xslt\">\n<head>\n<META http-equiv=\"Content-Type\" content=\"text/html\">\n<meta http-equiv=\"content-type\" content=\"text/html; charset=UTF-8\">\n</head>\n<body style=\"margin:0px 0px 0px 0px;overflow:auto;background:#FFFFFF;\">\n<table style=\"font-family:Arial,Verdana,Times;font-size:12px;text-align:left;width:100%;border-collapse:collapse;padding:3px 3px 3px 3px\">\n<tr style=\"text-align:center;font-weight:bold;background:#9CBCE2\">\n<td>Australian:Antarctic</td>\n</tr>\n<tr>\n<td>\n<table style=\"font-family:Arial,Verdana,Times;font-size:12px;text-align:left;width:100%;border-spacing:0px; padding:3px 3px 3px 3px\">\n<tr>\n<td>NAME</td>\n<td>Australian:Antarctic</td>\n</tr>\n<tr bgcolor=\"#D4E4F3\">\n<td>LABEL</td>\n<td>Transform Boundary</td>\n</tr>\n</table>\n</td>\n</tr>\n</table>\n</body>\n</html>", "LABEL": "Transform Boundary" }, "geometry": { "type": "MultiLineString", "coordinates": [ [ [ 150.005996704384387, -59.569999695229683, 0.0 ], [ 149.651992797429699, -58.999000549036062, 0.0 ], [ 149.397994994873187, -58.551998138703077, 0.0 ], [ 149.149993896900895, -58.104000091630887, 0.0 ], [ 148.805999755484407, -57.436000824078747, 0.0 ] ] ] } },
{ "type": "Feature", "properties": { "Name": "Pacific:Antarctic", "Description": "<html xmlns:fo=\"http://www.w3.org/1999/XSL/Format\" xmlns:msxsl=\"urn:schemas-microsoft-com:xslt\">\n<head>\n<META http-equiv=\"Content-Type\" content=\"text/html\">\n<meta http-equiv=\"content-type\" content=\"text/html; charset=UTF-8\">\n</head>\n<body style=\"margin:0px 0px 0px 0px;overflow:auto;background:#FFFFFF;\">\n<table style=\"font-family:Arial,Verdana,Times;font-size:12px;text-align:left;width:100%;border-collapse:collapse;padding:3px 3px 3px 3px\">\n<tr style=\"text-align:center;font-weight:bold;background:#9CBCE2\">\n<td>Pacific:Antarctic</td>\n</tr>\n<tr>\n<td>\n<table style=\"font-family:Arial,Verdana,Times;font-size:12px;text-align:left;width:100%;border-spacing:0px; padding:3px 3px 3px 3px\">\n<tr>\n<td>NAME</td>\n<td>Pacific:Antarctic</td>\n</tr>\n<tr bgcolor=\"#D4E4F3\">\n<td>LABEL</td>\n<td>Transform Boundary</td>\n</tr>\n</table>\n</td>\n</tr>\n</table>\n</body>\n</html>", "LABEL": "Transform Boundary" }, "geometry": { "type": "MultiLineString", "coordinates": [ [ [ -150.382003784047413, -59.717998504627253, 0.0 ], [ -151.328994751306709, -59.469001769915742, 0.0 ] ] ] } },
{ "type": "Feature", "properties": { "Name": "South American:Antarctic", "Description": "<html xmlns:fo=\"http://www.w3.org/1999/XSL/Format\" xmlns:msxsl=\"urn:schemas-microsoft-com:xslt\">\n<head>\n<META http-equiv=\"Content-Type\" content=\"text/html\">\n<meta http-equiv=\"content-type\" content=\"text/html; charset=UTF-8\">\n</head>\n<body style=\"margin:0px 0px 0px 0px;overflow:auto;background:#FFFFFF;\">\n<table style=\"font-family:Arial,Verdana,Times;font-size:12px;text-align:left;width:100%;border-collapse:collapse;padding:3px 3px 3px 3px\">\n<tr style=\"text-align:center;font-weight:bold;background:#9CBCE2\">\n<td>South American:Antarctic</td>\n</tr>\n<tr>\n<td>\n<table style=\"font-family:Arial,Verdana,Times;font-size:12px;text-align:left;width:100%;border-spacing:0px; padding:3px 3px 3px 3px\">\n<tr>\n<td>NAME</td>\n<td>South American:Antarctic</td>\n</tr>\n<tr bgcolor=\"#D4E4F3\">\n<td>LABEL</td>\n<td>Transform Boundary</td>\n</tr>\n</table>\n</td>\n</tr>\n</table>\n</body>\n</html>", "LABEL": "Transform Boundary" }, "geometry": { "type": "MultiLineString", "coordinates": [ [ [ -19.371000290231169, -60.289001464845683, 0.0 ], [ -18.64599990856885, -60.25, 0.0 ] ] ] } },
{ "type": "Feature", "properties": { "Name": "Australian:Antarctic", "Description": "<html xmlns:fo=\"http://www.w3.org/1999/XSL/Format\" xmlns:msxsl=\"urn:schemas-microsoft-com:xslt\">\n<head>\n<META http-equiv=\"Content-Type\" content=\"text/html\">\n<meta http-equiv=\"content-type\" content=\"text/html; charset=UTF-8\">\n</head>\n<body style=\"margin:0px 0px 0px 0px;overflow:auto;background:#FFFFFF;\">\n<table style=\"font-family:Arial,Verdana,Times;font-size:12px;text-align:left;width:100%;border-collapse:collapse;padding:3px 3px 3px 3px\">\n<tr style=\"text-align:center;font-weight:bold;background:#9CBCE2\">\n<td>Australian:Antarctic</td>\n</tr>\n<tr>\n<td>\n<table style=\"font-family:Arial,Verdana,Times;font-size:12px;text-align:left;width:100%;border-spacing:0px; padding:3px 3px 3px 3px\">\n<tr>\n<td>NAME</td>\n<td>Australian:Antarctic</td>\n</tr>\n<tr bgcolor=\"#D4E4F3\">\n<td>LABEL</td>\n<td>Transform Boundary</td>\n</tr>\n</table>\n</td>\n</tr>\n</table>\n</body>\n</html>", "LABEL": "Transform Boundary" }, "geometry": { "type": "MultiLineString", "coordinates": [ [ [ 151.289993285761597, -60.412998199807021, 0.0 ], [ 151.007995605712694, -59.944000243716232, 0.0 ], [ 150.73300170906171, -59.474998474499962, 0.0 ] ] ] } },
{ "type": "Feature", "properties": { "Name": "Antarctic:Scotia", "Description": "<html xmlns:fo=\"http://www.w3.org/1999/XSL/Format\" xmlns:msxsl=\"urn:schemas-microsoft-com:xslt\">\n<head>\n<META http-equiv=\"Content-Type\" content=\"text/html\">\n<meta http-equiv=\"content-type\" content=\"text/html; charset=UTF-8\">\n</head>\n<body style=\"margin:0px 0px 0px 0px;overflow:auto;background:#FFFFFF;\">\n<table style=\"font-family:Arial,Verdana,Times;font-size:12px;text-align:left;width:100%;border-collapse:collapse;padding:3px 3px 3px 3px\">\n<tr style=\"text-align:center;font-weight:bold;background:#9CBCE2\">\n<td>Antarctic:Scotia</td>\n</tr>\n<tr>\n<td>\n<table style=\"font-family:Arial,Verdana,Times;font-size:12px;text-align:left;width:100%;border-spacing:0px; padding:3px 3px 3px 3px\">\n<tr>\n<td>NAME</td>\n<td>Antarctic:Scotia</td>\n</tr>\n<tr bgcolor=\"#D4E4F3\">\n<td>LABEL</td>\n<td>Transform Boundary</td>\n</tr>\n</table>\n</td>\n</tr>\n</table>\n</body>\n</html>", "LABEL": "Transform Boundary" }, "geometry": { "type": "MultiLineString", "coordinates": [ [ [ -42.067001342837671, -60.500999450264374, 0.0 ], [ -43.151000976913508, -60.3759994505142, 0.0 ], [ -44.22600173918886, -60.243000030626888, 0.0 ], [ -45.603000640667013, -60.090999603249031, 0.0 ], [ -46.963001251106789, -59.95999908488983, 0.0 ], [ -48.250999450464242, -59.967998505026969, 0.0 ], [ -49.598999023685963, -60.043998718266209, 0.0 ], [ -50.88700103796748, -60.094001770465297, 0.0 ] ] ] } },
{ "type": "Feature", "properties": { "Name": "Antarctic:Scotia", "Description": "<html xmlns:fo=\"http://www.w3.org/1999/XSL/Format\" xmlns:msxsl=\"urn:schemas-microsoft-com:xslt\">\n<head>\n<META http-equiv=\"Content-Type\" content=\"text/html\">\n<meta http-equiv=\"content-type\" content=\"text/html; charset=UTF-8\">\n</head>\n<body style=\"margin:0px 0px 0px 0px;overflow:auto;background:#FFFFFF;\">\n<table style=\"font-family:Arial,Verdana,Times;font-size:12px;text-align:left;width:100%;border-collapse:collapse;padding:3px 3px 3px 3px\">\n<tr style=\"text-align:center;font-weight:bold;background:#9CBCE2\">\n<td>Antarctic:Scotia</td>\n</tr>\n<tr>\n<td>\n<table style=\"font-family:Arial,Verdana,Times;font-size:12px;text-align:left;width:100%;border-spacing:0px; padding:3px 3px 3px 3px\">\n<tr>\n<td>NAME</td>\n<td>Antarctic:Scotia</td>\n</tr>\n<tr bgcolor=\"#D4E4F3\">\n<td>LABEL</td>\n<td>Transform Boundary</td>\n</tr>\n</table>\n</td>\n</tr>\n</table>\n</body>\n</html>", "LABEL": "Transform Boundary" }, "geometry": { "type": "MultiLineString", "coordinates": [ [ [ -29.738000870044061, -60.575000762874879, 0.0 ], [ -31.01399993874611, -60.512001037617779, 0.0 ], [ -32.367000579812839, -60.409000396750862, 0.0 ] ] ] } },
{ "type": "Feature", "properties": { "Name": "Antarctic:Scotia", "Description": "<html xmlns:fo=\"http://www.w3.org/1999/XSL/Format\" xmlns:msxsl=\"urn:schemas-microsoft-com:xslt\">\n<head>\n<META http-equiv=\"Content-Type\" content=\"text/html\">\n<meta http-equiv=\"content-type\" content=\"text/html; charset=UTF-8\">\n</head>\n<body style=\"margin:0px 0px 0px 0px;overflow:auto;background:#FFFFFF;\">\n<table style=\"font-family:Arial,Verdana,Times;font-size:12px;text-align:left;width:100%;border-collapse:collapse;padding:3px 3px 3px 3px\">\n<tr style=\"text-align:center;font-weight:bold;background:#9CBCE2\">\n<td>Antarctic:Scotia</td>\n</tr>\n<tr>\n<td>\n<table style=\"font-family:Arial,Verdana,Times;font-size:12px;text-align:left;width:100%;border-spacing:0px; padding:3px 3px 3px 3px\">\n<tr>\n<td>NAME</td>\n<td>Antarctic:Scotia</td>\n</tr>\n<tr bgcolor=\"#D4E4F3\">\n<td>LABEL</td>\n<td>Transform Boundary</td>\n</tr>\n</table>\n</td>\n</tr>\n</table>\n</body>\n</html>", "LABEL": "Transform Boundary" }, "geometry": { "type": "MultiLineString", "coordinates": [ [ [ -26.07099914549411, -60.390998840024402, 0.0 ], [ -26.88899993889601, -60.506000519008687, 0.0 ], [ -27.69700050317061, -60.6170005800127, 0.0 ] ] ] } },
{ "type": "Feature", "properties": { "Name": "Antarctic:Scotia", "Description": "<html xmlns:fo=\"http://www.w3.org/1999/XSL/Format\" xmlns:msxsl=\"urn:schemas-microsoft-com:xslt\">\n<head>\n<META http-equiv=\"Content-Type\" content=\"text/html\">\n<meta http-equiv=\"content-type\" content=\"text/html; charset=UTF-8\">\n</head>\n<body style=\"margin:0px 0px 0px 0px;overflow:auto;background:#FFFFFF;\">\n<table style=\"font-family:Arial,Verdana,Times;font-size:12px;text-align:left;width:100%;border-collapse:collapse;padding:3px 3px 3px 3px\">\n<tr style=\"text-align:center;font-weight:bold;background:#9CBCE2\">\n<td>Antarctic:Scotia</td>\n</tr>\n<tr>\n<td>\n<table style=\"font-family:Arial,Verdana,Times;font-size:12px;text-align:left;width:100%;border-spacing:0px; padding:3px 3px 3px 3px\">\n<tr>\n<td>NAME</td>\n<td>Antarctic:Scotia</td>\n</tr>\n<tr bgcolor=\"#D4E4F3\">\n<td>LABEL</td>\n<td>Transform Boundary</td>\n</tr>\n</table>\n</td>\n</tr>\n</table>\n</body>\n</html>", "LABEL": "Transform Boundary" }, "geometry": { "type": "MultiLineString", "coordinates": [ [ [ -27.69700050317061, -60.6170005800127, 0.0 ], [ -28.743000030626892, -60.601001739738479, 0.0 ], [ -29.738000870044061, -60.575000762874879, 0.0 ] ] ] } },
{ "type": "Feature", "properties": { "Name": "South American:Antarctic", "Description": "<html xmlns:fo=\"http://www.w3.org/1999/XSL/Format\" xmlns:msxsl=\"urn:schemas-microsoft-com:xslt\">\n<head>\n<META http-equiv=\"Content-Type\" content=\"text/html\">\n<meta http-equiv=\"content-type\" content=\"text/html; charset=UTF-8\">\n</head>\n<body style=\"margin:0px 0px 0px 0px;overflow:auto;background:#FFFFFF;\">\n<table style=\"font-family:Arial,Verdana,Times;font-size:12px;text-align:left;width:100%;border-collapse:collapse;padding:3px 3px 3px 3px\">\n<tr style=\"text-align:center;font-weight:bold;background:#9CBCE2\">\n<td>South American:Antarctic</td>\n</tr>\n<tr>\n<td>\n<table style=\"font-family:Arial,Verdana,Times;font-size:12px;text-align:left;width:100%;border-spacing:0px; padding:3px 3px 3px 3px\">\n<tr>\n<td>NAME</td>\n<td>South American:Antarctic</td>\n</tr>\n<tr bgcolor=\"#D4E4F3\">\n<td>LABEL</td>\n<td>Transform Boundary</td>\n</tr>\n</table>\n</td>\n</tr>\n</table>\n</body>\n</html>", "LABEL": "Transform Boundary" }, "geometry": { "type": "MultiLineString", "coordinates": [ [ [ -26.07099914549411, -60.390998840024402, 0.0 ], [ -25.0939998628034, -60.544998168930313, 0.0 ], [ -24.107000350985349, -60.692001342487913, 0.0 ], [ -22.913999557433559, -60.722999573171712, 0.0 ], [ -21.718999862353709, -60.743999481290977, 0.0 ], [ -20.650999069451469, -60.782001495372697, 0.0 ], [ -19.580999374121749, -60.811000823629058, 0.0 ] ] ] } },
{ "type": "Feature", "properties": { "Name": "Antarctic:Scotia", "Description": "<html xmlns:fo=\"http://www.w3.org/1999/XSL/Format\" xmlns:msxsl=\"urn:schemas-microsoft-com:xslt\">\n<head>\n<META http-equiv=\"Content-Type\" content=\"text/html\">\n<meta http-equiv=\"content-type\" content=\"text/html; charset=UTF-8\">\n</head>\n<body style=\"margin:0px 0px 0px 0px;overflow:auto;background:#FFFFFF;\">\n<table style=\"font-family:Arial,Verdana,Times;font-size:12px;text-align:left;width:100%;border-collapse:collapse;padding:3px 3px 3px 3px\">\n<tr style=\"text-align:center;font-weight:bold;background:#9CBCE2\">\n<td>Antarctic:Scotia</td>\n</tr>\n<tr>\n<td>\n<table style=\"font-family:Arial,Verdana,Times;font-size:12px;text-align:left;width:100%;border-spacing:0px; padding:3px 3px 3px 3px\">\n<tr>\n<td>NAME</td>\n<td>Antarctic:Scotia</td>\n</tr>\n<tr bgcolor=\"#D4E4F3\">\n<td>LABEL</td>\n<td>Transform Boundary</td>\n</tr>\n</table>\n</td>\n</tr>\n</table>\n</body>\n</html>", "LABEL": "Transform Boundary" }, "geometry": { "type": "MultiLineString", "coordinates": [ [ [ -36.417999267951807, -61.391998290588617, 0.0 ], [ -37.561000824228593, -61.243000030427027, 0.0 ], [ -39.09299850447735, -61.018001556126883, 0.0 ] ] ] } },
{ "type": "Feature", "properties": { "Name": "Pacific:Antarctic", "Description": "<html xmlns:fo=\"http://www.w3.org/1999/XSL/Format\" xmlns:msxsl=\"urn:schemas-microsoft-com:xslt\">\n<head>\n<META http-equiv=\"Content-Type\" content=\"text/html\">\n<meta http-equiv=\"content-type\" content=\"text/html; charset=UTF-8\">\n</head>\n<body style=\"margin:0px 0px 0px 0px;overflow:auto;background:#FFFFFF;\">\n<table style=\"font-family:Arial,Verdana,Times;font-size:12px;text-align:left;width:100%;border-collapse:collapse;padding:3px 3px 3px 3px\">\n<tr style=\"text-align:center;font-weight:bold;background:#9CBCE2\">\n<td>Pacific:Antarctic</td>\n</tr>\n<tr>\n<td>\n<table style=\"font-family:Arial,Verdana,Times;font-size:12px;text-align:left;width:100%;border-spacing:0px; padding:3px 3px 3px 3px\">\n<tr>\n<td>NAME</td>\n<td>Pacific:Antarctic</td>\n</tr>\n<tr bgcolor=\"#D4E4F3\">\n<td>LABEL</td>\n<td>Transform Boundary</td>\n</tr>\n</table>\n</td>\n</tr>\n</table>\n</body>\n</html>", "LABEL": "Transform Boundary" }, "geometry": { "type": "MultiLineString", "coordinates": [ [ [ -154.180999756233803, -61.835998535503961, 0.0 ], [ -154.324005126735187, -61.776000976563751, 0.0 ] ] ] } },
{ "type": "Feature", "properties": { "Name": "Pacific:Antarctic", "Description": "<html xmlns:fo=\"http://www.w3.org/1999/XSL/Format\" xmlns:msxsl=\"urn:schemas-microsoft-com:xslt\">\n<head>\n<META http-equiv=\"Content-Type\" content=\"text/html\">\n<meta http-equiv=\"content-type\" content=\"text/html; charset=UTF-8\">\n</head>\n<body style=\"margin:0px 0px 0px 0px;overflow:auto;background:#FFFFFF;\">\n<table style=\"font-family:Arial,Verdana,Times;font-size:12px;text-align:left;width:100%;border-collapse:collapse;padding:3px 3px 3px 3px\">\n<tr style=\"text-align:center;font-weight:bold;background:#9CBCE2\">\n<td>Pacific:Antarctic</td>\n</tr>\n<tr>\n<td>\n<table style=\"font-family:Arial,Verdana,Times;font-size:12px;text-align:left;width:100%;border-spacing:0px; padding:3px 3px 3px 3px\">\n<tr>\n<td>NAME</td>\n<td>Pacific:Antarctic</td>\n</tr>\n<tr bgcolor=\"#D4E4F3\">\n<td>LABEL</td>\n<td>Transform Boundary</td>\n</tr>\n</table>\n</td>\n</tr>\n</table>\n</body>\n</html>", "LABEL": "Transform Boundary" }, "geometry": { "type": "MultiLineString", "coordinates": [ [ [ 162.933253071272304, -62.835253046790633, 0.0 ], [ 162.22792816255469, -62.305084403922081, 0.0 ], [ 161.680781574909787, -61.877852312634097, 0.0 ], [ 161.22799682599279, -61.4570007322979, 0.0 ] ] ] } },
{ "type": "Feature", "properties": { "Name": "Australian:Antarctic", "Description": "<html xmlns:fo=\"http://www.w3.org/1999/XSL/Format\" xmlns:msxsl=\"urn:schemas-microsoft-com:xslt\">\n<head>\n<META http-equiv=\"Content-Type\" content=\"text/html\">\n<meta http-equiv=\"content-type\" content=\"text/html; charset=UTF-8\">\n</head>\n<body style=\"margin:0px 0px 0px 0px;overflow:auto;background:#FFFFFF;\">\n<table style=\"font-family:Arial,Verdana,Times;font-size:12px;text-align:left;width:100%;border-collapse:collapse;padding:3px 3px 3px 3px\">\n<tr style=\"text-align:center;font-weight:bold;background:#9CBCE2\">\n<td>Australian:Antarctic</td>\n</tr>\n<tr>\n<td>\n<table style=\"font-family:Arial,Verdana,Times;font-size:12px;text-align:left;width:100%;border-spacing:0px; padding:3px 3px 3px 3px\">\n<tr>\n<td>NAME</td>\n<td>Australian:Antarctic</td>\n</tr>\n<tr bgcolor=\"#D4E4F3\">\n<td>LABEL</td>\n<td>Transform Boundary</td>\n</tr>\n</table>\n</td>\n</tr>\n</table>\n</body>\n</html>", "LABEL": "Transform Boundary" }, "geometry": { "type": "MultiLineString", "coordinates": [ [ [ 156.457000732398001, -62.914001464995579, 0.0 ], [ 155.701004028413195, -62.173999786361037, 0.0 ], [ 154.970785138123688, -61.514644123327571, 0.0 ], [ 154.188868648968992, -60.682969169691383, 0.0 ], [ 153.493181062356314, -59.991233515314427, 0.0 ] ] ] } },
{ "type": "Feature", "properties": { "Name": "Pacific:Antarctic", "Description": "<html xmlns:fo=\"http://www.w3.org/1999/XSL/Format\" xmlns:msxsl=\"urn:schemas-microsoft-com:xslt\">\n<head>\n<META http-equiv=\"Content-Type\" content=\"text/html\">\n<meta http-equiv=\"content-type\" content=\"text/html; charset=UTF-8\">\n</head>\n<body style=\"margin:0px 0px 0px 0px;overflow:auto;background:#FFFFFF;\">\n<table style=\"font-family:Arial,Verdana,Times;font-size:12px;text-align:left;width:100%;border-collapse:collapse;padding:3px 3px 3px 3px\">\n<tr style=\"text-align:center;font-weight:bold;background:#9CBCE2\">\n<td>Pacific:Antarctic</td>\n</tr>\n<tr>\n<td>\n<table style=\"font-family:Arial,Verdana,Times;font-size:12px;text-align:left;width:100%;border-spacing:0px; padding:3px 3px 3px 3px\">\n<tr>\n<td>NAME</td>\n<td>Pacific:Antarctic</td>\n</tr>\n<tr bgcolor=\"#D4E4F3\">\n<td>LABEL</td>\n<td>Transform Boundary</td>\n</tr>\n</table>\n</td>\n</tr>\n</table>\n</body>\n</html>", "LABEL": "Transform Boundary" }, "geometry": { "type": "MultiLineString", "coordinates": [ [ [ -160.429992675721394, -62.923000335896752, 0.0 ], [ -161.337997436932113, -62.613998413296088, 0.0 ], [ -162.061004638553186, -62.394001006840938, 0.0 ] ] ] } },
{ "type": "Feature", "properties": { "Name": "Pacific:Antarctic", "Description": "<html xmlns:fo=\"http://www.w3.org/1999/XSL/Format\" xmlns:msxsl=\"urn:schemas-microsoft-com:xslt\">\n<head>\n<META http-equiv=\"Content-Type\" content=\"text/html\">\n<meta http-equiv=\"content-type\" content=\"text/html; charset=UTF-8\">\n</head>\n<body style=\"margin:0px 0px 0px 0px;overflow:auto;background:#FFFFFF;\">\n<table style=\"font-family:Arial,Verdana,Times;font-size:12px;text-align:left;width:100%;border-collapse:collapse;padding:3px 3px 3px 3px\">\n<tr style=\"text-align:center;font-weight:bold;background:#9CBCE2\">\n<td>Pacific:Antarctic</td>\n</tr>\n<tr>\n<td>\n<table style=\"font-family:Arial,Verdana,Times;font-size:12px;text-align:left;width:100%;border-spacing:0px; padding:3px 3px 3px 3px\">\n<tr>\n<td>NAME</td>\n<td>Pacific:Antarctic</td>\n</tr>\n<tr bgcolor=\"#D4E4F3\">\n<td>LABEL</td>\n<td>Transform Boundary</td>\n</tr>\n</table>\n</td>\n</tr>\n</table>\n</body>\n</html>", "LABEL": "Transform Boundary" }, "geometry": { "type": "MultiLineString", "coordinates": [ [ [ -158.703002930041208, -63.004001617880313, 0.0 ], [ -159.888000488531702, -62.595001220729728, 0.0 ] ] ] } },
{ "type": "Feature", "properties": { "Name": "Pacific:Antarctic", "Description": "<html xmlns:fo=\"http://www.w3.org/1999/XSL/Format\" xmlns:msxsl=\"urn:schemas-microsoft-com:xslt\">\n<head>\n<META http-equiv=\"Content-Type\" content=\"text/html\">\n<meta http-equiv=\"content-type\" content=\"text/html; charset=UTF-8\">\n</head>\n<body style=\"margin:0px 0px 0px 0px;overflow:auto;background:#FFFFFF;\">\n<table style=\"font-family:Arial,Verdana,Times;font-size:12px;text-align:left;width:100%;border-collapse:collapse;padding:3px 3px 3px 3px\">\n<tr style=\"text-align:center;font-weight:bold;background:#9CBCE2\">\n<td>Pacific:Antarctic</td>\n</tr>\n<tr>\n<td>\n<table style=\"font-family:Arial,Verdana,Times;font-size:12px;text-align:left;width:100%;border-spacing:0px; padding:3px 3px 3px 3px\">\n<tr>\n<td>NAME</td>\n<td>Pacific:Antarctic</td>\n</tr>\n<tr bgcolor=\"#D4E4F3\">\n<td>LABEL</td>\n<td>Transform Boundary</td>\n</tr>\n</table>\n</td>\n</tr>\n</table>\n</body>\n</html>", "LABEL": "Transform Boundary" }, "geometry": { "type": "MultiLineString", "coordinates": [ [ [ 166.858001709211607, -63.221000671143997, 0.0 ], [ 166.619995117081089, -63.087001800492658, 0.0 ], [ 165.968994140567304, -62.667999267652021, 0.0 ], [ 165.652999877542413, -62.472999572372323, 0.0 ], [ 165.102996826342491, -62.076999664103198, 0.0 ] ] ] } },
{ "type": "Feature", "properties": { "Name": "Pacific:Antarctic", "Description": "<html xmlns:fo=\"http://www.w3.org/1999/XSL/Format\" xmlns:msxsl=\"urn:schemas-microsoft-com:xslt\">\n<head>\n<META http-equiv=\"Content-Type\" content=\"text/html\">\n<meta http-equiv=\"content-type\" content=\"text/html; charset=UTF-8\">\n</head>\n<body style=\"margin:0px 0px 0px 0px;overflow:auto;background:#FFFFFF;\">\n<table style=\"font-family:Arial,Verdana,Times;font-size:12px;text-align:left;width:100%;border-collapse:collapse;padding:3px 3px 3px 3px\">\n<tr style=\"text-align:center;font-weight:bold;background:#9CBCE2\">\n<td>Pacific:Antarctic</td>\n</tr>\n<tr>\n<td>\n<table style=\"font-family:Arial,Verdana,Times;font-size:12px;text-align:left;width:100%;border-spacing:0px; padding:3px 3px 3px 3px\">\n<tr>\n<td>NAME</td>\n<td>Pacific:Antarctic</td>\n</tr>\n<tr bgcolor=\"#D4E4F3\">\n<td>LABEL</td>\n<td>Transform Boundary</td>\n</tr>\n</table>\n</td>\n</tr>\n</table>\n</body>\n</html>", "LABEL": "Transform Boundary" }, "geometry": { "type": "MultiLineString", "coordinates": [ [ [ -156.716995239338786, -63.324001312010921, 0.0 ], [ -157.600997925214102, -63.069999694530232, 0.0 ], [ -158.393997192516395, -62.789001465245413, 0.0 ] ] ] } },
{ "type": "Feature", "properties": { "Name": "Pacific:Antarctic", "Description": "<html xmlns:fo=\"http://www.w3.org/1999/XSL/Format\" xmlns:msxsl=\"urn:schemas-microsoft-com:xslt\">\n<head>\n<META http-equiv=\"Content-Type\" content=\"text/html\">\n<meta http-equiv=\"content-type\" content=\"text/html; charset=UTF-8\">\n</head>\n<body style=\"margin:0px 0px 0px 0px;overflow:auto;background:#FFFFFF;\">\n<table style=\"font-family:Arial,Verdana,Times;font-size:12px;text-align:left;width:100%;border-collapse:collapse;padding:3px 3px 3px 3px\">\n<tr style=\"text-align:center;font-weight:bold;background:#9CBCE2\">\n<td>Pacific:Antarctic</td>\n</tr>\n<tr>\n<td>\n<table style=\"font-family:Arial,Verdana,Times;font-size:12px;text-align:left;width:100%;border-spacing:0px; padding:3px 3px 3px 3px\">\n<tr>\n<td>NAME</td>\n<td>Pacific:Antarctic</td>\n</tr>\n<tr bgcolor=\"#D4E4F3\">\n<td>LABEL</td>\n<td>Transform Boundary</td>\n</tr>\n</table>\n</td>\n</tr>\n</table>\n</body>\n</html>", "LABEL": "Transform Boundary" }, "geometry": { "type": "MultiLineString", "coordinates": [ [ [ -163.921005248893096, -63.466999053563427, 0.0 ], [ -165.149002075285495, -63.006999969273117, 0.0 ], [ -166.199005127284806, -62.605998993158948, 0.0 ], [ -166.608001708611908, -62.49000167833475, 0.0 ] ] ] } },
{ "type": "Feature", "properties": { "Name": "Pacific:Antarctic", "Description": "<html xmlns:fo=\"http://www.w3.org/1999/XSL/Format\" xmlns:msxsl=\"urn:schemas-microsoft-com:xslt\">\n<head>\n<META http-equiv=\"Content-Type\" content=\"text/html\">\n<meta http-equiv=\"content-type\" content=\"text/html; charset=UTF-8\">\n</head>\n<body style=\"margin:0px 0px 0px 0px;overflow:auto;background:#FFFFFF;\">\n<table style=\"font-family:Arial,Verdana,Times;font-size:12px;text-align:left;width:100%;border-collapse:collapse;padding:3px 3px 3px 3px\">\n<tr style=\"text-align:center;font-weight:bold;background:#9CBCE2\">\n<td>Pacific:Antarctic</td>\n</tr>\n<tr>\n<td>\n<table style=\"font-family:Arial,Verdana,Times;font-size:12px;text-align:left;width:100%;border-spacing:0px; padding:3px 3px 3px 3px\">\n<tr>\n<td>NAME</td>\n<td>Pacific:Antarctic</td>\n</tr>\n<tr bgcolor=\"#D4E4F3\">\n<td>LABEL</td>\n<td>Transform Boundary</td>\n</tr>\n</table>\n</td>\n</tr>\n</table>\n</body>\n</html>", "LABEL": "Transform Boundary" }, "geometry": { "type": "MultiLineString", "coordinates": [ [ [ 173.630996703934812, -64.737998962781887, 0.0 ], [ 172.52000427207949, -64.255996703784831, 0.0 ], [ 172.164001464496096, -64.097000121958047, 0.0 ], [ 171.639999389260396, -63.806999206847877, 0.0 ], [ 171.00900268592531, -63.446998596208232, 0.0 ], [ 170.440994263074799, -63.148998260061603, 0.0 ], [ 170.067993164452986, -62.972000122407678, 0.0 ], [ 169.604995727870602, -62.675998687789161, 0.0 ], [ 169.238006591730908, -62.445999145644009, 0.0 ] ] ] } },
{ "type": "Feature", "properties": { "Name": "Pacific:Antarctic", "Description": "<html xmlns:fo=\"http://www.w3.org/1999/XSL/Format\" xmlns:msxsl=\"urn:schemas-microsoft-com:xslt\">\n<head>\n<META http-equiv=\"Content-Type\" content=\"text/html\">\n<meta http-equiv=\"content-type\" content=\"text/html; charset=UTF-8\">\n</head>\n<body style=\"margin:0px 0px 0px 0px;overflow:auto;background:#FFFFFF;\">\n<table style=\"font-family:Arial,Verdana,Times;font-size:12px;text-align:left;width:100%;border-collapse:collapse;padding:3px 3px 3px 3px\">\n<tr style=\"text-align:center;font-weight:bold;background:#9CBCE2\">\n<td>Pacific:Antarctic</td>\n</tr>\n<tr>\n<td>\n<table style=\"font-family:Arial,Verdana,Times;font-size:12px;text-align:left;width:100%;border-spacing:0px; padding:3px 3px 3px 3px\">\n<tr>\n<td>NAME</td>\n<td>Pacific:Antarctic</td>\n</tr>\n<tr bgcolor=\"#D4E4F3\">\n<td>LABEL</td>\n<td>Transform Boundary</td>\n</tr>\n</table>\n</td>\n</tr>\n</table>\n</body>\n</html>", "LABEL": "Transform Boundary" }, "geometry": { "type": "MultiLineString", "coordinates": [ [ [ -170.042999268001807, -64.858001708711868, 0.0 ], [ -171.300003051599504, -64.356002807283687, 0.0 ] ] ] } },
{ "type": "Feature", "properties": { "Name": "Pacific:Antarctic", "Description": "<html xmlns:fo=\"http://www.w3.org/1999/XSL/Format\" xmlns:msxsl=\"urn:schemas-microsoft-com:xslt\">\n<head>\n<META http-equiv=\"Content-Type\" content=\"text/html\">\n<meta http-equiv=\"content-type\" content=\"text/html; charset=UTF-8\">\n</head>\n<body style=\"margin:0px 0px 0px 0px;overflow:auto;background:#FFFFFF;\">\n<table style=\"font-family:Arial,Verdana,Times;font-size:12px;text-align:left;width:100%;border-collapse:collapse;padding:3px 3px 3px 3px\">\n<tr style=\"text-align:center;font-weight:bold;background:#9CBCE2\">\n<td>Pacific:Antarctic</td>\n</tr>\n<tr>\n<td>\n<table style=\"font-family:Arial,Verdana,Times;font-size:12px;text-align:left;width:100%;border-spacing:0px; padding:3px 3px 3px 3px\">\n<tr>\n<td>NAME</td>\n<td>Pacific:Antarctic</td>\n</tr>\n<tr bgcolor=\"#D4E4F3\">\n<td>LABEL</td>\n<td>Transform Boundary</td>\n</tr>\n</table>\n</td>\n</tr>\n</table>\n</body>\n</html>", "LABEL": "Transform Boundary" }, "geometry": { "type": "MultiLineString", "coordinates": [ [ [ 180.000000000099988, -65.755653380998695, 0.0 ], [ 179.380996704134702, -65.476997375728274, 0.0 ], [ 178.759002685725505, -65.274002075235558, 0.0 ], [ 178.240005493258991, -65.079002379955853, 0.0 ], [ 177.889007568444612, -64.974998474300094, 0.0 ], [ 177.337997436632492, -64.736000061253776, 0.0 ], [ 176.819000244166006, -64.505996704184497, 0.0 ], [ 176.548995971486988, -64.410003662538941, 0.0 ], [ 176.063003540181313, -64.188003539631609, 0.0 ], [ 175.582000732847604, -63.984001159425929, 0.0 ] ] ] } },
{ "type": "Feature", "properties": { "Name": "Pacific:Antarctic", "Description": "<html xmlns:fo=\"http://www.w3.org/1999/XSL/Format\" xmlns:msxsl=\"urn:schemas-microsoft-com:xslt\">\n<head>\n<META http-equiv=\"Content-Type\" content=\"text/html\">\n<meta http-equiv=\"content-type\" content=\"text/html; charset=UTF-8\">\n</head>\n<body style=\"margin:0px 0px 0px 0px;overflow:auto;background:#FFFFFF;\">\n<table style=\"font-family:Arial,Verdana,Times;font-size:12px;text-align:left;width:100%;border-collapse:collapse;padding:3px 3px 3px 3px\">\n<tr style=\"text-align:center;font-weight:bold;background:#9CBCE2\">\n<td>Pacific:Antarctic</td>\n</tr>\n<tr>\n<td>\n<table style=\"font-family:Arial,Verdana,Times;font-size:12px;text-align:left;width:100%;border-spacing:0px; padding:3px 3px 3px 3px\">\n<tr>\n<td>NAME</td>\n<td>Pacific:Antarctic</td>\n</tr>\n<tr bgcolor=\"#D4E4F3\">\n<td>LABEL</td>\n<td>Transform Boundary</td>\n</tr>\n</table>\n</td>\n</tr>\n</table>\n</body>\n</html>", "LABEL": "Transform Boundary" }, "geometry": { "type": "MultiLineString", "coordinates": [ [ [ -174.417999267352286, -65.834999084839865, 0.0 ], [ -175.070007324478411, -65.504997253220608, 0.0 ], [ -175.729003906205293, -65.182998657561939, 0.0 ] ] ] } },
{ "type": "Feature", "properties": { "Name": "Pacific:Antarctic", "Description": "<html xmlns:fo=\"http://www.w3.org/1999/XSL/Format\" xmlns:msxsl=\"urn:schemas-microsoft-com:xslt\">\n<head>\n<META http-equiv=\"Content-Type\" content=\"text/html\">\n<meta http-equiv=\"content-type\" content=\"text/html; charset=UTF-8\">\n</head>\n<body style=\"margin:0px 0px 0px 0px;overflow:auto;background:#FFFFFF;\">\n<table style=\"font-family:Arial,Verdana,Times;font-size:12px;text-align:left;width:100%;border-collapse:collapse;padding:3px 3px 3px 3px\">\n<tr style=\"text-align:center;font-weight:bold;background:#9CBCE2\">\n<td>Pacific:Antarctic</td>\n</tr>\n<tr>\n<td>\n<table style=\"font-family:Arial,Verdana,Times;font-size:12px;text-align:left;width:100%;border-spacing:0px; padding:3px 3px 3px 3px\">\n<tr>\n<td>NAME</td>\n<td>Pacific:Antarctic</td>\n</tr>\n<tr bgcolor=\"#D4E4F3\">\n<td>LABEL</td>\n<td>Transform Boundary</td>\n</tr>\n</table>\n</td>\n</tr>\n</table>\n</body>\n</html>", "LABEL": "Transform Boundary" }, "geometry": { "type": "MultiLineString", "coordinates": [ [ [ -178.792999267602113, -66.16300201403169, 0.0 ], [ -179.999999999900012, -65.634193420389977, 0.0 ] ] ] } },
{ "type": "Feature", "properties": { "Name": "Solomon Sea Microplate:Southern Bismarck Microplate", "Description": "<html xmlns:fo=\"http://www.w3.org/1999/XSL/Format\" xmlns:msxsl=\"urn:schemas-microsoft-com:xslt\">\n<head>\n<META http-equiv=\"Content-Type\" content=\"text/html\">\n<meta http-equiv=\"content-type\" content=\"text/html; charset=UTF-8\">\n</head>\n<body style=\"margin:0px 0px 0px 0px;overflow:auto;background:#FFFFFF;\">\n<table style=\"font-family:Arial,Verdana,Times;font-size:12px;text-align:left;width:100%;border-collapse:collapse;padding:3px 3px 3px 3px\">\n<tr style=\"text-align:center;font-weight:bold;background:#9CBCE2\">\n<td>Solomon Sea Microplate:Southern Bismarck Microplate</td>\n</tr>\n<tr>\n<td>\n<table style=\"font-family:Arial,Verdana,Times;font-size:12px;text-align:left;width:100%;border-spacing:0px; padding:3px 3px 3px 3px\">\n<tr>\n<td>NAME</td>\n<td>Solomon Sea Microplate:Southern Bismarck Microplate</td>\n</tr>\n<tr bgcolor=\"#D4E4F3\">\n<td>LABEL</td>\n<td>Transform Boundary</td>\n</tr>\n</table>\n</td>\n</tr>\n</table>\n</body>\n</html>", "LABEL": "Transform Boundary" }, "geometry": { "type": "MultiLineString", "coordinates": [ [ [ 156.404791318564605, -8.309040572864092, 0.0 ], [ 156.411745364057396, -8.455618937264092, 0.0 ], [ 156.447843707621104, -8.947408356210644, 0.0 ] ] ] } },
{ "type": "Feature", "properties": { "Name": "Eurasian:Philippine", "Description": "<html xmlns:fo=\"http://www.w3.org/1999/XSL/Format\" xmlns:msxsl=\"urn:schemas-microsoft-com:xslt\">\n<head>\n<META http-equiv=\"Content-Type\" content=\"text/html\">\n<meta http-equiv=\"content-type\" content=\"text/html; charset=UTF-8\">\n</head>\n<body style=\"margin:0px 0px 0px 0px;overflow:auto;background:#FFFFFF;\">\n<table style=\"font-family:Arial,Verdana,Times;font-size:12px;text-align:left;width:100%;border-collapse:collapse;padding:3px 3px 3px 3px\">\n<tr style=\"text-align:center;font-weight:bold;background:#9CBCE2\">\n<td>Eurasian:Philippine</td>\n</tr>\n<tr>\n<td>\n<table style=\"font-family:Arial,Verdana,Times;font-size:12px;text-align:left;width:100%;border-spacing:0px; padding:3px 3px 3px 3px\">\n<tr>\n<td>NAME</td>\n<td>Eurasian:Philippine</td>\n</tr>\n<tr bgcolor=\"#D4E4F3\">\n<td>LABEL</td>\n<td>Transform Boundary</td>\n</tr>\n</table>\n</td>\n</tr>\n</table>\n</body>\n</html>", "LABEL": "Transform Boundary" }, "geometry": { "type": "MultiLineString", "coordinates": [ [ [ 122.124120462789193, 23.122051089486259, 0.0 ], [ 122.2724262224922, 23.115667190788258, 0.0 ], [ 122.5509723989571, 23.111230783873619, 0.0 ], [ 122.816556039729605, 23.12090024594966, 0.0 ], [ 123.075465861959998, 23.13999156156137, 0.0 ], [ 123.384523136034005, 23.16833451692446, 0.0 ], [ 123.6456320695644, 23.223671813303611, 0.0 ], [ 123.911147236855498, 23.294754246711189, 0.0 ] ] ] } },
{ "type": "Feature", "properties": { "Name": "Eurasian:Philippine", "Description": "<html xmlns:fo=\"http://www.w3.org/1999/XSL/Format\" xmlns:msxsl=\"urn:schemas-microsoft-com:xslt\">\n<head>\n<META http-equiv=\"Content-Type\" content=\"text/html\">\n<meta http-equiv=\"content-type\" content=\"text/html; charset=UTF-8\">\n</head>\n<body style=\"margin:0px 0px 0px 0px;overflow:auto;background:#FFFFFF;\">\n<table style=\"font-family:Arial,Verdana,Times;font-size:12px;text-align:left;width:100%;border-collapse:collapse;padding:3px 3px 3px 3px\">\n<tr style=\"text-align:center;font-weight:bold;background:#9CBCE2\">\n<td>Eurasian:Philippine</td>\n</tr>\n<tr>\n<td>\n<table style=\"font-family:Arial,Verdana,Times;font-size:12px;text-align:left;width:100%;border-spacing:0px; padding:3px 3px 3px 3px\">\n<tr>\n<td>NAME</td>\n<td>Eurasian:Philippine</td>\n</tr>\n<tr bgcolor=\"#D4E4F3\">\n<td>LABEL</td>\n<td>Transform Boundary</td>\n</tr>\n</table>\n</td>\n</tr>\n</table>\n</body>\n</html>", "LABEL": "Transform Boundary" }, "geometry": { "type": "MultiLineString", "coordinates": [ [ [ 122.611848837454005, 15.76924532281345, 0.0 ], [ 123.111180364981905, 15.72819639125049, 0.0 ], [ 123.529586106813397, 15.64356440137607, 0.0 ], [ 123.8700750695089, 15.53872733050196, 0.0 ], [ 124.135902955357196, 15.376156573067419, 0.0 ], [ 124.426579522127298, 15.15429891895997, 0.0 ], [ 124.701770022268803, 14.91349792458959, 0.0 ], [ 124.865137924375702, 14.756236334639199, 0.0 ] ] ] } },
{ "type": "Feature", "properties": { "Name": "North American:Caribbean", "Description": "<html xmlns:fo=\"http://www.w3.org/1999/XSL/Format\" xmlns:msxsl=\"urn:schemas-microsoft-com:xslt\">\n<head>\n<META http-equiv=\"Content-Type\" content=\"text/html\">\n<meta http-equiv=\"content-type\" content=\"text/html; charset=UTF-8\">\n</head>\n<body style=\"margin:0px 0px 0px 0px;overflow:auto;background:#FFFFFF;\">\n<table style=\"font-family:Arial,Verdana,Times;font-size:12px;text-align:left;width:100%;border-collapse:collapse;padding:3px 3px 3px 3px\">\n<tr style=\"text-align:center;font-weight:bold;background:#9CBCE2\">\n<td>North American:Caribbean</td>\n</tr>\n<tr>\n<td>\n<table style=\"font-family:Arial,Verdana,Times;font-size:12px;text-align:left;width:100%;border-spacing:0px; padding:3px 3px 3px 3px\">\n<tr>\n<td>NAME</td>\n<td>North American:Caribbean</td>\n</tr>\n<tr bgcolor=\"#D4E4F3\">\n<td>LABEL</td>\n<td>Transform Boundary</td>\n</tr>\n</table>\n</td>\n</tr>\n</table>\n</body>\n</html>", "LABEL": "Transform Boundary" }, "geometry": { "type": "MultiLineString", "coordinates": [ [ [ -90.438762836036005, 14.866474560152881, 0.0 ], [ -90.007708595475265, 14.89069109052144, 0.0 ], [ -89.692893700683726, 14.95849737555346, 0.0 ], [ -89.373235499818406, 15.09895325169129, 0.0 ], [ -89.058420604127548, 15.22003590353415, 0.0 ], [ -88.762978933630848, 15.418611452556551, 0.0 ], [ -88.535343548166168, 15.534850798325751, 0.0 ], [ -88.230215265522077, 15.636560225873779, 0.0 ], [ -88.012266492204787, 15.767329490763419, 0.0 ], [ -86.966003417523666, 16.47599983252633, 0.0 ] ] ] } },
{ "type": "Feature", "properties": { "Name": "Eurasian:Indian", "Description": "<html xmlns:fo=\"http://www.w3.org/1999/XSL/Format\" xmlns:msxsl=\"urn:schemas-microsoft-com:xslt\">\n<head>\n<META http-equiv=\"Content-Type\" content=\"text/html\">\n<meta http-equiv=\"content-type\" content=\"text/html; charset=UTF-8\">\n</head>\n<body style=\"margin:0px 0px 0px 0px;overflow:auto;background:#FFFFFF;\">\n<table style=\"font-family:Arial,Verdana,Times;font-size:12px;text-align:left;width:100%;border-collapse:collapse;padding:3px 3px 3px 3px\">\n<tr style=\"text-align:center;font-weight:bold;background:#9CBCE2\">\n<td>Eurasian:Indian</td>\n</tr>\n<tr>\n<td>\n<table style=\"font-family:Arial,Verdana,Times;font-size:12px;text-align:left;width:100%;border-spacing:0px; padding:3px 3px 3px 3px\">\n<tr>\n<td>NAME</td>\n<td>Eurasian:Indian</td>\n</tr>\n<tr bgcolor=\"#D4E4F3\">\n<td>LABEL</td>\n<td>Transform Boundary</td>\n</tr>\n</table>\n</td>\n</tr>\n</table>\n</body>\n</html>", "LABEL": "Transform Boundary" }, "geometry": { "type": "MultiLineString", "coordinates": [ [ [ 95.639949363472397, 26.11643429210892, 0.0 ], [ 95.577261744334066, 25.956865806212019, 0.0 ], [ 95.40059663462705, 25.73460970117679, 0.0 ], [ 95.115652910453491, 25.43256935319317, 0.0 ], [ 95.007374295987006, 25.20461437385433, 0.0 ], [ 94.897475526774201, 25.07639914400534, 0.0 ], [ 94.802214813862633, 24.965261645908299, 0.0 ], [ 94.491054580404636, 24.660156354432271, 0.0 ], [ 94.395840563890943, 24.43005581302538, 0.0 ], [ 94.237150534869329, 24.21582427497037, 0.0 ], [ 94.102264010875444, 23.866706212921429, 0.0 ], [ 94.086395008422983, 23.62867117073802, 0.0 ], [ 94.054657002618626, 23.525522652548428, 0.0 ] ] ] } },
{ "type": "Feature", "properties": { "Name": "Eurasian:Indian", "Description": "<html xmlns:fo=\"http://www.w3.org/1999/XSL/Format\" xmlns:msxsl=\"urn:schemas-microsoft-com:xslt\">\n<head>\n<META http-equiv=\"Content-Type\" content=\"text/html\">\n<meta http-equiv=\"content-type\" content=\"text/html; charset=UTF-8\">\n</head>\n<body style=\"margin:0px 0px 0px 0px;overflow:auto;background:#FFFFFF;\">\n<table style=\"font-family:Arial,Verdana,Times;font-size:12px;text-align:left;width:100%;border-collapse:collapse;padding:3px 3px 3px 3px\">\n<tr style=\"text-align:center;font-weight:bold;background:#9CBCE2\">\n<td>Eurasian:Indian</td>\n</tr>\n<tr>\n<td>\n<table style=\"font-family:Arial,Verdana,Times;font-size:12px;text-align:left;width:100%;border-spacing:0px; padding:3px 3px 3px 3px\">\n<tr>\n<td>NAME</td>\n<td>Eurasian:Indian</td>\n</tr>\n<tr bgcolor=\"#D4E4F3\">\n<td>LABEL</td>\n<td>Transform Boundary</td>\n</tr>\n</table>\n</td>\n</tr>\n</table>\n</body>\n</html>", "LABEL": "Transform Boundary" }, "geometry": { "type": "MultiLineString", "coordinates": [ [ [ 74.747958770980574, 32.9894022404211, 0.0 ], [ 74.62979015728996, 32.902060221801833, 0.0 ], [ 74.403728461299522, 32.90719798749717, 0.0 ], [ 74.259871017333637, 32.90719798749717, 0.0 ], [ 74.116013574267072, 32.948300113959142, 0.0 ], [ 73.946467302723875, 33.020228835492389, 0.0 ], [ 73.802609858758046, 33.148672981472942, 0.0 ], [ 73.607374757838841, 33.015091069797109, 0.0 ], [ 73.473792846162951, 32.871233626730543, 0.0 ], [ 73.412139656020372, 32.871233626730543, 0.0 ], [ 73.340210934487118, 32.799304905197289, 0.0 ], [ 73.238009725268682, 32.728741895022502, 0.0 ] ] ] } },
{ "type": "Feature", "properties": { "Name": "Eurasian:African", "Description": "<html xmlns:fo=\"http://www.w3.org/1999/XSL/Format\" xmlns:msxsl=\"urn:schemas-microsoft-com:xslt\">\n<head>\n<META http-equiv=\"Content-Type\" content=\"text/html\">\n<meta http-equiv=\"content-type\" content=\"text/html; charset=UTF-8\">\n</head>\n<body style=\"margin:0px 0px 0px 0px;overflow:auto;background:#FFFFFF;\">\n<table style=\"font-family:Arial,Verdana,Times;font-size:12px;text-align:left;width:100%;border-collapse:collapse;padding:3px 3px 3px 3px\">\n<tr style=\"text-align:center;font-weight:bold;background:#9CBCE2\">\n<td>Eurasian:African</td>\n</tr>\n<tr>\n<td>\n<table style=\"font-family:Arial,Verdana,Times;font-size:12px;text-align:left;width:100%;border-spacing:0px; padding:3px 3px 3px 3px\">\n<tr>\n<td>NAME</td>\n<td>Eurasian:African</td>\n</tr>\n<tr bgcolor=\"#D4E4F3\">\n<td>LABEL</td>\n<td>Transform Boundary</td>\n</tr>\n</table>\n</td>\n</tr>\n</table>\n</body>\n</html>", "LABEL": "Transform Boundary" }, "geometry": { "type": "MultiLineString", "coordinates": [ [ [ 35.756857853707061, 36.255289169759408, 0.0 ], [ 35.748138253777427, 36.098336360234903, 0.0 ], [ 35.725521398793553, 35.793008824697552, 0.0 ], [ 35.606782912601382, 35.487681289160207, 0.0 ], [ 35.465427572324643, 35.080577908443793, 0.0 ], [ 35.307109591034873, 34.854409364001022, 0.0 ], [ 35.188371104842652, 34.713054022824963, 0.0 ], [ 34.945239919386843, 34.594315537532111, 0.0 ], [ 34.543790751741817, 34.481231264411349, 0.0 ], [ 34.328930634341361, 34.413380701258397, 0.0 ], [ 33.967060962693317, 34.339875924134617, 0.0 ], [ 33.520378086879248, 34.266371147010886, 0.0 ], [ 33.152854201260432, 34.277679574053138, 0.0 ], [ 32.789350897625873, 34.329408348816287, 0.0 ] ] ] } },
{ "type": "Feature", "properties": { "Name": "Pacific:Juan de Fuca", "Description": "<html xmlns:fo=\"http://www.w3.org/1999/XSL/Format\" xmlns:msxsl=\"urn:schemas-microsoft-com:xslt\">\n<head>\n<META http-equiv=\"Content-Type\" content=\"text/html\">\n<meta http-equiv=\"content-type\" content=\"text/html; charset=UTF-8\">\n</head>\n<body style=\"margin:0px 0px 0px 0px;overflow:auto;background:#FFFFFF;\">\n<table style=\"font-family:Arial,Verdana,Times;font-size:12px;text-align:left;width:100%;border-collapse:collapse;padding:3px 3px 3px 3px\">\n<tr style=\"text-align:center;font-weight:bold;background:#9CBCE2\">\n<td>Pacific:Juan de Fuca</td>\n</tr>\n<tr>\n<td>\n<table style=\"font-family:Arial,Verdana,Times;font-size:12px;text-align:left;width:100%;border-spacing:0px; padding:3px 3px 3px 3px\">\n<tr>\n<td>NAME</td>\n<td>Pacific:Juan de Fuca</td>\n</tr>\n<tr bgcolor=\"#D4E4F3\">\n<td>LABEL</td>\n<td>Transform Boundary</td>\n</tr>\n</table>\n</td>\n</tr>\n</table>\n</body>\n</html>", "LABEL": "Transform Boundary" }, "geometry": { "type": "MultiLineString", "coordinates": [ [ [ -124.7843861357115, 40.375345118782263, 0.0 ], [ -125.354146045803404, 40.399065625378341, 0.0 ], [ -125.840984603356702, 40.4150570687288, 0.0 ], [ -126.316207419336905, 40.41252798357965, 0.0 ], [ -126.381187667576697, 40.412182166373952, 0.0 ], [ -127.579002380055798, 40.45000076282497, 0.0 ] ] ] } },
{ "type": "Feature", "properties": { "Name": "North American:Pacific", "Description": "<html xmlns:fo=\"http://www.w3.org/1999/XSL/Format\" xmlns:msxsl=\"urn:schemas-microsoft-com:xslt\">\n<head>\n<META http-equiv=\"Content-Type\" content=\"text/html\">\n<meta http-equiv=\"content-type\" content=\"text/html; charset=UTF-8\">\n</head>\n<body style=\"margin:0px 0px 0px 0px;overflow:auto;background:#FFFFFF;\">\n<table style=\"font-family:Arial,Verdana,Times;font-size:12px;text-align:left;width:100%;border-collapse:collapse;padding:3px 3px 3px 3px\">\n<tr style=\"text-align:center;font-weight:bold;background:#9CBCE2\">\n<td>North American:Pacific</td>\n</tr>\n<tr>\n<td>\n<table style=\"font-family:Arial,Verdana,Times;font-size:12px;text-align:left;width:100%;border-spacing:0px; padding:3px 3px 3px 3px\">\n<tr>\n<td>NAME</td>\n<td>North American:Pacific</td>\n</tr>\n<tr bgcolor=\"#D4E4F3\">\n<td>LABEL</td>\n<td>Transform Boundary</td>\n</tr>\n</table>\n</td>\n</tr>\n</table>\n</body>\n</html>", "LABEL": "Transform Boundary" }, "geometry": { "type": "MultiLineString", "coordinates": [ [ [ -119.405509280628806, 34.944447540221859, 0.0 ], [ -119.560596573373104, 35.048872491372443, 0.0 ], [ -119.706764865805894, 35.160722325375048, 0.0 ], [ -119.865959988262802, 35.314167585565663, 0.0 ], [ -119.970263271932396, 35.413889158857671, 0.0 ], [ -120.299973089186693, 35.751953989984713, 0.0 ], [ -120.560866062219006, 36.002605325275567, 0.0 ], [ -120.872428342094295, 36.293863976441401, 0.0 ], [ -121.289012660006193, 36.682867696087392, 0.0 ], [ -121.496707677217501, 36.817551620810718, 0.0 ], [ -121.564459626110803, 36.870092531944863, 0.0 ], [ -121.651963001990893, 36.925972481045221, 0.0 ], [ -121.811966588887003, 37.053005125786001, 0.0 ], [ -121.907016458442797, 37.104033781933538, 0.0 ], [ -122.003593601663297, 37.176174643644913, 0.0 ], [ -122.1399694281466, 37.297008366742773, 0.0 ], [ -122.209954197628093, 37.366993081365649, 0.0 ], [ -122.282993517137101, 37.437966073575467, 0.0 ], [ -122.3001061713627, 37.458400916968799, 0.0 ], [ -122.498064237774301, 37.694789847273682, 0.0 ], [ -122.5414259117764, 37.746569600107023, 0.0 ], [ -122.574072351557703, 37.785553902290822, 0.0 ], [ -122.722396850434293, 37.961728522653232, 0.0 ], [ -122.916988645609507, 38.181025957082277, 0.0 ], [ -123.041865142362397, 38.328991162412251, 0.0 ], [ -123.114365296721004, 38.407959765231062, 0.0 ], [ -123.422513921879997, 38.724515412956009, 0.0 ], [ -123.789417026174803, 39.101428500425023, 0.0 ], [ -123.840715150683707, 39.170604636394899, 0.0 ], [ -123.872607990966003, 39.258916531572709, 0.0 ], [ -123.922378897567995, 39.396460340872068, 0.0 ], [ -123.970594398812395, 39.579227916335299, 0.0 ], [ -123.995328337033101, 39.672985353091633, 0.0 ], [ -124.006737956691296, 39.913484928886419, 0.0 ], [ -124.048962313859704, 40.025873702309582, 0.0 ], [ -124.063516306932001, 40.050579508837302, 0.0 ], [ -124.138082844347807, 40.096487290356208, 0.0 ], [ -124.280331654782003, 40.17563757871136, 0.0 ], [ -124.359952247198393, 40.219940184591913, 0.0 ], [ -124.403198291767694, 40.244003210579763, 0.0 ], [ -124.558863328779594, 40.31187681166557, 0.0 ], [ -124.695984216598305, 40.371664729643612, 0.0 ], [ -124.783070893407, 40.375290362660166, 0.0 ] ] ] } },
{ "type": "Feature", "properties": { "Name": "North American:Pacific", "Description": "<html xmlns:fo=\"http://www.w3.org/1999/XSL/Format\" xmlns:msxsl=\"urn:schemas-microsoft-com:xslt\">\n<head>\n<META http-equiv=\"Content-Type\" content=\"text/html\">\n<meta http-equiv=\"content-type\" content=\"text/html; charset=UTF-8\">\n</head>\n<body style=\"margin:0px 0px 0px 0px;overflow:auto;background:#FFFFFF;\">\n<table style=\"font-family:Arial,Verdana,Times;font-size:12px;text-align:left;width:100%;border-collapse:collapse;padding:3px 3px 3px 3px\">\n<tr style=\"text-align:center;font-weight:bold;background:#9CBCE2\">\n<td>North American:Pacific</td>\n</tr>\n<tr>\n<td>\n<table style=\"font-family:Arial,Verdana,Times;font-size:12px;text-align:left;width:100%;border-spacing:0px; padding:3px 3px 3px 3px\">\n<tr>\n<td>NAME</td>\n<td>North American:Pacific</td>\n</tr>\n<tr bgcolor=\"#D4E4F3\">\n<td>LABEL</td>\n<td>Transform Boundary</td>\n</tr>\n</table>\n</td>\n</tr>\n</table>\n</body>\n</html>", "LABEL": "Transform Boundary" }, "geometry": { "type": "MultiLineString", "coordinates": [ [ [ -116.475296709775293, 33.923494924950887, 0.0 ], [ -116.480492875645695, 33.92461035678258, 0.0 ], [ -116.774773074417794, 33.987781823772202, 0.0 ], [ -117.238163685605599, 34.154703143335439, 0.0 ], [ -117.498158370812106, 34.289461815210643, 0.0 ], [ -117.736411862817206, 34.398616449389692, 0.0 ], [ -118.103854091792897, 34.547839346708543, 0.0 ], [ -118.400788327519294, 34.658276020222218, 0.0 ], [ -118.549108804627593, 34.710130391604373, 0.0 ], [ -118.881591951207596, 34.806396580737669, 0.0 ], [ -119.209954196428995, 34.863893571131428, 0.0 ], [ -119.361232100381102, 34.915178768785211, 0.0 ], [ -119.362860461441102, 34.915730804133382, 0.0 ], [ -119.405509280628806, 34.944447540221859, 0.0 ] ] ] } },
{ "type": "Feature", "properties": { "Name": "North American:Pacific", "Description": "<html xmlns:fo=\"http://www.w3.org/1999/XSL/Format\" xmlns:msxsl=\"urn:schemas-microsoft-com:xslt\">\n<head>\n<META http-equiv=\"Content-Type\" content=\"text/html\">\n<meta http-equiv=\"content-type\" content=\"text/html; charset=UTF-8\">\n</head>\n<body style=\"margin:0px 0px 0px 0px;overflow:auto;background:#FFFFFF;\">\n<table style=\"font-family:Arial,Verdana,Times;font-size:12px;text-align:left;width:100%;border-collapse:collapse;padding:3px 3px 3px 3px\">\n<tr style=\"text-align:center;font-weight:bold;background:#9CBCE2\">\n<td>North American:Pacific</td>\n</tr>\n<tr>\n<td>\n<table style=\"font-family:Arial,Verdana,Times;font-size:12px;text-align:left;width:100%;border-spacing:0px; padding:3px 3px 3px 3px\">\n<tr>\n<td>NAME</td>\n<td>North American:Pacific</td>\n</tr>\n<tr bgcolor=\"#D4E4F3\">\n<td>LABEL</td>\n<td>Transform Boundary</td>\n</tr>\n</table>\n</td>\n</tr>\n</table>\n</body>\n</html>", "LABEL": "Transform Boundary" }, "geometry": { "type": "MultiLineString", "coordinates": [ [ [ -115.713620686345607, 33.351525309545423, 0.0 ], [ -116.246339034019201, 33.788159201286142, 0.0 ], [ -116.469679241204005, 33.922289054596263, 0.0 ], [ -116.475296709775293, 33.923494924950887, 0.0 ] ] ] } },
{ "type": "Feature", "properties": { "Name": "North American:Pacific", "Description": "<html xmlns:fo=\"http://www.w3.org/1999/XSL/Format\" xmlns:msxsl=\"urn:schemas-microsoft-com:xslt\">\n<head>\n<META http-equiv=\"Content-Type\" content=\"text/html\">\n<meta http-equiv=\"content-type\" content=\"text/html; charset=UTF-8\">\n</head>\n<body style=\"margin:0px 0px 0px 0px;overflow:auto;background:#FFFFFF;\">\n<table style=\"font-family:Arial,Verdana,Times;font-size:12px;text-align:left;width:100%;border-collapse:collapse;padding:3px 3px 3px 3px\">\n<tr style=\"text-align:center;font-weight:bold;background:#9CBCE2\">\n<td>North American:Pacific</td>\n</tr>\n<tr>\n<td>\n<table style=\"font-family:Arial,Verdana,Times;font-size:12px;text-align:left;width:100%;border-spacing:0px; padding:3px 3px 3px 3px\">\n<tr>\n<td>NAME</td>\n<td>North American:Pacific</td>\n</tr>\n<tr bgcolor=\"#D4E4F3\">\n<td>LABEL</td>\n<td>Transform Boundary</td>\n</tr>\n</table>\n</td>\n</tr>\n</table>\n</body>\n</html>", "LABEL": "Transform Boundary" }, "geometry": { "type": "MultiLineString", "coordinates": [ [ [ -114.117996215952601, 31.356000900321359, 0.0 ], [ -114.207000732098095, 31.45800018296211, 0.0 ], [ -114.332000732747602, 31.601999282740739, 0.0 ], [ -114.519843560232104, 31.78390790942251, 0.0 ], [ -114.562101455817498, 31.82048791278697, 0.0 ], [ -114.764999389410306, 31.995000839617092, 0.0 ], [ -115.079191811253096, 32.23624317268434, 0.0 ], [ -115.138258563781704, 32.396371463172557, 0.0 ], [ -115.165034616854001, 32.468960584763238, 0.0 ], [ -115.240339917653102, 32.552345132222122, 0.0 ], [ -115.381201076868194, 32.70831880037241, 0.0 ], [ -115.522062236982606, 32.864292469421969, 0.0 ], [ -115.564160247497398, 32.910907030834842, 0.0 ] ] ] } },
{ "type": "Feature", "properties": { "Name": "Eurasian:Arabian", "Description": "<html xmlns:fo=\"http://www.w3.org/1999/XSL/Format\" xmlns:msxsl=\"urn:schemas-microsoft-com:xslt\">\n<head>\n<META http-equiv=\"Content-Type\" content=\"text/html\">\n<meta http-equiv=\"content-type\" content=\"text/html; charset=UTF-8\">\n</head>\n<body style=\"margin:0px 0px 0px 0px;overflow:auto;background:#FFFFFF;\">\n<table style=\"font-family:Arial,Verdana,Times;font-size:12px;text-align:left;width:100%;border-collapse:collapse;padding:3px 3px 3px 3px\">\n<tr style=\"text-align:center;font-weight:bold;background:#9CBCE2\">\n<td>Eurasian:Arabian</td>\n</tr>\n<tr>\n<td>\n<table style=\"font-family:Arial,Verdana,Times;font-size:12px;text-align:left;width:100%;border-spacing:0px; padding:3px 3px 3px 3px\">\n<tr>\n<td>NAME</td>\n<td>Eurasian:Arabian</td>\n</tr>\n<tr bgcolor=\"#D4E4F3\">\n<td>LABEL</td>\n<td>Transform Boundary</td>\n</tr>\n</table>\n</td>\n</tr>\n</table>\n</body>\n</html>", "LABEL": "Transform Boundary" }, "geometry": { "type": "MultiLineString", "coordinates": [ [ [ 44.356998443723228, 36.571998596158323, 0.0 ], [ 44.618327410781433, 36.135978033059807, 0.0 ], [ 45.146567754298466, 35.707675051562433, 0.0 ], [ 45.660531331555767, 35.422139730863933, 0.0 ], [ 46.203048440433243, 35.279372070964371, 0.0 ], [ 46.859779678489417, 34.836792323207192, 0.0 ], [ 47.259529127467317, 34.63691759916793, 0.0 ], [ 48.059028025423061, 34.35138227846943, 0.0 ], [ 48.73003602883972, 33.794588403332227, 0.0 ], [ 49.201169308217061, 33.38056218809453, 0.0 ] ] ] } },
{ "type": "Feature", "properties": { "Name": "Australian:Sunda", "Description": "<html xmlns:fo=\"http://www.w3.org/1999/XSL/Format\" xmlns:msxsl=\"urn:schemas-microsoft-com:xslt\">\n<head>\n<META http-equiv=\"Content-Type\" content=\"text/html\">\n<meta http-equiv=\"content-type\" content=\"text/html; charset=UTF-8\">\n</head>\n<body style=\"margin:0px 0px 0px 0px;overflow:auto;background:#FFFFFF;\">\n<table style=\"font-family:Arial,Verdana,Times;font-size:12px;text-align:left;width:100%;border-collapse:collapse;padding:3px 3px 3px 3px\">\n<tr style=\"text-align:center;font-weight:bold;background:#9CBCE2\">\n<td>Australian:Sunda</td>\n</tr>\n<tr>\n<td>\n<table style=\"font-family:Arial,Verdana,Times;font-size:12px;text-align:left;width:100%;border-spacing:0px; padding:3px 3px 3px 3px\">\n<tr>\n<td>NAME</td>\n<td>Australian:Sunda</td>\n</tr>\n<tr bgcolor=\"#D4E4F3\">\n<td>LABEL</td>\n<td>Transform Boundary</td>\n</tr>\n</table>\n</td>\n</tr>\n</table>\n</body>\n</html>", "LABEL": "Transform Boundary" }, "geometry": { "type": "MultiLineString", "coordinates": [ [ [ 94.51711476773238, 16.795418811928698, 0.0 ], [ 94.58091027069247, 16.850100672508059, 0.0 ], [ 94.790524067032152, 17.123509971807781, 0.0 ], [ 94.954569646971663, 17.58830578088714, 0.0 ], [ 95.045706079771833, 18.016647015947061, 0.0 ], [ 95.01836514993181, 18.52701104142648, 0.0 ], [ 94.963683290251709, 18.845988557126251, 0.0 ], [ 94.845205926712197, 19.119397857325279, 0.0 ], [ 94.662933061111914, 19.54773909238526, 0.0 ], [ 94.462432908052335, 20.021648544744611, 0.0 ], [ 94.289273684832722, 20.386194277743758, 0.0 ], [ 94.18902360875262, 20.577580786624029, 0.0 ], [ 94.116114462512485, 20.759853653123631, 0.0 ], [ 94.030853498490217, 20.986482199893661, 0.0 ] ] ] } },
{ "type": "Feature", "properties": { "Name": "Pacific:Australian", "Description": "<html xmlns:fo=\"http://www.w3.org/1999/XSL/Format\" xmlns:msxsl=\"urn:schemas-microsoft-com:xslt\">\n<head>\n<META http-equiv=\"Content-Type\" content=\"text/html\">\n<meta http-equiv=\"content-type\" content=\"text/html; charset=UTF-8\">\n</head>\n<body style=\"margin:0px 0px 0px 0px;overflow:auto;background:#FFFFFF;\">\n<table style=\"font-family:Arial,Verdana,Times;font-size:12px;text-align:left;width:100%;border-collapse:collapse;padding:3px 3px 3px 3px\">\n<tr style=\"text-align:center;font-weight:bold;background:#9CBCE2\">\n<td>Pacific:Australian</td>\n</tr>\n<tr>\n<td>\n<table style=\"font-family:Arial,Verdana,Times;font-size:12px;text-align:left;width:100%;border-spacing:0px; padding:3px 3px 3px 3px\">\n<tr>\n<td>NAME</td>\n<td>Pacific:Australian</td>\n</tr>\n<tr bgcolor=\"#D4E4F3\">\n<td>LABEL</td>\n<td>Transform Boundary</td>\n</tr>\n</table>\n</td>\n</tr>\n</table>\n</body>\n</html>", "LABEL": "Transform Boundary" }, "geometry": { "type": "MultiLineString", "coordinates": [ [ [ 164.577460414166808, -10.89601470081772, 0.0 ], [ 164.2525032180491, -10.924818469696559, 0.0 ], [ 162.933797220465408, -11.2257348261013, 0.0 ], [ 162.531174939371994, -11.327996873556801, 0.0 ] ] ] } },
{ "type": "Feature", "properties": { "Name": "Eurasia:Anatolia Block", "Description": "<html xmlns:fo=\"http://www.w3.org/1999/XSL/Format\" xmlns:msxsl=\"urn:schemas-microsoft-com:xslt\">\n<head>\n<META http-equiv=\"Content-Type\" content=\"text/html\">\n<meta http-equiv=\"content-type\" content=\"text/html; charset=UTF-8\">\n</head>\n<body style=\"margin:0px 0px 0px 0px;overflow:auto;background:#FFFFFF;\">\n<table style=\"font-family:Arial,Verdana,Times;font-size:12px;text-align:left;width:100%;border-collapse:collapse;padding:3px 3px 3px 3px\">\n<tr style=\"text-align:center;font-weight:bold;background:#9CBCE2\">\n<td>Eurasia:Anatolia Block</td>\n</tr>\n<tr>\n<td>\n<table style=\"font-family:Arial,Verdana,Times;font-size:12px;text-align:left;width:100%;border-spacing:0px; padding:3px 3px 3px 3px\">\n<tr>\n<td>NAME</td>\n<td>Eurasia:Anatolia Block</td>\n</tr>\n<tr bgcolor=\"#D4E4F3\">\n<td>LABEL</td>\n<td>Transform Boundary</td>\n</tr>\n</table>\n</td>\n</tr>\n</table>\n</body>\n</html>", "LABEL": "Transform Boundary" }, "geometry": { "type": "MultiLineString", "coordinates": [ [ [ 27.98699951191799, 40.618000029577729, 0.0 ], [ 28.724000929899031, 40.667999267752073, 0.0 ], [ 29.030000686182749, 40.686000823579207, 0.0 ], [ 30.006999969772838, 40.768001556326787, 0.0 ], [ 30.774000167673648, 40.60100174033812, 0.0 ], [ 31.11599922068751, 40.615001678184967, 0.0 ], [ 31.482000350835559, 40.679000855105407, 0.0 ], [ 32.391998291188258, 40.860000610739633, 0.0 ], [ 33.404998778970537, 41.02299880964739, 0.0 ], [ 34.28599929762953, 41.159000395851649, 0.0 ], [ 34.832000731748451, 41.123001099121502, 0.0 ], [ 35.527000426928232, 41.001998900628791, 0.0 ], [ 36.168998719415413, 40.848999023386277, 0.0 ], [ 37.062000275292519, 40.599998473750588, 0.0 ], [ 38.020999907819537, 40.269001007190809, 0.0 ], [ 38.794998169430023, 40.008998871101092, 0.0 ], [ 39.268001555727267, 39.909000396551107, 0.0 ], [ 39.891998290588667, 39.702999114817374, 0.0 ], [ 40.449001312060943, 39.391998290688612, 0.0 ], [ 40.651406330837567, 39.277803128211872, 0.0 ], [ 41.000985323314069, 39.079958856615967, 0.0 ] ] ] } },
{ "type": "Feature", "properties": { "Name": "Solomon Sea Microplate:Southern Bismarck Microplate", "Description": "<html xmlns:fo=\"http://www.w3.org/1999/XSL/Format\" xmlns:msxsl=\"urn:schemas-microsoft-com:xslt\">\n<head>\n<META http-equiv=\"Content-Type\" content=\"text/html\">\n<meta http-equiv=\"content-type\" content=\"text/html; charset=UTF-8\">\n</head>\n<body style=\"margin:0px 0px 0px 0px;overflow:auto;background:#FFFFFF;\">\n<table style=\"font-family:Arial,Verdana,Times;font-size:12px;text-align:left;width:100%;border-collapse:collapse;padding:3px 3px 3px 3px\">\n<tr style=\"text-align:center;font-weight:bold;background:#9CBCE2\">\n<td>Solomon Sea Microplate:Southern Bismarck Microplate</td>\n</tr>\n<tr>\n<td>\n<table style=\"font-family:Arial,Verdana,Times;font-size:12px;text-align:left;width:100%;border-spacing:0px; padding:3px 3px 3px 3px\">\n<tr>\n<td>NAME</td>\n<td>Solomon Sea Microplate:Southern Bismarck Microplate</td>\n</tr>\n<tr bgcolor=\"#D4E4F3\">\n<td>LABEL</td>\n<td>Transform Boundary</td>\n</tr>\n</table>\n</td>\n</tr>\n</table>\n</body>\n</html>", "LABEL": "Transform Boundary" }, "geometry": { "type": "MultiLineString", "coordinates": [ [ [ 154.231855934304008, -9.897841153946047, 0.0 ], [ 154.211594736508005, -10.31365006379934, 0.0 ] ] ] } },
{ "type": "Feature", "properties": { "Name": "Solomon Sea Microplate:Southern Bismarck Microplate", "Description": "<html xmlns:fo=\"http://www.w3.org/1999/XSL/Format\" xmlns:msxsl=\"urn:schemas-microsoft-com:xslt\">\n<head>\n<META http-equiv=\"Content-Type\" content=\"text/html\">\n<meta http-equiv=\"content-type\" content=\"text/html; charset=UTF-8\">\n</head>\n<body style=\"margin:0px 0px 0px 0px;overflow:auto;background:#FFFFFF;\">\n<table style=\"font-family:Arial,Verdana,Times;font-size:12px;text-align:left;width:100%;border-collapse:collapse;padding:3px 3px 3px 3px\">\n<tr style=\"text-align:center;font-weight:bold;background:#9CBCE2\">\n<td>Solomon Sea Microplate:Southern Bismarck Microplate</td>\n</tr>\n<tr>\n<td>\n<table style=\"font-family:Arial,Verdana,Times;font-size:12px;text-align:left;width:100%;border-spacing:0px; padding:3px 3px 3px 3px\">\n<tr>\n<td>NAME</td>\n<td>Solomon Sea Microplate:Southern Bismarck Microplate</td>\n</tr>\n<tr bgcolor=\"#D4E4F3\">\n<td>LABEL</td>\n<td>Transform Boundary</td>\n</tr>\n</table>\n</td>\n</tr>\n</table>\n</body>\n</html>", "LABEL": "Transform Boundary" }, "geometry": { "type": "MultiLineString", "coordinates": [ [ [ 155.160501182383797, -9.319829667305271, 0.0 ], [ 155.168569256765892, -9.71638037975066, 0.0 ], [ 155.1672953994632, -9.7166271519215, 0.0 ] ] ] } },
{ "type": "Feature", "properties": { "Name": "Solomon Sea Microplate:Southern Bismarck Microplate", "Description": "<html xmlns:fo=\"http://www.w3.org/1999/XSL/Format\" xmlns:msxsl=\"urn:schemas-microsoft-com:xslt\">\n<head>\n<META http-equiv=\"Content-Type\" content=\"text/html\">\n<meta http-equiv=\"content-type\" content=\"text/html; charset=UTF-8\">\n</head>\n<body style=\"margin:0px 0px 0px 0px;overflow:auto;background:#FFFFFF;\">\n<table style=\"font-family:Arial,Verdana,Times;font-size:12px;text-align:left;width:100%;border-collapse:collapse;padding:3px 3px 3px 3px\">\n<tr style=\"text-align:center;font-weight:bold;background:#9CBCE2\">\n<td>Solomon Sea Microplate:Southern Bismarck Microplate</td>\n</tr>\n<tr>\n<td>\n<table style=\"font-family:Arial,Verdana,Times;font-size:12px;text-align:left;width:100%;border-spacing:0px; padding:3px 3px 3px 3px\">\n<tr>\n<td>NAME</td>\n<td>Solomon Sea Microplate:Southern Bismarck Microplate</td>\n</tr>\n<tr bgcolor=\"#D4E4F3\">\n<td>LABEL</td>\n<td>Transform Boundary</td>\n</tr>\n</table>\n</td>\n</tr>\n</table>\n</body>\n</html>", "LABEL": "Transform Boundary" }, "geometry": { "type": "MultiLineString", "coordinates": [ [ [ 156.119782522145812, -9.00994718881168, 0.0 ], [ 156.09954789751751, -9.177194664602041, 0.0 ] ] ] } },
{ "type": "Feature", "properties": { "Name": "Eurasian:African", "Description": "<html xmlns:fo=\"http://www.w3.org/1999/XSL/Format\" xmlns:msxsl=\"urn:schemas-microsoft-com:xslt\">\n<head>\n<META http-equiv=\"Content-Type\" content=\"text/html\">\n<meta http-equiv=\"content-type\" content=\"text/html; charset=UTF-8\">\n</head>\n<body style=\"margin:0px 0px 0px 0px;overflow:auto;background:#FFFFFF;\">\n<table style=\"font-family:Arial,Verdana,Times;font-size:12px;text-align:left;width:100%;border-collapse:collapse;padding:3px 3px 3px 3px\">\n<tr style=\"text-align:center;font-weight:bold;background:#9CBCE2\">\n<td>Eurasian:African</td>\n</tr>\n<tr>\n<td>\n<table style=\"font-family:Arial,Verdana,Times;font-size:12px;text-align:left;width:100%;border-spacing:0px; padding:3px 3px 3px 3px\">\n<tr>\n<td>NAME</td>\n<td>Eurasian:African</td>\n</tr>\n<tr bgcolor=\"#D4E4F3\">\n<td>LABEL</td>\n<td>Transform Boundary</td>\n</tr>\n</table>\n</td>\n</tr>\n</table>\n</body>\n</html>", "LABEL": "Transform Boundary" }, "geometry": { "type": "MultiLineString", "coordinates": [ [ [ 29.731000899971612, 35.42699813835344, 0.0 ], [ 29.34499931336768, 35.424999236825393, 0.0 ], [ 29.0699996952298, 35.377998351842507, 0.0 ], [ 28.77899932845628, 35.312000274293268, 0.0 ], [ 28.478000640916889, 35.126998901578077, 0.0 ], [ 28.04999923717509, 34.869998931805299, 0.0 ], [ 27.684000015388449, 34.706001282133514, 0.0 ], [ 27.202282143606109, 34.466068308905392, 0.0 ], [ 26.231514353304821, 34.009924406885943, 0.0 ], [ 26.168371138517269, 33.996032900298189, 0.0 ] ] ] } }
]
}
